id,label
{D3T6-O8NM96KK-4228FZKP},0
{R8H5-R2ZW22KL-0377UBLJ},0
{N5A2-W5LE24AD-3983CXQJ},0
{Q6U5-T5YU54VK-2335CAKA},0
{D7N3-R3FO94ZV-8686YZYX},0
{W3U0-C7NN29NG-1258UYLP},0
{D4H6-D2BJ15RB-4068SKAS},0
{G2S2-K8PU20UU-7850NVPE},0
{E1L2-E0LJ31QF-7955AXLW},0
{L1J6-Y9HC83IZ-8345LUST},0
{A8I0-E3KA21XR-4229HLSW},0
{P8A9-N0YS19YG-8855YZYK},0
{N2Q7-O1EU32IQ-2868BDBI},0
{T7F0-F4DP47CT-2798HHIU},0
{B0T2-N6LV08YO-8794LVQD},0
{R7C8-M4QU93OM-7670RXNT},0
{W9Q0-V0VK61VU-3655BHHZ},0
{H2X9-Y1EM46ST-7860OQQQ},0
{U7L5-U3PL72GE-5534IOQW},0
{T1J7-W6BM21UR-4097VDGD},0
{B6D1-I4RE01AI-6114YYUZ},0
{C8I2-E0QO70CQ-9714UDOX},0
{Z6U3-B7QW34HF-8223MWDI},0
{S7D9-I1DL87ZN-3740PCAQ},0
{K8J8-P8MI91SW-7271UBXU},0
{Z5K5-M9IU15RX-5588FVYM},0
{Q6W1-H4TV56LT-8626VUTX},0
{R4H1-C4FF21PU-0929KVQN},0
{R2Z4-U6PI16KU-6565DJNM},0
{A9X5-O6AZ96FW-5360QKHW},0
{Q1N9-B8WS94AO-1663UDQD},0
{T9N2-C2PO90QT-7376TVWQ},0
{G5D7-Y2UE32YN-0461CLZP},0
{J9G7-U0JL48UZ-3086YMXY},0
{O8U3-J4IB62UH-7432YITQ},0
{T4M9-V7XS61GF-0507TIPS},0
{I6J7-M2ZY85LE-0345BFUH},0
{H7N4-H3LF32KK-2431WPSN},0
{S1H9-R6MY25GI-6564WWLS},0
{Z3K9-V9ME60TS-8103LBHU},0
{K7J2-X8PQ24HZ-8920DLXO},0
{R1J7-G9FT47KU-5608JPIT},0
{Y9L3-N3OA60PR-0030DMNJ},0
{E3E6-L0KV59VQ-8289KCHK},0
{B9C4-V7RU62TQ-6354YNXV},0
{Y9A4-A8QT33OI-3342IEZW},0
{K8L4-O4MR50MN-6355NBFX},0
{G5U1-K1GH82YM-8809LTNF},0
{J1W1-A9ZJ10EP-6691LMTQ},0
{H6O4-V8CF17YL-0621LCAG},0
{C5Q4-T0CS33RI-3859GMUF},0
{N1Z3-E4LX61RT-8306ULUQ},0
{H8B2-M0YI58MC-2522DWHZ},0
{B0R2-N7HU08CB-4145HGJF},0
{L4E0-C1HF87FY-3917OMOZ},0
{N2Q9-O4ZC71XO-5909XKSQ},0
{D1H1-R0FG36JM-5907ETJT},0
{V2R7-H5ZW90IR-7445GNLW},0
{I4N7-Z8JH66LX-7210YNMO},0
{W4K0-D5TF02FL-5224HDFQ},0
{J6A5-Q3RY81UE-8657IFUJ},0
{W5J5-W7KE61DZ-4758KICN},0
{M2F4-L5BA11KB-7103FHZX},0
{F5C5-H7HI84DU-4745JQBI},0
{C5Z9-M7WF92SX-2813WFQM},0
{Y9E0-P7PQ92YS-6600IZYC},0
{Q6I3-S9KQ53WI-2664NEBY},0
{X1P2-G8ZA79JT-1436XPIS},0
{P8Z4-B3PM81KA-2069EYGZ},0
{I6W9-E1CT75BG-3326ZPIL},0
{K7J4-Z3ND79SU-6574MYOJ},0
{H0B4-J9DY17MR-8207FZVA},0
{A5R3-N9GI81ZB-8053FJOG},0
{A5R1-C0HJ42DL-3623BJCA},0
{M2B8-H6DA78ZZ-8919QFDI},0
{A7Q2-U4JS14UC-7629EUJA},0
{X9I5-C3JB15TM-7763HUSD},0
{X4C9-U3DL60WB-1938KRBX},0
{U2A3-G2AE61TG-8999IDPF},0
{D6K0-G6QJ44LU-5277UWYS},0
{V8Y5-J1WV85QG-6810UEZR},0
{X8B4-T3IW62ZP-2067CLDZ},0
{Y1P0-U1MY00OG-1751YQSX},0
{A8I2-D7KF79CH-8757VXSA},0
{V2E8-D2HJ34RF-9617GMFJ},0
{Y7P7-S3LA21UU-6148NVRQ},0
{V1J0-H0PH68OC-0108DOMR},0
{M5Y8-X5LT37QH-0522UXIF},0
{F2E7-K5HI36RQ-9444GUYQ},0
{W1A4-L7PH49ZF-9763ZBES},0
{N5N3-T8CO62QE-7397PUJN},0
{P5Z6-C0KP27BX-2556ANSC},0
{P7T5-X9XD24YS-7383CRIB},0
{L8R9-O2ZB54YR-4364GBBE},0
{G4U4-R3FU45MI-6599BVCQ},0
{U7R9-V0JC49RQ-7546DLQO},0
{C2S7-K3CC37IB-1760FFXS},0
{I8L0-V4SP08KA-8349WWUC},0
{V4P6-E7RD94CL-6970NDHG},0
{F7P8-O7YF74FQ-5225TUNQ},0
{L0L8-Q6EV06LR-9731GAXJ},0
{I4E8-U2ZO89AH-3318ITFZ},0
{D8F3-F6OR98YM-0674XXUF},0
{I4G9-Q1WI08RR-3606IJQN},0
{O9M8-X3GH87BX-7217CTZY},0
{V6R9-V1LO79AH-5791KWSW},0
{H6Z1-A2WF88VI-8397APRW},0
{N1J4-M7AU99RL-0468GXBD},0
{I9R6-K8ZI56YD-4316XZUF},0
{H4D9-A6EG18DO-6400ZCXA},0
{U7U6-V7FM62KC-0704ESHP},0
{S7K1-V9PP86DM-2023GGVG},0
{R6G8-J2JN13UW-4551PQZK},0
{Y0K1-N1UT74AT-9582QOIQ},0
{B8D2-U5OM13YZ-6675SAYH},0
{L6Y4-F9QP20IG-2046CNEY},0
{T2C3-J6CX34AX-8144VHRG},0
{R3L5-Q8NS33CO-3848XEIZ},0
{S6B4-D5KE48SY-0840MVOU},0
{F8A7-K2IN23JJ-3669UJWT},0
{O0Z5-G1AT10RS-9738IRZS},0
{G9M0-D6UW24TI-3383CFSZ},0
{K4N3-Y7GL51DT-6800IRYV},0
{N4D6-V2HZ34CU-9271PFKU},0
{M3S6-D8US59KN-9321DAGQ},0
{T9P4-B0TZ14HV-5718IERV},0
{Y6E5-N7SA96VB-2193PHCA},0
{I6Y8-H3IR36GH-2180IOIU},0
{G0R3-I7FO10JD-5834HYOG},0
{I2N1-U4LN37FX-3253PAQU},0
{H6E3-P5IG31CU-2840ITWB},0
{U5K6-M6WX42SU-0510TBFF},0
{H0S6-D8KX92ZF-3521JETX},0
{K9W8-M1RF36DL-6210NHKZ},0
{W2C6-H3NE61LF-0336ZBYH},0
{K0G7-K4QT82NG-7155QALB},0
{J3Q8-T4UA07VI-0730BKJI},0
{N8X0-A7QH38VG-0662RDQF},0
{Z0Q3-M7QB46NB-4809MSAJ},0
{G3Q2-A9FU50KE-2647XIKZ},0
{H4G6-O2CB01TE-0147JQZG},0
{S6E7-B4GD12KN-2916FMDT},0
{L5F0-L3KE51PG-4204EGLI},0
{P8E9-P4IH97UR-4696LKDB},0
{L8C7-F3MP59TP-1769CMMS},0
{Y6B5-Z6PB00KJ-1120FHMJ},0
{C3X8-H0KC71MX-5346LSQU},0
{S7H7-F2CR04AP-0351QYEH},0
{Y4H8-Y8EZ01GN-6718VQFY},0
{D2Q3-H5RW87WN-1775LOKD},0
{T7M2-F2LA78CG-6288WCVS},0
{O5Z9-L4HZ44UP-6649QABW},0
{G7D1-T5VL08ZS-8807BMTG},0
{F6T6-G5XR68DM-5768PGLP},0
{K9I1-K4ZR46PB-6065EACV},0
{H2V5-K1IP43ZU-3829UMCF},0
{Z0T9-P1YP35ZY-4094HWHY},0
{H7N5-A6GT10SY-8705DXOK},0
{U4U9-T6DR99TE-5137FLTF},0
{V3P4-G6PP19IH-0337PHAF},0
{M7B9-X5SH75NI-6772GPTG},0
{J2F9-D0NK01PY-8404FPMP},0
{I6G4-S9KF58ZE-8476UITY},0
{K8B6-X7TJ78QL-2656LKLC},0
{J6N4-S8RT86FT-8168GZDL},0
{E1V1-I7PH38ZM-9744TLMY},0
{Z6Z0-S2KD54DD-3072MRAH},0
{J7I9-D0LN15NA-7007PFCP},0
{Q6Q6-Q5WA84TT-0842JPKM},0
{G6M3-K3EV08JO-7555IPUB},0
{J5Q0-E8AY93ZD-4608IMNF},0
{K4M0-T2MX65RB-4465EDTF},0
{G2B6-I5ED43KI-3151UUAV},0
{N3I1-E4GN86XX-4359NAXS},0
{I3C5-W6DQ33LY-4515FJYB},0
{Y6V2-U6JQ64BL-0658SWEV},0
{W9R6-D5YN79SO-8625WQXV},0
{N9F7-N4PA20HN-5396ZQZM},0
{U3A4-L6PJ10UG-1609LRVL},0
{Q9U7-I2FI19XS-0134RZLY},0
{J9K0-M3SN31BM-6116JNNG},0
{H8X0-I8MO72SO-9318RGLU},0
{T1Q6-N7CC70BK-3485ZLFF},0
{D1L8-F8KF10XM-5779JHDS},0
{J9G9-G6YF02MA-7407FRQX},0
{S7O8-C4AZ27DY-1390RHVL},0
{K3T2-W3OI72IZ-5953OCFS},0
{Y4U9-Z7WC09YK-7128UVDE},0
{N0K5-E1LI44OE-7759NLDO},0
{C2E9-Y3JO51BW-2118NZPT},0
{L4W3-Y4NQ93JZ-2385DSDG},0
{R8K5-I0RH08DE-0323VXMH},0
{F3C7-H4WR23SX-5711SYMD},0
{S4T3-K9MA20KD-3916ZHCN},0
{P0K7-D8KS33IR-9102LOOA},0
{D7Z6-Q8KS48QS-8276BKZQ},0
{F2E4-G5QP31WW-5294KREX},0
{C3A9-N6JK62ES-1191CJTX},0
{U2J3-W2HZ73XD-3007DEVR},0
{P6L3-Q2KB18JS-3306ZYET},0
{B4H3-L5OL49HI-8634ZHAI},0
{P1H5-T5NG54IH-8042MPNI},0
{O9J5-B0XG39WI-9124QRXL},0
{F9W5-Q4CK47XS-1357HRPZ},0
{C7K4-F3BO26GE-9813OOFV},0
{L7Z4-B7AN68KV-0867DPPI},0
{W8K2-Q4VP29GN-9733ODCY},0
{U0Q1-Q9WS12UB-1272XNPE},0
{X5X0-E8HD45OW-5182QZFP},0
{O0U9-O2PE16UI-0287ZAUF},0
{E4W7-B5PI81OJ-7173HXSE},0
{V2P3-P0UZ18VN-4476WVBC},0
{N2P4-R3ZZ82OF-1088TZNW},0
{D3O2-U2WL97NA-2066CZMQ},0
{O9A1-A4UR13BX-1069EXRL},0
{F8E9-T8VF27FX-4193BEIJ},0
{I4Y1-N9DJ97KQ-9162SVJV},0
{J2K2-R6II34JI-0497QEPW},0
{R6V6-W7DZ45WK-3904HGSO},0
{Y1K1-T4DJ51AV-7855UNNR},0
{H1Z5-F2KT95OV-5083ZTFE},0
{K1Q9-V1PJ29ZN-5662BKST},0
{K0R0-Q5ZB95LZ-2207TUZY},0
{I8Y8-A3JU32PW-8060EAJL},0
{T4C7-C9EV30QX-0758PAEV},0
{Y5L0-K0OJ97KD-2395YSOH},0
{E4C6-S0JQ62KW-1008QLIW},0
{O0L4-J9FJ55GT-9678EDJL},0
{P3W4-V7OJ27WC-8671ZWII},0
{T9S3-B2AV38OO-9015RQIB},0
{M0D0-L9BA65FZ-5337ZPNU},0
{L2W0-P9DD76PH-7881IPAO},0
{F1K3-O9PN16GA-6124ABEI},0
{D4U1-U8DP74XC-4929PTZJ},0
{A0G3-W5WT16LP-8335XVTP},0
{T4E3-Y6KP47JB-5091ZSCI},0
{O6S3-D8QR30DW-1103UFVZ},0
{B6E1-D4JP70XC-0545HPLW},0
{E4E9-O0RJ92HV-2578RBUS},0
{X1I2-L1DB82RM-5385FKWX},0
{M6L5-T8FN52RG-0440UBYL},0
{T0S2-V2CU95KV-0082IWOU},0
{G5C4-I7FC12RJ-3852RFOP},0
{E0L2-H4TE56ZJ-7783HQEZ},0
{Y8Q4-V0QM88PY-6341VBNS},0
{L6C5-Z1BZ62AW-3037YWKJ},0
{J0F4-K4CK57XB-8569AUNH},0
{A7U7-G6PV98OG-3567VHCA},0
{X8O8-M2OO25XQ-0440LEYO},0
{V0M7-R1FA18AL-6480ZRZY},0
{G6B7-N0EQ03WC-6402HZSU},0
{Z2X8-F5UP78ZW-1419DVTH},0
{N8I7-W6EA98BE-3046QARH},0
{P9U7-J2JE29GQ-1860VICC},0
{T3F4-P5GJ61LD-1753TVLB},0
{M4R7-S2HG53QA-7204SVLP},0
{U9U1-A0YO09UC-6986ZJYE},0
{C2J1-X9SU71YQ-7014ATBZ},0
{U8X6-M5GH48HB-8895SWNH},0
{D8G3-R3ZN58VG-6965XJWT},0
{D2Y4-F3NE49RF-2360BLTJ},0
{Q9E3-B4RY20MW-6996JDRD},0
{I3F5-C2NW06OU-5813IMUU},0
{F0S1-F9TL99KM-9757JHWG},0
{C4O8-J3YW05EK-4962QCZV},0
{U7Y0-U9QI00TB-1252VSUP},0
{U9G7-P4NT29KS-1072IZYQ},0
{Z7H9-U2UU83SC-7363KCTM},0
{T6I7-Y9UA74EH-8209YYXO},0
{E2M8-X5VS68RP-6617UOGR},0
{O5D2-S9ED32VD-8192BGUY},0
{J4G1-K5BB74LZ-8187IEIJ},0
{J6S9-A8EK51NR-7576CAUD},0
{W4J7-B1DZ66ZA-4196UJTK},0
{Q0G1-L2WV45FX-4804WYVS},0
{O3U0-C7ON99UJ-0908FBQU},0
{N8V9-P7PU04BQ-7340MFAK},0
{T2Y9-D5UH33GZ-8753YHPH},0
{G1W7-X5YE42HQ-0001NMZS},0
{C4M6-X5QK95DQ-6851AWSE},0
{Z2P3-F1FS96WE-6805LEVJ},0
{J0M8-Q0AQ44BK-0086GOIL},0
{F6A0-I0YK31AR-2471QAOE},0
{C2I5-B9EX64WY-2836HUBA},0
{D4Q8-W5BN73ZO-1968GLIT},0
{N9N4-S9JZ19TF-9596DCHO},0
{S5R3-J2HE37SA-9370CTRG},0
{P8Z4-K2JK44WY-7183KNCV},0
{R2T8-S8FS19AY-9353PDHF},0
{I9H7-V3JD84IA-3197HEEW},0
{Z6D4-H2JF86HP-1738XEDU},0
{D2I6-D9BY39UL-6263IWXX},0
{B4T7-U4IN54FJ-8601KBWG},0
{L0V2-C0FW38JJ-8433NGER},0
{O1A8-H5ST27VX-6147NKKA},0
{L2L3-T7HI21HD-2361FMGU},0
{E6P7-R4HI12UT-2408XPNI},0
{O1X7-L2IG39YL-6643JISH},0
{L3W5-Z7CY73JR-5575ZBMU},0
{S9Q9-E4NE17DB-6493UZWK},0
{C3A2-A4FS74FH-5589NHYA},0
{T5K0-B3CM90SC-3501KMJS},0
{T1F3-O5DE84TJ-3383AEKM},0
{M9N3-H2HW17BJ-6772QYRF},0
{H4T6-Z4FU90WU-5105UAWZ},0
{H1S1-Q7SQ26RL-1569XIJI},0
{V5J6-Y5HI58TS-7636UDIX},0
{E7U0-R0CH14ZE-2292SRJC},0
{R0Y9-G9GG60IG-0676GYNI},0
{N3F6-E5YW93LA-0331VAKO},0
{U3W2-P3DK53NY-5852CZTA},0
{Y2W7-M9MU61HQ-6064SJIP},0
{N2R4-M6LN17HB-7520SNNM},0
{K8Y1-L6AC61GF-7842MJNK},0
{B3P0-J8GD79XF-1850RZYD},0
{C4C4-M1CW48OM-9041LTOQ},0
{V7N6-I2BX90YP-1585UTQT},0
{W8A7-V0WL92EE-4928HNMC},0
{H9S3-I8NB26YD-5281CPFG},0
{J1W3-L8QU74GJ-1914CBVS},0
{A8U2-T3QY92RI-4163XBCZ},0
{W8O3-B7BR39IL-3973NJKP},0
{P9M8-E1XX58NS-5069PRDO},0
{M2Z3-T7NT74BP-5933JGRD},0
{W6A9-F5QB07NM-3753MTGM},0
{W4G6-I2TQ85XU-0014RIDH},0
{I4X4-K9YR42FI-9974PMCZ},0
{N4Q9-N1BV12QH-8322VADL},0
{G3N6-A4WQ48FD-0888AHJY},0
{W1O3-J2WO45UI-9392OPFX},0
{O4D6-B1YK73QB-1501SZWT},0
{S8O0-F5JN47FC-4769KAEF},0
{T9Q0-W4WL73DA-2513EZYA},0
{D2W0-U8SS15LM-4838DYEH},0
{W6Z3-S2RS74OK-3282QDVN},0
{U3U6-Y0PH24DX-2407EBFT},0
{K1N5-P0KN47GQ-5291RDLQ},0
{X9H0-P6AU65UI-2821YDKK},0
{R2X5-M7OS31DU-8108YYYN},0
{M2R5-P6FA76AM-3251ZELD},0
{D2R7-X2QG47AF-9535WNEQ},0
{H5K3-M0OL50OO-8616AYRL},0
{D6P6-N1SK34IL-6965RLXU},0
{M1X8-N1DO60DL-6475SKDV},0
{V6C5-J1MR14JI-7156JXLG},0
{R2E8-A2SW14TZ-3160OFYK},0
{V9Y4-Q0PK58JX-9680RZOA},0
{C8O9-P2IU21YP-7881YVXD},0
{B4J4-R0HN71BT-4125YEWD},0
{B9X2-H7UB03RV-2032HOXK},0
{W9X0-S6EM19TL-7022BAGC},0
{M0A2-G2TP50XQ-0445TZFN},0
{E2D9-J5HI11GQ-4999JCRJ},0
{H8M9-O5BC49NS-9433PHOR},0
{E5H8-J3EI58WX-8220KZLG},0
{B2I9-M9GH77DS-7631PTMI},0
{R0M4-K0XH38MT-4458EXHU},0
{I0U1-J6PE30UB-6241PNQG},0
{E1G3-G0BA46BM-5699PBDH},0
{P0H0-K6PI23CR-8128NENK},0
{D2U9-A2QL28TO-9565FGBZ},0
{G1S8-W0IK88NK-3559UGKL},0
{G6B5-Q1HE08JZ-6302OBOI},0
{I8V5-X0OF62OE-6487URVB},0
{F4V4-W1AP11KA-2290IIIJ},0
{T5M6-A1AP37UP-7134LCLV},0
{S7P5-E9MP62UF-6925YPJW},0
{T1W1-O8KM18HZ-0965NJQX},0
{U0Y0-A3MK56NW-2362MJKQ},0
{P4E4-K2JV42NL-8985XCWO},0
{L8S3-X1SA86ZP-4007VKHG},0
{A3O0-U0EK11XW-3185WUWJ},0
{U1A0-W6TJ20LH-9039GJGI},0
{V7W2-M9DX58DU-7946VBYO},0
{R2R9-B1FI57CE-9483GDVG},0
{U1S4-V3KT32YQ-1001KRXE},0
{N3F9-K1EJ42XI-6323EGFI},0
{R3T0-O8KZ49AL-5457UWBZ},0
{I8B6-B9EJ51YZ-1905NPOS},0
{V5K2-F5HN57FP-7097DOWF},0
{J3O4-V6XY65DV-8933IYIV},0
{E6G8-X2TL21ML-5912ZUCE},0
{U0S0-B2XI68KE-0759NRRW},0
{R2O0-M9LY32LX-5017TVJM},0
{K4Y0-U0IO02JH-8527QTVE},0
{H6W3-Z3TR81FL-1968JSJF},0
{H2K3-Z0TR18SU-5112NULA},0
{B6Q5-Q3QT96GB-7947UVNV},0
{K2H1-H8LZ17WE-6871SNBN},0
{W9Q0-M7YB90WM-0656ZKQW},0
{Z1Q0-S2VS35LJ-4433TNMD},0
{U8Y3-S0EN24FR-2823NWFP},0
{M3V3-Z4MA09PY-3086JIYD},0
{X9Z6-C8EI10UO-1059ZNNK},0
{P9X2-U5RJ39RC-1394SSHC},0
{P5E1-M6JD58HY-8375EHBZ},0
{L5O0-K3UQ58FS-0817VUCT},0
{X6P6-X2JZ49HN-4609QIHF},0
{J6X2-O6AX18ZL-8986DAFR},0
{V7P7-O3FD33DE-1544MMNI},0
{E8J1-H1AS12RB-5044TYQX},0
{P3H9-G2AV43FJ-8991QDQW},0
{Z5R7-G6YE86RS-9923LUXQ},0
{J9B5-R4SA25YZ-8146QPGI},0
{R1L9-J8LF74BT-0158MTAU},0
{U0W4-L7JY67UU-6923RWZC},0
{H3J9-N5JB62ZE-2117SRBW},0
{W6P5-B5UE28XT-5964TZZS},0
{P5S6-L2NN56JR-5482FFBJ},0
{V5H8-V3MF03YN-2180GEWA},0
{Z2Q7-E6RR10YL-0970JJWX},0
{F5Z9-J7UY48PF-8912AQLI},0
{Q3Z5-L0GJ27PK-0074CSWM},0
{G8T4-X5AP09NP-4152KQTW},0
{E2Q9-M1HY58ST-8625FDYJ},0
{N1J6-J0FH42VX-1872MZZB},0
{L0E0-F2PG44EK-5107CMRA},0
{Y5P5-C5GR90ZI-3868SHFJ},0
{F5D3-A8MC15AQ-1758MZBN},0
{J3E3-X1RO03WN-8707EDKI},0
{O1A9-B8RH91WK-2710PFVT},0
{Q9U9-G1OE91SO-4586SWZO},0
{E5S2-R7BZ29TG-9337BGRG},0
{K6M7-B6GY79XR-1832GPZR},0
{W2S7-A1QR14SQ-8756OGZK},0
{Z6F7-O8SI23II-9683CCMI},0
{T3Y0-R7WA92CY-8613GWOL},0
{F6G3-B0CZ71NJ-5238FDTP},0
{W6W3-Q8ZW98DG-2416EBEM},0
{Y6A2-L3GZ70VP-0580YTXU},0
{H7V6-Y2GY03LI-5259CGCC},0
{P4A3-G6LJ54KN-5520RCJQ},0
{E3L3-A8TK16YL-2646CIWL},0
{S6L7-M5DL32ZY-0497IPZX},0
{M6S9-A6WX60ZB-4059TKXP},0
{L1W1-G3BQ54HR-2625UBZV},0
{N6C9-W6IS61CO-5432RCIV},0
{G4W5-L9QM76GH-3385VARS},0
{E8N4-U2JB33XU-5045OELX},0
{Q2B8-X3PF20TM-2930WFRJ},0
{K4S2-T0WD14YN-7455ZLOS},0
{H4H3-Q4AC09ZQ-5670YTTD},0
{G6R7-V3ZT87AS-8397BSCG},0
{Y4V9-W6DD32FL-1513YHTV},0
{L3Q6-R2AB75NX-8769XEXL},0
{A6H4-I6TP99MT-7923AFLY},0
{C6B2-G9RM08VL-7683DYVF},0
{Y9D0-V4HF60DN-6518IRWK},0
{U5W6-K6GX85UT-9972TTVT},0
{L6C7-K0TA11SG-8146PCHL},0
{K8Q8-C9FW81BU-9718PJQJ},0
{V7L1-B4HB12UQ-2380GAPC},0
{U5T0-L1CW39GB-1656EYBE},0
{E9T4-S4CE52AP-5270PUQI},0
{B3Y2-I4KF02JQ-9543LJQR},0
{L2K6-X6RE37DU-2481DPAE},0
{R6U3-E0JN73ZC-1110QVFE},0
{S2P8-Y6PZ06RL-8686BAKR},0
{M2J5-E3ZT19DT-6786FSHS},0
{R2L9-K8DZ30CP-0618AFZV},0
{L2I9-M9WR61RM-8580XMOH},0
{Z4B3-U2TG45QA-7049JNTR},0
{O7M9-F3DI93JS-3746WTOB},0
{U4E1-N4EP52QI-0820ALNU},0
{F4T0-V6ML21RD-5343YPZJ},0
{S0N2-P6WK07MD-5565OJMK},0
{Z1O5-E8UV66CC-2415FUHM},0
{Z5P9-N4RE54FO-8483PJYT},0
{S0T7-G2VY64LM-8355TROZ},0
{S0Q1-Y6NM19FQ-4777XWOS},0
{K3Z5-C5YO41CD-7610DNLJ},0
{B9E0-K5CH64ZS-1068LBNX},0
{K8G8-T5UN30KI-4239AIPD},0
{P3H8-P8RT49KT-0225EFAN},0
{B0U5-S6UF00BC-7280WIGY},0
{X3A0-Q9HU60EP-9879EOPA},0
{J2D1-W0TS86EL-2315TLHX},0
{B1X2-R9EL70NB-7387VTOZ},0
{I9S7-O7YO21RX-3671FIWH},0
{D6X6-D0MN12FJ-5881EIJD},0
{M4K1-A5GL12TS-5501HAWQ},0
{A8P5-V2KV99AO-5878MEEG},0
{G1D4-F9RU74HW-2501UMDP},0
{R7G9-E2LX28JX-2355PCKD},0
{W5E9-I7MZ96UL-4330MZXJ},0
{T8V4-F5FW37PA-1516IYHI},0
{U8D0-M9ES02XV-6550DQOB},0
{Q9T0-J2PH17HI-4765HGDO},0
{I6K0-C8SW99HJ-6226KXDO},0
{X9S7-F8FP96JY-3600YDTG},0
{Q5W5-H2VL67GP-0775EVOK},0
{Y1O6-G9AV93ZD-2313FXYB},0
{L8W4-Z0TE04UD-8475UYNE},0
{A8B8-H7LD32ES-2666CVLM},0
{V2Z8-I5DF22BK-6741KENG},0
{E6B6-S0CB54CK-3734IANQ},0
{M8G1-O7ZO95RV-7956BCIG},0
{R3U0-M6FV71MV-7023ETKU},0
{Q9C7-Y4FI81RF-9305KKLV},0
{M2Q8-X5LS47QB-2068YXLJ},0
{H6A5-F6BX54BK-9314KIJE},0
{Y8E1-F2CS74YS-5617VZBT},0
{D9T6-L8VZ08KQ-3299XRAW},0
{Q2J0-G0IV46VR-7532RVZC},0
{L4F0-U2HQ90EQ-4030DPMD},0
{L0G1-D3JQ19DO-8961IOBX},0
{K3B1-F6GG75MZ-2609GMWK},0
{F8L7-H7JE77PL-7604IKQZ},0
{D9E3-A3DQ75ED-9455BLEO},0
{J4K3-D8HM35YR-7783OIJM},0
{V0D4-P5JO30IG-8683HXLI},0
{V7H0-B4DK17JZ-2157MKVX},0
{Z3N9-M8RC84MO-3291DSAI},0
{E7A6-K6OO12SV-2826WWBK},0
{U9K4-H5MP29GX-6091COWW},0
{O2V4-W2NU34FX-4634QPIN},0
{X7O9-C4PS33YT-0973CADA},0
{M7I8-I1ST39SY-0993JFIM},0
{V1R0-I2AL84NT-5714DWJO},0
{C5P9-N9VA66ZX-4016VJDT},0
{Z0X6-S2EE83PS-6010ZCIX},0
{I7C4-E4VJ84NU-4364AEWX},0
{M4K9-O7VC68ZK-3841HPFS},0
{M8B2-V3EK89NX-6579VNBJ},0
{Q3W6-F0LT66IF-9052JOQY},0
{D0W0-N4ZB56JN-2478FKBU},0
{X0A6-Q4NH20RH-3971FNYT},0
{D4J9-Y0PP59TL-8847XRDT},0
{Q9L7-J1JY23EH-5384WHYL},0
{R8Q6-B1NI71YM-1727DEHF},0
{U5V0-V8TX36DX-3114JBQA},0
{B5K0-F8TB06WU-5509MQAA},0
{G8L4-W7XV69AR-6950QKDR},0
{K6Z8-P9ZR24QU-6958HHPD},0
{R3F8-Q0DS23YB-1984DZMX},0
{U2K1-I3HJ66DP-9917VOAY},0
{W9T1-L8RK68PN-8618IVUW},0
{C7J1-N4MI43TO-2463CYYQ},0
{V8Y2-H0TT29CS-5097PBZH},0
{E9X6-Y3IF51DT-3847OCKL},0
{X7A7-J5HA83FC-8725ADAX},0
{J4L0-C0DE03SV-8272OEVA},0
{L2I3-F7VG47KT-2303RGEW},0
{R8N0-S4HJ23TH-0621HGYP},0
{C9S0-V4XW93FE-7556CTYG},0
{O5O9-G8PS96SK-3058YERT},0
{C9I6-G5EE71HY-2521SXQS},0
{X6M6-A4IH72KP-7952HRPT},0
{G3J1-T8MC32OK-6328TWGI},0
{K6V9-Z5CF33LP-9550PQEM},0
{I5B8-C6JJ27CL-8802JVUW},0
{J7X7-J2UL81XV-6984MWRL},0
{J8U9-F7BQ61HO-4853OQEF},0
{Y3I7-L2WQ22OD-0271AATK},0
{K6H8-J3EM80MF-3756OYOG},0
{W6N2-E3LM46TR-4078WQLK},0
{O7X3-F6LK01QS-4112CXJO},0
{K3Z2-O6RF44IY-9238FBHB},0
{W2J1-O5ZD28AG-0346GCLK},0
{O6K2-W7MF63KT-0096XDQB},0
{K1R6-Z9FU89FU-6159DAOU},0
{C9N9-N5VA81AT-9282GUVW},0
{N7U7-U8MC22MA-2498IWYQ},0
{K2J9-J2XN18UF-4013WHWG},0
{W8C9-J4MC88NY-8610PPBC},0
{O8L6-Q8HS35LQ-6372ZNMW},0
{I0H5-B8JT22MQ-0517IIPV},0
{A4C4-E1GJ40AW-4798RMEI},0
{K4Q4-N2RI56HG-7575STDR},0
{T7V3-C7RJ74TT-3049XHEZ},0
{W6Q8-X8UZ63TE-2700HKMN},0
{Z2Y3-H3ZP81QJ-2688TAIP},0
{A9Q0-X8LC46CB-4969DEXH},0
{X4M5-Q2UP47TS-0543QGWE},0
{P8F3-O9TB24BJ-8139QITZ},0
{D2H8-T6UQ01FZ-7489KRVH},0
{A3E1-M1QD43WD-1974HIDD},0
{R6A9-O0BN31CW-0659KEQF},0
{O4P5-Y3SJ22US-0202QQXP},0
{Q3X5-K5KT85PA-4136URHN},0
{D6J6-T4GL97KO-0425SVTJ},0
{H5O8-R2DF27ZK-9501NEFS},0
{A8E8-Y7CE57RS-2610TPCN},0
{G3T5-N9IG75RB-4922NXRB},0
{X7N9-O0UF24TY-8238QAIW},0
{J3W0-Q3OD24GR-1396ABEK},0
{S9V2-S6VT70JU-6523EWMS},0
{N4K9-W0BK88WW-0379KBHZ},0
{S2E5-F8ZE32GR-6278SLKN},0
{X7Z0-R4AH22TP-8074TMFT},0
{A6Z6-L7QD74FQ-2826QGKU},0
{T8V4-R0FX40PC-3552OZWH},0
{D3T4-C1BW44YD-2741RDTJ},0
{C6R4-O5DF35NT-0818IVKZ},0
{K7S0-K1ND74LQ-0559IQRX},0
{H6Z0-O3JD31MM-8744EGMH},0
{W0K7-J1YY00NI-2594WSUD},0
{Y2D6-I5UM63MI-5166VSQO},0
{H8Y2-L9OG74LO-3568BFSD},0
{D5P9-A1HX73IL-6147RLKX},0
{G1Z5-E2BG30VP-4493FEMB},0
{A2O4-C6YS20ZR-5822YJGH},0
{N9H5-W4YC56TD-3236AIPK},0
{C1P2-C2EC97UC-0501IDKW},0
{K5J3-T8FW69WO-2110SJKW},0
{G5B5-O6XH08LZ-0416VHKQ},0
{F7B1-W3LX77XU-4302VNIJ},0
{W9G7-A0JX45HQ-8176HTKU},0
{Z3T4-S6DC58QK-2536BPMI},0
{C0O4-U9PD58UO-0952XDMM},0
{T8A7-B7AG22XJ-6451FYET},0
{Z1P4-R0JH47HV-1485VGJH},0
{U3I3-F0AX08JC-3860GSIG},0
{Y8U6-V4FU20SX-3167YPRG},0
{O0F8-N6UI87HP-8180POAS},0
{R9I8-D9QT53CA-0476NVRA},0
{S8Z3-J0ZF41ZF-9149GEHT},0
{A3V5-B8CV43HR-0535JURB},0
{R7C7-K2TC79FK-6084ICIT},0
{Y9G7-V6ZD65XL-4685TEMW},0
{O2Q8-E5GE36DK-5898ISOU},0
{B3K3-A7CY92TE-5615NDYY},0
{T7Y6-L3KZ36YZ-6621KBQO},0
{X8P0-V2HE91TI-2489XQBM},0
{I5B9-Z4PS80PX-5830DPIW},0
{K9C1-L0FX29PL-9622HSQS},0
{S8V5-P7KR93SQ-2469BXOJ},0
{I2B0-J1WG68MU-9304UCCW},0
{X7D0-E6YD31TH-6958JYUQ},0
{Q8E8-K1JW16RJ-2200XCYT},0
{W9S0-A0TN26FJ-6419RCUI},0
{Q2W7-K1DD40BN-7605CDWC},0
{W5R6-K1ZQ59KP-6420WCXQ},0
{Z0H9-X1RE76OZ-1250YUJX},0
{B9D6-A5LZ73NC-5247QUAO},0
{I5K4-O0LO16BQ-3566YGAX},0
{Z4R0-Z2LL70DT-3230OEAY},0
{V2Q4-N5TB42PP-4746DNEC},0
{H8W5-X2WY13ZB-0548PCAM},0
{W1G4-M4JN59MW-4261CXTN},0
{I6W5-G9UA40HL-2802CDVP},0
{L9H2-C5NP70SK-0301LPRI},0
{Z0W3-C8JC60IL-7190LEOE},0
{B9S3-C4FN91AI-1187RUGF},0
{N9A8-M0LG28VV-8511PEJF},0
{C7S8-C4WA28IS-7459VDJN},0
{K0S3-X9SM69EZ-0931UVRK},0
{N5D4-L3AK68RV-1291LMDJ},0
{J5K1-E6SW44NB-7525ETDB},0
{D1F8-I4IK47ZB-7202DVDB},0
{J3F5-E0VY10HR-1183NIZG},0
{F7L0-R0AF10WB-6972YDND},0
{D8R7-V3CW91SL-6635IYVI},0
{F1H5-K6KJ49NC-0233JLQS},0
{A2Q5-X7IM36MQ-1039PQAA},0
{U8F0-Y2MX76OT-6890UGVH},0
{L2X7-D6WG85HY-2583VDYO},0
{N4P0-P8XR78RL-0366NBXI},0
{H9D4-L4CW62OT-9782UGYH},0
{D4O5-X1GO70AO-4670SGPP},0
{C9A0-T7IK06EC-1127QKUD},0
{U6Y7-H3CA23PG-2479YUTS},0
{Q3B1-Z9ZO55AL-5588BLLN},0
{Z2W1-E4DT82ON-7572RYAI},0
{R4C2-V0WR29OD-2605WCRX},0
{G4F9-C0AN89UG-3506QHSS},0
{Y4Z2-H4ST09WF-4798MQAQ},0
{D7W9-V7QO14XA-8104DMPA},0
{F3E7-T6KW19TE-9409PLOG},0
{H7G4-J2QO11DC-5380TENQ},0
{R6Z5-H7BY34YH-8216NEDG},0
{T4W6-B4IT89GO-9189PQUP},0
{G7V7-X5FJ80BI-2322JAND},0
{J5U2-G8DZ92TA-4707ZOUL},0
{P3N7-M1JA12SS-9307MCOY},0
{S6U9-J3XD36QJ-1163VQSM},0
{R3U4-A6DK00FL-7966MAZP},0
{J3J2-M7VD50LW-2663ZLJB},0
{B2D9-O3YN75YT-0399WZTE},0
{A4O9-P0TC43UQ-6395RHCX},0
{S2C8-O6ZZ66RA-8203BSPC},0
{D1Z8-B4TX80WC-8276INJJ},0
{W3P6-P6PW16ZP-2713ZZGU},0
{H2E5-M6DU67AE-7698RMHR},0
{O3Z2-Q6IV10PK-4882IRKI},0
{O1G5-X9TR62WA-1437MXBK},0
{I9Y0-D7HF17CW-6632MENH},0
{M2L0-B1CC79ZP-8589MJMD},0
{U5L0-Z1SD30KG-3718USEK},0
{G6G6-Q6UX06WS-0303MQQS},0
{T8Z5-L5FD56IH-9077GMYJ},0
{M8Q0-K0BJ26JR-3620NFSF},0
{J6I8-F5IP55AH-0135NXHS},0
{I9E0-W1GG95MP-1514KHHC},0
{I0N6-W1QS44PV-6379DVXM},0
{R0P1-U7BC75EV-4204VKFN},0
{S6M4-L3VT83WU-4467XEEI},0
{X4W0-H4MU73CS-2451WWDP},0
{H6G5-R1DW13CI-9916GPOW},0
{L5K7-O8HT05ZT-0306ZHWG},0
{B5Q0-N9DY39KF-5547ERJG},0
{V4B9-P3PD60CB-5410HLUZ},0
{M3J9-B5DG96UW-0419HJEG},0
{H9K2-A9UW61IN-4548XKKP},0
{W5H4-L6XM12UG-8133JRAZ},0
{P2E4-K9NQ70XC-2252UAYO},0
{X1E7-M6QM51WF-2553JFIL},0
{P2W5-J0KQ47BA-2158KKOG},0
{Y2T4-Q3NE97PX-0654XUDF},0
{V1Q4-T1IC07ZZ-5761JTIS},0
{X2L9-E4EE09GK-3516TPLR},0
{X2W2-B9NZ65HB-1298BXCA},0
{B6K3-V5NZ66WX-7647DJWC},0
{H8E0-V6KX95NV-5983LYYB},0
{Y7Y1-T5RS54NH-4727EPDT},0
{I8K0-Y7IA13RA-5730OVSC},0
{M7L2-P0KC10IR-1962BNWE},0
{U7F6-C6LB92FP-6677SBLH},0
{I9A7-C0RE76MG-5301IFWS},0
{A5U3-Z9AI93CX-1706PZGC},0
{E9B1-W5SH32HJ-1601SNBN},0
{W1L7-U7IY19SO-0636FEQJ},0
{S5M2-G1GJ71NM-8262VDRM},0
{S4H3-L6YC88MQ-9822LDBZ},0
{R7C0-N2ET23WH-5314ZXBY},0
{I3K4-U1TW37FN-7475OXHG},0
{A0I2-W5PS24UY-6763IUKZ},0
{E7X3-G1GB96UF-6506LHMO},0
{G9K3-Z1RR12UB-4133FNBP},0
{C4Z6-K8JT48DJ-0738LOJC},0
{X0Q8-M9PJ70NZ-9971PQGH},0
{Z4P7-K0LZ62NF-9364KFRX},0
{A1B3-B3MX71OE-0784QYEO},0
{J5Q4-R5UO58IC-6143KQXQ},0
{L0T2-L4GT63IQ-4910OFLH},0
{Z7B5-R5DZ46XH-2039PBYT},0
{V2T3-A5NH65HG-3777EPPG},0
{R1V6-I9LE98QK-4252NDZD},0
{K4O0-Y3HH23NH-5970OSME},0
{B6M2-L1KF96WH-7723HWRR},0
{E6E7-M2GN35ZI-2006OYWW},0
{C1N2-H7CB58WD-8078OXCM},0
{M8I0-Q4DT16HC-0530NKWD},0
{Y3V8-D1JY37QO-0988QAPY},0
{P9A8-D7KQ82XU-8320VYLT},0
{P6V9-M7YO93JE-0680OVYX},0
{Y4U2-K4DI92OO-8766RXBA},0
{M0O7-H7SU82SJ-5101UPJZ},0
{F0L8-Z8SM52VC-8867THFQ},0
{T5E9-Z3WU40MJ-6195HYEU},0
{K7V8-L4MC52BF-5056BWLW},0
{B7B1-N5TT22WA-9160FTPQ},0
{A7T5-P7GN41QX-9937BPAW},0
{J1D0-P4GI64VH-1575MMDA},0
{C2A2-O7JC81DC-2673YAWA},0
{G7G3-L0MV29FG-4557XLYN},0
{T5A7-X1HB98YF-6730WFKQ},0
{D7Q2-X5MT85WI-6082CDBZ},0
{I2S9-A1QC04HU-0956YXOK},0
{A3M0-Q6QA77CX-3096OBRI},0
{H3D5-K1QV92FZ-6203HQPT},0
{G0R9-S5PI02QR-3005QWAE},0
{K1X4-D5SO86QV-7955JVOZ},0
{M8Z4-W2EX34TV-9713EXEZ},0
{C6G2-N2ZO02XW-3461NTKG},0
{C1H3-E0IO92PD-3898AOAV},0
{Z1G8-T8XU97XS-4977CXFZ},0
{U5R9-K8OU93DV-1319IVEQ},0
{W0K5-F4TO12EJ-5413RSDG},0
{F2A3-W5QI11XV-7141CBSI},0
{H1Y1-G4KZ00LR-6357FUMZ},0
{A7C4-N8ZQ86IX-1560FKWB},0
{V1U2-D9RL94VQ-8168GXXV},0
{P7E9-F9EB16WG-3772IRWG},0
{M0A5-P3UZ50HD-0848UHSB},0
{J0T9-V5VF45ZW-1023IHPD},0
{T6P2-C4PP84AI-1683WCLP},0
{R6U5-V7WC28DT-5748GLBV},0
{P5E0-R2VV47RZ-6627ZICG},0
{E9U9-I7MV93JB-7789VWIM},0
{U6Q3-L5KO92DQ-4216NDWL},0
{Z0H0-O8PQ36GG-0945PZHC},0
{Z2Q4-M4CM55PQ-2531LODQ},0
{U7K4-J8UG63RT-4777MFQD},0
{R3G0-D5IQ52QF-8909SBVR},0
{L6Z2-L9ZS43SW-6436ZRBK},0
{S0M8-L9KK51CA-0842XZZE},0
{H5U4-F2TB16LK-1685ZHSY},0
{C1E1-A1SU25KU-6717URZO},0
{Q3Y4-S3AW32GA-7574MTXS},0
{P1W7-J7NH99CX-5492XOZD},0
{V4M4-U8CE80OT-3022TPCM},0
{J0A6-L0DX29JQ-4879NVIP},0
{J4S8-N7JJ47FK-4442DPKZ},0
{N3X5-E2NL54ML-8811SODS},0
{D0S6-H3EL11EV-5966TJSE},0
{U7P1-M5MO35TT-5292INIB},0
{A6F9-O8BI42PY-6583UBNB},0
{X9F6-K1NU86VO-6063WCNH},0
{K8H0-W7AW46CV-9655TAJE},0
{G8Y2-O9CB64TQ-6268XECZ},0
{S7A6-N7AB86OV-7663CKRI},0
{O7L3-J1GK60YU-7890AYRY},0
{Z3X4-S3BB18IN-3855QKCJ},0
{S0B6-H7IW33UB-8913XUMH},0
{J0H0-M5ID99BU-7895NHFG},0
{A6V0-X8OQ03VI-5156FAEI},0
{B9R8-O6QZ66LG-8581GQKC},0
{G0Y4-J5EG75ZD-9893GGBE},0
{O9A5-N9HM76YT-0945EUJB},0
{B7A8-R0WE61BX-8880ITIF},0
{V5T1-J0EX91XW-5536QPPS},0
{R4X1-Q5WK22JN-8035EUIR},0
{Q9D6-L8JG94TI-0179ZSEA},0
{A9F9-I2FT73ZU-4509DVNT},0
{A2C6-V2LK97GE-0981VBNP},0
{F3G7-W0NU90KJ-8232ECXS},0
{R2E6-J5MR89WG-8670XQBH},0
{D2O9-C6BU36DG-0946QCVN},0
{W4C1-U3WS47GQ-3358KLJB},0
{H0L4-E9CH12AR-8875LQSB},0
{Z8E7-D3GH34VX-1747BPDC},0
{J0I7-Q7UK59EA-6160QXDN},0
{C8S6-D7TH85OZ-9559EZQP},0
{P0L5-M6IS80YD-0249XFQS},0
{N0G4-P3AY40HF-3051CZVV},0
{V8A3-B3ML50SF-8796QVDU},0
{G9D1-Z3AD03CM-5165YVOL},0
{W5A1-E2KC57XS-5016ECKM},0
{R1L2-Q3FY31MR-0198TSHL},0
{Z2G0-D1YP93LG-8780YWYX},0
{S3O4-E4QM15ZE-2506JHGW},0
{H0O7-N6IP55OF-6007VGYP},0
{M2Q3-E7GC17ZO-6649DUFQ},0
{J8M1-B2GW05QP-1322QSTQ},0
{C5V4-T5LN72XM-0547HCZL},0
{Q1G1-E7CQ76IU-2949ETED},0
{Y1Z4-K2MT70FL-6623FABA},0
{I9V6-E8PZ40PP-6082RKFP},0
{X8Z8-H9ID07LT-4027EICI},0
{J2M6-S5PZ05DX-5023XAPR},0
{T6A4-C6LN92WY-3174TDTI},0
{M3A7-F9KD19GR-5909VSRB},0
{V5Z9-A0JN71FN-9290TIVA},0
{R9F1-W1BR62YS-8853FHNZ},0
{R3W5-R3YF69GB-9485VLLK},0
{X9P8-D4VZ08OP-9339KLLN},0
{L8O5-A7DM00BM-7003NIDQ},0
{Q7O8-B1DM25EE-4586XCFL},0
{C6E8-M0DM66YA-2445VPWS},0
{R2G0-B3CU10GK-9693OBSE},0
{S8H4-N5LD42BB-9693EKMQ},0
{S6Q5-X1HI71JJ-6912LIPE},0
{A6A3-B6VG82JU-2488NBKF},0
{P0V5-K0ZP63QW-3667QYDD},0
{H0A9-H9SE27XA-2286ZWGC},0
{F9Q3-U0AV10YC-4680SLZH},0
{K1Z3-O7AA39CO-0073HPLV},0
{D4P5-O0VH01JT-8385LMAW},0
{O2Q2-Z1ZY99AE-1764HJPN},0
{M0M0-T7HV77PP-5347QNGY},0
{E6G2-Q2HC42OP-4944QYCO},0
{R6B1-T0MI54LZ-1888ZCUE},0
{K9T4-I4GB27KD-2382MCQQ},0
{A2A8-S6QT82AV-0682HJQU},0
{E5R2-N4BE77OR-5428ESPS},0
{X5A3-V2AM39PQ-6882ULCQ},0
{Y2C6-G6BF91OA-8518WWLC},0
{Z5D1-Q1BQ42EW-2099CVQE},0
{H1I2-K6BJ46WC-7087AJDR},0
{W1H4-M5PZ02TA-7129AMHY},0
{X6H0-Z9IG64LP-3529BQFS},0
{V0J4-F7ZO99NT-3204PMPJ},0
{S8M6-Q6YU17KN-3684BGLB},0
{T2V3-O4MT08BM-1284VFLT},0
{G4K1-Y3JQ72IT-1428WBCR},0
{R8U3-C6CZ73VD-0562EPHZ},0
{Z1I5-B8VG19RQ-1310ZZUZ},0
{X8Q5-O1MA83RX-6986TBUK},0
{S0H6-Y9VF70LV-2628HSDF},0
{W1O7-Y1YD25SF-0655PNYS},0
{F9B2-K0KG82DB-2942ZOTN},0
{P5R5-O0UU44PD-5461HLJE},0
{Q0E2-O4DQ13JS-8241ADLS},0
{K9T8-M5RK84VK-9573BLFA},0
{Q9N5-S0UK06VB-3581XJEB},0
{N8N0-M3FI34UN-9155KJKQ},0
{A7D2-F0IQ62BT-4026SBLJ},0
{N5Y4-A9GX06MJ-6115CUJU},0
{C7O4-F9NN44AS-1201HSFT},0
{B7H3-S8YA16OV-5781UYNT},0
{J3C2-U6IN97FJ-1798ABSY},0
{M3L7-R4MW92KD-7244OQTW},0
{H1V8-N1JT30LX-3943EVDF},0
{F1F5-Q5UJ22AL-6118APIP},0
{A4S1-Z8CI49DJ-3959BBUE},0
{P4Z1-X4GM04QX-2685CQFN},0
{R2F5-I1ZU93RG-6605FIKR},0
{L5I5-K3CN26VV-3598AFRP},0
{G1K2-E5CB69PC-2599VYDL},0
{E3Q3-O0NB07XX-7886OUWO},0
{X6I9-O0UT55OI-6398QUKG},0
{W5J3-O1ZB19HP-6910BPID},0
{A6D4-A5OF55SV-6247SUFG},0
{K3S6-O4NV48SU-0332YFKG},0
{H3E9-R6ZK52YI-7272WZYO},0
{J3F6-Y4WD51XL-9712GSBT},0
{Y5I1-G0MX26TP-7972GLPT},0
{C0R0-S7JE11QY-8017DBYY},0
{P0M2-Q4EI14BT-5421IMSY},0
{M5P9-Z7AT16UJ-0866LPOV},0
{A9C8-K6QU27UL-8310RSRF},0
{F3B8-I3AZ43WG-0869GJSI},0
{D0T0-R5FZ32JN-7919QZXD},0
{F0H0-O4VB80SZ-7438HMBG},0
{V1Z5-W7AT60WZ-9007YGCN},0
{D0L3-I5NI25GP-7737ZUYM},0
{Q2B0-J6DN31XR-7922SRGI},0
{D7F9-C6FZ83LF-5931BTNB},0
{S7C0-U4ZD09TC-7241GPVI},0
{S1W5-E2RV88PN-6083FHOK},0
{S4Z9-U9VX51HJ-4604MLBN},0
{T9K8-O3RO26VL-3125MYAF},0
{Z2W4-P1EQ39TG-1604DBPM},0
{B3X2-Z6HQ78EX-0560UHVF},0
{C3Z1-I7AU33JR-8202SSSX},0
{Q7Z3-P0DR35ZW-5206RWSX},0
{S9V0-H7KQ58KT-7630NIMF},0
{N0E6-E2BD85FS-5577PJTV},0
{F5F9-V2IU49WI-9869HMEP},0
{T2A3-U5ID66YF-5771XIAT},0
{B7E9-U7AO38SJ-6555AKGJ},0
{P1F8-V7VP90VN-1901XUGE},0
{K7W2-S7IT06AK-1652KNFX},0
{K5V4-H1LP51WK-0898EAEA},0
{E0Y1-P0TD76VS-8547MUCH},0
{V3V0-T2IR00QG-9623TRIL},0
{I1Y9-D0GK72AV-8181LDSE},0
{V3V7-C1FQ68NZ-3322EWFJ},0
{T2B1-R4PU10WR-7606RMJG},0
{K8C4-L6UK59JX-0322ZNRZ},0
{E7M3-D5UA72HE-6198BHMV},0
{S0T0-E6QN96PH-7364FAUH},0
{F3Z4-M9HC84UK-5887TBXV},0
{C1S3-Z4UV34LZ-8900MIBC},0
{N9L0-A5ZJ71NA-0661ZFDO},0
{M9S1-S6US66QO-3456KHXE},0
{I7E7-M8KZ31FD-7551TNLR},0
{X1X7-V1OI92YX-9426RGVN},0
{E8Y2-X5ZM33KQ-2447XJCL},0
{B3E9-F1OT30US-4191CNAR},0
{S5W1-F2DP35YA-6868NSCX},0
{M8H7-L1QK46OT-4634ROMQ},0
{L2N8-A2EF38NN-8506VFPT},0
{R1H6-I9VH73WT-0582KIZW},0
{P6I5-A8JU83LL-2069AOJO},0
{A3K2-F2GN25ZV-9947IVCG},0
{P7D6-I7AD05SL-9345YIUR},0
{L8X0-B4YP36UN-3058KLNT},0
{Z1Q1-B1DT04QA-2260RVRF},0
{J0D5-G6RH95QK-1603OMPK},0
{C3V9-Q3UE86UK-1604NTFE},0
{M1J1-H6RU28YH-9411DOZS},0
{K0Z7-M5SG47UE-9927LUBO},0
{Z8R4-T0DR79LA-9952BGPN},0
{H0O3-O6OA63VP-3320LDKR},0
{I3K6-W3ZP03AI-2927XUKX},0
{B5J8-E7FX36MA-5034JNHT},0
{M4T7-Z7AF74XJ-8727RZXI},0
{Y3Z8-W3AB66OB-2024PWRH},0
{I3S7-M5IK53BK-2025PRJX},0
{F4E4-G9LO12FV-9558LKSW},0
{L2R0-V1BG41NH-2940EIQL},0
{K6Z4-I9NJ71YS-8352OOBD},0
{V4Z0-P2KB69ZV-5311LBFG},0
{F7V9-C6XR56JR-6538TJYG},0
{I5T8-P5GP20UG-2809BQIQ},0
{X9J7-R3EW18OU-8637ITOF},0
{P5D9-J6BC70UK-0224KAPH},0
{C8A2-J2DH50KD-9392ZUDM},0
{R5F1-E6YT19UK-0830MMRS},0
{I6H8-N1BT09LX-9784EZBC},0
{R4G1-V3XT65FH-4029MHKP},0
{H3W7-L9IZ60VQ-9473PUGJ},0
{E6P7-V7TX23UF-2323UUWR},0
{G9W3-H8UN04HY-8003ZBJR},0
{H6L4-J9FW27SS-1280TWYX},0
{H4D7-G2UZ77HD-4519VAYV},0
{U6H4-C0KP78VW-4835OVPB},0
{D3A6-M5KR88OU-9006FPTS},0
{X3E6-G1ED05QV-6696NIJL},0
{V4L8-T1MX15BX-5575LBVN},0
{Q1I0-H6JT75RO-6864QOYE},0
{C3U8-R3KF48RQ-2620OXFQ},0
{K6C1-Z6BC18BP-8362QENW},0
{F3C0-D3OU89YP-1970ZOGW},0
{Z2T6-T5AV86ZU-9905VPKK},0
{S8M0-P6HE33HS-7326KFRO},0
{K7W0-S7KY12PC-8178KGJT},0
{U7A4-N6OX72LK-8041JFHE},0
{M4N8-V5BJ94MP-1583SEMU},0
{C2D9-I6CX88AA-5579KXIK},0
{N7E3-T5MQ16XZ-2092GFNP},0
{X5Q0-I6JL99FZ-4622ZKUN},0
{E6M2-O0AJ69VO-0422LLLQ},0
{S3S5-I6RO42RQ-1347AZPV},0
{P4Y1-Y4XO29PI-4621AETZ},0
{H2L0-F7WX78UP-1712BOZZ},0
{D7H9-T8WP46ZZ-0984XYIG},0
{B5M8-O6OA22KW-6057NFZW},0
{B7K4-W3UT89JE-8742ESQI},0
{W4Y4-O6QC11WA-8853KQGQ},0
{K5L5-W7CO85YO-0085CLQK},0
{Y3V1-W5PG56GY-4749JVTS},0
{Z7G5-P3VM35MV-7337YGAR},0
{J0D6-B3FT93RY-9075IGJU},0
{R1K5-G9AJ92LS-6943CIWQ},0
{I9U5-O1LU13XO-9537WONK},0
{K8F2-S4NL18SQ-6830WKVC},0
{K8A1-Y4OL29FP-9022YRLR},0
{K4V6-P8HB70SC-2760XWTS},0
{G2C8-N6LD69MY-7880QNYI},0
{A6G4-V6UN29WE-3315GDTJ},0
{P3S0-V7SU86SY-0920TEQC},0
{Y8N4-P1EC53RF-0984BRUN},0
{H5E4-B2CV58IO-5182SLBN},0
{P1V5-U9CL26SG-5459SWVS},0
{K0A3-K9RX24QH-2322WRIJ},0
{D5V5-J4AE44GS-2821MZLE},0
{A5O6-D9IL25LR-4311OFCT},0
{S9Q2-Y3YS76DT-4734JYAW},0
{X5M8-A5UJ93HX-6860KKEF},0
{G0W8-L2AT75GE-8912NSGK},0
{S3Q2-X3SJ08NP-0694TEUY},0
{K1S2-O7QL99NJ-5546NEVE},0
{I9K9-V6WC62MT-8956PLWT},0
{Z8N3-S8TH32NT-2481MZTO},0
{I9X2-U5QF05NZ-9333QXFJ},0
{R7S8-P7GL06WV-3860EEXW},0
{W9P9-N0SJ63DW-9403SDDE},0
{Q4V0-A3HF50YB-5805IHCD},0
{A4Z6-E9OC53DP-3354KPCG},0
{F3P8-J2HU23MD-6896MPKP},0
{P3F2-V2UG26CE-2555GAPQ},0
{Q4Z7-D8AD17QR-8908TIRR},0
{V3K4-W9XU31FR-3805PKKO},0
{H6B4-U8CB86NL-4012TVHR},0
{Z8S0-V4IV50RP-3478LPHT},0
{B5S1-R0RP60BI-8600UEFS},0
{N8Q0-J2OE02WB-1556HQGH},0
{F3D9-Y9RX42UR-0299HGHM},0
{X5O7-O9GC82DT-6054AULP},0
{X6L7-F1AQ36BP-9119RLPS},0
{H4R2-M7XS78ZM-2418MNUQ},0
{M3S5-M0SR80AI-2872ZGQH},0
{H0P2-M9CY05GZ-6904APNY},0
{J7Z0-N1OU09XJ-3536NNJT},0
{F7J4-W1PG41OY-7748UHLY},0
{R8R7-T0TT93FU-0661MYKY},0
{X6X4-S0TW64CH-8236PASZ},0
{S8A5-B3ZO70BK-1452HQWZ},0
{C2Q3-B8OG41PC-2199LLHB},0
{O0F7-Y8YK99WG-1333ZURF},0
{Q5A0-V9OQ59AL-5228BPHP},0
{L2X1-H3EW25YL-9863BMCL},0
{Q7K1-B8GS95JX-9375VBTQ},0
{E9N8-J2GQ37SG-7462AWSR},0
{P6T6-W3ZH94ZS-0270LUQA},0
{J8W7-C2NM92TD-3409AOSM},0
{V1Z8-F6EA31SN-5659SZJL},0
{Y8T5-E3NU29PI-8474NLBW},0
{B7H2-J8CH31CD-2967PJKW},0
{X0Q3-H1GI49LG-9602QZSD},0
{M6Z8-M7PZ94PP-6488EHUF},0
{U2V3-F7IX89AL-9413CJMK},0
{J2S5-C3RC57LX-2920PSEW},0
{Q2P8-B1GT15VP-6966NUAQ},0
{P3J6-F3EF87DT-8151OFAW},0
{X8F3-N0OF57YX-2807URTN},0
{T3L5-F2UN59UE-6346VVQY},0
{B0R4-D4IK55GV-6236VXOJ},0
{C9R7-F9XC09DR-5023SHMK},0
{H1P3-I5PM23RO-8912ASUT},0
{R0Y9-U5RZ80KM-5568HIRO},0
{H0X6-S2XK43PV-1869JIEC},0
{F3Q1-Z2GM63CY-2191HATK},0
{M6B4-G0AX06CS-9274ELEB},0
{V9D3-B3QG91NI-1333UYAE},0
{O5Z1-T4DR31PH-6888PLSM},0
{Q2M9-B4QA98LM-0689MPVB},0
{N7S3-R9IY89VL-4118GRFF},0
{I7A5-Y3LK71DK-4454TQNR},0
{S1D3-M5HD83AR-7515SUPG},0
{I3T8-Z3EZ33WP-6450BUYE},0
{N9O7-E9MK64XP-3185ESOC},0
{T4O1-U2SN71DR-2937SZAH},0
{J2W8-O1SY42EU-0928GOTG},0
{X9B6-J7DY10KL-9620TOCV},0
{E9T5-A6IS43OE-4709GFPI},0
{D6X4-H4LM32BD-9697YSTD},0
{W7A2-S1FN05VW-3085VRLK},0
{U0V4-B4MO93DJ-3864ZAEV},0
{S4I9-N3ZZ79ND-9723DCPR},0
{R6F2-N3KI17SF-1538XYJT},0
{O4A5-D8XR53DT-8442ZZAY},0
{A5E2-I2IM35AT-5934PNDO},0
{U1V8-Z1FJ71JK-6088NGBJ},0
{Q9F5-C6ME25YJ-7779UDOU},0
{M8V6-S0XT96NQ-9142WLZW},0
{S8U4-P7TW44FU-4839UHXF},0
{Q0W9-G2ER33TD-0327RPSE},0
{U7T2-J6XO66PF-8024WEAX},0
{B8I9-P6VM84NC-4753OSAT},0
{U9U9-L5SY10LY-1416QOPM},0
{F0B1-D6IM95JH-9704JDGW},0
{D6N1-L5AY05WS-8682OSDO},0
{H4F2-F4WP63AL-5428JHBH},0
{S0O6-I0VM71LH-2067EOWA},0
{Y1K7-N5FT92XI-6670PTQW},0
{X4U7-Q6IP12YD-9324UTAA},0
{S8S6-P0OU49FA-4746ZFMK},0
{G5T9-M3YH89VA-0599WNLI},0
{G4J5-A4PS79RF-6602DILB},0
{P3B6-O5UF91QH-3859PBBI},0
{U0T3-V6MC34MF-9548EXCF},0
{O7M6-K6XQ55YY-7733EWAC},0
{F7M2-D4HO11YV-0506UXUL},0
{E3E9-S5JU61TW-9718NVTF},0
{V4V6-Y7EE66JP-7658IZWR},0
{A1T6-L9PC31IY-1815PENK},0
{S8N1-Y0TA21ZI-7323YIKH},0
{A8D9-A1FV91BA-9931FPEC},0
{E8W1-N5SI11EF-6395FMKM},0
{V6Y4-N5MF82ND-3749IBDX},0
{R8P2-S2YC63GP-1024SHIB},0
{M6M6-G6QW78CT-7382WZOI},0
{Y0A9-T6JE37EJ-5241BJHY},0
{I6J5-T7YX80VG-6411FSST},0
{B6S1-A8BF25XL-5089MKTK},0
{L6M8-C5MM25AV-9184SSYD},0
{R5Z4-C2MJ37IA-9333RHPB},0
{N5F7-F7OA10YZ-6364RAIJ},0
{S1N4-R7YU07ZP-6199LGCK},0
{W5C1-P5ZH23VI-6518EYVH},0
{Q6F3-I3UO80IH-9525TMUF},0
{S5B7-I5LC07TW-1889HUYQ},0
{H6V8-Y1UK91BG-2648ZGCC},0
{C1E9-K7SD14EH-6669DWDB},0
{I5Z1-M4BK06ZF-5066YHMR},0
{K6D9-B6NC01CN-7839LVNT},0
{Z2U8-D4XN74MB-2979PPNF},0
{R3V8-Y5JW14LK-6648KNCR},0
{H4I4-D7XC63SQ-6195VSRM},0
{Z7L3-W2TQ26RW-4863KKCF},0
{M1G1-R1QQ59BQ-5465NPBK},0
{E3M6-O9XU60HH-7583JRIM},0
{S9L0-U2SX67PK-1124TLKN},0
{T6G0-I8JM90ON-0074QLOB},0
{S5I5-T6EM49AE-5130SWKE},0
{E6H0-F9ET61TL-0363RKED},0
{P0H3-W9LX93PZ-0975ISWC},0
{R3D9-G8LU07HJ-7762BPQX},0
{H2D5-T0IP60JH-2174UOGZ},0
{Y0F3-U5NI02IZ-8860RJES},0
{A4U6-V2GK83ZS-6913NVFX},0
{Q8S8-I0YI26SK-9361ZGNH},0
{X1B4-O8EB55QR-9940XWMS},0
{G9E9-Y5SX89XY-6645CVNY},0
{U5S9-H5XJ58UN-7261ZNUT},0
{M2O4-I0WF01AB-3549AVIM},0
{X7G8-B6ND42LI-9715IHUQ},0
{N8D0-F9ZW10KG-8935CFTI},0
{H9H1-Z9WB78PI-2043BAXA},0
{L4J5-K4TI73HP-9681CJGS},0
{L3U8-M7AJ81YR-5961NGPI},0
{L3N1-Q6ZQ61AC-7774YRMW},0
{T5U3-Z1DU76PY-6321OZJI},0
{K1Y9-B1UI55XW-4653LWFQ},0
{Z0M9-Y6QT57EY-7426KXQF},0
{H4R5-Q1XS34DD-2320BZKH},0
{P1L4-B5RM52RB-6022MCVT},0
{T6R5-N0KG63IL-7158NEHC},0
{I3D8-O2YM74CS-3352JWZM},0
{E8J9-V7VD72KE-4283GFAT},0
{M7G6-X8VZ19YD-5356ECSA},0
{C7S3-J8PJ69QF-1436ENJF},0
{A2D2-X2FB99SF-1450IUTB},0
{T4M9-W4PL29EJ-2453WFVM},0
{J4U0-B5YA98FS-0897WNRD},0
{O1B3-A9JA34CD-9734VRZZ},0
{M9F3-L2KV47RY-0415SQYZ},0
{Y4E1-H0YN95WC-8779CEUO},0
{J3M0-R2KC07TQ-3684KJWM},0
{Z8Y4-T4EF93QK-4551WROU},0
{T0L5-O7CD41UO-8453MOOY},0
{Z2N9-R0VE00QR-5598DWDC},0
{K2K9-B3HB40MN-0488JABX},0
{Q0S1-J2DW92OE-8534BMLU},0
{O8G3-M3IK74IW-4596PRSY},0
{W0N1-F6NZ14RR-8141OINT},0
{O4P7-V6NO73AB-6500QYUR},0
{W9Q7-F8FV51IS-6337RUUK},0
{N7B2-Z4QK44EF-5030OBBY},0
{D4R1-N6CR00MR-2727EHCV},0
{J3W9-C0XX10UP-6364EUPW},0
{F3Y1-N1PH73FD-7668SPKD},0
{E0O4-N1KH13UR-5599WQIZ},0
{O7Z2-M5ZJ03WH-1463GADQ},0
{Y3I1-K8CQ51QX-6653IREF},0
{W2W3-L9RC00AB-7957NSMN},0
{C1Y9-U5BS65LP-4427MDMK},0
{V6S4-Y4CS47QO-6969LNUD},0
{I6S3-O6ZM12OK-0458FREP},0
{L8A2-I7UO96ZI-2012IJOK},0
{W1H2-F3NX75NT-0951JAHJ},0
{J0T5-L3JC74CU-1780YJMA},0
{U4K9-L1CR08IG-1252RGOL},0
{V8Z8-M2NR25US-1305WSPU},0
{J1V0-X2DC62UR-0057KXUZ},0
{X9B1-F1NN57CI-6313FPSQ},0
{Z1Q5-K2NY38AU-8814QIIJ},0
{W4L8-R9RI42ZK-3341GUQD},0
{G4P1-D2LI31YI-2331SLAH},0
{C6S3-Y8OW41YB-9286YNMN},0
{Q0O6-I9IE03YV-9187IUFB},0
{S8K5-E3HY57OP-5641IAIY},0
{A7W7-C8VJ62LU-9313OBPA},0
{F1F2-D2HC12CZ-7930NWRA},0
{X2J5-P4OT95AW-8503FSSO},0
{C5X1-J7VD94AV-7014IYUH},0
{Q5Z8-U2FX58OC-0951NNSF},0
{D0Z6-X0OU22AR-9710OTJI},0
{N9L8-E9WB02EW-2770ONGL},0
{F5H5-V4PN17PU-7497GCJP},0
{C3P3-H6KV30TQ-1260PPXW},0
{U7P3-I3OV47UF-2238JHXW},0
{U5P1-D3SB45RG-2100SHUZ},0
{L7W4-A1YF78MM-3777QTBB},0
{J8K0-I9XK65YN-9881GJEW},0
{B0L1-H2IC55AV-0745EFVB},0
{A2A5-M4TD30RX-3535FQLN},0
{O8M8-E2AV92FU-7251AVAY},0
{T3C6-H8WE55VN-9621CMZZ},0
{F2U8-C1PR67LX-7262LTUC},0
{N2I3-S2XR67FK-9556LWPJ},0
{U9V5-L4WT70FU-1434YQWF},0
{S8P6-G6XX19ZH-9723CDDA},0
{U7P5-U7JS17BO-6754BAXJ},0
{X2K8-T7PO22LZ-9283TXOY},0
{H2Z0-T3TL15HQ-7974ICDP},0
{C0J6-W1RP89AW-2554KCFV},0
{F4C1-F5VC26QU-8508VIOR},0
{Y0O4-M9KA51AF-0855ZPSQ},0
{K4L9-K1VR35DK-9404PFHA},0
{D8I8-A6WF56FJ-0357YLZF},0
{C1C9-J0OW80OD-1294SABG},0
{U5L8-N3FG04OT-2470HRHX},0
{C5L0-W3FG07OS-8788RMIN},0
{F4N3-E2MJ10KO-7963FUAW},0
{G4F0-A7DC75XQ-1115UEFF},0
{W4T7-M8XW78GJ-1272XGXH},0
{O0G3-W0BE41LE-6158NKIA},0
{H2E1-N7HV08CI-9436PSRR},0
{Q3D6-W6EE49ZD-0196GYDK},0
{F8F8-A0DA90MN-9785PYBP},0
{J9R8-A0WT44LK-8561FGES},0
{B0K7-V3XV24LN-7462TBQS},0
{W9C0-X4UX84FX-7036PLDK},0
{B2X1-X4ZR51LU-5241KHKD},0
{R6E9-H2JG72QD-6204CGCG},0
{X4P7-E5AU45QB-5042NGAA},0
{N4P2-M6OW11CI-0078UEBH},0
{I3B5-Q2WX34VT-5023XIPQ},0
{S9P7-P0NJ71WV-6800FLCV},0
{P4B3-A3CF15UV-1185IHAN},0
{Q1R6-D3SS23BI-3978FLRY},0
{G3N0-M2KN07SR-9679LSQR},0
{W8P7-I4AM51AZ-7732ZNFY},0
{L3W7-F0VX87OV-8590KWCB},0
{Q8M1-V6WI86QX-6491FCDT},0
{M6E3-A8EI93FO-7096ZTBX},0
{W7M8-I2OL88FZ-7978JNSO},0
{J5T2-P5CJ14LN-1201LATN},0
{Q7N9-V6PH93ZZ-3106QRHH},0
{H5Q1-L3XA65QB-8461UAOT},0
{T0N9-J0YF73QP-0070KARU},0
{Q7F5-S7AL63ZG-3193RHHY},0
{V8A4-R9PW23SQ-4442VZDL},0
{K3G1-S3GI44VQ-3010GDNW},0
{K1O0-R3BW76NA-8125BNWV},0
{R2B0-J6VN67FE-8398MYMU},0
{I3O7-U1CT58JJ-9713ULTP},0
{D1F4-D9AA53ZL-2024LPGJ},0
{G3P4-G8TF05YK-1186YORJ},0
{R1O9-Z0KL94GC-4569JAXP},0
{X6C3-H5MB19EE-7254RYOU},0
{F2F0-P8BC35KN-5151WBOG},0
{P1O5-Z2CW72II-7248ZSEP},0
{O9W3-C8SH29LN-4151WJPO},0
{R7Q4-G1YA29WH-9191QSSZ},0
{D3S1-X5AO18CO-9583IJST},0
{U5Q0-R7SE63BB-9005DWMP},0
{I9M1-X9FK18ZC-9508HMYH},0
{I9L6-N7RI60MS-8063XGJX},0
{B6Z7-B5NO69XA-5638OFDB},0
{U0Y0-W8PK60ZG-4688GRAH},0
{S4E7-P0ZZ09WE-5071UVFD},0
{F1Y3-P5DJ35QL-3958LIEM},0
{O3S7-W4AH42ME-2838HARC},0
{C0A5-K9EO49HI-7313IRPI},0
{H0C9-A4TJ01FQ-7235HVRX},0
{F3Q1-U3SH90AW-9733KZUI},0
{D8F1-J4EC52WJ-7537WHBI},0
{G1C4-R9MJ10NL-3554JBGO},0
{P2E4-F4TB94KD-7938DSDW},0
{K4D4-M5AF77AL-2559ORWE},0
{V7R9-I5NC60XQ-7160QQFG},0
{F7F4-G5KW40PJ-3016NHWR},0
{O5G8-V2IW20JQ-3785YZYP},0
{Q8L1-R9XL22BI-6587MYNM},0
{X3N8-Y7OO34CU-2552LJJG},0
{R4A4-H0FB72GA-5507QJHF},0
{P0H4-F8BF92MZ-2244UTKC},0
{O9S2-P3XB08PF-7015YYLZ},0
{P4R3-T4QI64PT-5337UYEK},0
{S7O0-X5NE98FL-3074CAWL},0
{V9D3-L7IJ35AM-0429JGCP},0
{L3U8-U5IW37ES-9187WECA},0
{P5P7-F1QG13YL-9260GTFX},0
{G5G9-B1JV42GU-1579JKIU},0
{H2C5-G1ZA74XD-1106KRTC},0
{V0U5-G2RX49FT-1231IOSD},0
{G9T3-P6TD80GP-0230YHFV},0
{P3S3-Z3FB74HM-7744TCGR},0
{Y7W3-F8FP73YB-7384FAVG},0
{L2E0-Y6RZ63FL-8930PWIR},0
{X3Z6-T4XR39GO-2346ZPIE},0
{B8R8-I5SA26JG-7450UCEW},0
{X5Y7-U7AA35TS-4659PBOX},0
{N3D4-O2AD33VH-8209CEYT},0
{T1J5-L2WZ56VU-4182RAJW},0
{D0R7-A4CW24UQ-1439ASNP},0
{C1A0-D2ZY77BI-1814JCCH},0
{Y3G6-F0VK61JV-0260HSGP},0
{G1B4-Y6AW39UZ-1252QTZF},0
{V3Z0-A3NO08PS-4816GHIV},0
{H4E4-O1EG79DU-2508APUP},0
{O5K4-M8IJ57FA-7139GPRI},0
{D4D3-G3TA51WX-2062YQFF},0
{S7N9-R2GP37YT-0042AUDJ},0
{F2W9-J4HR97WC-0814WHTU},0
{H9E1-D4WD82KK-9426RSVT},0
{F4I7-J6CF35TG-6116GTMQ},0
{F4Z7-H9SU76XV-6399SZTF},0
{N0M0-M7XK26IU-4871ZTHG},0
{X7X7-V8EZ18FN-6505WRHO},0
{C6A4-B0QK91IQ-8324YYBJ},0
{K5V0-W6HQ17UE-4086KAYC},0
{T3L1-X9YP52OC-4108OKWO},0
{A0B6-O6RG80ZQ-3054LKNB},0
{Q0J5-L5EG06FH-9503ABXG},0
{S5Q1-M6RF04XO-5140THYM},0
{M5R2-U7EU08PC-2396LBKT},0
{R3O6-X8SA08LQ-7042EQDF},0
{I5A1-Q4NS92HB-8060VUTS},0
{W5Q9-B6LA05BB-1259YIPG},0
{S5E4-P8OC52TW-5942BNYQ},0
{U2D1-S5KK17NY-9742HQJM},0
{E8E7-P8PQ25XM-3316TKXG},0
{Y6P4-H8SL36OE-6082CDFE},0
{F3W1-D7ZR58HU-1749FYCI},0
{Q7O3-S4SC43HW-8898ONUE},0
{C8C1-U8FC12EN-1632UDCT},0
{K7U0-Z6MN45CL-6165HOWC},0
{J1S3-J9AM46MB-9191NZBU},0
{O8L8-I1UI65TT-5736ZYKY},0
{E1A9-Y3VK40II-9167RIFP},0
{T8F6-L5FT03SZ-9286LSRC},0
{J0T6-X1OG14WW-6825ZUXV},0
{L6A6-M9WM70PU-3921EBUX},0
{I4F6-N4QF58CQ-4491JDVT},0
{Q3I8-G8QB42UR-8013QXMS},0
{D0X5-I5GQ79SH-9287GTTP},0
{B6D8-H7BQ81YR-2968RPJO},0
{C2J0-J0LN23EG-1674RKAC},0
{U0B1-T6UG77NP-1546FHOL},0
{C8E2-E9WB99LL-5336QVIL},0
{S0M0-Y0HX80TM-2272OOQJ},0
{D4N2-F3TT17WT-5375HRST},0
{T8N2-S9ZF50BP-7279RRJJ},0
{O9T5-V5VA09PR-3853KTLC},0
{U8R9-O1BQ61OB-8044JRMD},0
{J8M4-O5IM73MS-6338YORD},0
{N2C7-V2EL11FF-2143OSKR},0
{E8N2-B8ET94VB-9935BEDM},0
{Y7G5-G4WN38NA-1087VISY},0
{C8S1-Z4HP18JY-1587GVMW},0
{W4Z0-C4XO88BI-1545KBPG},0
{M2P1-I1RM67KG-8064ZGAM},0
{M8R1-X6SR06AQ-1002AYGE},0
{K8K1-F0OC46ZJ-3654AIXE},0
{Z6S5-Q7FL58DW-4534VVXY},0
{O4X4-T6EZ27GY-8785SGVK},0
{G4M2-Y7PT83IH-5341QVOQ},0
{A5E4-Y8RS68NW-3175RNNN},0
{A3I3-G1CI39PW-4239FQAN},0
{F1L0-H0AZ03OX-4068TFWV},0
{V0Q9-P3AH95CN-0481FQLM},0
{M6N7-U0KF01IA-2714ZPTE},0
{Q1A5-N6VY26IP-0387KXFC},0
{P6F2-N1JN58YH-0545PNWF},0
{A7J3-C5IK39OG-1563LRAY},0
{E9V2-M6VZ09SA-4438KZKD},0
{A7D3-P1AY18PP-2008VXWC},0
{Q8Z6-C6GG50NE-8605NZHN},0
{W8J5-V8TJ50NG-2491RLTF},0
{T6P8-R1PX34TR-0393QQXV},0
{N8I4-H8NM56QD-4612PLDI},0
{D0Y1-R7OK43ZD-4058VUSO},0
{H2I3-K0DH70KD-0507WNKB},0
{M8E3-Z3LM91CG-0772EZHN},0
{J8N7-R4LK06VX-2185SNNT},0
{R9V2-Z1HT34DB-7181OSOH},0
{I8J2-E5HP68AS-6083GXTC},0
{O5E9-K4JX09SR-3796SLEU},0
{N1K3-M4EC01EE-9130VRNV},0
{S2R9-P0DS51DL-1521LHYY},0
{T3X9-O5IO09CM-0776DJND},0
{K9F4-Q2WD79MV-1453OHVP},0
{N0A9-Q1MB95CF-6031LSGR},0
{B0K8-X9HB38CL-5283QDDE},0
{C0A2-Q0ED21PT-8948HYTB},0
{M3Y2-Q6EZ45QY-2373PRTD},0
{V1S1-G3UI05JA-0017UCTE},0
{M7I9-I2JT66YV-3094BVJU},0
{S1Y0-N7BW43UU-1852GSFT},0
{V4K0-L6HW59DJ-5641XZSP},0
{J5D2-U0GL69FG-3864QXXP},0
{U3K4-T8MI22TY-8050HTNE},0
{S7L4-J7ZJ51RD-2877CVGF},0
{S4N4-U8IF69LB-9174IMCO},0
{H2J1-M9ZN56NB-3948PHIF},0
{Y8C1-V0WC11VI-3144URER},0
{M9G7-E6FY29YV-2805ZAVP},0
{W1Q3-Y9AX05NC-6706BZLE},0
{R3U7-H3DE28HM-6750MMOU},0
{K7Q6-P8YT75VZ-5772AKDS},0
{C4U8-V5MD70OH-9277IEVF},0
{D8W4-W8CR70VS-9841HWLO},0
{L9Z8-F2QJ42MB-0269OYIQ},0
{Y8D1-Z4WL70YD-3868MCEU},0
{S8O0-J8RO51HD-0823QDUY},0
{R1R8-T6CR85VO-5029CBQU},0
{E8E1-W7FC43BB-0163OVPA},0
{Q6L3-I0SA21KS-8336FJIX},0
{G8J5-D5ZK98BS-6327RJCC},0
{J7C3-A7WA87LG-6402RMPI},0
{U0H3-N5UY53BJ-3570XPBP},0
{I7A6-Q1PY08MU-7919VREJ},0
{P6Q0-L1OB94CS-9584ZADM},0
{M0T4-C3FH35QY-9240RPJU},0
{O9X0-U5HN44KO-4259ECFN},0
{S1U8-T4JQ51MZ-3145RTJP},0
{T1G8-P0CQ63VZ-4280GQOS},0
{L0X2-K5KA60TG-4974BCFH},0
{V9S2-Y2WL23ST-1898CJYR},0
{A8F6-E7WZ88RN-0059GPMO},0
{G8P1-M7VH85FK-4684PRKG},0
{P5T1-N4AJ05EW-9972PMGW},0
{P5T2-W8KP51UD-9489XZXU},0
{C8R9-L4QX14EO-5596WWOW},0
{Q6S2-L6JW13GQ-7172JMLV},0
{U3Q5-H3HA97EW-2356GRFO},0
{W9H8-A8QP43OE-9804YEUH},0
{R1D2-S2EO97IO-0866JSZH},0
{S4S0-P8ME97ZD-9832ATTS},0
{N7N9-M4BM88OB-0972QEOH},0
{J1A3-V3BB83ZM-5826EMKJ},0
{H5A8-O3PV66MF-7528WYSY},0
{Z4M9-V7VJ41FX-6200EOOK},0
{S6I1-W5IN22US-1904DWRX},0
{A9I1-U2FZ51CZ-7371WGWY},0
{X3S1-N8QR17KP-2028IANE},0
{D2F6-A4FA95IM-7495SNNV},0
{V9S6-Y9AW88LZ-4511DHQC},0
{C7G8-G2UX46QA-4516TIOY},0
{L7C8-P5GD11FD-7182ORWG},0
{N4E5-K2NJ22EU-3020JYFZ},0
{S8Y3-B9DN64CP-2499HMLL},0
{O2M9-F3SS94IO-3236ORZR},0
{N7C4-H0DJ08LT-3805WLBX},0
{K5B1-A2PS16TV-3409NIKV},0
{T7V7-G2DA83TJ-1860JBDJ},0
{S4O1-B0PX17NI-6137LYOD},0
{C7O4-M7EP01RH-9176GYQR},0
{I7Z9-O0IZ78FY-2974RHHL},0
{N4K9-S5ES32RE-9214QMXB},0
{C7P1-U4XB49PA-7027BVQE},0
{F7Y2-I4WI47PF-5405REWG},0
{D2U2-Z2SS89EF-5009GCGS},0
{V8D7-X3RG29YW-9585FIIF},0
{F8P5-B2RL76VZ-4585HRFD},0
{B8Z4-A4MJ86NL-6789NFKN},0
{Z5X3-X1AK23DR-3163PHUK},0
{T4L2-R6AZ76AN-6126MLLE},0
{F3Y2-N1KW94DW-9161IPAH},0
{T8O4-P6SD29NA-4793MQVL},0
{E9C3-U4SF89UE-5715BYQD},0
{V9Y1-N3FT57QL-6342ZURZ},0
{Q1Z4-V1YI96MA-3829GVSW},0
{G8U8-W0GY51CW-7049DMTJ},0
{T6H8-L7RT69MV-9479NLQA},0
{X2W6-M5VM57LW-1063BVIJ},0
{I7A1-T7IB65DX-5333XFVW},0
{M0G4-F6OY37XB-4223TBPY},0
{B7O2-C4YW98MD-0195LMUB},0
{A0W0-F5MI14FO-5645XSQE},0
{M0A3-J5VT01XK-4475QFBF},0
{T4G4-C1OH81ZG-4498CQDJ},0
{R4T7-U7YJ61LT-0012AARF},0
{G0E3-M3VG95HG-4858LHTV},0
{V4P0-D5XJ71SS-3292WFDB},0
{L7U8-M8YX21MB-1612GFGO},0
{Q4R4-B1XT52IR-0658XICG},0
{V7W9-F1ER76EB-5141IBLB},0
{Z1O8-U2ZD53EZ-5635BHDQ},0
{W2Q1-J5JE77YM-3490PXUL},0
{O1I1-G8TQ92RA-0948JJVS},0
{Y5V2-B8KG54DA-0920LGJJ},0
{O0T2-I6YE40CZ-6663SZWF},0
{V3Q9-E5UE65TV-0976FOPL},0
{E5W2-Y3OC01ZY-2104NFRY},0
{R7J1-R8XQ82GZ-2821BPDX},0
{R3V8-G8BD18AQ-2349DDNL},0
{E7G4-V1WC94XW-1953FISV},0
{B4B2-P4DA89IL-8316VLSL},0
{V8Q1-Z5LA85HD-4127TSRJ},0
{R4M0-Q2NY28WO-8665WFCS},0
{I7W1-W3KT89YW-3968HLPN},0
{W7Q7-I2DG40KK-6341CSJJ},0
{T4R8-O9ZR19AB-9319ODNC},0
{M9W6-K1XW26JD-9822CZYE},0
{L0E1-R2SM83DL-0635UYTE},0
{H4X6-W1FM87DO-4396XYDN},0
{T4M4-N6OC20ZJ-4415BEKL},0
{R4W4-P8KW87EQ-0100GPRN},0
{Z1I4-K9IT97TB-9013HSAX},0
{W4A0-I1GD32CC-2788EHLF},0
{J1Y6-Y0WK42TC-4358MROD},0
{Y8Y1-X6BF11IG-1104EOPN},0
{O0G8-D3JU96AU-2866OWMK},0
{Z1P3-R9LD19OU-0531ZCAL},0
{Z3L6-Y4UT28NZ-9431FYZR},0
{Q4E0-A9JZ54QD-0859AEYD},0
{P0J8-I7JX95VA-6810JNXZ},0
{A0V6-Q4TB63FM-5683FUGG},0
{C4G5-Y8SD90SY-7644AJJG},0
{Q6R8-A3WK95UW-3603OMWG},0
{R4T6-V8OH31LF-8359CKSE},0
{P2R7-X7SF52AE-7473GSMP},0
{M2F0-Q7WJ15HM-2547WTAK},0
{Z2E5-S2JO70JH-6063TFYZ},0
{N6D4-L1QY67YC-3036PALQ},0
{P6O4-D0OL73YI-3993XAUD},0
{W5E8-J0BZ65OW-3821YZRZ},0
{E6M7-M7QL90FG-3890QHHH},0
{L1H8-Y2ZP03CE-7207GVVW},0
{W8V1-A5GY26IN-0930ETGB},0
{X1C7-F2MN30TJ-0259QVFI},0
{V0J9-Y4BP21IN-4770RPFR},0
{B2T2-A2LO25KM-2805TAZO},0
{A7K6-C5FQ61HE-2870HQTK},0
{D1J9-L3FR84QD-3563SPZB},0
{O8A6-U5SY80GY-8451HDFJ},0
{Z2D7-P7QO26VB-1694WMAV},0
{I3G1-L7KC00NY-2410GFGM},0
{W7V4-H6DS16IM-3531WTYK},0
{I9L5-E1ND26WV-8466BTMP},0
{Q7D8-P0EE43XI-7920BEKB},0
{V8D0-A9GY62FF-0382FNCV},0
{N4C6-Z7CK28TD-1511VNKN},0
{A1R6-V9WQ91CR-8520TQWQ},0
{H2E6-W8GP98ZX-2759SQHB},0
{R4I3-S7NO31VP-4440VDCH},0
{D3S8-T7TK35AU-2988MNQX},0
{T7Q0-Y7TK97XG-2700UJFS},0
{C9V9-Y7VZ05OW-7390QLPS},0
{I1D3-A8BR62AV-6231HYFM},0
{F6A9-M1LB00YM-9600RLZX},0
{D2F2-J3SD31WF-6647UXCA},0
{R2A5-C6YV54TF-9178HKUU},0
{Y7Q5-J5AD62EG-4846PLGU},0
{P6G5-U0UG94VS-6470LVWZ},0
{F6O0-W1IQ06IE-5402ISAQ},0
{B9M2-M3QI35UH-5031QYKN},0
{Y1U8-R2PE91IS-4584VIXF},0
{W4M2-X0EH59AU-9893DWXL},0
{S7O7-Y9FH87FW-7988LCQF},0
{D6R3-B9IH96LH-4710AMOJ},0
{M9I9-V2QJ73YD-0457GSHA},0
{N2I2-A5TB14ZB-4816QHOF},0
{X8R7-L9JF15AT-8139OGLN},0
{B3R4-Q9DL71JS-1291BYXX},0
{T0F9-W3WQ84KT-8568NGOW},0
{K9W8-C9EJ81YR-0253YSEE},0
{X9A0-M1SM80JP-2029QMEX},0
{K4Q0-J0OK85GA-2203SPYC},0
{X9V6-C0FK93SK-0299UGUA},0
{D9K7-Y7QP99XO-9542FKVU},0
{O3Y0-F9WJ58SH-3292TJJF},0
{O2I0-I1GH87IF-7047FAYT},0
{Q8G1-C9RR12FB-0788QCYG},0
{Y1J9-S4AZ73XA-9688JYBK},0
{B7Y9-O0KH60GD-2451HSZJ},0
{Z7A5-U1SH47JV-7850MJBY},0
{B9N2-Z6VQ51PR-2069YVWI},0
{M8G1-J4ZV58ZQ-4220FCMK},0
{X0V1-R9PX02XP-0251HYWC},0
{H9A9-M3WO89TO-2606BKLR},0
{Z5Y7-I2TT19NR-8517BKIX},0
{F5B1-L6IA38UY-6673LAFY},0
{A4P1-Y7ZF52EH-2319SDNK},0
{A1P6-C2JK11OR-6113LNZO},0
{M2V2-F3JM84EK-7500AUZD},0
{Q5N3-A5IF56FU-3622HQWV},0
{W2Q9-B3MW81TX-7335CXYX},0
{T9B9-B8VO53KK-8202NUDX},0
{Y7X1-F0BP42DN-7015BKRE},0
{K1N0-S9DW66AI-8309ZZCJ},0
{A0I7-V0LY89PM-7883UFHU},0
{Z2N6-Q2JI64HA-9047VOBM},0
{E8A1-F6XD64ZK-3768IMOS},0
{B9K0-O1LM40JL-3402UZXG},0
{S1I3-O3KM17CM-8327XGJW},0
{H9T5-S6YE97UB-9427IBRG},0
{F6Z1-A7XF47RR-1407AUGZ},0
{P5Q2-A4TX19JE-2446SVNL},0
{P4Y0-G8CE08EO-7917YBJS},0
{Q8D2-Y5TZ64IA-9937OBPM},0
{D1V5-V9KK09RD-6135MAVV},0
{U6O8-L7RT66XM-3560LSSU},0
{Z7Q7-A7SS38EY-4863GCQD},0
{A1Q0-S9YR95QE-5320CAOB},0
{Y9K1-J7YA78MK-0740XVBJ},0
{M8A4-N3MR62GG-7594MESA},0
{M4C8-E9MK21GE-8014DBYF},0
{T8W5-R5FU92TH-9676ZMHY},0
{Z9Q1-W3HN44KF-4913AUKX},0
{C8C7-P2PC07WS-9322JLCL},0
{G5C8-R1KQ54LJ-8105FHFZ},0
{G3U7-P5RL33IW-4759TRUK},0
{R0R9-Z4GA82IS-5103LMFC},0
{Q7R3-G0WC43PW-3934IJKU},0
{H6Z8-L9OM27IV-7469QOJS},0
{S3S9-F2WK62KH-3470RHMA},0
{N1D5-G3GI54XJ-6394FXFO},0
{I9X4-Q8TN53NV-7423TGIW},0
{J7A4-E8RH36PY-4603PZUJ},0
{F9F9-I1ZP31JF-9348OBWY},0
{D1W3-P7KU69UV-2282REJP},0
{T2Q4-H5HL75IP-6250SHCX},0
{E3T8-P3IZ09MO-3845WKDM},0
{M9Y3-X4ZJ91NT-0437FYIK},0
{W3R2-Q4AY57NA-4278BOJI},0
{Y2Z1-Y7YM16CL-7093BWDU},0
{F4P4-I1PX09VX-6208JGHG},0
{G7T9-M6CC53XI-9794BKIS},0
{F6A1-H0UE64WG-9401ABAG},0
{Q1A5-S3VK67UO-3252TXXG},0
{W4W5-P4TA70KU-8617YRYK},0
{T1K3-N0KN14LA-4070SMGV},0
{H0X0-M5IY11UM-4913JNAF},0
{Q1A4-J1VN09BG-2486CGUD},0
{D6E6-T8ZL82DF-8435IEVJ},0
{Z9E8-Y1NO31QU-6216XLVE},0
{C9G1-T8PJ34HG-0112RFEJ},0
{Y2Q5-Q2CZ68SC-9575NVCG},0
{L3M9-J3HJ15YS-6349BCIT},0
{U9F0-G8AR76XU-0592YMUB},0
{S7W9-A9AE13MA-2618SWOC},0
{A2Z3-Z9NT85II-1781EHEN},0
{S7V5-K8OP26BV-8424DENI},0
{U8G8-R7SZ37NS-5987SRLJ},0
{Q0J5-I4AD18EC-5796LFYT},0
{D9O1-W4NE58VL-1804YTXS},0
{A2J9-G3EB20BM-3452ROEA},0
{H2W8-L6YW44TB-0415CKYI},0
{E8Z6-H6VE19WF-0773XRNK},0
{U8E0-N9VV94GR-9596CFZK},0
{P6T4-C7SM06ZP-2876GWYF},0
{I1S9-R9NX59RI-1175QHJI},0
{P7O8-J2VK72QW-8841BQNR},0
{T6W6-O9VV98FX-5302RPRN},0
{B8H0-W6RO81CJ-1836KOMY},0
{X2A4-J1WU79QN-8279HAWM},0
{B5Y0-O6UJ39ZE-0212FLKA},0
{B4B9-S5GL24CX-1097LNNR},0
{H6W8-T9NH14PO-3457PIAM},0
{M5Q5-E8EL60IA-6790HJYV},0
{I3N8-X3OI37CG-0734MPPR},0
{H0C5-C4OT21UI-0303ITOE},0
{S7E5-M9UZ80JV-6407NBAL},0
{R5R4-S8PJ85YY-2864WLBL},0
{O3U6-K6QS70QF-9627FPBV},0
{R8J8-U4ZA20JD-9566DWRY},0
{R2X3-N8OB81KO-2388EOAG},0
{P8S0-A2WP48TG-4776VRNP},0
{E8B1-A7ZL70MV-2874LXWT},0
{Y5C4-P7AF91UU-4789BGLF},0
{N4N8-U6VE83GP-6469DYSA},0
{Z9W4-X0FL00AR-9785PBXW},0
{F9A5-I6WA53OL-7992JEAY},0
{B4E4-R1VM47NC-4442RQLD},0
{K2C1-Y0VP15RY-6850MTNV},0
{L5L3-D1GB10FU-1148LOTE},0
{H6J4-O4PQ39VH-3330XWSA},0
{V5V2-V4CV15XX-8544YYVP},0
{E2P5-A7HL41OC-5321QYHY},0
{F7Z6-L2TI78TF-4507VCUM},0
{A7M3-R2YV77AS-6646HWYF},0
{B8B7-K4MD69UR-6951OTDV},0
{R2O8-D7SQ39AW-0894LHOQ},0
{E3L8-Y1KT81HU-2872LCKK},0
{P4P1-T6ZA02BS-9131ZFNY},0
{G6V4-R9YR89SD-2650ISTN},0
{U5X1-M0YX57ZB-3994EMFZ},0
{G5I7-Z4LJ78SV-3053RNZG},0
{B6J0-H5PE16SE-1018DDZP},0
{A1A8-F7EJ09NY-4636XDBR},0
{T3Q8-H1JG21VV-5547IJOU},0
{C5Y4-C8CM66QH-0853OPAR},0
{Q6S6-H0SL25ZX-7957FVWR},0
{Q8L2-W7GJ64DS-1439KNBQ},0
{H0L0-N8GL78NM-6747IPJA},0
{G8G9-W9VF57EE-8301GVQZ},0
{F3U0-C1PG10KO-5139RREJ},0
{L7G4-X8QN20IH-6569JCEE},0
{T6K3-I5CG71AI-4637RDJE},0
{N7M0-E5BT76EX-2002UAJR},0
{N3J0-Z8YZ97EB-1856YLOC},0
{V5H1-E1HN62KK-7039RWCU},0
{Z4W1-O9MJ52XD-7924CWJY},0
{M8P1-N3IT99GG-5428LNGJ},0
{R5O4-P2IC25AK-5624GWMM},0
{F7Y8-T0LZ58LO-0690MKXY},0
{O8L6-Q5DY16OI-7154PXFP},0
{L1R1-S7FG51GT-3427UGVD},0
{I2D6-F9HR24DV-9919DDPS},0
{C2E7-Z6WJ27VN-6141EPFT},0
{P1H4-J6YS74IP-2984GOSC},0
{M6L9-H1TU98II-2078MUPF},0
{V5L2-U7MN65WM-8628UVIV},0
{G0A6-D0TR59DV-9729GXPX},0
{N2F1-C0SH94VD-5648USQN},0
{R2T6-E3NW93FI-2034VPHJ},0
{H7M1-Y3TH13YQ-4317HNNI},0
{S5H2-Z3QL36HR-3628GPPS},0
{Q2A0-X0PL63LH-3121SOTV},0
{R9U5-U6ZB59RI-8848INMI},0
{U5R6-Y7FS03JM-1136XUQP},0
{O2P2-B2IQ01RC-6798XRBX},0
{P5I4-M4SX30DH-7551JBVG},0
{I4N8-S8BU77CL-2034FQGH},0
{C4Z3-Z6RC67YQ-1535URLX},0
{X3F8-P1DB15FH-0866HILT},0
{G9M5-I0DX13WE-2837AJIC},0
{M0X9-C9BS92FS-0617GHNB},0
{R7M9-R9EP34EE-9439UVHP},0
{C8Y1-V8SI05JS-5845XIOZ},0
{M1Q2-D5QB95QD-8973HFVY},0
{G9N1-A0FO32UN-8445SUBI},0
{B7I7-K5CY07EJ-6175GUUR},0
{J6J6-F2KI61TJ-3066PLLF},0
{X7M8-B1BS68CJ-9263FJEI},0
{D6L9-P9UT76NN-3986MPKT},0
{C0E9-Y5TZ84JW-5679CZRD},0
{F4T8-O6HN39VF-0913WUPX},0
{B4P1-Y4YC96RN-7495ETXE},0
{L1Q9-K7EA64TE-9756CBXU},0
{U8P9-J3QD78WK-9227GBOK},0
{V2Q9-R4BY72HO-6602YKPU},0
{Q2F1-W3HU68RD-8178BLKA},0
{I7F7-N8HR31VE-9422SXCU},0
{Q5C9-W0PW38VH-4978PROQ},0
{B1B7-G0BM22EB-5727OGUV},0
{O3N3-W5ZO76CK-5637GCIR},0
{X3S3-V2NJ01ZK-7951NHAN},0
{Z2J3-Z1QN89OE-2615QWOS},0
{Q1C3-W1UP11YJ-1385KMCT},0
{I6H3-N7VN26AG-2292YXBV},0
{U7Y3-E1QV12BO-7253OTGM},0
{X3Y1-P8KD63OQ-7893QAPY},0
{Y7M4-G1YQ14OY-4962IXRN},0
{H4Y1-N1JH82QQ-5722NQXR},0
{B2I7-M5TR51EM-8525DPPF},0
{D0E5-F7GV84AV-5748TPPG},0
{T2T4-U7DX74DQ-3585GMIL},0
{D7E0-G5PI24HP-4631AFRZ},0
{V7Y8-S2QL52LS-5849ZXTR},0
{W5V2-U7AV75LP-7931NFBV},0
{R0A0-N6ZP82ZG-7192BTFQ},0
{F8O0-H4GB43DA-0741KGRQ},0
{D4C4-A0IJ02EC-4387NVWT},0
{Z8C6-M2EY60CJ-1328JVEP},0
{Y3C1-L8HH59WS-5138IVCY},0
{G4G0-K7CM84OL-1594CHRH},0
{O8C3-M2IQ42BF-4471BFKO},0
{P0P6-Q6KQ97ST-6055RSKR},0
{C3B3-A3PP26DT-1298UXPQ},0
{T6H5-K3WN15PA-1585QTEG},0
{O9T0-G6GI71UC-9588KWMW},0
{M9I9-T2XV08DU-3914GTYD},0
{Y8M7-O5QE80JP-2743TKNI},0
{V7X4-B5XM32XS-4231JKGM},0
{O2K8-I7UD23AL-8817XDUI},0
{T9F7-H3FF46LL-2910QWTX},0
{S1S4-M2IC39NG-3569QWBF},0
{S8P7-G2YG33CL-8879OWZR},0
{H8Z3-G5FW52BW-0139YBBH},0
{A5D4-R8QB82HE-1894QJNS},0
{E6I1-K3ZK76TM-7574IJFO},0
{K1T4-V6AA39SK-9362MQZJ},0
{L6Z1-P1ZO69NX-0999SUXR},0
{G9C7-T3JF32JR-5843QZSM},0
{S0V1-T3UA77WS-0406DCMT},0
{T2D6-T7FF33UJ-9148SBKA},0
{P2G5-B7AF78PA-5351MAYQ},0
{I7R5-Q7JY57EP-4672HHAP},0
{B2T6-Y1PI92QH-0375TWJD},0
{N7N9-I3DN51PE-2916TTII},0
{X2N4-V3LB96MI-3754HPXU},0
{P7J0-V9YG03OB-7616ZNLY},0
{T6L0-Z9MN04OG-6660XHAP},0
{Q9T9-E1LA82TT-6564YCPI},0
{Q0K5-U0ZA50PJ-5807RUVU},0
{R8U6-D6CI45LK-1043DXWI},0
{Q1Y7-R3EJ62DY-8678HWKH},0
{Q1R3-J5KO50FI-6447WRLL},0
{D0O0-T2LD36JV-3378IRAP},0
{X8Y0-L9UI74XJ-8460UHBY},0
{Z2K5-U0DP19VT-2081HEBX},0
{B0L6-V1VL47NR-5024RRAL},0
{H7Z4-S2YM10GE-6024ERGV},0
{S1A5-V5CI49QB-5225FOSA},0
{C6E9-O1GL35AH-7199ADGD},0
{H0L3-A0AM37IP-7062RZQI},0
{Q5C7-B1DM53GU-9601CXWB},0
{K1A4-V7LH55NH-6150SJAP},0
{A0U1-Q2MQ86JO-8915WJJX},0
{D1R9-L3AV79JH-8686YWBX},0
{Z2I3-L7CD96FT-6731EBLE},0
{Z7X8-O0GL44YY-0383EDJL},0
{R6X5-Q4HQ62KS-6593OIPH},0
{W0A3-T3WE52NB-9126NFVM},0
{F7F6-Z8WL42RA-1673QHTP},0
{A0I7-A7BF03JI-8355UWVQ},0
{A9G7-D5TX17GC-2173RPBG},0
{Q3R4-I1UJ39QP-4535KKDD},0
{U7M0-L7TD49LM-7037HTKG},0
{G0B6-Q0CU34UM-4573ZRQC},0
{K9L9-T9HN58LO-4513GDMC},0
{B6L3-P1UT89RN-0690HHCW},0
{X4I8-Y3NK91JB-1681SLWU},0
{N2X2-M4WU54BF-6435YRVZ},0
{W7P4-F9KD36OF-5307OFRY},0
{J3W7-O5XL75IB-1432DCYT},0
{A0C8-H5LG52AB-4314MCQZ},0
{G5V3-H0XB53YX-2598SVTR},0
{U7I3-C2PN18MQ-5395RROC},0
{M9X4-Q5IL80CI-6036TPJW},0
{Y6D5-B2FM14QX-2948LLHM},0
{R7B5-M4BX97GD-8973CUAJ},0
{U6D0-O1DC59OR-1952XLJI},0
{C4B9-L7JQ61RG-6682HDYU},0
{F4E5-Z9YG16QC-7153DLAW},0
{U7J8-K8ED77MO-5547FKLK},0
{X8G8-N6HD78BC-4042SQXF},0
{C7D5-X3PK82OV-9953TMRK},0
{T0L3-I3PV61TG-1042SOIV},0
{F0O7-U2KE94NU-3758PXEB},0
{T3T6-T5JN93KJ-4954IOAZ},0
{J8N8-F2RC72PE-0597ILEJ},0
{C2T3-N6LT36ZV-1732LDSR},0
{E5P8-W7BM04HK-7492XDEY},0
{I2Z9-H7WV42TG-1940SGBM},0
{A8E4-I7OX77GS-9881DBAB},0
{I2B4-M3NT97EG-9756CIGK},0
{H9T0-E9OA71SV-1229HWVA},0
{O9W4-F7FL93OT-8054XHET},0
{B6V7-M3EJ49TA-0171JLYM},0
{G5G5-L0JS06JY-5647PILQ},0
{U9H8-C6OS30HG-9080KLTW},0
{G3Y8-N7QS83AC-7197OHHM},0
{L1T3-H4JK34ZR-1430CCSC},0
{Y4X0-G0TR16PD-7816DEYB},0
{S8N0-D1MQ98ZF-6941PLEE},0
{T1C4-F3EZ42FQ-0203BGRU},0
{Z3Y8-F3EH39VQ-8852RDBO},0
{Q9B7-X8JM21VP-1379PFTB},0
{Z1Z1-S9BV80SD-8756HKMR},0
{C9U0-W3QP17FU-4194HGFR},0
{M7C7-F8AH04AC-7832SDOW},0
{N4F4-D0UU39LW-1169RRYS},0
{F5B6-I0VE67RD-3651COFK},0
{A7C2-H2DK87KA-8511OXBI},0
{M1E2-K0TF28CJ-3650SKFV},0
{N9G4-B0PG32JP-5433NFHK},0
{D8K8-A1QQ34MG-9699PEJV},0
{U6K9-O9UF54RG-2496PWOC},0
{P6S5-B3KN34EL-7058AFFM},0
{J9Y5-S9QO52XE-6062AALL},0
{R2Q2-P7AP90UT-1442PNKC},0
{H6B7-C9DJ34AM-2371RYGA},0
{F7R8-F0MF70ZP-3345IEEZ},0
{Q9T3-C7QV23DM-2796TVLQ},0
{P0V8-M7ZJ36WG-1837NHMO},0
{Q6Y2-P1VL29ZS-6827QLKB},0
{J8C2-I2TB50OG-7295UIGE},0
{P1Z8-X2TS62IG-7427GOQK},0
{F4C9-I0CJ41BE-6750NOGQ},0
{H8H7-E4GE47EA-2970SYXP},0
{M3B8-H8RP97GK-2565ZBET},0
{F0S2-M2LB83UJ-2080BKVQ},0
{E5T0-U8AW47UY-4859GDMO},0
{E0J5-Z0OG81WW-8903WJQH},0
{V4G9-G0KI20QT-2649HZQB},0
{Y7T0-O0OE09SH-9946YCLX},0
{R2M1-Y9AP91AS-0799FAXC},0
{C4L2-W4FJ43PG-8633ARET},0
{Z3K3-T7TA46XJ-1368DNNN},0
{X4R0-L8ET62UW-0284CAEL},0
{K1J5-W4EX45GZ-2846NZWE},0
{H8Y3-Q6TB09LL-4050VXGY},0
{P6P8-V3DS16ST-4913UBWC},0
{H6P2-V2GH31WK-2984QYTD},0
{M9L3-M7IU16TT-4295BGIG},0
{J0N0-J7IW64GS-5281FHBK},0
{L3Q7-G2BO67LG-4546CDUB},0
{U3O3-N4HD25KT-4387RPER},0
{E4W5-F1RO21NI-2273LOBH},0
{U5J7-N4PX63EP-0776RYAX},0
{D6J0-M8HW02QM-7598EUMT},0
{K0K5-I1EZ95GS-4411LMWJ},0
{O8X1-W2KG93FR-5952QVFU},0
{T5L3-U7OL18PG-6887AGAC},0
{D6H7-H4ZX42WR-4168CMSQ},0
{H2Y5-L3XK93RD-7858WRFM},0
{J6Q1-Q1TB45HX-6222KKBP},0
{D8F9-C7MT55WN-9506KRPU},0
{U5Z4-I8CW19VU-0049CRJI},0
{X4C7-S6KN51JK-6388QEGR},0
{B3Y5-F1AU86OT-3268XBNV},0
{M6H2-S6CP34SF-1684UUQC},0
{H7Q5-W8HS40YZ-7439UZOJ},0
{T7G2-I0WQ84UM-7018BFHF},0
{I0I7-T6XR40EJ-6046DGXB},0
{R2T8-K9TJ18MV-9404CWXW},0
{X1H8-N8OJ97IO-6824VQXU},0
{T2L6-Z8VL21SV-1883ZVQC},0
{T5C9-A1MN32PS-8537LGFU},0
{T6Z0-G8WZ00TP-1506OMMT},0
{W7D7-Y2FM21UN-3718XSJY},0
{M4H2-R8IT54PC-8677PHBJ},0
{J4O2-T6FH14EG-9764CEZE},0
{A6G7-N2AI00ZE-6096DLEC},0
{G7W5-I8PE27ME-6130ARHB},0
{X0W8-Z6KZ56SV-6071EZEN},0
{E2B0-N6MA51HC-1402ZAZJ},0
{V7E2-N1BK98RF-6232RKST},0
{Z6K9-Y9GG32CT-0816XPWO},0
{G6T5-P4BE63MQ-7787AVHV},0
{J8Z3-M6KW39OV-5866KRDP},0
{O5E4-N1VF14CR-6106UPUD},0
{U6W4-J2MJ06QD-7976TIZD},0
{Y8A3-O6TF47RW-6646BRRW},0
{B0T8-A1WG81ZL-6366IHOL},0
{Z7S6-X6WB95DQ-4774QLUP},0
{A5T3-R0PT12YH-0253FPGA},0
{H1E1-F8GC43SI-8392SVQQ},0
{G0V7-H6UU04ZP-8807VSZN},0
{L9K0-F1TM03VC-6715MIAU},0
{L5Y2-X5EB55UP-5121BVDR},0
{L8B1-Z3TC64KT-4980JIZK},0
{N4D8-J3PP14FY-8741JRDQ},0
{G2Y0-O0BZ93IY-1304FLLI},0
{F3U7-I4ZM98BF-0312IPJE},0
{P1B1-Q7GF60WA-8927WWNP},0
{M4P4-J5PF36GP-7208RTEW},0
{A5Q3-N7GP35AB-4719FBRU},0
{I3X1-B9RC22US-9428SSEW},0
{S5T5-B1HE49ZM-7688EAMB},0
{T3V0-G0MW32BH-9890ZLPR},0
{V5F3-D7SO29IV-2710ITJR},0
{D1U9-K3FT83MQ-9068LZEQ},0
{D9Y8-C0RU25RJ-3002SQDT},0
{A9Y3-E0UC39WK-5016LHPE},0
{Y5M4-E7CH15MO-2105XAWW},0
{N8E7-U7UZ24YC-9275BZUR},0
{T9Q4-Y2YW92KK-5755IDIZ},0
{K2L1-B1JU72ZD-9145IRYJ},0
{W2M0-O6LF09TK-3553OCRG},0
{F8G8-Q2ER05LV-3527ZHQV},0
{J5S6-O7CL83DG-2427HVVJ},0
{X6I2-I2LB70ZV-7046XIAG},0
{Z8U0-Q3ZK84YZ-2201YGGT},0
{P8Q5-M9TJ74LB-2566GAQR},0
{X6U9-E5TA12CC-3369BOCR},0
{E1E3-Y5ZG75HU-6577PGRE},0
{T9D9-B8DO61GA-4016PHZG},0
{U9I9-K9QN45YF-1204BCAI},0
{O2F2-W3FY89PD-1941DABJ},0
{C9X5-D0HS60NS-5781WEEO},0
{Z5P2-U2KC51CY-3652RKKB},0
{M4N4-B6ZM24LD-2908QMRK},0
{M6I5-A4ZR74RT-5616EEYN},0
{E3E6-N8JA44CH-9937XQKK},0
{M5M9-R9AG68HY-5722GRSW},0
{D5L7-S2OY63OZ-9338IASK},0
{E8B1-W3PZ81JX-8587KJAF},0
{F5F2-Z8UH97RS-6105KPVS},0
{R6U2-A5OZ62WZ-6180QTXS},0
{B1B3-N3XO81DF-9961XQFQ},0
{M6J7-N9DP88OF-6035CRTT},0
{Q0M5-K3JM09UT-1363NOGI},0
{N0X3-V9QN71PV-6781GZZP},0
{H6F1-T3BZ34XU-1001RNMJ},0
{J5C7-F1WM10LQ-7300AGKG},0
{O9Y8-P0OX04MR-1190WDZG},0
{S1O2-F6HS45VM-5724PEDU},0
{Z2Y7-S5WP66FQ-9764IEVA},0
{X8G8-D5ON98ML-6015YMNM},0
{Y0M0-J6XQ18BA-0071MTWX},0
{R3Y1-J0CN56RT-6994OCAI},0
{H7X1-X1QZ50QO-2662EISA},0
{Y3Q1-S2HE71NM-3340MHYF},0
{W2D1-V2UF50WG-3073TFAY},0
{E7C9-S9FQ23CL-9469LJZF},0
{F2O9-H8DL97NP-1688IIWZ},0
{L9M8-T5SU67MR-5487TOSZ},0
{W6P3-I5JS93JZ-3325FIXE},0
{R5Z5-J6NK32FL-1962UVBQ},0
{B8H0-W8GT14UD-2742GNHJ},0
{L4F8-L5OD97QB-7822HNWT},0
{X7L2-E7SV93RP-1802ARWJ},0
{G6Q8-A2GJ98EH-9976WHNO},0
{N4O4-S6KD12HN-3688GBLN},0
{W6Z4-X2EA61ZY-3058FIZP},0
{M9N0-O8MN07YT-3516ZFRK},0
{R9E5-B6GT48LZ-7547WQYR},0
{S2P5-J4AK58TP-0427BJPB},0
{E6H5-H2LE42NN-8721PPYL},0
{V6T8-S9NK06VU-1284JGCY},0
{J9Y0-G7TI32BU-4576WLVT},0
{X4X5-E1FQ82LG-8917ADOA},0
{F0G4-D8EZ46BX-7075YQHV},0
{P0Z1-N6FI20KY-1991PBUG},0
{F2K6-M6GG23ZW-6772MIRJ},0
{P0M1-A7NX71OW-3369FRWN},0
{E4S6-R0GJ66JR-7081WDXM},0
{Q6G2-I1IY87RE-2104WWIV},0
{E0O2-I4YW12AD-1679SIHZ},0
{L3Q7-J8OT78SC-8056CGWO},0
{U7D6-O0WD08ZR-9708WLKT},0
{X6B2-H7XI66AQ-7320QPBC},0
{G0D8-W5HW73HS-5201LFSP},0
{L7P1-S4KJ12YR-9529FYIL},0
{C7Z7-U9WF93RQ-3193OKMF},0
{B2O9-I8LC14SP-6918JQYG},0
{M6B8-W0AU51KV-6981KISR},0
{K8P7-F5UV82HN-3735NZSU},0
{G1L2-T5DH61DX-8673WEBY},0
{X4H9-Z0VA50MY-4779GQHV},0
{K5E6-P7HT60OR-9338YMVG},0
{Q9U9-N2HP37QI-2641OMZX},0
{B9V7-P2IZ45QY-0925GHRG},0
{G6S5-L4PA42BU-3907INUN},0
{K0R5-E4PF62TA-3280ZAEG},0
{Z7U3-C4DO55HR-5718DVIE},0
{N9R2-W5SE79SK-3005XFQF},0
{M6S3-O4RQ53CF-8229WTAH},0
{O2P1-L6US02WN-1712KWRS},0
{T6N1-T5BX46KA-8880WIDV},0
{R7T7-Z9CF05OV-5959IWFQ},0
{E1C6-A0KC72ZK-8559OSVH},0
{S0N7-K5EB27VD-9009NBPL},0
{I3N3-A7GI05KX-9887MHZI},0
{U3N8-J5PC86NJ-9504XGTR},0
{K1V5-Z8LB20GX-6607CXXJ},0
{G8V4-I0PR35TX-8627JJEL},0
{L6K4-A5IK14TF-1199RBRP},0
{P8P8-I1LD36JK-4268JXHU},0
{T8V1-Y0JP37CO-7109LZNY},0
{T1Z0-X8HU79VA-5726LOCE},0
{P9R4-R0IA67VA-2951LQOB},0
{G5E9-C0UK71UL-5316PNZP},0
{Y3Y2-P0IY57LW-1948IOBR},0
{B3R6-H8GY04HA-5714FBDP},0
{F8Z5-F9TB87VI-8888TPNM},0
{E9U6-Q6ZY98RH-0983QJRM},0
{S9W8-M3JI95XY-9285ZYUR},0
{Y8N1-U0NO78ND-6915KIUJ},0
{P8N1-L9IZ34JS-8055MZTG},0
{E6T5-G3MD98MW-0051CVMZ},0
{S5E4-R7HZ66LD-7065WVYX},0
{C8E4-Z2QZ66MB-8416HDAE},0
{N7T2-H5VH00GS-4561ETLI},0
{L5I3-Y6UC51WU-2501MTHC},0
{B0C8-U2LY81KV-3888JBFI},0
{C7N6-O1QE54LF-8788AGWO},0
{K2E8-E1IW64ZJ-1678LIVZ},0
{A9S8-I0AA67DO-8779MXBT},0
{L7P8-C1SD26IB-9279PFNQ},0
{B8P5-E5UJ72PJ-0397YKDX},0
{T9R9-T8AG87RW-3212DVIP},0
{Q5G2-M1NE54OA-1857VLIH},0
{G3F7-Y1GB00JH-7678WKKD},0
{U0P0-C8ML68AA-1475CNKW},0
{F3P7-P8MU88XY-7835YGEL},0
{B3Z5-Z6ZP01LJ-3003WQWE},0
{Q2R7-C5CX62DP-5453GWQV},0
{U2A6-V4YU09UM-5710AZDZ},0
{S7H9-M3TB56VE-6018JOXO},0
{I3B5-V0TY23PK-8307XHOB},0
{O7H6-B8BJ35UO-1365AOWK},0
{H6X3-L7FY00SZ-1563VVFN},0
{M0Y6-T9TH15HB-5044OBAT},0
{K7O8-Y7PX47MS-2483BDST},0
{E2E3-Y7AT01UW-1358VFAY},0
{U7C1-X2NL95VR-9693IKNK},0
{K2A1-B7FL57LY-6495FSIL},0
{A3E7-F7OM36XJ-3993JOPK},0
{T0S1-V3CD60UE-4711HZUF},0
{W0N2-K9AP66AT-0243YNPT},0
{F9E7-R6YC20IP-4439CQLZ},0
{M2D9-R1RQ02KE-0368WBQR},0
{Y4L6-J8OL64IM-6979YXED},0
{N2F4-L6GN40OF-8473VNII},0
{G2S2-K3EC18AW-2860UUYH},0
{X9G3-N4IV83VV-2106AVCH},0
{N8E9-L6CA69UG-0821CWIN},0
{K8F8-F7KY48MI-3276OMZW},0
{I1A1-E4JH78PF-3911HKSP},0
{I6T5-Z9IY35WD-5155HWQO},0
{H7E8-Z7PO91AC-4160WQWJ},0
{N8S3-J3ZV37ZH-1706REGF},0
{Z4P1-S2XD48TT-4201ZDZG},0
{D4H7-W4RU24DZ-3121NIZQ},0
{R6I3-T1EI26II-1769FBEU},0
{Y6F4-D7SB35QJ-1178NWMH},0
{F4Z8-E9MA66WG-1221ZOEH},0
{Y2M1-R2ES69QV-9705GVBW},0
{R9V0-U0PJ35SM-1972TZUR},0
{T3U3-N8QO90VF-0299PQKT},0
{W9L7-C5QM55ZL-8649DVWZ},0
{M5T8-P3ZJ89GL-8504JMGI},0
{I1J7-Q3DF39LU-7071WZCD},0
{L7G6-A5XG07NY-4771GPVL},0
{I7S2-J9IA91OF-0545BPGK},0
{T2G0-R9FC63EJ-4713BFBK},0
{A1K3-K3FY25DV-1044JTZP},0
{E3D5-H3SC38IL-7994UKZZ},0
{J7K6-Z6NO40SQ-0594SXYV},0
{O7D5-X6ST45FY-2440HBNM},0
{I1Q6-U6UX40QJ-6837FCWJ},0
{S2P8-A5SY80EM-6479WVQG},0
{U0A5-A8AQ99BB-5768WSTH},0
{A4B0-G2UN38SG-4178DXNS},0
{O3W9-R1FQ33UP-1845EKGQ},0
{B4X6-B3TT72PF-0592IULW},0
{U3Q5-P7RJ53VF-1793BYRD},0
{S9H1-M5CD19UD-8472QVVZ},0
{E5Z0-W2DB87TT-7326AWXN},0
{V0B9-D0JI86TV-8454HFHA},0
{X1V3-P2OY11ZI-4209ANIB},0
{S6P5-F9FZ48SW-7663FXJT},0
{O3E7-C3GN38OO-1535KVOT},0
{J6S5-N2AQ93SF-6997JSAO},0
{R3K0-U7HK99RY-1910CCXP},0
{T4R0-K3WR76TS-0427IQNB},0
{D9A4-W7OE54HY-0990PITO},0
{I4H6-H6VN13BU-7932TQCS},0
{C3P6-B1MU18KD-1834ZKXF},0
{D7M9-V7SL88YN-4374ZCEA},0
{W1N1-N5SS40DP-7277JEPP},0
{A3E0-U5OC57NA-5591IMGM},0
{E8B4-O8NN12TU-6539WLUF},0
{O1X5-Z2II89VC-2803FVZI},0
{Y9R2-Z4TR42RW-2047MFBQ},0
{M2R8-U0GR59FW-4245PTEM},0
{R6A7-M2ZW27XF-0299ZKUB},0
{X2B1-T3MN26JX-9187TIKG},0
{Z5A1-Y7HS64MN-9717VSIP},0
{E3N3-M0MV24IG-2909CMTX},0
{T0B5-V1TL48VH-5179YQKY},0
{W0G7-D0RY18CJ-3660FKGU},0
{T5C1-L3UY25QQ-4555RJMZ},0
{R6U7-M2WE60XV-9710VQZB},0
{K3L4-K8VP48WX-9540HPOM},0
{Q9K2-E6ZE00TS-6725KZNN},0
{G5P1-S2CH89SS-7871EFTS},0
{W8K2-H9NS38NB-3145AAKU},0
{Y9K9-S0JQ99FG-7679ZIAL},0
{U1R3-J1XD82SR-1192BTYY},0
{K9F9-O9LN82DB-1204BBKP},0
{R4S1-K1IL23KW-1608DBTJ},0
{M3U3-Q1TJ50YV-2799FCEC},0
{H9J0-S4WT36BU-4176ZUOI},0
{L0S5-E8YQ71CE-2258RTSQ},0
{R5M5-R8SO00UG-3786FBPS},0
{M7O2-J3JE33WM-9158KUIV},0
{V7E1-K4AV32XJ-5887PEME},0
{U1Y6-L8YR95OL-5235QWOS},0
{O9D5-H2WC09DQ-4639HTAI},0
{L1R0-B2ZZ95WA-7075MWIF},0
{L8W2-Q3KD08JM-9013HINB},0
{T7K1-R6GX20NV-6842KBEW},0
{M1U1-U6WZ96JZ-3666KDIS},0
{X6X9-N0UZ85HT-0028BYAT},0
{F9M1-C9SW75AA-8381EBHJ},0
{U4Y6-O2DW61OC-7256ROKU},0
{G7D4-B5PL96YW-0410XLUS},0
{Z1D8-R3MO71GO-6217MULK},0
{X0K0-B1HK39CR-6353TEXV},0
{V0C1-S3SB26NA-7766HREW},0
{Q5X7-R3LN51PH-8481BPBT},0
{W3E0-V6SP06TO-8128CRRD},0
{J5L1-F3LH50VE-8449XBYY},0
{Z6O1-J2OL86JO-4043GXTD},0
{O0S0-S9FI21YE-0733CEFI},0
{I7P0-I9ZJ36UL-1243RAPE},0
{Z9A2-R5RX58WI-1511PBIL},0
{M3U7-L8CX38HX-8977PZQD},0
{B0L6-Y3RV48ME-6793UQGF},0
{E2H3-W9UF19HP-1703KTGL},0
{B3J7-T1OV01GV-4240LILK},0
{P3R8-B4MV37ZW-7534STGV},0
{P9M7-S1ZT24BM-0135YTSN},0
{C0G9-Y9HK88VT-4295TWUC},0
{E2X5-G9KX60TN-7303LMMW},0
{D9V7-A7KE72FC-8480ABGW},0
{P6G0-U0IL93QM-3737FEPZ},0
{K5Y1-M0XM72BV-0271BXXR},0
{X3D2-A2VK69GC-9980LHVB},0
{S1V8-U3EA95HE-9972YUCL},0
{B6W4-O7OH58FT-9166GCTI},0
{O3P2-T6YL41XU-1716GTDY},0
{I1S5-H9MU85WY-8193GONZ},0
{P1L7-O3CM36DH-3101YTIH},0
{Q1H7-R4HW97HA-6333OZIT},0
{P4I6-C9BB99AM-3901AHLA},0
{U7S2-E1WZ57MR-2015KLOM},0
{L2T8-B1CG92OJ-5050LPTT},0
{P3U8-H1BR92DW-8558UOGP},0
{S7O8-I0FU34OO-0244KSLV},0
{B3I6-C1WX10CG-0707OKTU},0
{V7M4-W4RI90MO-4279FXVG},0
{J5S5-O0GZ95SD-5452DUVH},0
{F8M7-Z2ZM99ZU-7899WHVB},0
{N9A8-G1FF45DJ-2439SZMA},0
{A7V5-P3AW54TG-6588BXWZ},0
{A1T8-Y6CX50YE-8164CYAY},0
{W4F3-E0NO59AZ-0152LGJW},0
{B8U3-J4EK93LE-1761FPBL},0
{F2I5-W1DN90YD-0547SNUT},0
{Q9C9-J9WT27EO-8622LGOA},0
{V6E4-T7JV45NP-0199MQUB},0
{Q5H9-V1GD89EU-6461XYHJ},0
{B5Q2-V5PB18AF-4668YPCB},0
{S2Q1-P7EK87HQ-8123LBIT},0
{Z9E3-K5DB07XP-8661ACMQ},0
{Z6R4-Z3XD98TO-5256PPHN},0
{O7O7-A5GO82KY-9221AFCS},0
{M8O6-D4UB22MT-2487IDOO},0
{J8B4-O9MH51DZ-9496EAUM},0
{X0N3-K7ZF30EH-4582JZXW},0
{U0R3-N4BF07KK-4005ZQOE},0
{X7C9-S3PI42SI-5152MZAM},0
{S8J0-T9XR41IH-2526XTEH},0
{K4V0-E1ZM90GD-5516OEWD},0
{U7U3-Y0VA49CO-5870RJWG},0
{K1A7-M2EV70EQ-2486MTWC},0
{I8V4-K0DR57OJ-5384ITBX},0
{E4X1-W0PM93HD-4312CMZG},0
{X6Y8-H4ZA43DY-1882HXGG},0
{H3N8-Q0RV85MN-4527ZGHP},0
{Y7K0-P1MM75EB-7592YHLK},0
{G2R6-L3UV98JF-5503WNIK},0
{P4K4-J4RA73HZ-1151OLBB},0
{T1G6-L8BU69BD-7227EOCR},0
{W3I6-P2OH99NB-8736XQMS},0
{G6P3-S4SG92JW-6558FTLA},0
{E3U8-H5ZX00VG-9039LDXI},0
{A8A2-R7JQ66KB-3997MXXM},0
{F8Z1-D3TJ43JT-1291IOUE},0
{T1I7-E4VB15BV-6868WRUK},0
{H2R9-M2DQ48JH-8703ZNTA},0
{E6O1-F4KO48HS-4533SMHV},0
{X2H9-F6HX07DF-3488EFBC},0
{Q5V7-I5DP85YD-8985SWTR},0
{O7B3-N6CU71YD-6972CJLD},0
{C6Z1-C1MQ18JR-9012JJVA},0
{R4Q2-H8BX63TA-4222KQXH},0
{L3V8-X9GC22IN-4306WUXP},0
{X6L0-W7DQ37HS-3424HGFM},0
{W7K8-K4XG72BK-2213KQNR},0
{N1O3-W4TX14MT-0409TGKG},0
{D3N1-G3BL58LI-5299PBEE},0
{T8Q7-C6DQ89VT-1457ZCCT},0
{H1M9-F5XO59TZ-0714BZNZ},0
{F9A0-U7CF88WQ-8756KCCL},0
{D8A0-Q0MD49AI-6882YWZT},0
{W1I6-R4QA43JB-2059GYCL},0
{V7J9-A3VM94HN-2073OQVC},0
{Y5T2-P5WA23MG-0470IKTX},0
{D4I7-Z2GX98SZ-5260MIWF},0
{C5U3-T9GM15YH-4445SUNO},0
{O3W5-C1PN32YH-3500CACB},0
{U5H7-X9UA29BB-2458EFAL},0
{S8T6-E5HT67IO-5902SUEP},0
{Q1S4-N4CU61CQ-2522HIEP},0
{X8N8-S7EM59YI-4334PUIH},0
{C2C8-A1JF07MX-1989CDQL},0
{M2P5-R8TP26QH-2017LNJH},0
{X3L7-A7BA87JF-3549OEQY},0
{U2T7-K9AT35IC-3743EOMH},0
{Y1P4-R4LF55NP-5879CCPD},0
{L4P3-Y5NN25SF-0419DKXV},0
{S8J6-I8WX14SY-1729YDBP},0
{B8V7-I2UX90OX-5419ZDBD},0
{F5E1-E6YK35DY-5483JARE},0
{A1I3-B1LD92VO-1075GANP},0
{G8W2-C0UE77CW-7550SPUS},0
{X8U3-A9ZS24XF-5447DDKH},0
{X7E2-K0NU41BM-4906XMOE},0
{Q0N9-D4VY64AI-5859XHYS},0
{K7M5-W8CR83SI-4686YXPA},0
{Q8Z3-B7HK30ZT-7370VAED},0
{B8B8-G1QR27TX-3299KYFU},0
{M9R9-L8FH65CA-2276VSTV},0
{B1A6-B7VQ50JU-3697FCYF},0
{B6L5-Y4AR02TU-8558ENTW},0
{J5D6-O1EA53DD-5915FUTB},0
{C9O8-P6LS56VV-3889BSSJ},0
{T9P8-W6KL37KE-4251WJRG},0
{M0O1-K1LL84MI-7338QGPK},0
{Q4C1-X5QK60AE-5703CKQA},0
{W4F9-N7IB81SR-7650QCOK},0
{H7F0-V3UB00AH-9383SHEJ},0
{P4U3-F1IH82EH-6783TKGD},0
{H3W4-D7BB03JD-2925GLYN},0
{C3J0-S7YW31JB-5174WSSW},0
{E4T6-V5TW78YM-5334BKLN},0
{W4C6-Y8VH66OL-7432ZEWF},0
{E8D9-W9EY17LB-1172SHOG},0
{B2F2-Y5PA75CK-0225KQKJ},0
{Y8I3-R4ON32ZQ-0606OVPF},0
{A5C5-X7GE53MN-3999GDNZ},0
{X6Q9-P4KX88MA-2965FVJO},0
{G8W2-A4EN10NK-1194PEKK},0
{R9H0-X2SR42KR-9948TCKC},0
{R4G7-K0AU58PO-3711LNMY},0
{H9K8-E0IQ14LW-0658WOCB},0
{V1Z7-S9FQ24UR-3719HDTL},0
{Y2N4-V8IV61YA-5030PXQQ},0
{I4C4-N9SZ46KQ-4434VGNE},0
{N2E9-X7PG78HC-1778YFBS},0
{B7L1-K0MV87KG-6944CDAZ},0
{C9A3-S4EZ82XS-5480NNHK},0
{R2Y6-Z2GV52MA-7949XUYT},0
{D0V3-E0DT27OL-0639ERUB},0
{V5V8-Z2JS92LQ-8490PGWV},0
{G3J0-T4NY25HR-9193GVBZ},0
{E0E4-H0WP21EF-3406GTXW},0
{O3W8-R4CO67DW-9024WWSC},0
{U7H7-I3WT40BW-8259JBFW},0
{G0H9-R4QD76HF-6539FFDO},0
{T8J4-J5YN21IX-0387ZEIU},0
{U7Z1-M0IS48VI-3933VVKM},0
{G8Z9-O5ZX67JH-2405ZSGP},0
{N5B9-N1XQ26ZN-5542TASF},0
{J6Y7-O9XV94WU-6513YRYB},0
{M1L2-N9ET45JI-0788IRAL},0
{P0I8-G3YT40RO-0594UADP},0
{M3T6-C5SG36EC-0447OLJX},0
{H8Z5-G9SS08FH-2487GYHM},0
{Z5N2-Y8OU97OV-0638JRRB},0
{T4L9-A6WS41OF-1485JZQJ},0
{P2L9-E3ZQ84WK-4112XZCD},0
{B4J4-Q2CM22GY-9454ECQE},0
{E6D9-T8NQ38AC-2020LSEJ},0
{J1R4-G9GF32AI-4812JEUT},0
{I7J0-I2LN55AG-4799GXZX},0
{Y2K7-X8MB70WO-9395INJU},0
{D4U6-A9FQ86FD-0662PFGJ},0
{S4O9-G1XG51ED-7273HSRF},0
{L3F5-Q5CJ35SE-4597XRNR},0
{H1X5-C2VC93BG-3965MMBP},0
{Z7T6-E3ZZ25SB-1858FCZZ},0
{W1X8-U5IQ35HP-2798TQVV},0
{R3R1-F8SR76LD-0474FBPM},0
{B1Q7-J0KA31HP-2236AVXK},0
{D1W5-G2ZM26NM-6394DJJL},0
{N3C0-B3VH56SB-7324IYIP},0
{G2N0-I7JZ27YP-0660NZMK},0
{S6G9-U0UT00GJ-1473ZDIZ},0
{M2A2-R7LD17FK-2328ZAVK},0
{V0W5-W7UP69EK-6689NSKU},0
{Y9K6-P2GY80QE-1215QMFF},0
{T9K2-S3GX49QI-7684TWUV},0
{M5J8-L8GQ04AO-3442ZTAQ},0
{Y3X6-R9CL95DD-3806JORC},0
{L4S7-K7WV78CJ-1237MPXS},0
{J0C2-T9ST91MQ-0263TUPR},0
{K9P6-R4OC38NN-0187EXEV},0
{B3R2-R6KP81LZ-2971UHJE},0
{G9Z9-J5BF44QY-2308FSON},0
{S0E4-T7YN07OL-0318SQMZ},0
{U9I5-P5LZ37OF-8546WSDS},0
{Z2J6-E3IR07VH-2884ESVU},0
{E7M4-C9LT17HQ-1702OOFF},0
{I5F7-P0GU35IR-8271QXLI},0
{X7D0-D7LB27RD-5186NLKG},0
{S0Q4-F9BC05AJ-3942WAQD},0
{A5G3-L4BQ90LZ-8630ASAM},0
{V9M1-X9GR56TL-2145MTCF},0
{B8M4-X4ID71NY-9328ROZG},0
{Y7T9-O9QD56CK-0434UZOJ},0
{H6J3-I4KQ68VI-7226XNCI},0
{J9B6-P7QK93HE-9265IPRF},0
{U4E0-E9MF48LX-6666WHPN},0
{X7L4-M5QN23SO-6138SQXQ},0
{F5G4-V3BJ12OC-7997TSWX},0
{D9Z3-P2RF82TD-6125OYQA},0
{V2Y1-F7EL33JM-8965DWXD},0
{G4E9-R4UW98QU-2881NTAG},0
{N3L5-P6EW95RB-9181DVOZ},0
{C2M8-M0RR11OD-6865YSMY},0
{P7M7-S8HY34UE-0006CHFW},0
{S8W3-S1JO42NO-2022AFKD},0
{G5P1-V0TA66FX-2545VQAF},0
{A0R6-O3VZ97GT-4145KTJR},0
{G9E0-S0TQ79AY-1376LZVL},0
{Z1O7-I5TV46CV-7806ZOGQ},0
{G2L3-K3ND98OK-5661DZRV},0
{X1C5-M4AF11SK-4524CCLI},0
{R2H0-H8OL89VO-1350IJUX},0
{T4E6-Q6QS11ZK-4491YQMA},0
{Z1C7-Q9QL66AV-4177NYDB},0
{L5O4-Z9NC43IA-4375DYUV},0
{S8S7-N0PI56VV-6847JXKO},0
{J6F0-Z5RH53DO-2635IWQF},0
{L3N0-V2BA07EB-3318CCCZ},0
{A3H9-X6UE02RY-4761EBIC},0
{U6N8-D9FT83XS-7684KJDL},0
{R0A4-O3IE24QG-6357YIMZ},0
{X5G1-Y5FP32YO-4542VPEO},0
{K9J1-Q8LG34SQ-8073KTVZ},0
{Z8J6-U2EI51HW-6457KJRF},0
{Z1C7-D8QB51XH-2891QQOZ},0
{M5R5-F8JQ53TP-0124OYRO},0
{J3E7-E2TR47RK-7476DJZI},0
{F4M8-E4JF93LB-7644SJLY},0
{V1U1-C7AH14SR-3638HTWN},0
{G3N5-T5YA57AO-0548DFGD},0
{P0K1-C4NS84ID-6469LMRU},0
{C3V6-X6RR34KG-4739TXOJ},0
{K6X7-K3DW31XN-5548YFUS},0
{U0C8-B5JU44LI-0820XRBR},0
{X9C4-E2GQ87BF-5358NRGM},0
{A1V4-F9JX41VS-1210VXXJ},0
{H8X9-L5LK39CI-7843ENTV},0
{J1E3-V2YA58BB-7221MYAZ},0
{I3Z1-E9VF04AK-6071KPNH},0
{K2B6-I2XE76GE-4378QNNN},0
{I6F6-V9RZ73CC-1286HUUC},0
{T8R3-Y6ZA26RK-4923CTSB},0
{D5E9-C6IU13QV-9160DGTI},0
{W7S8-W5DE58VX-5695NBIO},0
{S3Q3-Y0NL36LL-7779OYBI},0
{Y6F6-G1EB82RV-5757YWFY},0
{O4C2-M5GB31AS-6050DFND},0
{L0G3-O7ZS27JZ-2789PMER},0
{R7F3-T8YI73VN-9121GMEL},0
{X7H8-E5GY41ZB-2241PZBT},0
{M0E4-Y6ZE57BL-9955QFAA},0
{C1M5-S5EE74LO-4096NBKX},0
{V8R3-O1DC95XI-6033QEJN},0
{C2R7-Y7OA18ZQ-7287STDF},0
{H5W5-M6OE16XF-6239YGFY},0
{N9V6-G1ER77SQ-9637GCES},0
{G3J8-B7DI20VV-0817PYOH},0
{J3G9-X8GJ07KA-5625TNQT},0
{Q6U1-J7YX50AN-3378QWKI},0
{V6M5-C1KK31UT-1621CHNJ},0
{T7Z0-Y7SZ57VA-4002ARFQ},0
{A9P4-F7SL09FV-2835NNHJ},0
{E5D6-Q7XL74ZZ-4507JALX},0
{B5R4-C7KU31WX-8255NNAS},0
{X2D5-S7YK93WI-3267SKPN},0
{V3Z0-J8XR36IX-1625FGLD},0
{Y8Y7-X3VM17KI-2021WWYP},0
{H4L9-H9RE47XO-0295QNPZ},0
{Z8H6-X9EI31EW-3336ZQQH},0
{P5X7-H0DB57DT-4420IOJO},0
{Z0A7-D8ZK95ZQ-7085SDAN},0
{B1N4-B1TI41QD-2798RCRB},0
{E0W4-J2XJ92MG-0700DKRV},0
{B5K7-Z9RY82CG-9226ZANO},0
{J0Y9-O5SF85BO-6833MINF},0
{O4B1-R3JX76QK-0876PRFP},0
{F5W4-U8TD43MB-4703KVIH},0
{S6Q4-K0LR70SY-3212SRND},0
{G3H2-I3RZ79CA-0735TRQK},0
{U3T7-I1OP01AK-7358BGNO},0
{I1D4-I4WQ81LF-1180IRYD},0
{G7R1-H2SA48GS-1029YZRW},0
{O4B6-U2RR49IJ-5475PNIC},0
{R6N7-G3JA16PU-6599ECLB},0
{Y0E9-O6CB85MI-4611RPOY},0
{F7I2-K4HC22RT-8818KRUX},0
{J0I4-E3BH97GU-0240KADL},0
{L7J9-Y0HH61CC-8934JPYU},0
{L8A5-R7ON09AU-9995VKST},0
{Y7F8-B1SF34FO-6992IXFP},0
{X4G5-K7IC22WG-6563WQRF},0
{N6L0-U2NQ04CZ-3411MRJM},0
{L5T3-F5DW36AU-2868RMMT},0
{M8A1-Z4ND09LO-2180DVVW},0
{S0B8-C9DI82PR-1973OAKO},0
{H7U5-N4TB37UU-7111XHCB},0
{E3M8-A3YH45NY-1049AFTK},0
{M2O2-L5RK74HO-9364YEDG},0
{A4R9-J0RQ00CL-5330LOZW},0
{S7I7-U0BX94HI-0606ZIBC},0
{M4K8-N6ET84EZ-0694MOTX},0
{M1L7-K6RE61QC-6991KCQX},0
{O9E8-K3AJ58CP-4312VQEZ},0
{J2A0-C9SK02AS-4165EFZM},0
{H5S3-O8OD21RM-1348ECHA},0
{D6I9-G6EI18XZ-2404ZICG},0
{O3A6-Y0JZ72EY-9200YGEO},0
{V9T0-V4EK93NK-6307BQQL},0
{S0I3-Y6UQ60ZL-8470IWMS},0
{R2U1-K1JI16YW-4866OZMZ},0
{E2L6-N2BB03EG-3738JEOO},0
{Y4P6-P5SF27EM-4693EKKW},0
{O6Z6-T5JL69IQ-9622LHHI},0
{S2D9-X6EX01XU-7464WEUN},0
{Z8Q5-P5OQ98DM-2056TSPX},0
{M3Y0-N1JT97TT-7870BWFJ},0
{U0A0-Y1JK65YO-2033ZGOW},0
{Y0N6-K2VM26BD-9939YJEU},0
{F1L2-Q2GR99OE-3284YEXS},0
{Z0X1-Z6FV11TE-6977DRVW},0
{W8R5-R4VS92NU-0717RZGS},0
{Q1V0-S7QF63IU-9970HIOO},0
{T5H2-H5XW97KG-8777XSSY},0
{C5J5-M3IN69IO-0208YKFM},0
{D3F2-Z5DU63RR-0143REJK},0
{V8F0-W4MG53FL-2571LXRD},0
{M6C8-X0NF90IR-1192IOKT},0
{J0V0-J2KC19DP-4672KBZU},0
{R1C0-Y9WA98AS-0843FGAI},0
{D9P6-H5EL99RN-1858OSWY},0
{T8J3-Q5ZI75YO-9755MDML},0
{P5I6-N9QV59ER-2038MWEI},0
{T7H0-R1BO19WO-3192SVRE},0
{Q7N9-Z4FC91HN-8250ZRXA},0
{A9U2-E8RB44UN-2346JIJI},0
{W1K1-D3YJ65CK-0745ACAE},0
{L4S9-O7JD75KP-1170XPLH},0
{G3N1-V3BH08LA-3543XYEF},0
{C8U5-F2EN26PB-3354TRJG},0
{W4Q6-O8TL25GK-7212WFQB},0
{C6Y8-N8LZ33XP-3796BGTH},0
{K3E5-K3VP71HR-5941NHOU},0
{F1I6-F3VW49ZJ-5598PMLT},0
{R6S1-Q0HC62AE-2451RIAH},0
{X3A6-R9KB38CP-6313NNZH},0
{P0L5-U2RN66WE-6345HJWN},0
{C4C3-C5NJ81RN-8857ZMFH},0
{R5A4-N9DU86HJ-3617QLLX},0
{O0X1-S0ML01IJ-4319BKNI},0
{G4X8-P4SE61OC-8906YEQV},0
{W3F3-J2KA02ZZ-5149OEKY},0
{Z2G9-K7VE01OY-6528AQSA},0
{O5R1-N8PJ64IE-8648OBYG},0
{A7K2-Z1RX41KL-5743WYPD},0
{E7B8-K4SX74KZ-0854NUAZ},0
{D1W7-Z2TE42IF-7648UUTY},0
{G9D1-M4EM79EM-8697FKGO},0
{C2Y7-F8QA24TV-0945DJQT},0
{C9A3-H1TQ04TK-2999EWSG},0
{Q9V8-Y4DH94DU-1087SBOK},0
{R1R3-N0BV84TS-2859OPPA},0
{K5S5-O5QQ67JI-6754CZUT},0
{U0Z1-G3XL58DD-7183JGPZ},0
{A4Y6-B2EC56EV-1714UAEJ},0
{L2C4-G5JM11PV-4016DDIP},0
{O4J0-S6YJ31BT-7805FIIH},0
{Y7J5-V4GB43LS-9957DCBD},0
{R9O6-G6HJ16HM-6625YBQF},0
{T5H8-U9YG24GN-4181XDZC},0
{T5O1-Q4EU72YP-1618CTSC},0
{M6H3-Q8DD25SL-2663RKJA},0
{W3Z5-Q8OD82SE-7577XQLP},0
{A8W5-E2XD21WZ-6475YETC},0
{O9X8-O1YK29PW-1644OKSB},0
{M8F5-N0HP01DO-8891WEHC},0
{Y6B1-I9RS68HH-0141KAHN},0
{L2J9-R9OJ37BH-0192ZNVQ},0
{T0L6-B0OM91MQ-4235LNNJ},0
{Y8E8-G4BQ39JT-0503GNQN},0
{M0B8-B4GD01VZ-9769SUSK},0
{I2I4-J4XC79XQ-1530ROUW},0
{X2J4-N9AR16JB-3185SIMG},0
{A1R5-Z3VA05SX-4766WIAL},0
{Z6P6-K2IO62QS-8170OVLD},0
{C8O2-R8ED58KN-2916GSNL},0
{Z6F0-Q5UJ90DT-3372SJZS},0
{J1L5-I4MC73RH-3475XNSG},0
{F9E9-O5CZ87AY-2897OYQX},0
{Y1O1-C6IW17MJ-8319PLRK},0
{V6O4-C7EI79FL-7794LCMG},0
{A3W7-X7IH43XP-5111HIDU},0
{D5H0-P6RH86HG-4334ZVVN},0
{R4K2-O7ZL15SX-2134AQLD},0
{R2W2-V2XX99RW-7848KAWQ},0
{T1N4-K0VO24SL-3699QAMX},0
{Q4H9-Y4AN48BN-9423FKYI},0
{P1C3-J4JZ94WO-3692JWWO},0
{X2M2-U8DN93IJ-7174EOCA},0
{F0J4-K2HL20BL-2554POHU},0
{N7O2-W4UA23PT-4918WHEU},0
{J5L1-F2EM24NN-4160RWUM},0
{Z4P0-G7CU67QT-6860JEKT},0
{H5B6-U7ZF10VE-9149ASUM},0
{Y0S1-R6EO50ZT-1135XDMT},0
{H0B6-P6SC16GN-4257SWYV},0
{H7H2-K7GR24NG-4440WYPV},0
{Y0T2-B1AG38RX-0371GVPA},0
{Z9P8-T4MS46BD-0215WZUJ},0
{Z5N0-Y0QE17VK-7470BERI},0
{C3H8-K9ET42IG-1488QKWK},0
{W5I7-A5AG59CL-5471RDON},0
{O0L2-D5SX91KL-9318JIMY},0
{Z5V1-Z1US00EX-5705IXVE},0
{X0I1-F2FO59UA-7466PGXV},0
{I9Z5-W9RE70AM-2502NDWS},0
{H9Z9-N5OR39KJ-0665UNYM},0
{A1D8-R7NE21RQ-6403VAAQ},0
{N0K9-X0WU35PF-8214BANB},0
{J4S1-U2JY15DR-1400YHTJ},0
{C1K7-D1CL05JS-7153KKST},0
{W1T9-M1QE85VA-0978BLZU},0
{R2Y8-F1GX05XW-4395AERP},0
{X1I3-V8VP58RK-6592EQZH},0
{T5M3-R1WS46RF-2638TSBI},0
{Y4G7-X8YQ34IV-0194ZGHG},0
{Z0F2-V5UB45CK-5662XRXD},0
{S6O9-Z6ZG18HX-6837ZHRQ},0
{Q1V9-Q1GB38QE-9782NUQG},0
{R2V1-U4NS81UF-6370ZYBC},0
{C0R7-L9OI57KN-8518VIXD},0
{K2P1-K4OF34DG-1713ALYS},0
{O6T6-L1HT09AE-7879LSMT},0
{H8T6-G6GC82LB-9394IVAR},0
{R8G5-D0WN74AI-4633HLKU},0
{S4V3-D6GT30GL-5724UABG},0
{I4U1-H2SS33AF-4538BIBB},0
{X5X8-Y8PD72MZ-9927VUDG},0
{R5Y0-T1BH83SU-6811YLGM},0
{Y2N8-Y1NZ20EG-5559JIAX},0
{U1L7-Z9ZN21BH-2781DJCK},0
{T4W0-E4GB17FG-4933DFXD},0
{Z9P6-L8BV32GD-9447ALRD},0
{I6H6-R6TU08BG-5438YOOF},0
{W7P3-N8PO82PM-6773FUHQ},0
{J1R1-H4LO64HA-0714FXZB},0
{Z4G3-H2FN36EI-0632CURJ},0
{D4U7-P9FO27PW-5138NVRT},0
{L7Z3-V7DA23ME-5285XERP},0
{D5B7-W9JB30AH-7972ZXXJ},0
{G4B6-B3PT48TW-6045SXRQ},0
{N0S2-P4HR66GX-0067LMXB},0
{S2D9-O6HT25TY-3875TGZD},0
{X7G7-X2LC70TL-6126YIZE},0
{D0B0-S9FT92DR-0494AJIO},0
{Z0K3-T0YO66DH-6203SCRF},0
{Q1P9-J7RT44CG-3698GTOK},0
{I0H0-U8LB66SG-4993GGQS},0
{W2V7-A5LF75DK-2476MGEV},0
{Z4T0-L6BY54UP-8858GVGE},0
{Y4L0-O1ZR18HH-3135PMAP},0
{N0X7-S9GD21TP-9478MGRK},0
{W5H2-U6IC28XT-4492GFEM},0
{I2T5-H0XO96BC-5902TVJP},0
{Y3H8-J7CE35FS-3971HBOS},0
{K4F0-V7ZI12JH-6736LLRV},0
{L8P0-C5MD08XL-7834QSTI},0
{E2M2-Z8AL90RN-1725ILMH},0
{N3A9-T8QK75DK-5637BAAW},0
{I4M4-S1SL82PP-7249QZHG},0
{U5M4-N6KI91HX-5770LLPO},0
{C6F5-B9IB91WU-7164UPBG},0
{Z0M5-W6NC12FE-1119RBNW},0
{R4Q5-R3MD15FN-9467CWBB},0
{R6T0-K7ME62RA-4184TRXL},0
{I4O2-Q9WB96PC-9452LNPS},0
{A8T9-U0VH77AA-3549KUIY},0
{Z5Q0-X9DC57XW-6165YYAF},0
{G7Z3-B9SB33JJ-2844BPGM},0
{B1A2-P8ET35PY-9563KBZG},0
{Z5U8-Z7XB29MI-3022IQTC},0
{Z4H9-O6KE73EP-6075FYDJ},0
{M8W9-Z3MB02JJ-5487BLUF},0
{T7V7-B5NY01GJ-5066XZGP},0
{R9Y6-Z4LG61RR-3556MWUP},0
{B4P4-S3HK79YR-6072JTQT},0
{E1U2-J7WF77FR-0548MOLL},0
{J3B4-C5QF06VG-8109CEKQ},0
{E2F3-H2YK22AQ-5540PBEQ},0
{L5A8-L6ZQ01BL-0595QGCH},0
{O6A9-V1WI71DF-6055CKQS},0
{A7W7-P7HA61MC-7828EJMN},0
{D4W0-S7PJ87CB-0403IKOR},0
{W1K9-G8KE65TI-5989ADOT},0
{C5L7-V7QZ82JU-6370OQLS},0
{J0G9-S6ZA04XA-7963QDJU},0
{Y4G0-E5ON40CD-5982NZLJ},0
{C1E2-M1AU47BB-4048VCND},0
{Z9Y6-Y0JL09DG-2939DYSE},0
{Y0S5-M7BB02HQ-3427YVLC},0
{I5L8-F2RN76XY-9609HZTC},0
{X2T3-M3PJ96BX-6589PCMP},0
{M3Q5-T5KO66LY-4789AHIB},0
{G4U9-G2OM07ML-2547VRMI},0
{Y8Q1-D2EG44MW-8490OCGB},0
{K7M0-O6FP56OU-2108DGNK},0
{M0Q9-Q7PT89PG-4517FHVL},0
{G1J2-K9XO45DD-4491QELV},0
{P9D2-B9QU38FY-7585VDAG},0
{I9I2-K6TI49LG-8718HWLQ},0
{E9V5-I5NG36HJ-7616BFII},0
{Z3I1-D1RG01SO-2863WFAG},0
{H3A3-K1KW17BO-4016PMED},0
{F7O4-G2JF59NQ-3037ZLNQ},0
{H2W4-G4GW38RK-7671CKRS},0
{B5Z0-N7WX37IY-2953KMCM},0
{M3R9-Z7XJ61QG-9552LMVA},0
{G4A8-U6BY52SY-8601OZKN},0
{J8U8-V8KL95SR-9452XOKG},0
{N7U2-T4FD04NQ-2851ZJVD},0
{J9M0-D0MK11FV-6579CSOR},0
{M4Y9-M7CJ39MO-4157OQOE},0
{F1U5-Y7RI43WT-2116MXJG},0
{W1P3-T3CU24BD-0577FLQI},0
{K5R5-B8TK18HK-8075TPAC},0
{F0P6-O0JU01HO-2255NFVY},0
{P1A1-J8RZ09MC-5672BJHR},0
{D0S1-H6JU77EU-0066BGLG},0
{H5R2-G3WZ48AT-4884KBAX},0
{C7G3-X0SX70BV-3884BBZC},0
{Q0G5-C0IB98HY-5149UGLM},0
{M4V3-R0QZ80EZ-3572KPJH},0
{D5J6-E4FC31WU-3602OVAV},0
{W5B0-O6HY34VS-5971SOJY},0
{C3N2-P4YU04BA-6545LCLB},0
{M8U9-Y2OC90KN-0722CDXQ},0
{S3O8-I9RC35UA-5364QTFP},0
{N6C8-M5UA97FG-2178GVLM},0
{J7L2-U6LL45TN-6137XUON},0
{Z3K0-V5XG47EI-6726JYCW},0
{Q5H4-O7TC06KL-3912MTMJ},0
{U3U2-M3IA80SA-6537APHA},0
{C4G6-W8XG86FH-3462EOBE},0
{C4I4-H6IP78GG-7132QNZG},0
{C2U3-S9UL50JM-1868UBZO},0
{E0F2-G7CG25KP-0969YQRC},0
{J8V9-J0ZG44LI-2148LLSQ},0
{Y2M8-O0SC29SO-8634UFZE},0
{K4F5-L6IR93WP-9712PPYE},0
{V3Q9-I0GH43YU-8207CFNG},0
{S6D8-S1YO86KR-5433NFMF},0
{R7F5-Y7LL55KB-8300MMGO},0
{O7H9-Z3MJ59MF-0912APCY},0
{H2D8-B7AN43IB-0393BVBJ},0
{Z0H9-M1DB34TY-2980ZRTK},0
{Y0A1-W3KY31PA-4172FSQJ},0
{B5L6-C2ON73DI-7372WUKW},0
{J4Z7-G2VT57GU-2027KDLO},0
{W6U9-I2XN03NB-3649LQBA},0
{J5X4-Z8ET91TI-3717SGSJ},0
{I7V6-U4PW71RF-3600WKNN},0
{C3B5-Z3AT10MM-5089TNUA},0
{R8P0-U5SV71OE-3353GRPW},0
{W5N9-P6LP08CP-9112KHWT},0
{Q4I9-R9HR66JE-8706GPQV},0
{K8U3-A4CD19RH-4491UPFT},0
{C4A3-G3HY48PF-8564QIOG},0
{U3P1-T1EY90KZ-5846VIIG},0
{L9R8-P3BI52YS-0870PYYO},0
{K5B7-X9CV88ZQ-9357KOYY},0
{X6K3-Z7MP48KT-5128EBBR},0
{U6R2-T8DA87BZ-8974IHEG},0
{Z3G0-Y2MC63ON-7331DHKP},0
{U2E9-X7UG74HK-2785LAAO},0
{A5N1-L9GP58GY-4468AOUX},0
{Z0S9-Q4IL50UI-1903FJSG},0
{T8N3-C4BL98IH-3338DVUZ},0
{L1C8-D7LF85SW-3403ATUU},0
{K6U7-H9BC50GJ-3650HCOX},0
{Q4Z0-N1BW03WY-1816WZCZ},0
{F2Q6-W1XB53CS-3636PJMY},0
{U3T5-U1MR09RE-2923BXYP},0
{A2V7-P6CN11QG-2064IEOA},0
{V7W9-X0RK16QV-9700AQIL},0
{A8M2-I2LL91YJ-6947RLFP},0
{P0C5-U6SF03MP-8074BKQK},0
{T4G6-Z7VV52WD-7826RPVC},0
{M1J0-F6QP49RQ-3581AQXI},0
{J1R9-G0ZD40RJ-1482INZV},0
{I8C2-N9PK34JR-1264ASQZ},0
{P7R9-H8QQ95KY-7394JBCO},0
{V9I2-T6HF88UZ-8115TNPP},0
{K2A7-D0FZ85VM-7672XIVH},0
{A2F1-L5WM93KE-2847WOTY},0
{A4L9-V6RL85XG-3453RKDU},0
{Z9N5-X8GB99CW-9336DQFZ},0
{Q8Y3-X7HN77QI-7500OLMO},0
{I5W3-P1WQ12YJ-4652PVJG},0
{Z0H7-K6BZ36YA-7204SMNM},0
{S6B4-J2AE24OT-7828NFSD},0
{O9T9-K9OJ29KI-3445YEWG},0
{T9A2-E9NS55GU-0157YSPW},0
{R6G7-A9ER18TO-4518PGFC},0
{F9Y8-T9ID49XY-3938OYII},0
{T3O2-L0OJ62ZG-5493ZBGF},0
{W4O9-I6BQ17ON-4592UQQZ},0
{T8Y7-I3XG22YQ-6660JEVU},0
{D8Y9-G3GC25SR-6167CFJZ},0
{H9F2-R9CZ09CC-7703FAOC},0
{T9I3-F8UY24VT-5690BOXV},0
{B2U8-M4WF94OY-5505WMIC},0
{U4T9-Q3OF20XS-3888ZHGU},0
{U5D7-Z6OT01AA-3294QNAH},0
{N9F2-J0FA45LY-5182IFWG},0
{L7S4-J0JI97UO-0159XTLI},0
{O2F2-P0BV06FM-4796YVSI},0
{H3X3-U1TQ91NR-8907DNUK},0
{V7Q7-H5BX53IV-5644GWIX},0
{N4X9-M6JC69SN-0139INNK},0
{S2O2-X7MU56TV-0642RBVG},0
{D4W0-L0GI68NX-7604KTEC},0
{F7K5-K7AN03UC-0450AIGV},0
{Q8W9-U6RT02QY-3065SGEN},0
{Y5J8-R2BL79TT-7187XVPO},0
{Q9T5-S0LF34AT-9998CVFH},0
{F9V7-F1AB14MS-4653UFQL},0
{P5G4-F2TD08AI-6745UCBD},0
{G8N2-T5DG05YK-6049VXLL},0
{D2N7-V8HY08OS-7627BVVX},0
{E7Q1-V4QF04CR-1062MNGI},0
{I3O4-F7KY21KR-1511MDWD},0
{H9V4-R5WV52NV-4876HOXF},0
{G3Q7-O3IK37JQ-0599JGIN},0
{H2I6-L9XA27DI-5711RJFI},0
{Y4B0-U3GX06PN-1945MMHC},0
{A1D0-T6KT77TS-2099WTIO},0
{W1Y6-V1GI34QL-0008MKAW},0
{N6U4-I9CZ84OO-3606FBIZ},0
{Y3F3-E7GL24LI-3236VUVK},0
{E1I4-S1GB15IT-8403ACWJ},0
{P5D9-Q3DI04YG-4868BGZQ},0
{E0J3-G2SC01AJ-3698TVKG},0
{S1B4-B3GQ35ZF-9550EGRL},0
{T7C8-P9TH20TB-8186NOJH},0
{A3Q4-Y5KR38UJ-7424FBTL},0
{A0C3-U6TF44BN-6083KZKX},0
{L9W0-R3UL67SJ-1953UQOE},0
{Q3Z7-Q1HN60JV-5770CDWP},0
{M7Y3-D6KY13HZ-1570TCAK},0
{N6E5-D6QX79CS-3733HXIZ},0
{H8W7-W9PL29AL-9810QGSB},0
{O8D5-G3DT66ZF-3310UQZM},0
{E4H9-B9HK57RT-9556LORK},0
{V9U2-L0MZ11DF-1448GLIO},0
{O0A5-J3IJ69HQ-8708GESA},0
{M1V7-J7JZ33YV-3319NDDC},0
{E1Z9-I8YL04EI-8214ZDFB},0
{O5H8-Q1HO61SP-0344CGZG},0
{U1A2-S1NB08IA-7194HZVT},0
{Y8P7-M4SN09HI-1973DRWF},0
{I9H8-E2CC98KI-9695CEYQ},0
{O7D3-X6YF99HK-3357WWDP},0
{J7M8-X6HX93XY-6617UTYP},0
{L4W5-X7OC96LT-6239IVKD},0
{A9P9-L0QP94WJ-9750ETLL},0
{R8P6-K4IX43KI-3243FRSC},0
{T6S9-F4UQ55NA-8585MFQP},0
{I7R5-G3AM19PE-5097AVEX},0
{C5D4-X3KR82EP-5513UDYO},0
{Q3V8-E3ER39UU-3112QPUW},0
{Y3H1-S3RL83EA-4830KOQC},0
{N4N1-S9FO33MJ-4280HPGM},0
{E4H9-D1KR22OX-6145ZFUV},0
{L0Y3-M2KX29FW-3684JWEY},0
{H2R4-V7QW92OJ-8804FETA},0
{X8Y7-B2PF82FT-7872BTIM},0
{E0R0-M2YR63KV-6411MXXB},0
{I4S9-H2NZ68XY-2498QPPY},0
{V3X8-G5PP58ZZ-8632PDHA},0
{R3O5-V4KC20KC-6631LLHA},0
{L9Q0-M5AU80KA-6683DKPJ},0
{J5J1-H8HV96RD-2557UCPD},0
{F4Z7-H2IG10GI-3039QCGW},0
{M0D0-M1JB80MX-1107MKZU},0
{E6S2-X5VF75FT-8069ZHQE},0
{K7N7-J9FB55AR-4249JAFB},0
{X9F2-K7CB44MB-9631UUXF},0
{P9O4-A4GZ61YN-8272HITY},0
{J2J5-E4UT96LQ-1323YAZH},0
{X4C5-C6EL53EJ-2170KRJD},0
{N6H4-L0JM73SC-8842QWKY},0
{Y3P5-U8QB08DC-5137AJHG},0
{Z6Y0-D8JX55UR-7972ZAZL},0
{B3O6-B4YI79YK-8585CJVO},0
{V2Y6-M7KO85KF-1312ZRZL},0
{Y1H7-P2KD91WP-7554XTMY},0
{A7Q6-L6JS12SP-7475QHJR},0
{T3W8-Q2ZU69IB-0362UYMG},0
{R1I0-E8DR26OI-3170XWBN},0
{L3F8-P5UL78IP-1185VXBG},0
{K2T9-N1QX45JX-8119OZNL},0
{O0V3-I6WU36AM-8405WFAQ},0
{R8N0-G6UU34ZL-0695TIXI},0
{Y1J3-Q1VW74XH-3295PDKR},0
{I0P0-Z1MH20CB-2218UDOO},0
{C0Q2-T3PN24VV-1351FAJP},0
{B4O2-G8UH66HA-3276ERPP},0
{D5P1-P2GY60WY-4314HSGD},0
{J0Z1-L4NE60EV-6386BRFG},0
{S8E5-S9QG40BQ-0772WUBH},0
{W1A5-L5OR76GX-4604TWXI},0
{S5I9-L3FV43XZ-7878HHSV},0
{Z5B8-A3CX71IF-9349JYFY},0
{Z0H5-V1BC05EX-3314LLZA},0
{A1G6-H1HH17QL-5465LBJB},0
{L9Q0-K6HM38ME-8753KZXU},0
{I5O0-V2RC46JS-9314IGXD},0
{F5M3-U6KE93JB-2707HKTR},0
{A7O5-V9NG73UY-2559YBNA},0
{N5T4-S4IT09QX-2752MVSX},0
{Y5I0-U7UP07IH-2237QUEH},0
{T1I7-L9JB37IR-2042UNWH},0
{W9Q8-U7TR73XC-8879XRTT},0
{P2Y3-P7MP97XT-4103QMZJ},0
{C0Z0-B5MX71KP-9279NXML},0
{J9Y8-F0CA01QR-4451TNHQ},0
{V0A5-L1PZ75YE-9986OUAB},0
{O5V3-C8NV09BF-7716QRTC},0
{V2B8-S3NG69QT-2057HZNG},0
{Y6E6-C6JJ21IC-2049HSCB},0
{D0J4-V9QK41TP-3042YMVU},0
{T6X1-X2ZQ70DY-6097NNVV},0
{C6L0-C9GY07PE-2877LXHW},0
{W5Z5-L0UX37NX-1264XSRY},0
{O2C3-C2FY30VQ-0286KHBH},0
{A3N9-X4JL40EN-5146SBDV},0
{F8W3-I2YX56LP-3452ZRQV},0
{H7W5-N7HF66MX-7408NHWK},0
{C8O3-U5EP57DW-1463RDUE},0
{K0X3-P8HF41OZ-0671DPCV},0
{M1F1-V4AX09HR-9484XUVV},0
{Q4D5-O8KT36NE-2178SRPR},0
{J6G9-P0IE27OK-5317XYLS},0
{S1U2-T4UJ35VV-5999OZEJ},0
{S8K4-V3QN65AO-8906XPPN},0
{G7T5-R0IJ25VS-3459YYXK},0
{L2A9-B3FG06BJ-1912GHYC},0
{N2X8-A2KK68TJ-2799MLAY},0
{L6W9-N0ZR56YA-5323NSNP},0
{L3I7-N7TA37QH-5116GCSM},0
{D5W4-R4PL70PP-5248XGSW},0
{N9M0-W5QD90MA-7957AYMY},0
{Z0S3-D3PD95PD-6835HWET},0
{D3P6-L3MJ72DN-5351XGDC},0
{K3Z0-K5JK04GG-2230QFCC},0
{O4Y4-H5GQ64WS-9048BDKA},0
{H7E8-G2QH96AM-8557MSCD},0
{L6F6-I7NK51WL-9085DUTM},0
{K7W9-V0JG80YO-9613APFX},0
{C0K6-Q6GQ40TJ-4070WKDU},0
{T7D9-U3CL62GL-6448NWRX},0
{J5E2-Q4WE53VY-3768VCVH},0
{R6A3-C9CG71EW-4910WTLK},0
{P5P1-B6RZ31VC-8535NNLA},0
{F9L5-Q2PG92JC-7640DKOT},0
{W3F9-R2EX60WT-8607TMTQ},0
{H2V3-S2KC38GU-6163TIMU},0
{O8N9-P2LK30AZ-1760EJPX},0
{A7J8-Y9PQ34UC-3649EEVT},0
{Z5I7-Z8KY42QO-8573CDZC},0
{F7O1-G2VC12SB-5193FMPR},0
{E7G4-A5EE17UM-1070PDZV},0
{L0A0-Q0SK59NK-8036PLKK},0
{X2W7-Z9MY01WS-3930KVPS},0
{A6J0-V6AD02SL-9843RGEK},0
{H4P9-T8TE73QU-5019POPS},0
{E9B0-N7XB04HC-9268GZCZ},0
{S5H1-N9UT19PT-0067ZGVP},0
{V0Z6-C4NG12RQ-3173KYOR},0
{K9Q6-S9WB35CD-2354YHDV},0
{F5L4-M0NX79TT-9772TCQF},0
{I6B7-A4EW54XV-3331MMSK},0
{P9A0-T1SK59OH-2767KIVF},0
{L3H2-P3HB17WA-0283KAFK},0
{F5M6-R0EY51FK-9672CCPH},0
{M2P2-O0EB59WQ-8554EDBD},0
{R3P3-S2KY22YN-9700RJIK},0
{S4D3-M2ZC39US-3284WIHA},0
{A4R5-D8PG18HS-1872AVQA},0
{H6V1-A7RS31DV-0384OWOS},0
{P6X9-C8XS68KM-3763OLHA},0
{V6E7-J9ZI12TK-0060APKV},0
{G1V4-H9HH02AB-3380TVGZ},0
{I8Z2-F7XB76YA-5092EJIZ},0
{E4T4-U5PU96IV-6167DBLI},0
{V4I5-J2BY85DH-6798QSPO},0
{Y6L6-R2CV36YU-1144IOML},0
{U3T4-S4FS36UY-1144TPSY},0
{G4O8-E0AG38BE-8032CXWC},0
{X6E6-D9YZ23BZ-3783DXDN},0
{A5X3-T6MO84JN-3287EGPK},0
{I8J1-E2EO65IB-3479BEHF},0
{L3O4-M5GU68YO-7532GALX},0
{U0X1-M3QD46QO-9987SIIH},0
{M7B1-R7LF71PU-2006UQOA},0
{I4J0-X9JJ17GC-9448TKKX},0
{O2Q7-A3NJ67OE-7021SWOG},0
{H6B2-V1QR23LS-8615JJKM},0
{I4I0-S6SW75BI-2874SQTP},0
{V1S4-G4IA98DF-4174HMMU},0
{D6H8-N1JQ11DF-3626WBAZ},0
{V1A2-G5FF55XM-0475MPFB},0
{T0O2-C5CY47XF-0723CJMO},0
{R8J9-E0BR79OS-3980DMRB},0
{V7G2-R8QU23LY-5736CCQR},0
{C2S7-M9BG49KF-2036STWN},0
{K9Q5-H0FN82BQ-3806WKPD},0
{V7S1-P0CM40HA-4416VGOS},0
{G4K3-V8LA09DF-1200DASP},0
{G1G0-P0WP87LP-7227BSSR},0
{I0O3-Z5QD41SC-4540OYRT},0
{G4T6-U3LO59JG-2699JNIL},0
{E4B9-A9EK90GH-8694WEKS},0
{G0N1-E8PW64FA-4058EPOL},0
{G8S3-J0GP73KP-1732CCNU},0
{V6T4-R1BV98RX-9181EUER},0
{D3F0-I1WP05HT-7946SPUH},0
{E4C6-O8KE38JU-5282LFTW},0
{R3O9-H2MR57TH-5124TKXL},0
{S2I9-S0CH09CJ-0236PNUJ},0
{U7W5-J3PJ54JP-6136PJJC},0
{I9C3-N5YB10BQ-9781ETPF},0
{B5O2-I5EM22NB-4558BCQL},0
{I6M3-P1DC55HZ-2420HKZF},0
{P6N0-N5GM60RB-2751SHMW},0
{I3D8-A1YV49TA-7409UTGD},0
{J7H3-V9KD08NH-2043BWRL},0
{I8A7-P2UA64AL-3439IRKN},0
{O6S9-P1UA29WU-5691BYVD},0
{S5A7-K7ZZ72TF-3553TBYU},0
{F1Q6-Y5BT50ZF-3152OYCH},0
{Z8J7-T0XB76JD-6285ZMMY},0
{L1J5-X3AW04ZL-5248ZJGA},0
{I9F9-U9HH80VK-4062YYSE},0
{J1J5-L5UV16IH-2450ZMAT},0
{U4L5-B1RV04VV-6227DSUU},0
{Q7C7-U1DO14LX-7700VXXU},0
{Q9S6-P1PV06DN-9974OVCJ},0
{R7Q5-Y6LK87LX-3905EKAX},0
{N0I2-P6ZX87MU-1630JZTP},0
{Q3A8-N8RQ67BA-3584MQWF},0
{H7H6-M6GV35OI-0134LJBU},0
{L0Y3-X9CA23KD-4334EZIM},0
{P7Y4-Y1JW99VT-1059ALBR},0
{X9V6-T8CQ21JU-2863WLCQ},0
{X3U7-K4ZZ15KB-7383QPVJ},0
{C2W0-R4BY50DE-4226REPW},0
{Q0Z8-D3LE47VN-7567LSAJ},0
{Q5R6-A5JA16QJ-6086MUSS},0
{W4R7-X5RP28UG-2798OAPX},0
{L7W0-M8KT82AZ-7593UOEY},0
{W0Q7-A0NS05HW-8783OYSB},0
{E8N3-Y0WC36EH-9881HMTI},0
{B6H8-Y4HB20BH-1854UNMC},0
{C4X8-N8QD76KC-3808BGLH},0
{S9Y1-L0SN71XJ-4271PZCR},0
{W7V3-K8TX43UU-8314IDZH},0
{K2T0-Y1TJ55ZK-9809OTIK},0
{C5X0-C7HJ96ME-1425DNQU},0
{D2S0-S8IZ24JL-8843UBUK},0
{I1X9-I7HD79RV-9071TLDF},0
{Z9L6-G9KL21CE-6052LGVF},0
{M2I4-T4YB61JI-3819ALMM},0
{O7U1-J5VV19EO-9543DHYA},0
{Y9Z6-H5HI82CV-6863UKTG},0
{Q4U5-D0MV31WU-0600GZIU},0
{Z4G2-O9NY16UT-4918XBKJ},0
{Q2N8-W4VB41NR-9410DRMW},0
{I6T6-D9YY07OC-0901HZZL},0
{K6V5-Z1JX59BN-3582AQYP},0
{A3P9-C4SF96DX-8020UGBG},0
{N4B4-H0WI42PD-7484WDUW},0
{T5D7-T9ZZ03HB-7492LLGU},0
{N4W0-E3ZW42DD-0228TINT},0
{C9L0-A2YZ41VQ-2085XNPW},0
{G2T3-A0FD91ZD-4238NQTG},0
{K7D8-V6HS02DQ-0402TDEU},0
{I3T8-G0UR58CZ-0260BGGV},0
{Z3K5-J0XU08CP-3534KHNH},0
{F1G1-R3YF90VH-9306CGTI},0
{A6Z5-D9QX87ZK-4789GIDU},0
{Q4Z5-A9SY07FK-7205URGL},0
{K0M5-K6SD42DJ-1285MUOR},0
{R5A9-B8MX84JM-7385GUUO},0
{K6Q6-J4TO96XH-8469DOYS},0
{G2X4-Y6UY06MC-0208ESET},0
{J7F5-K8PL47PR-5595XXCI},0
{U2Z1-U6VJ18WM-7513XJII},0
{M0D1-A6ZU17PJ-0827IPFV},0
{H3R7-K0BW30KG-5150GREO},0
{U8Z3-S9QP54WX-8121NYPE},0
{Z2J2-J7YE51RI-7598QUGM},0
{R1X0-N0QQ37OU-8954PBZV},0
{T6B8-U9DD23FU-7231BSAM},0
{I5Q8-R0NS64YY-6170ALLE},0
{F0J6-N8EE22AE-5967GWKF},0
{H3C4-F8QM47YG-6017DUKQ},0
{I1O1-O3VZ73AY-6194EXHF},0
{A3J5-O4CI66XJ-5546RXUS},0
{D5X8-L7OX11EX-4844ZLYL},0
{S9X9-R5FA60FR-1853ZRDM},0
{J3V2-C1AL96UO-9898SBRC},0
{L2G4-F4DV45DU-4166WIZS},0
{W9L3-F7SO83QH-9370FQCH},0
{C6J8-I1FA35CF-6905XAVL},0
{G1I9-O0YO15QT-4330BQXY},0
{H5F5-R6VJ21SO-1993GJQD},0
{V6E2-C2PI56FR-1807NVJC},0
{O8J1-D7ZQ63PA-4186WKTT},0
{S6K0-R7AK75ET-1628MSGI},0
{Y6W5-V9HV17ID-2038RFYB},0
{X2X7-A3ID73NS-3953ZWPC},0
{X3A4-S5WK68CG-6163XMUD},0
{F8H6-B2VS91FD-2870WSZE},0
{Q6C5-Z0WH08GS-4840PQFC},0
{U9Z3-R9BF60TU-7837NGOS},0
{Z8X4-V9PW63RG-9533TGXU},0
{H5W8-G8WX27IK-9822PUZG},0
{Y1W4-F1LN88NX-0565DTUJ},0
{Y9N6-D3ZH59UA-4644MMIG},0
{A4A2-X8SB29II-4245LSII},0
{V2S1-W5KZ69BK-9331DFOE},0
{J9X1-P1DZ23BS-4153GSBO},0
{Q8W2-P2CC57HN-7090UCIC},0
{H5Z5-N4CK47ZG-7457VWBY},0
{L7O8-S3JK31WU-0377ESII},0
{V3D9-M4NT54UH-6508ALLG},0
{L2J5-W6FR81BR-3708ZOUY},0
{E5W7-I5PH36VG-6741RJQN},0
{B6D6-G5ZV09NO-7915GGDJ},0
{H4J8-Q3CR50LM-1190OEIC},0
{J1I2-Y2DU52WN-6807ESJZ},0
{I8A2-M4ED03DS-0613WUMD},0
{R5O9-Y5FO26RO-4230FVIY},0
{U0N0-Z9UM40AD-1566AMSO},0
{C9L6-D7EZ49TV-6990TZHD},0
{D0K5-S0GM81WL-3017SWQZ},0
{S8E4-S4BB28GN-3283WRDR},0
{E4Y8-F1HE56UR-4715QICP},0
{W1L1-M7JD06TK-2327GVSH},0
{U3C3-L7DW23DU-9622UFUL},0
{H4M4-A2ML76XQ-8639JFWK},0
{Y7H6-B3TI17LJ-6057CXZW},0
{K9O6-K6DB66XU-0763BOEG},0
{I0A2-Y0SM70MC-5909EKEZ},0
{E1S1-Z4AY69XO-8634FBNN},0
{J0Z5-J4WL79VO-3905WSAR},0
{J2N8-Z1KH44DD-6716EVEK},0
{K4Y1-U6KH67TG-1449DVUK},0
{T9Q1-R5QG35QZ-5611SNWI},0
{O9W7-O0FE79LF-5220KMGZ},0
{Q0L8-B3QZ16OV-6214THBQ},0
{P7F5-K0FM57TX-4748FBUS},0
{Q4I0-W8QL89SJ-4162IQIZ},0
{A0S7-C0IV78FY-4943JCGG},0
{N0J6-D1RN15JF-8558QPDV},0
{W9J0-C1YL83BT-8569ZQUS},0
{O1U1-J1SL61EY-2670PDRZ},0
{G5U1-I0LA94BT-5403PWEF},0
{Y1C1-F8PT77KR-5074IZEI},0
{C6X2-J4MQ64VK-0972WVBP},0
{N1C8-O3ZF36ED-2129ODMA},0
{H9X5-Y5QV56AO-3542IFYD},0
{Z4J2-A8EE77DJ-6658CSJE},0
{H4F6-T9YU82CC-1180TUGA},0
{X5B8-O0NM35XM-3567DZDM},0
{E8X0-X9AG16SA-8074UPVX},0
{M1S3-N4HZ10VR-5135GBIN},0
{L5R5-T3SE99PJ-9077XIZM},0
{W9D1-S8AR41JJ-6947KWZX},0
{Z1N4-T1TG33CY-4488VLWT},0
{T4G3-U1HC10BL-8994FFCH},0
{X5X6-X5XL39RY-5351ZPKI},0
{U2H4-X8DF70SC-0855PICR},0
{C3C0-P3DG58VG-5758AQYL},0
{K1G3-P6TY82AQ-6334LCSV},0
{F3U9-Y1JJ31EU-6771NRUP},0
{C1T3-O6RR35FO-1194BYUY},0
{J3S6-F6SB38FR-0833IUTP},0
{Y1I9-B4DN43RZ-4978ROTJ},0
{G2B1-J7IW35EZ-2843KACL},0
{L4Y0-A1MT19VG-0854YPWO},0
{B2W3-J0ZI78NJ-3859IVTF},0
{B2C4-D4UO92KS-6360PLVJ},0
{G8H4-P2KT00CV-4648SGPL},0
{G9V1-B0XQ27UU-3164IPOF},0
{Z2L1-Z3AM38MF-8045USHD},0
{P7Y0-X6XL25SW-8196UXUA},0
{O7S9-O4UI55UO-8336FBEJ},0
{M7H1-L4FW12UZ-6658TCAP},0
{U9A8-Z9AC03PC-1795QUWI},0
{J1L5-S7RR98TP-6594HDZY},0
{K7T6-T5GM55OB-6358NSTG},0
{C4D7-I5ZL78ZH-9634FTIU},0
{D9P5-I4IJ63AI-7626VBAX},0
{S7O2-Y5XG48LE-8891EXDP},0
{Z7U8-M8KZ89GP-2140JZFJ},0
{A4E9-M3ZZ71YT-3570IYUQ},0
{Z3Y4-K6NY39RW-7393KLBB},0
{K8F3-Q2XA93IC-9193RLFO},0
{H9N1-H1UA12AC-5526ASSC},0
{I7X6-M7RU25DG-3632MXHQ},0
{S4Z4-B5DX78ZV-0326BKSC},0
{A7R9-R0YK52OC-8372AVDN},0
{M7I3-I4EI03LZ-6693BVLP},0
{W6E8-R7VY23HM-2077KDXL},0
{K1W0-L3SN42VX-2635JIKR},0
{W3W9-Q1TD12QA-3185MMFX},0
{D8Z0-R2AK56WF-8741GKBW},0
{T9E7-T8HT92PY-8369FHKK},0
{C2B7-E6GI35BI-1483FBJO},0
{E2J5-O9HE54FC-6641ABZC},0
{V6T7-P1WR57TT-8180HWYI},0
{C7L1-B8JW39DQ-0863DLFT},0
{L5E6-Y1HQ50EY-3485FZPD},0
{F3G8-U8FI90CO-5137TPJX},0
{R4X3-V5UC55GU-9932WOKY},0
{E3M5-L4VA76ZR-0831JNYK},0
{Q7D3-P7PB16NF-9349LAUB},0
{U5B5-C0EY01FM-2362ARPJ},0
{Z9X5-O3VP76LY-5203QNNS},0
{W2Q8-G6XE91LT-6029LRXL},0
{D6M9-U7FW51HH-6212YMYI},0
{D2Y3-X0MH90PR-3694LUTO},0
{W7B4-K7XT91RT-6981YZXC},0
{L2B7-Z5DY53GM-8810TEDL},0
{X2C5-H6CK82EL-3651EJYZ},0
{N0Z7-C9PM03JE-8253IICE},0
{J3R5-A8DG49VD-5252NKXF},0
{Z0O3-I0SA25TQ-3404ZMRV},0
{T1K2-F9KS27FG-5252BAVN},0
{C6X0-M9ZS61BZ-1198NZAI},0
{C3F6-F9RQ01AI-0119WOFB},0
{E6K5-M2QL77AW-8639XQLZ},0
{B7X7-S8OB99GY-8504GJDN},0
{K5K4-C4IR42PE-6549ABGX},0
{F2Z0-Z5NP48HR-6577INBR},0
{Y1H3-L1CU44TA-6610OJTR},0
{A8A4-E8XC17KS-2707QEHZ},0
{C3V7-G0FU77CO-3970RUEA},0
{Q5K3-Z2CJ59RB-9728ENEQ},0
{H9B2-C4BE05DU-4158TRRF},0
{X7X6-D5RL04WT-4240SVBD},0
{M4R4-C2CD71YJ-9645XUEA},0
{C8J0-Z1JA97TI-0675TSSP},0
{G3J4-S7XU20MA-8166KTAG},0
{A9F9-O0ZH01EJ-1232MJEO},0
{N4K5-S6JB95QI-6907YGKW},0
{W3V8-Y1TC52LT-5463GNOO},0
{M6R1-U4NW94ES-7905EKAW},0
{S5S0-O0IC90MU-1350URJQ},0
{W4S0-U3GQ39TL-1681REZJ},0
{C8Y1-K3VP57UP-4100MDYJ},0
{M7Y7-L7SZ00YF-3514XZKS},0
{C5A2-A7AS91GJ-4777NDQB},0
{B3I1-Y0XI31TV-5952CUSL},0
{S7T2-L7YN69BF-8524WBAC},0
{E6U1-M5VI57QL-1597QFYJ},0
{F2T8-N0EP22KI-3662NQKP},0
{M4D3-A0AY41OR-6457MRHH},0
{B8R2-O3HM65WK-9506ITPD},0
{H4U5-U8JK02WQ-8547HXEZ},0
{E1L3-J7KI72JY-8995EQLT},0
{F1L0-B5OY96US-1902JDXW},0
{O0G9-X5ZN90SS-2176XKOG},0
{D8A9-U5ZN27AS-6488APHI},0
{Z8M0-Q7FG47OC-1023XFHH},0
{O7P2-J5EG01CK-8823FRQI},0
{X3W7-G4ZP19HQ-5798TKKL},0
{X6N6-I3ZE21ZM-7091HVZF},0
{Z7J5-T3FM55CQ-5785ODJN},0
{W7U2-Q6ZG82FO-5739FMGH},0
{H5D9-I0GC72PG-7860WREB},0
{B3X6-J8DI68JZ-6545SWDS},0
{L2P1-Z3QH22UA-8111KNFB},0
{T7P9-T9WP66PK-4107EZQD},0
{K2G8-E8CF31FX-5029SSOI},0
{K3B7-W6MJ64TD-1125WKDI},0
{V4E1-U6TH30CT-6263KFNJ},0
{S3J2-U6TL66MG-3828PPCH},0
{H4F9-T7WM78PC-6998NPDI},0
{B7L8-F7XC08JH-9698NTGB},0
{I1T4-N0CI06NH-6839INFF},0
{V6B5-O7VQ07WN-0941SOZO},0
{J2R2-O0JH60EV-8312KAFE},0
{Q8H6-D7VC69VD-6823SRVT},0
{J3Y2-K9SK28EC-3575TRWH},0
{D7F1-S2JX06UC-6797QQTD},0
{G6A2-B9HE52MY-6112CGOG},0
{G1A7-K0ID97LH-7567SHBQ},0
{I8C7-T9YV57LX-5151DVVS},0
{E1I3-V5TL32QR-6352JGMB},0
{Y4P7-A3EF88BR-0420USWO},0
{R0Z8-P7AL36TL-2092OTOZ},0
{O3T3-F9CB67WQ-1233IIKP},0
{L4N1-A6DW40KH-5328RYMC},0
{L5E3-N8JQ58OA-1676ETIL},0
{N9A3-X9NH91FZ-7227TWLB},0
{M7D6-X4ZK50AA-3326FKDO},0
{O5V6-E5ZA87WM-9165GUQN},0
{L3N7-R3MM75BK-4663PALZ},0
{K5E3-F1QJ34QO-9890FVPT},0
{Q4E6-S6LC22IR-3936CMPT},0
{Q6G5-M3CF64PP-3996BRIG},0
{N6B9-J2JW80EJ-2578HDJZ},0
{U2U7-M6PI99OX-7613DTGL},0
{T9G1-C7IG72FR-7031BNGU},0
{F6M9-Y7CT16GR-5859DLDF},0
{S6Q5-T2ES59TP-1312PKYU},0
{Q0R2-W7CC43YM-9619DZHB},0
{D7G2-K3YJ68LH-4361UEZZ},0
{X1C8-H3FA63DI-8091SJUD},0
{O8M1-L9RQ65SV-5520GDII},0
{E2K6-D6HW06JQ-8409MKZK},0
{T3D0-S8PE49AH-4647CGMY},0
{V8S3-J7BG22XU-1647NTPK},0
{L2L6-B2WU48GA-2444EMDN},0
{C1O6-R9TM73DD-5181QGHJ},0
{S9U6-D7QH69EN-6382IKMK},0
{D4C4-Z6XH77WP-9388GRFU},0
{E4A2-A2TZ76IE-1803TJNG},0
{Q5C0-Q0EQ84NC-2202HDSN},0
{C0Z9-S8CO60BG-2044RBKH},0
{I0L3-C0XR95PU-2654HDJT},0
{Q4G0-D7NG39DP-0633RKIP},0
{H2V0-R0JA07CP-9142HPXH},0
{H9Y4-O8RC18NC-2771EAEH},0
{Q1Y1-V4LX07OU-3349JXQO},0
{W1U0-Q2WL75SW-0516NIQA},0
{I8Q3-T4SL59DN-3082TBBN},0
{Z2V4-F2JY61KM-1973PHXU},0
{Z6D5-B1OB47AB-0873BIBP},0
{K4Y8-A8EK63QN-5315KGFC},0
{U7U6-T4CO71PA-7146FAKS},0
{K8O4-P5AH44BV-2775VMYF},0
{G3O3-W4XL32PO-7391ZEQZ},0
{X9J2-C3XG25JE-5035ZRVK},0
{Q1D0-H1BX07GA-5354WIAU},0
{V3B9-Z0TD72PQ-5231JVHC},0
{Y8V2-M8CB28MU-0291JWRC},0
{B5B9-X0BE45SY-1740KADB},0
{R5L6-M1MC88NA-7682KKFD},0
{J6C5-S5QB83WO-3842ANTL},0
{W7M1-U4IU59GS-7942MNHA},0
{D6L4-T5FE60II-8012PFEZ},0
{K5Y0-S1VD93ZX-6949ODKF},0
{Q2F4-M7WN92WG-6088EARA},0
{C3F3-E7OQ63GI-7142YFQU},0
{X7M5-G7JB75FY-2085TMZH},0
{J9U7-V0GP68FN-0765IQDZ},0
{J4Z0-Z2WZ99YN-0953HZME},0
{O5W5-L2WX96DP-9819YLOY},0
{M2Q1-P4WS32XV-1671SWHS},0
{R2M7-K9HY12JK-7896MYGU},0
{B0R8-N6OE78FE-1483UHXL},0
{Q2D6-C9OK33ML-4264SGXC},0
{C5G6-G3YC14WG-7322WBEY},0
{U5F1-P0DB61NR-5295CFRQ},0
{T7K0-E6LX46VG-1318HGJG},0
{D1P8-Y6EU16VQ-8708ETUC},0
{H1P4-D1EO10AG-3884CKXB},0
{B1T9-S5QA05KA-1821EQLM},0
{C5C5-E2OH76CZ-5650OYAJ},0
{U8E6-D8HM72UN-1018SLGL},0
{Y8E1-P5YO19BW-5485LAWO},0
{T5O4-A3CL34PO-1674IICJ},0
{Z0J8-Y2ON90HI-5250HFTE},0
{V5A9-X5UK82FZ-9093SRSI},0
{L7D7-Z8BS96DI-6640UKCP},0
{P0P1-Q8PV63ZQ-7691XFBV},0
{G4W5-Y4UC82EB-9601YGQL},0
{M6F7-S9QC92SM-1385JZRG},0
{W8J0-M7GQ40AQ-8633EDZJ},0
{U2Z8-O3ZO46OI-8027RJJP},0
{T1J2-R3OS47ZW-5489KQYM},0
{S4L5-S3CT93NE-9439YHDP},0
{V3D3-Z1CJ33MM-4641BHZK},0
{E3E8-D6EA92IZ-3147RAQG},0
{D6T2-J8ZD34HU-0408DQFY},0
{S4I2-Q9BS00QP-5590JYGW},0
{V4V6-M8QW16GF-1130DJDZ},0
{D2B1-L6VS67VS-5477RWUI},0
{R7Y1-V8IV69MU-7177HTLS},0
{P5U7-P8IR51BF-8503ZDDJ},0
{L1I8-O0EQ63IH-9652MZFX},0
{H1T7-H4HU17FY-0887CKNP},0
{K5J2-Q6PW02KK-7478REDB},0
{S9U3-O2GH19VE-6587CWUU},0
{D1T5-W9WC50GV-3877BRSM},0
{K3P9-Z0QT70AT-2678NIEH},0
{U0S7-P1PR42UO-5950TLKQ},0
{X1F0-L1BR77EV-9581BSVJ},0
{E8R5-A7AZ22GS-0670ESLB},0
{T0L3-D8JZ50MB-3955LQYJ},0
{B2M3-C3YH16OH-9341WCDF},0
{Q1H2-W1RV33AX-7431EXOE},0
{U6X3-Z0VA63ML-9932RPHO},0
{L3F7-M0UJ93OK-0665FTIX},0
{T9Q2-O9UR87VA-5548FNEZ},0
{H2D5-H5OW66GE-2945VMNA},0
{G8R5-J7KK37CK-8340ZBPS},0
{E3S7-K6PJ87FB-1990DAJL},0
{I6Y0-P3YY27EN-8939ZSUM},0
{X4D7-N1MX92OA-9283NQTY},0
{K6C5-J0PI17IY-4000ZRCV},0
{Z4X8-I0YI36ME-3189LHTR},0
{O7R2-A2YN15WP-2087TYKJ},0
{M1M7-E0SM03WH-3765VWPT},0
{M7L8-Z8JC25QA-8230ZWKZ},0
{I8B4-A6DB37YE-0883KXHZ},0
{W0H3-Z9PE65XT-4026FAPL},0
{V4C7-M3SV19EW-8308GWKQ},0
{E8S3-P5PR07MP-9697RWNY},0
{U3N8-R8MS03WQ-6326NTIB},0
{I7S1-Q1ZN40MJ-0822KVTX},0
{A9M1-P4MM94WG-5564ILSX},0
{A0N3-U9KY21RU-6551RBSJ},0
{V1F0-R0BK16QP-3359GEMU},0
{F3E1-P2JD42UC-9932PCTB},0
{E0F6-L5SA35SR-5202BGGC},0
{B1M3-K7ZO52FU-9707PHAD},0
{B8D2-C1CV52EK-4266SJSD},0
{P1R4-G4VM47ZG-6011CUHH},0
{F8S7-S9UC03YS-1125KQEZ},0
{V0N5-Q1ZM50OO-6160LENT},0
{X6M6-O3AE89QZ-4471QWYY},0
{M5J9-Q8ZS52XH-2038VKVZ},0
{P4S1-K3RE43FX-2242SCHN},0
{Z0G4-Y0KH81QM-4012CHGK},0
{R3O2-U7AZ21DJ-0135ZYBQ},0
{U7M5-Q0WC73HN-8632ZPMT},0
{P2Q2-T4DY90OB-1492NXLV},0
{C1H7-K9XY59CH-3993OPPT},0
{D9N0-Y5FV72YX-8531VCYV},0
{U0S6-T6RQ80IA-2005PEDN},0
{W7R6-B8MP95XG-7031KBED},0
{K0R6-V7ZM84DO-5286QADF},0
{L9Y3-I6LG89ZY-1369YTPY},0
{H7I8-O6EP52TI-2632EZMK},0
{X7Z5-U9BT32SF-8041GELV},0
{T4S3-L7MU16WA-7465DELR},0
{O6B1-T8JI75YF-8549UZLF},0
{X1H3-K7DB14HA-4272IFEX},0
{N3R2-D3MQ58QA-0184XNMW},0
{K0C3-N4CR41DW-8983QWQH},0
{J5C6-F6OC81GK-7554PPAD},0
{I3U2-V1SB14IO-0547ZAXL},0
{O9M2-M2LU39PF-4917DCDL},0
{Z5K0-T0GA89LV-7043IVRN},0
{A1R0-B6GX44HT-4716OLYU},0
{Z6C9-I3OH02YW-3620UGAZ},0
{W9X6-Q0PR50JA-2804LYHP},0
{W6X3-M8UG89WS-8522JHVV},0
{M6M7-E6VH81ER-6919GHUF},0
{B0C1-D5ER14AA-6226ZWFO},0
{Z7N8-N4MP08MT-5467XASX},0
{A5N7-S0FR25KU-5179LVHW},0
{D4D9-N2RI97RD-5402YGYB},0
{M1E9-I9KG48CN-9678MVZB},0
{V4N4-S7CR87IV-1188ZBIV},0
{C1L5-I0ME95KU-7199KUEF},0
{N1V3-H9QS04YR-1961TDUD},0
{D2S5-C3RB27MT-2542YFMQ},0
{R6C4-E1SO26HZ-4119HTUF},0
{U9J1-L2AT28SM-9468AIAO},0
{C4J1-V4CL01SD-0917PVAG},0
{V0H9-W8FL52RK-4027OPDA},0
{G6Q5-R3TF79YX-0363VPLX},0
{K3K5-G9UE10VD-7207UEPW},0
{J7L9-M4TY45CM-3113VHMN},0
{L1E0-B1SG87FD-8956DBNG},0
{Z4A2-H7QB77UX-5829VAOA},0
{C3T4-F5JM80VW-6967WOXJ},0
{Y8Q4-U5NY93OE-2306CVYZ},0
{G3W0-P1WP78LJ-9186KIXV},0
{W1K3-F8TB88IM-2554PQJV},0
{E4B2-F6UM32AZ-7516XKWO},0
{Z2N3-U6XV12GQ-7901SJXR},0
{K5X8-F1CF83RJ-8325VZTK},0
{H9A1-U3EX98KS-9791UNJH},0
{I6F4-L2KE27OJ-4385RNGT},0
{E5A2-G8XQ76BU-8191QOGJ},0
{G8I5-H9ZW66SI-1949DMLO},0
{Z9T7-L6QA56GE-6400HAVI},0
{A3H0-U4GB52XP-8955MODF},0
{Q5G6-C3QK90HD-0092PANO},0
{P4W7-V4FV93MG-4135DCOY},0
{O1J0-S9LE37RP-1524KIKJ},0
{C7A1-C8IQ55OD-5407EOOL},0
{I1E1-T5YS29CT-9615UWHJ},0
{R8X7-R1KY70ES-4557MECJ},0
{I4C4-N7OU75BV-9216BXKJ},0
{F6D4-T1HY64KP-6731VQAW},0
{Y6C0-K3RS73ZR-9548LJCG},0
{O1Q4-F7XR67XV-8915EZPQ},0
{R8H3-A5ST29WH-2883KHPF},0
{Z6K8-P7CD31JT-7317LAZN},0
{X9V6-F1LK47DC-4643YFKD},0
{E2J7-B1DH34ZV-9374DZNP},0
{G7V1-H9YM64GR-8443DLKG},0
{X3S6-P7PY04OQ-0857SAWG},0
{Y7G3-G7IU04GB-8792ODXT},0
{C7Y3-P4ZG88CN-6466DPHK},0
{B0N7-V0GU38SI-3035ZXHQ},0
{P5F9-A4KN35VL-5870HOIH},0
{Z9O6-N9EI13QF-4754FHCV},0
{M6G0-D7OK41DB-3423QXIX},0
{U3U4-V0QO81XY-2761IZYB},0
{I0M0-F8QL27VA-3993ALHW},0
{Q7E6-L1WM90AP-3257JUPS},0
{Y3V6-C7HP53RA-9882NFTO},0
{N4C0-F6EN35DK-1491BBJU},0
{P8A3-M2PC17ZU-9229HATU},0
{R3C6-Z7ZK80AU-4958SMLY},0
{V8E9-D5ZK34TD-5513TKTG},0
{N8A5-P7MX17GZ-2150JCFZ},0
{U1P4-X2IL68SX-8594AABQ},0
{X8U4-U7SB94NM-0066UOKO},0
{H3D4-K1TO42KU-6095AWUF},0
{E8D1-P4UH74QA-9746VDRI},0
{U3I6-K9JK02FN-3963OCRH},0
{Z3W6-M1GC05PF-8698MDPI},0
{R7J2-B3HV34SQ-7299TRAA},0
{R0E2-V8BH34ZZ-6034EZTA},0
{C7M4-M3DS86AD-4607TZZR},0
{M9F4-S2PT57BU-1086VSCR},0
{U5S1-M0JV15LC-1479LCDZ},0
{Y7F0-E2FK13NV-8827ODIO},0
{L2I8-A9XA27YU-8769TLUI},0
{Q4S6-H4WA54DU-0621OEQO},0
{O9Q0-U4OR28QN-4467RLEB},0
{Q9F6-Z5CV91GC-1809MYQN},0
{F4F2-I4SU04HV-7551YMVF},0
{N2A4-M3XV32NX-7410IQJM},0
{A3A4-Z8UT62DY-2949UPDJ},0
{V1D8-I4JM90NW-7034FBRQ},0
{Q7A6-L7NC84ZT-7626ZOXP},0
{U2T6-Q8HE53UB-9026HTZY},0
{V1N5-M3XS19CK-3032XQJH},0
{O7T7-A8EA58ZL-5368GQZK},0
{G2O3-X1FS12UA-9456BHMK},0
{T1V0-F0VM36JA-8854ETEI},0
{F9E8-B6EH49GH-0598QNET},0
{R4X0-R8RY13HD-8836FHMI},0
{W0S4-E8ID16LY-6225PHIT},0
{W2M8-J7TT03WP-6759EBEW},0
{L9W9-U2SR88NI-6638JECR},0
{K1D0-M7HH49WY-2051DKEC},0
{U8I4-M7RQ72FY-8577RTGE},0
{T3V6-U5HK60LI-9470HREU},0
{E3Y1-T4UR17QR-8793UURS},0
{J4J0-U8KF87SB-1818KLUP},0
{G8L7-M8TR09RK-0260VWNH},0
{C1Y8-Y5WB31FH-5459RDFQ},0
{A7U9-I5AO80TI-3472NFEG},0
{J7G3-F9YT27HF-9583SZJQ},0
{Q3V1-X0CC69PK-3308SWCO},0
{K0M3-L8VG79VJ-7626AWQI},0
{U6K8-T7ME78ZF-9693EKWT},0
{F2M9-D9JQ10GP-8513EHXU},0
{T0P4-Q4LL89UC-1148ZXBW},0
{Z2R8-X0KG73NZ-2172GBDJ},0
{P9K6-C7GX85ZM-9402UHVR},0
{A0Y4-N5BA87QN-8830MVJV},0
{M1F3-O3KP56MF-4172PAKY},0
{R7I6-R8FT35RA-2349TEPU},0
{H1V0-H3FK10PW-5874CNGK},0
{B5E5-J5MM37YX-2766VLMQ},0
{Y1T1-Q3YC03PQ-0702ENED},0
{G9F9-J7GM12HH-7700FONW},0
{B9Z0-E1GR88LC-4733XILX},0
{B7C9-V4BH43OM-2326GUXY},0
{F2R6-M9CI11HM-7289TUYN},0
{I5V1-K2SZ15PK-8277ZMXF},0
{M0M8-W0JE10KB-3485KGPA},0
{M7S7-K4VR19GD-8415HTQM},0
{J8W8-Y1NP06QV-6333FUJA},0
{N4D7-R9RN89UT-8064KAVW},0
{W2G4-V0CB84YY-1574SPZU},0
{W4T0-G1GI84WR-2413TTHZ},0
{M3W5-J0XW17JG-6401TPGZ},0
{J4I2-F5WO49SH-9047UXXC},0
{C5D0-I3KY05OU-4693OLLW},0
{C5J1-D9TO93UQ-8581DRYI},0
{I5M1-W3TV07TO-7537NSHW},0
{U5A3-F9ZH97ZL-4169KYZW},0
{Z0Y8-A6FB80ND-1707ZDFE},0
{X3P2-L5PA92TI-6776PIQL},0
{A5X1-P0NW47AD-3547XRJE},0
{U3C4-Q3RK74CW-3139UIIF},0
{U2D9-U1AW97VS-3443WCFD},0
{D5Y6-M3DS88OX-7723QADM},0
{E9V5-P1OG30WP-9440TNUV},0
{Z8D5-W5HH87YG-0599LPNQ},0
{N6I0-O2QS92GM-2270SIRI},0
{Y5N6-W4YG42KC-0492UBQA},0
{I1F2-C9VQ20DF-6576FEQM},0
{X1E7-A0QZ52VI-5313RETD},0
{M0N3-H6YB38TN-4482FJHS},0
{L4I7-P8MW49VY-3667PQSJ},0
{E9B2-R5UV11PG-0314CBSE},0
{T6P5-I3UL85YW-5965NTLC},0
{V4V0-I5TB63VV-9297GQML},0
{F9R4-A3HV52ZW-6805TGFC},0
{W4M6-D7ON56BL-3232FVYZ},0
{W3J2-L1GH42MW-2343XHXQ},0
{W9W9-N3BF67HG-6846YEIZ},0
{J7K6-D5GP31DC-4037LKUQ},0
{X9S9-T9ZG49OP-4583WEBD},0
{N1K5-K9NG35IV-4483HEIX},0
{I8D5-R5VS90EF-8954MMFR},0
{G3H3-U4RH35AR-7401DPLH},0
{I0U8-C3CT21VX-2192QFDX},0
{U4Q4-P0RS54PT-3632LWAN},0
{V9Q9-A5GV42GA-0901ANPO},0
{Y8A6-I3OZ62GS-6456BKEB},0
{H6J3-P7HK55IW-3898YABF},0
{G9Z9-T6GV90GX-2968SRNY},0
{D8O8-Q7ZY39WI-0468KHZU},0
{O0Z0-A3ME81YG-6076RAYY},0
{V2C5-E0NW05RS-9891ESEZ},0
{A6N3-W6MT90EO-0781SEQX},0
{E6D4-T3DE18YI-4541DJKD},0
{U0X6-F9IO92NX-0257ZWBY},0
{W4I2-A7QZ24AM-5983ROEB},0
{W7P6-E2MV32OX-7778DCIQ},0
{F0Q7-K2YY66NT-6631TVMR},0
{D4B1-E4XZ82HT-4011OGJE},0
{C5F1-K2YI60WI-9104CVWK},0
{S2L3-I0QS43EV-5878KHMV},0
{U5Q0-A4RN60YN-4499WEBA},0
{J9F4-R4CV19UC-8978WVMC},0
{B2K8-O2OA23FF-1693BHBI},0
{Z3U3-H5PE31MV-9466GXHA},0
{U7Z1-K0PW98MZ-3709QBNQ},0
{W1A4-H1MP72PJ-2546MZNP},0
{B1S8-H0NR55OV-5883QZCT},0
{O6G7-B6OH78WZ-3922GLBU},0
{Y6P7-Q8HX90EZ-4390JUPH},0
{Q7E7-K1UQ27QC-4918QVCZ},0
{N5Q4-J6MG80UL-8858JWLA},0
{B0Y8-U0BD31YN-8251HBAB},0
{B8U4-C9JY83DW-1783YWJD},0
{F4P0-J7BH94GQ-6272EOJX},0
{X1K5-C8NW01NW-2209XNLM},0
{M3F7-A2MA42AH-5379PMZL},0
{T4I1-P8LO14NT-9375HJZO},0
{A5E7-A3CK48PU-8724BFDA},0
{K7J9-Q9WZ77CW-8026DLTI},0
{E0I6-X7HD48NM-5847KPOK},0
{J3K7-Y1GH87KX-5352HPKY},0
{W9R3-T4BS30EW-5630XMTX},0
{K4V7-E2XR08GX-2692NXBD},0
{F2C2-B9HT38XG-5085GOGL},0
{E8G6-O9MR07TT-1047MTMT},0
{U8H4-F3TT78OQ-0366XPRX},0
{W8S1-N0QB43IK-2719HCZN},0
{B0E4-C3HU61KH-8610TCEY},0
{F5O4-R0NQ61LG-2520AVBY},0
{X1E9-G9HI02AL-8216KQXS},0
{V0Y4-B0HP13UW-1037RSKF},0
{C6C7-W2JB58TO-8830JOPP},0
{T6O3-O9GV42BP-8141YVKY},0
{E6F2-A9NQ05VI-4224DTQP},0
{A5O6-X6WD95WG-7102LSVS},0
{V9O5-X7YU72PY-6153CWJN},0
{Q5C9-G6YQ52XQ-6929HHQG},0
{R7E5-X1UP15KG-4383AHFF},0
{S9P7-K4RM75NN-7514ZTJZ},0
{A4Q1-K7RR26EL-6008YEPE},0
{P7H8-J2XH62AP-0047JWIQ},0
{O1I9-K5WY44GS-6590TBRZ},0
{K2D3-P8HN85ZV-2104WUZY},0
{F3V0-Z4JZ56EW-9856AGZC},0
{F3A4-J0VW20EE-3252WFWF},0
{Z8U3-X1IZ30QI-3852IZEM},0
{Q0W5-N1UC17XE-1676MQJM},0
{O5G2-U9BH96WJ-1494DONU},0
{B8Q3-D3QM95QS-6609SHRX},0
{X6K0-P0GO59NA-3246HPVD},0
{F7Z1-W8FM06XT-8877RUPA},0
{F0S5-T2OL54FI-7309VAUP},0
{W2A0-O9NL24BO-9288LOLR},0
{E2Q3-U1OK54GM-1787JLWG},0
{L3B3-K3CY90EO-0069LFXW},0
{N0D9-B9GO05BM-1372GNJL},0
{A2F5-Q4LX03NO-6634RIYA},0
{I9I0-C0QC64IB-4049RNXJ},0
{G6R1-Q6KZ38DX-1563KAWL},0
{K4U6-L7YS14XZ-9070ONEF},0
{P0D4-Q5AM44YC-5612YOEP},0
{B0V1-A5ZZ21EN-6310XZOL},0
{A5P1-A4AE18JN-1877PKEN},0
{D1A5-L1JE57JL-5835AXPQ},0
{V4Q0-X2XC06LF-3411GMTA},0
{F0Y0-S0TY01TK-9477STUR},0
{H1K4-Y2CA75BW-5953VLEC},0
{K8A2-E7SD45DK-3073VTTH},0
{Z4D5-V2EX53IP-7925PBHT},0
{I2U3-N3JU18IE-4936AOTK},0
{M5M2-K6QY13GE-8044WOWA},0
{J0X3-S1VW63AA-4194BZVL},0
{D3U5-K4TD86BK-3841YRMU},0
{S7A5-U9OP74ZL-0369HMMR},0
{L4I1-F8SK14FH-3931AVFY},0
{D9F4-X0FG03BI-4567DKGZ},0
{K4X6-I7IJ92BA-9793JSGL},0
{B3S0-J0SC85YN-5858LECZ},0
{K0A3-N3JT53EE-0027PBQU},0
{O9L7-U1QY75WP-5273MDJK},0
{V4X9-U6ZA98RP-9028EBMR},0
{S2E7-L7US67AZ-9799YTLY},0
{N0D0-O8JV31US-2916ZBQU},0
{B3E5-M8GX40UU-9810TBKT},0
{H1A5-Y2FJ14PV-6338DACL},0
{I8A8-T9FU32HB-3095BIYG},0
{L7L3-X0CP90RE-5078ESEO},0
{M4Q7-G2KS14TW-5935JICX},0
{I3N9-X8DW99IJ-3062CUMM},0
{X0H9-M9CR76EF-6071MMRB},0
{M9U9-C3IO53PE-4548MUGX},0
{N5V1-J5UJ47JN-8855AEPB},0
{C1I3-S6DO92OZ-3471QXEP},0
{F0L5-J5BG78KY-5713IDEN},0
{Z5O6-D2VQ84OS-2742NEUF},0
{J8K7-C4AZ14SU-3291GFOE},0
{T8D0-J1CS71SX-3017HHRV},0
{Y5K9-J3WJ24TD-6260USDF},0
{J0H6-P1MC85FJ-3163DIAE},0
{D7M6-H9FL08FV-0900IFVP},0
{S9R5-A1AT02LD-0905WMXO},0
{Y6M6-W1JK40RM-9578ZPFV},0
{O1E0-J0UJ98ZS-4130CYFD},0
{E7V8-Q1UV13EF-8265YLFO},0
{K1W0-Y1TU79WI-2186IILJ},0
{V3W2-D3TA38QU-5713TTYW},0
{Z3M8-V5ZT17BN-5202JBUZ},0
{X3O8-Z8DD64OZ-3837CCAA},0
{V5G8-Y0UT55UF-0324FZUC},0
{B3X6-W0UT05DJ-6869KZDY},0
{H2D0-R3KG56TA-3011JMHN},0
{X3M3-W5HD22MH-2898MCQH},0
{V7T0-K3SA50NL-6419THWD},0
{D4T1-Z6EF94OT-3077ODHJ},0
{S9L7-P0DK13AG-6081ZUVX},0
{D4X6-K6RH98IJ-7906GIFM},0
{O9N8-K1UA08MP-3198HGVE},0
{N6Q9-Q7SC95PB-1376AEDF},0
{R5F4-M0KJ46WD-5628AOCG},0
{S3M7-H4ED37JM-8215FHDJ},0
{P1U5-J1MK05QA-5955EJND},0
{T7W8-P0LZ38MQ-1375CNGI},0
{K3W2-U9CJ10XD-1329LYAH},0
{Q6U6-J7WX92OY-5622XWXS},0
{G9G8-U8LM06GP-4974DAKI},0
{P6P8-Q1WT06YN-6805FPAC},0
{I2A8-F5AI87FC-4779HBCV},0
{H1M8-U4CY65XD-7287MHBL},0
{J7W2-X8IM08GK-0921GREL},0
{M1G1-L6JV91AB-5427GNCM},0
{Y7H3-O1VK32AR-3433ZBFI},0
{Y9K4-R8HY93FM-4980TGZH},0
{P7K6-P3GS88NY-5349DIYX},0
{Y7G4-G0JA16OZ-6715TGGQ},0
{B3Y8-K3TT48ZR-9666EPZX},0
{M9P0-R8OP07TO-2085BKWZ},0
{G1V7-O0OW78HB-4898ZDRC},0
{W7S7-X6WJ09MB-5642PIKO},0
{K3L8-K6LA28FU-1674AHOJ},0
{S6M3-Y1CP63JW-6628BEGH},0
{A3E3-V1QU07BB-1117RKCZ},0
{L1J5-N8UA01UK-4847WXAD},0
{A0Z8-T9QZ94QN-2394MFPT},0
{H7E9-Q3FB74QW-9609MAFO},0
{D0U1-Y7BU26QQ-3102COQC},0
{Z8P8-L0FD94MA-3297SPAN},0
{L2F0-S6CT47RU-9164YNIG},0
{V2T3-O8XX62FW-8026XBWW},0
{U1T2-L1WS55JC-6215MWHK},0
{H5C6-R8LE27RZ-9262KMNF},0
{L0Q0-A1PW71XL-2744CAIN},0
{X8E5-V6NZ12OM-1074WITC},0
{Z6D9-Q4XE22AG-4438GMFH},0
{Z5P9-W4YQ90AH-2222ZZEB},0
{X5T0-D0EA11YK-6580GDRR},0
{G8K2-Z8QI00EY-8719BOAL},0
{E4J6-W0FF28BQ-6498YEOX},0
{O0I7-D5CK25SJ-2140UXUJ},0
{K7R2-A8YY91EF-4972KFVK},0
{D1F2-R0CD36YW-3589EPJM},0
{P2M5-U6VS64NL-4301UTFD},0
{N4H9-R0AT37AT-4947BGJR},0
{U1Y3-T8US34EV-8392DICG},0
{U6M2-H8HE09XI-4176VQUL},0
{P0D5-U8AB00AZ-0605ZBID},0
{M4E7-Z2OD35TE-7848PVIL},0
{C9U6-X2JX30WC-3553DGUZ},0
{H3C2-D0NO34QK-9342MYUW},0
{C7Y2-Y3JR53CU-7723EIOI},0
{G3B6-I6GW59SO-2230BLTS},0
{J2G3-P3VU52FB-8809MZEY},0
{L4Z9-J3NZ30XA-9639OTQW},0
{W4O8-Z2YV29KI-8911LJDZ},0
{J1B7-S1OJ94NS-3541FIFN},0
{G1M4-C2CH67PC-8970ZYXQ},0
{Q5I2-L0OH03CP-2152MKYZ},0
{T5U1-X5BP20UG-3707EBZF},0
{V2P8-P3QZ15EY-1566OXTN},0
{U9B7-E2IC56VX-1053ZJQS},0
{B9N8-N3DN85VT-4478TZFA},0
{L9F3-V8UO13ME-0030HPSE},0
{R2I1-B4RT37LT-5782LFWL},0
{G2Z2-I9LI99KP-8765FNLG},0
{W0U5-Q9UL33EZ-8387DAMS},0
{X3M2-I6TY83QY-3585ZAQO},0
{A0M9-G2RQ92YJ-4412RLBI},0
{U5V7-P0TF51BG-1531JDHQ},0
{D6H9-Q7YK91RZ-0214GOEU},0
{R7X4-J2SV71AS-0657FGEM},0
{N2I4-R7OY81RK-5619BPLG},0
{P0D7-W8RJ95UA-3006PVNI},0
{N2F3-O4HD08RV-4905DQZN},0
{T6P7-S3KN63EH-5261PPZK},0
{C1O8-R5WA09PY-7093DMTA},0
{V8R5-W2RL15BM-8549WTVG},0
{F6H6-X4ZV94SS-6547QEQY},0
{N8G6-J0ZI13GK-9505CURJ},0
{K6N0-T4TH93LZ-5150DYIS},0
{I9E0-I6KW85SE-4148AEPZ},0
{K8J5-S5IY39TT-8699RDJS},0
{V7E8-G9AM99YK-4611XUBX},0
{V2L2-J7QB31UR-0857CTQY},0
{U4K7-X8AX63CQ-7975BNTC},0
{I3C8-G0ZY03EY-1320MPPK},0
{Q5R2-S7CH27AM-6668QXGY},0
{B5V8-T4QL42LG-5757HRWA},0
{L2S2-Z0BS25DS-2367CNGQ},0
{I1B1-Z4UW10FR-6469GKIQ},0
{P0W7-T0VB98OS-0318YXHH},0
{S3O1-O7GC84XR-5558TERP},0
{Q7Y2-J8IR19AQ-1800RBRA},0
{S5X3-O3LP99WB-4134ZQLI},0
{P4V7-R8BE50MC-7417EMEV},0
{P8R2-F6XC07QJ-7066OLIA},0
{I6C0-D2CI33IA-6181PWBG},0
{D5F5-Y2VW17OY-8837CQAQ},0
{W5K2-O7EI21NR-4035OLJL},0
{C6V8-R0IO42IE-1789NWGB},0
{E5M1-O7BU36XK-4256DXXQ},0
{L2W1-W0SN53FU-3113LARW},0
{H2K1-S6BB62OQ-0874JMUP},0
{N7Y3-G7JF36OA-7035WOOF},0
{Q4B4-L8WU29AG-6009OZKT},0
{L4L0-R0KI21BC-4162HCWP},0
{N9U4-F6VX21GO-5608AYDC},0
{L5W0-G0OS42IP-8011RVIQ},0
{P1G5-X0SB24MU-4066OCAF},0
{U5B2-I0OO10EX-2770WVHB},0
{N3V1-M8PD37ZX-5507XXPE},0
{B8B4-C3HL22NZ-8128DDYE},0
{I8F2-P7GL59VS-0404YKGP},0
{P0R2-F6ED37LH-8265BPCS},0
{W0T7-O4JV45XA-6308TOJW},0
{P6H4-D8SJ46IV-9255NIUA},0
{Y1I9-T6EM79NZ-8791NJEE},0
{G0Y9-K3QF78MN-7307HJFN},0
{K5N0-I5YD27EQ-0519GGJN},0
{M7U1-U8SG41QG-9943HSKL},0
{W3L6-M1UX98WD-8244YVFR},0
{E5G3-H4WX24JJ-9705WEKK},0
{U6V0-W0KT10ZB-9445EABR},0
{V4Y2-I4SO90IJ-3960EIHQ},0
{Z6M6-Y4CD29LV-6710PRLK},0
{U8X0-V5FB19PQ-8398GLHI},0
{E1M9-T3NT11ZU-6008XVZO},0
{Z6V5-U3YY15VC-3544GGZF},0
{U4M5-K0UZ19BT-6922UWMQ},0
{Z2G4-V1KU61CP-3236YZJN},0
{I0B5-I4HC67AR-4682OEKH},0
{O9P7-M2MO66JF-5872DNKY},0
{C0L1-M0XR12CY-0703ZAVV},0
{W1J9-B3LP54OR-3851FUNU},0
{W7F8-F5VE98DK-1869NFLD},0
{T2Z9-J0XM66MK-3444VNLU},0
{J3P8-L9WJ36JP-1384BJER},0
{C8X3-N0RU19US-7069QTKJ},0
{J4S5-J0OX53PJ-1663YGJL},0
{U5R7-B4VT96DN-6244WHNT},0
{N8S1-W6VD99JD-9473VEQD},0
{L9R6-V3ZV01BP-7109LLVW},0
{E1Y2-J9SU93UG-7670PVWT},0
{X6F6-X0OW29CO-6501PIYO},0
{Q6X4-E9CC42XQ-6832RHOB},0
{B5E2-Y9FM61UD-5254YSHH},0
{N3E0-A7CC81JG-8424JBRZ},0
{N9R8-O9KI84EN-2667LWDE},0
{Q0T9-X0MC62QC-6005CGOU},0
{A5C6-A5GW19YN-0503SEFN},0
{M5G8-J9YM99XB-6692NQVW},0
{X9X5-P7WU15FT-7646GDMO},0
{G0I3-K6WA84RG-6409MOKF},0
{X2E1-M7XV16IY-3563PUFS},0
{G1C3-C9OI17EX-2891UYEZ},0
{I0W2-Q3NF24BZ-9635FPSS},0
{P0V5-Z5ME27OY-8487BGGV},0
{X7E4-H5SO32QV-1905MVWV},0
{M4W8-O3WJ15BW-2775NIEX},0
{R4B8-A6ZW89BY-1875RNEU},0
{S4U5-P6CJ23ZU-6070YIEB},0
{Z5S6-B3XX78KY-0386WPGM},0
{D7E9-R2ZE65IX-8447UTSK},0
{A1P5-B1IH46VZ-5232YWXK},0
{Z5H3-P3CU33YA-7231TPDZ},0
{X6W2-V3TJ98WT-2088TNNC},0
{U5V4-X6TU25FZ-7780IKJD},0
{L7Z9-I4UL14VZ-6000JOZG},0
{S7F2-B6EL41RA-2089JRVF},0
{P9A6-M1ZP80LA-5677UVTL},0
{Q0M1-Y5MV67WQ-3549ELBT},0
{X2N0-A3RY71MC-8774GFLM},0
{Q5K4-V0XB73DA-5926BZYJ},0
{Z9D8-A9YR92TD-1198SAKF},0
{N6R6-K9CL54FV-3983HISF},0
{T5J2-W8GZ95GH-3628VVFP},0
{W5H2-Q8WD63PE-8396WABT},0
{L7O0-O1XM81UX-4155HPOS},0
{O7Q4-T8EJ52QN-6498XWMV},0
{O2N7-B5LR34EA-8644AZCR},0
{Q3S0-U2QD75IP-1089YHKH},0
{B7W2-U5VL93JD-9349JYUD},0
{U4D1-J1LH79QW-6707KWZQ},0
{R7R8-U1VK55OQ-3982JNVJ},0
{V2A8-S8FI00IE-3506YMNK},0
{C3L2-S3VQ30NL-6003TORQ},0
{N8B0-X1RN04HP-8382PRPQ},0
{H3Z6-S4ZX38NN-1599CXCJ},0
{V1R0-E6JF67MD-1705VFFG},0
{K6U4-A9FO88HS-9950CQPT},0
{C7M6-J8XM93TP-9607CSAU},0
{Y7M5-F3KM07ZH-1114TEUF},0
{I5G2-B8ES42JC-9707GHLK},0
{L0Q3-U6DY05GK-9079BBMN},0
{T5K0-Z6HD62CI-3674DUZP},0
{M6S6-E5QI63RN-1505BIVF},0
{F3Q7-Z1OI54VV-4454JSXS},0
{C2E9-H5TD10CW-5174WGXK},0
{V8R6-B3JQ39LS-5244QXFA},0
{E9W8-D8GP98YO-2281EZVV},0
{M2J0-K2QK27KW-3663IOIH},0
{Y1S1-Q4YN31PW-9370ROEM},0
{A2H3-L9GO03VV-2783DOBM},0
{A6P5-M5RX17QG-0389CBRO},0
{F0T4-Y9HJ37RV-8588VTTW},0
{K8Q4-N2IY41EQ-3632XVDP},0
{N6M5-G7HO09KH-2225ATEN},0
{E9W1-J0JS01OB-7438QDNJ},0
{J8E4-N3PD73BV-6983JIIT},0
{A7D9-C6IL56HE-6598VKUH},0
{I6R2-G8IS11KC-9595PAOB},0
{A9B5-A0CA28YD-8189GGGE},0
{F2H6-Q5SW68ZQ-1414ALBJ},0
{Y5P9-R8AZ44YH-3788DNPY},0
{J9J9-L6WG91NJ-4133MMPW},0
{K2N5-L7AM53PC-8743CPYO},0
{B4R6-H7JR90SI-1852ZGKJ},0
{A4P8-I8UW41GB-4484XFQW},0
{Q1F7-G0IZ53XI-4407ODDJ},0
{M9C1-H3QR48UQ-7154EFEQ},0
{S8U3-M1KM78OI-6009CJSA},0
{F2D8-Q4FR50JF-9540PQHW},0
{Q3P0-T3FS37WB-6711IQFS},0
{V2I0-O3CV72LW-9624BRSD},0
{J5D8-K9EU26KV-8366WWJU},0
{L5F8-R6DW30SC-4930EKHR},0
{A2F3-Z9NU30VA-8589NNJD},0
{E1C9-U2UP02AJ-2682ZCVA},0
{V8R6-J6QG56AL-7557ESST},0
{T0P5-F3IO01QW-2968NPYE},0
{L2B6-V1OU13YW-3584GZEF},0
{U7O4-Q9UE94EA-9630IEJX},0
{D6D6-C7FU61XC-2331KDNB},0
{S0P7-M8QP11GW-7890WDFW},0
{X4O9-P4VH90JZ-7199LPFW},0
{G0R9-F2LW89DG-0425MEJZ},0
{O2X3-M6ZL60CV-5824HOUO},0
{T2U2-D5XA69XC-6671BJTX},0
{B6K1-J5LI43GX-4055UFOQ},0
{S8J8-U6BA44DX-5447XNHU},0
{G8M2-F3IL07SO-2697LEGB},0
{M1W6-L2PX46VR-0332EYHR},0
{R8J1-F3MW81JF-4123RRUX},0
{F1H7-K0VC44WR-0839ASZB},0
{Q9H9-A1XB42PM-3886UGNY},0
{V9M0-Z8OM01MO-8227UNMS},0
{M1P8-O0LC36YX-0442LACH},0
{M5N2-P4RU97OS-9922RFXG},0
{N3S4-Q7NG73JZ-2785ULHC},0
{V0I1-X9LS08ZS-1426XBOQ},0
{T0C4-F2WF52OQ-3909JHVM},0
{D0L9-Q3GO35DL-3553SHWY},0
{O1B8-S1QV64GP-5630YKIY},0
{V3X2-B5US94SI-5342TATZ},0
{N8T0-M7AV46DB-9183IRKP},0
{I6O4-M4TI00MR-0314GYSC},0
{A4R6-E1JB08XJ-9616NRNX},0
{W9D2-J4MF43BE-2823WQYJ},0
{Q3H4-Z7VO36LZ-8356XCTL},0
{V1V6-H2GQ18KT-1767UOBG},0
{A6X7-L4KR09VR-9278GWGA},0
{A1N4-R2BQ46NJ-8495LRAW},0
{L5O3-G9UC76YI-9860CFWC},0
{A2G0-J7QJ59YC-5107FPMY},0
{L1U6-V2HW07JD-0518PKPS},0
{P1X4-A5CA36DI-1984JSJN},0
{N0S8-L9NY67ZI-8922LLAF},0
{X5O4-N0HX64RK-6072GNDU},0
{J2P6-W0QX14BX-9487ISRB},0
{S8P8-E9DC66WW-8937IWCY},0
{A4J0-Q2AK04MA-9883PMWW},0
{C8V6-B2XO36HD-4472IHJD},0
{H1H6-G9ZU05CT-1776YXPS},0
{H8I3-I5GY01RR-3077AUUJ},0
{O5E7-U8ZM62VB-8060PSAO},0
{X4X4-M1KX64FD-8997FASS},0
{O2A3-F4PY03LL-5150ETAQ},0
{V4W7-L1YK76LU-8899ACJW},0
{Y1O8-L8GH69QN-2090HNUM},0
{W2W6-U6SN29QC-7310TAVY},0
{E9B3-X4JB49ZO-6675RYHI},0
{G8P7-W9QE22YS-6470BICK},0
{M3G7-F4UW59LN-0809OKFL},0
{J2Y1-D1II11YH-0392RUHW},0
{Y0V9-F2WJ18QT-5721RDRN},0
{F3O3-Q1XG02EG-3917YLSL},0
{A7A9-T8HZ45RP-1151QIEY},0
{A9D4-N8VD25ND-7259RZZF},0
{P7S4-H1LY29UC-7561ZJRG},0
{Y3X1-D9YW98WN-2655UASD},0
{V2K0-V5HR07FE-8211XOSP},0
{G6J1-L6QC97LB-0206RAQI},0
{Y3M2-N7HY03CD-0701FLRA},0
{B1K3-D1FU13ZB-2563EPQZ},0
{O5S6-U1FI97WB-2228TMDA},0
{O0R1-L0VK90QQ-8225CNOU},0
{E6C9-G2EP69EU-6546XAXH},0
{G9M9-O2RV98JX-1310HGUR},0
{W1U9-T5NF49HA-5524QSQH},0
{Z0U3-U7ST91GR-3235GIDQ},0
{N0W4-Z8SG74QC-8926WQPO},0
{L1T2-Z5SA60NE-6003WGXI},0
{Z3H0-Z8EM15SA-9183HHUO},0
{M3D0-N6JY10OG-2740AXBQ},0
{N9E0-G7JQ70GB-5759HDDS},0
{A3M8-Q1IH01BB-4585YJTE},0
{X1U1-B8KB22ZZ-3041RSYO},0
{G7N9-F2IS80KK-2796HLUA},0
{M6P5-L1ZD21CJ-0643AMEB},0
{K7F9-A1IZ64XY-3908DCFF},0
{P1I1-J2WS59QQ-0498FJQU},0
{Y9O1-G6UR83VU-0983NIFL},0
{C5E7-D3VO06BA-4504JOXG},0
{F0T3-L2ZN32UV-2901GBBW},0
{M9U9-C6YA63WA-4552WPVG},0
{L8I6-P7OK75SJ-3995KMNQ},0
{U8P8-V8RE40UB-1681WWPB},0
{Y9Z6-L6EO60JF-9235FQOA},0
{M4A9-W4ZD23ZG-6995SJUB},0
{A0S8-J3TE79WJ-3876YZVI},0
{Q5N6-A9RJ20GI-0563HBBN},0
{F8P6-W1WS70VE-2070IFBT},0
{G6L4-U7EK89NO-1450ACLL},0
{F8D5-I6VC45NV-3762EYIT},0
{U6I4-F7XX67YU-6085NPRF},0
{I2U2-V3PH17HI-8443APQY},0
{C1K7-D9BM16HQ-2760UPQD},0
{C7W9-J4OA04KJ-0033MXIX},0
{A5D8-G3WJ50FT-9667HSVL},0
{K2J6-J6QW22ZG-4973JBSD},0
{X7Y6-A2RF01OJ-9074HZSU},0
{R5O5-A6DY60UV-1539BFVH},0
{G7G4-Z2HT73AT-4918KOPG},0
{I2T6-P0IK96CC-9079RQDS},0
{F1Y0-F1ET49SV-4773MGID},0
{F9Z2-R2TL57GG-2195HAIP},0
{V3X9-F1XL30AA-7231WJTF},0
{C3G2-I2XH66FN-5059VUIL},0
{C6F4-L0SF20MY-4166JWTW},0
{N5Y3-Y2DZ19MA-1207BPPX},0
{Y9U7-O0FE16UL-5488TULK},0
{F6C0-T1QC32HZ-8424TUFR},0
{Q9N7-I4UB78XA-4015WGRS},0
{Y4A7-V2LH84MK-8432FQHL},0
{R2S7-K2VS82DL-1611DXCA},0
{B7F8-E6GE25RD-3449WAQU},0
{O4U1-K1YE00BK-4774GLZV},0
{O1R7-Z9EY44HQ-8043YGLV},0
{G5A0-K3DT89SE-9161HTPW},0
{Z1V7-M3OH75ZU-5936TKZE},0
{R5O5-P2SW84MJ-6118ZFER},0
{U2B9-Z5UW62NH-1951CRMJ},0
{A8H1-R5GZ15QN-0253JLRY},0
{L6A1-B8EC59IP-6498YQQV},0
{A5H4-D6YA88HX-3343EBGW},0
{L3Y1-L3HI18FU-0797RONI},0
{M7O1-H5QE43NQ-5958ZONI},0
{E8U7-G1BX77UB-9331VYFF},0
{L4F2-P7GR18KE-8435UMIH},0
{F2A6-Q0OE67TZ-8645MLGN},0
{Q3Z4-E8FF50DK-8058GTYT},0
{H0U3-U2VM15HU-7856YXOJ},0
{C4Y9-N7DT95QK-6639YFJU},0
{M6B3-M0GF93IM-7249JOBN},0
{P0D7-P6HT39VL-3058JLEQ},0
{F9E3-L6HU94UJ-8127YIHA},0
{Y5H2-K6FM66UL-8828NOKG},0
{S4Y3-C2OP58MM-3305BOZL},0
{R3N8-H6XK64EG-9968GGXY},0
{P1G6-F5MG14JE-8001ZZOH},0
{J4J9-A2YM43AC-6704HHVL},0
{Z2H8-V9SR53PW-9142ZIXN},0
{E2J9-O0ZE66OA-4818FGTX},0
{L3S4-Z9HR86VY-2623FFIM},0
{F9D2-N7PK02BH-8669BIYB},0
{H0A3-I5KC03YK-3903TSTA},0
{J7Y8-J7BW89EE-9175CMYS},0
{T7N5-K9LW18VW-9464EXZG},0
{R5I0-O7ZD04PS-2036WQGE},0
{W2L0-N8IE60US-7024JKAX},0
{S2Z0-Y7DD94OZ-9398UNQO},0
{E5L4-D0XE96DK-7506ZBKV},0
{Z5S5-L0FM90GE-4396NTSH},0
{G0P3-Y8UU20GH-3661BJZK},0
{C5E3-B0NL15MV-0032NJZS},0
{Z6E2-F9RJ96SM-3691XMAG},0
{Z3B3-A1FZ18CR-8955YVQK},0
{J8F7-S6CX03MJ-7680MQLU},0
{D6Q5-R3GE90NF-6575OGZZ},0
{M7D2-Z5WG71VN-4256DJHM},0
{U5M0-G5WF56QN-0805FROS},0
{C9H3-O7RB60EN-5948FWUA},0
{J6B2-S0SJ18TC-4152PKDE},0
{O9J6-G0SC83VP-0567UQWU},0
{E2M4-U7UM95JG-6552JBYM},0
{Q4S0-Z3HY46KQ-0859IJBE},0
{Q7C7-T6VY66HS-9829EYLD},0
{E2K5-W0XO40BY-5717UWXN},0
{Q7E7-Y0AH32MG-9177UYFC},0
{O7T8-Z0LG79PF-3742MXSV},0
{H5U2-C3BD54NU-8556RRBC},0
{B2D5-I8JE78TM-7225UFUM},0
{V9C0-H8XF84QV-5839MWLA},0
{R0V8-Y8AQ81XR-0210YRPQ},0
{F5D2-H3GA86JB-7075PSWT},0
{R9B2-G3OY76KB-8381ZUAL},0
{M2K2-L0XX24QK-4536PUQX},0
{S5Y4-M9YZ73VJ-7116VUCW},0
{N5U9-G7GB13ZD-2931EOBO},0
{T3I8-A5OE40KW-4478RPUS},0
{W3A0-L8HU56UK-9317DGYL},0
{B9L7-A4HU62ZQ-2957PBRK},0
{U4W4-G6XJ41EY-6337SDNL},0
{P1V6-U7RY47CY-2582ONLL},0
{R3L6-W0BQ33PO-4990TOXZ},0
{N5R0-Q7EB07GA-7670ALRR},0
{W9G9-C4ZU66QA-6900LXGB},0
{C0K6-Y7ZE77TC-7269IYUL},0
{A7I6-W5GV48RQ-3860CYOE},0
{B5H5-Y6QV42OO-9855LZXL},0
{H4F1-T5NQ80WT-1049PQFK},0
{T3E3-N1TO96RM-0840VPSR},0
{Q2K4-W1EK70CZ-7084JJUY},0
{O7L4-W4WU13UU-3881KUBL},0
{I8Y1-K9LM73FC-6107CPTV},0
{F2I2-S3TK20LP-8034IILA},0
{I8F6-B8MZ45HN-5045UXLL},0
{L8A3-W4II19XT-3578LPRP},0
{B8U4-D8SR47AN-6401HQIH},0
{P5B9-I8MU87DX-0287DDTB},0
{H8A4-H6EM07MT-1626DKWZ},0
{K9H3-Z6DZ68BZ-0532GJXA},0
{Y8O7-J8RN24JU-1563GCVD},0
{W5S6-B4FR28EO-6365UCSF},0
{F3K0-V0LG72YU-6858KHNH},0
{S3C6-Y9RL05RR-3579MBZN},0
{T6E6-C5BJ91JN-8523GAKQ},0
{W9O2-K0RW54TB-1071CSKD},0
{A1N2-X2MG59AO-4068SICE},0
{K7B2-J0ZR54II-2588FNEN},0
{Y1I3-A9GY29ON-1640YMUL},0
{F6K9-Q2JX61RS-2310RZET},0
{C9V3-H0LN83MJ-6219DFSP},0
{R7L4-I1UK43GO-1330ATUU},0
{S6H6-F9IX37KJ-2362UVGI},0
{N0X4-A6DA43QZ-7879YDRX},0
{D4X2-V0PD23JK-4912BJZG},0
{K1R8-J5AK35NT-3125IOQG},0
{Z6I7-B8RJ45FC-9529QXTO},0
{Z8J6-C6RU01US-4818ERZM},0
{A7H9-E5QE47BX-5369XTVB},0
{C2O8-G4FL14EH-5047XJIW},0
{E7N0-N5SV41LR-3579KBCI},0
{J1P4-P5MZ97OJ-2769YGII},0
{T5A8-S4LQ19WD-8200QGLS},0
{B3X6-S1PU31BN-8877CARN},0
{G8M5-D2QM06MT-1188MKKK},0
{R4F1-Y5XE86ZJ-1295QNWP},0
{D2Z9-V1DB92FE-3198UUZG},0
{P2Q0-C7JR76QQ-7727GRPH},0
{W8P2-U8RJ20MW-9152TKJP},0
{U1B7-K7PU66OG-4543FYTH},0
{N5H8-K0HJ67SR-0598RSGG},0
{S2G3-M6BD92WU-5176YIJU},0
{U1N0-X6QD38KD-9881NGBV},0
{P4T1-W1AD65VD-7771LTRF},0
{I7S4-O3KV60OM-3617GBRE},0
{P2P1-U0DL79UL-7891EAXI},0
{Q6V5-P6KL61GQ-6927XVSF},0
{L1B8-U0MP69XK-0938PYTQ},0
{P0M2-D7DN35WV-3912ELNR},0
{P0S5-V6WC40SY-0228UDWM},0
{V7F2-R5NU87OB-8094YHYW},0
{K3G7-A8MH01SG-5897TTHZ},0
{A1N6-A2WG69XY-1115PEYT},0
{P0D0-Q8NA66NU-5843DFCI},0
{N6C5-A6GQ74PF-7037BRKG},0
{A2X8-W0WL81HF-7947FGCW},0
{H5R0-O5HN82OD-3964RYKO},0
{T8M7-W0DR78SH-1470JLEJ},0
{Q4N2-P0TX65KB-6759GVJS},0
{W2W3-T8ZE12KV-1158KJXJ},0
{S8G8-B5OA73DM-6012BSWP},0
{L1O1-L2SW75FI-8123FACD},0
{I6U4-Q0CS38NY-9670AUXQ},0
{Y4Z8-E3TR06KW-8751LQRA},0
{A5G7-W6UE41YG-6234ATNB},0
{Y4I2-R1VV25CT-2952LDZI},0
{V9C2-A7YT98XZ-0590RRVR},0
{L1R3-G4BM26AY-6623JWZA},0
{C1X7-J7ZH50PL-4736LOGY},0
{M8R2-R0PI10YA-3725VCBO},0
{J1S3-K1VN94LY-2592VSVQ},0
{A6T0-P7FB76WQ-4704GTQQ},0
{L0S5-M9MR89ZZ-9294IBTM},0
{X2E6-E4ZT91ZK-3229MFSD},0
{N7L4-G0ZS69CH-0993EDFE},0
{I8I2-U5SE85OE-6972SFSB},0
{P8L4-L1XU45QT-0166GIYL},0
{Q8I9-C6KF32XA-0389JQZL},0
{R9W5-I5JH12AS-2155BQJL},0
{G9X6-E7FX78EW-6835DJQL},0
{T4W9-U0YH48SX-8213NCKX},0
{H9V3-C2MW00YU-4624HETQ},0
{O9K7-I6BT51UT-4495PQEP},0
{R8P1-Y3VC64XH-0979HXZI},0
{P4J5-G9CG17DN-1844TLHH},0
{I8A4-D2PA21XW-9844KYEV},0
{Z5B2-E5CP73ZV-5252YRGB},0
{H5B8-G1XG42LT-4754FMUX},0
{J7T7-C4ST63FJ-8639QNFD},0
{U0C9-L5PW79EW-5535SMVM},0
{W0M4-S1GN27AX-9080ZPDB},0
{R2G2-Z4WO43PX-5437JFJE},0
{S8P2-P1JX75XO-4162NQTE},0
{F7U5-I2BA09BB-0539CHXR},0
{F9K0-Q7YC91GP-0281LCDD},0
{Q7L8-Y4PL29UD-4828ZEQY},0
{E7Z9-V4NX23AW-5423NPBE},0
{Q3F9-M4DX99PE-0344HIJH},0
{M5A9-Q3PX00SD-7382OGUP},0
{R3K2-G6JV92MN-0070CZJK},0
{P0Z9-Z1VB70HZ-2494ZXAT},0
{U2I2-K0BS17EC-6153ZGQV},0
{Q4D5-B4SS11SC-8923EHBW},0
{M5U4-E8XW98SX-2660UZLS},0
{M3G2-R8BT44IF-0031HUQB},0
{Z4N0-L6UD37KO-4520JTLN},0
{U3Y8-S3SA11EO-8051LISP},0
{Y5S2-I2KJ39GW-7793JKUF},0
{G1R4-U1QT35EZ-5152RAYE},0
{X6V3-N4YE27BE-0050RKPG},0
{C2M7-G8NS85XM-6005THQB},0
{U8S0-S8VZ76NK-1384PHVM},0
{U8C5-M3DF61VG-5707RAJE},0
{R2Q3-L6NB97ZI-4312RKGP},0
{S4V8-F4AJ93RV-8509FBIL},0
{H7E0-C1MY02MK-2444ODHT},0
{M7L1-P9GQ70CW-9784BTXS},0
{G0C0-I7QI47AK-0390WHFS},0
{W5Y5-T1ZO66SJ-4092XPGQ},0
{L0T8-A8FT40UM-3719IUEF},0
{M2I5-Z9OL24EG-5344TSGS},0
{L5Y3-F1FU35SA-4022RQUJ},0
{E9A1-E1JY80XM-9308DPNT},0
{T4T2-V4NN19FF-0688HMYW},0
{J8U2-D9BI68DK-1925FQST},0
{E0X6-V7PO28GA-3164LULJ},0
{B6B5-C6HV71EP-2592OOUH},0
{X4C4-G2SN78HY-2604CIHU},0
{L6F9-A6AY73KP-8077LUKY},0
{A0O8-R7RP15KW-7250RGWW},0
{V5M9-R9PE32CQ-6442MFJT},0
{Y4S4-Y9QL79IM-5379DFAQ},0
{S6S9-U3TU53OK-3607QAQW},0
{A1Q5-L0KD69JE-0005NMWR},0
{K6M6-C9VZ97AX-2507HVSF},0
{D3F5-W6GO52KW-2448LTWW},0
{U9G2-Q7HE89AA-0992OCFZ},0
{B7T8-S9XF56TY-5905QEAV},0
{S1R0-Q8ET86JU-6909FNNB},0
{D0L9-Q4VG94RU-1316ZGPA},0
{I0S2-O3SG24QN-6417NBKD},0
{I5O1-O0OM57CC-9185XNLI},0
{A1A5-K2BX51OH-7855RAHV},0
{U7B0-X3JJ16VT-8140WEEW},0
{R5C0-A3LN48JT-9981GQQC},0
{Q5X4-P9CO23NV-4362YNNS},0
{L8K1-Q5YE38RZ-5173EXYC},0
{W9L9-C3EB29BH-0117VHHZ},0
{V7U8-G3NU27UF-2450UHCV},0
{T7J2-G7VT06SU-4968KWHZ},0
{V8J3-N6WF39YK-1329BNKQ},0
{D9S2-J9JE16PV-5154DALS},0
{E7V0-K0LS87ZN-6397XRVC},0
{M0B9-W8GU79II-0307AWGD},0
{G4O8-W2XR64FG-8701PSMH},0
{C8C1-Q7QP15XP-9362LCSA},0
{A8B9-R0CQ81GM-4944BKVF},0
{R7Y2-W9BA31EM-1143GLSP},0
{F0G4-A7VQ60RA-4319NCPA},0
{W4Y0-Z8MW23IP-0375BJZM},0
{U8Z8-F5CA24QC-1234LOHR},0
{F8P2-C1NK94ZU-3258MGWZ},0
{H4B8-R3AW78ZR-5755WSKM},0
{J2W2-H5QY35KI-4485RAKD},0
{O0C1-N0UW15GR-0261JOEQ},0
{R2E8-E1KQ59VB-2918VFJI},0
{O2R8-Q0JP27XP-7543MRVA},0
{N3B9-D4LB77MO-8719RAVP},0
{H3G2-E1WH57CN-0161QNWK},0
{V0I3-U7EW46YI-7311YSFS},0
{A9H1-T8ZF97OW-4944RQPA},0
{S1N8-K1GT28KD-2570VKUM},0
{A1V2-B6QT51TX-8489EFCL},0
{B4K0-R0IE47MM-1195CDNH},0
{N8Y6-Z9AU78WY-6577JXGE},0
{L5Q5-N0JP23YD-0190QUAX},0
{M3H6-N4BH30TB-7427LIQW},0
{N6O6-S8AE79HX-6333PUWY},0
{T8D2-A2EE84NK-0266RGPW},0
{T8M2-U2VM84YM-1988IJHH},0
{N6R2-C2CR46PW-0708TVAD},0
{G1O6-E9RH90OG-9293LZVV},0
{Z0W0-B5MJ09AB-7556YULD},0
{B8G4-D3TX06ZM-5134WNZS},0
{B4L2-N4PH54JX-3311HMSP},0
{G3O7-C8JF01MV-2087NOEZ},0
{P4X3-M5JQ71OO-4512GERS},0
{L5J2-X3CH80MR-7168GFLP},0
{J4K4-G5DH85NH-4380NKJY},0
{X4E3-D4XV85MQ-5231KSYQ},0
{U9Z4-K3DA89FD-5168IXTE},0
{C2Q4-F9OS01MH-2832FUAP},0
{M5Z2-G0NS50RB-6986CRDL},0
{I8A2-T1TW21NB-4283OMAO},0
{R1M4-N3LY62ZL-0236TVKQ},0
{J9V6-I7CD62GT-3001ZWYU},0
{E5I0-A7TQ59TM-5947GBJT},0
{S5J6-Z0PS67MZ-7909QKVR},0
{J8N6-R4GJ50KA-9242JZOL},0
{S7L9-H2WK78BM-5603NHOE},0
{U6N8-N4PS79ED-5090HIRM},0
{X5K1-I4HR34QE-5385TJPK},0
{R2Y1-I3QG83XP-3092OBPC},0
{R7B0-Z9WO47ME-5164CWND},0
{Q0U0-I5HZ52NO-5848DUUD},0
{J9A7-H4EJ51FM-7931VXOA},0
{U6H5-E0PF60WJ-3543EADD},0
{Q1A0-V5HJ25DL-4223PBFR},0
{X3X1-U0NL59EN-4552JNPX},0
{J3S8-X0DZ39RM-9970XNNP},0
{G4D2-S4FO63KY-3274ENZM},0
{G5E3-N6DT45TJ-5229YUVO},0
{U4S1-S6MN42JV-7466FSGS},0
{F6O0-B5KS97PZ-6143BKLO},0
{J0N9-I9MW22PW-0140MZCZ},0
{K7T4-D4NT15XV-9657KBQU},0
{H5U9-G8IR97YL-3324QVKL},0
{W9G8-D3UD04GR-0507QPFC},0
{D7O8-L9UK05NW-5298EAQZ},0
{W0O8-Z5JY37LD-6842UZZU},0
{W8P5-I2HL73ZH-7170HZDT},0
{M0X0-F3OW12BH-7453CBFW},0
{D4V6-O3QF30LK-5667SGVH},0
{D3A4-R1HG86AB-5613RRKK},0
{C7T0-U0KU13DR-0349YRLH},0
{X6B8-A2JS88OT-0840TPXW},0
{V9B5-U2RA25YA-8722WQXH},0
{D5N6-K4NU30FF-2761LVSH},0
{Y5G6-R8XZ27DG-6175ZFYO},0
{S9Z7-A1EH14AB-4977WRLT},0
{G8Q8-X9YC81KI-4106POUN},0
{Q0Y6-C0UZ82HW-7069DYPM},0
{V5G4-Y5SE54TZ-4657JQCD},0
{Y6M2-I0BW05HB-7629ZTMW},0
{F3A4-C0EO76GM-3835DRUJ},0
{X5P8-R9BQ53OV-5936JJUS},0
{D5J2-H4HH08YL-1246HFRY},0
{K9F6-J5OQ18AT-6654ZMKP},0
{U2U5-F6HH42OF-0470IDMC},0
{S0Q4-Z0CZ99LX-0637UGZG},0
{X6O9-R5CU31TY-0014MTAL},0
{X6F8-V2WS85SN-9232OJND},0
{Y3X7-N2UM33GD-0305ZNME},0
{W9U4-V1LG02RE-9961WWVN},0
{Y3R3-I6IT70NZ-5363YOAW},0
{A9S8-Y6WY70RX-8485XNNL},0
{W9X0-L7LI08BN-3003HEXA},0
{O8P7-S7XA55ML-2455VZQD},0
{Y8V3-B1AK22RJ-3214EWIA},0
{I0C0-T3GN23NM-9345JGGO},0
{Q7S7-O2CI73OH-9511UOPD},0
{E0U8-S5GC12XN-8578YAKT},0
{Z2K8-C9TB36ZK-7466TJEX},0
{E2A6-O0SG53HH-9359YVJE},0
{G5B1-U3QM55CM-3772SIEV},0
{W8F4-H2QM12SA-1921UTGE},0
{P8J9-J7DM89BU-5906SSPK},0
{J8O7-I2RQ88RR-4836MNPL},0
{J6Q7-G1XG11MI-8538GYAJ},0
{U9Q2-G3PH50TA-4391NFEY},0
{I7T6-R3CC53QJ-1218PFKC},0
{L5R2-H5CU54DQ-8817WBAX},0
{Y2L2-E0WE85VX-9367IDSK},0
{D2C1-F9UU91NO-7116KRRD},0
{M3W2-Y6DI09KX-7136HDUN},0
{Q9F2-X3EQ65GP-8300ZFCW},0
{C8E1-P8VW59GP-2462KCQP},0
{C3S2-C9KX22KX-6002MMNQ},0
{N8X4-T0LE75RS-0452DMJZ},0
{K0V7-Y7KF64HF-4592IGWX},0
{I6Y9-S0KO28PN-7670KSZB},0
{H3R6-W3VD57ZR-3872ZDOO},0
{R3Z5-E4JL24FF-1211UJNG},0
{P2D7-Q1NL59UP-8073LKRB},0
{L3Q4-Q1FJ04ZG-0528MMPH},0
{L5K0-C3OW71BI-5762SHJK},0
{A4T3-O0OV14EC-2892QTHF},0
{I6C7-D1UM33LR-3469YJYB},0
{Y3Q8-D9BJ95WB-2094YJEG},0
{B7I1-Q9UY64OQ-7651KADT},0
{N8V7-D1HU47MS-4831WZOC},0
{E8O6-V5EO31TI-8863KNHQ},0
{L2F6-H0SA53MW-0516ANCG},0
{B3F7-C0AF83US-1523JIYL},0
{Z0V6-F5LY32NT-1878AVMR},0
{N6N9-T4ZT36FL-9650ABVA},0
{A3O7-U8DY54IP-7762PXSI},0
{T4T0-C9GP73CR-7785CJEC},0
{A7C4-P5SG63WB-0506NYTY},0
{G9D1-N1WN78FU-0412EMZT},0
{V4V9-A7ZS31JI-6098YWQW},0
{A5J3-D3OZ08SF-0070HZOG},0
{Z1O8-P3GV64HH-5371DNTM},0
{D0R3-U6NW33CK-0694DYYN},0
{Q0L6-Y8GU96FQ-0290RUDP},0
{P4N0-E8XD20JO-2896DIRC},0
{P2E0-X3XZ14ZT-1144YYBL},0
{F4F9-H3EW13IC-5081ZMGV},0
{Z7F7-Z6YS77BZ-2586KWFA},0
{W1O8-Q6AQ84BF-8123OKPZ},0
{C2S8-V6GP78YG-3085LNLJ},0
{D0O6-W4KL78ZJ-4722YVCZ},0
{K4R5-Q2LJ14WN-4675FKMP},0
{M5W5-J8ZA24SY-7277UDTL},0
{H0F6-R9RH58LZ-4610IVJS},0
{G2E5-D4GJ93LB-7885VMYY},0
{F2W3-O0PR50DV-2350AKDL},0
{O7G4-T6FL53TS-1156OIWT},0
{Y1V5-I7GC38KD-0867TFHT},0
{K7Y1-F2LA90PV-3324JJIW},0
{A9P8-I0FE54FP-4987DMND},0
{Z8Z4-P4HA41YL-7905QEJI},0
{G7B6-U9OG44HJ-3739JNXR},0
{Q2X7-P6ZI17IP-3871KAKN},0
{U1N9-K3CJ45GW-1078RDTI},0
{R3R9-Q7AZ09HO-8856YNBU},0
{T7O7-K6SW85LS-4551SBHY},0
{M0O8-T2HZ38FU-3938WEXB},0
{P0W0-U8OO64WB-4940ERFF},0
{X2W2-O8RN21QF-7783BYWD},0
{D2K7-H7CR90JF-0629RSPL},0
{S5X7-W7QB18QO-0895DKOE},0
{U6D8-S2OQ23KK-0290ZRMF},0
{W4U1-B9MO28ER-4619XPQF},0
{N4T4-A4VJ20LK-8022PVLO},0
{K7A3-V6UK77UI-0707GSSS},0
{W9W6-R3ML43MZ-2418WPWK},0
{D4D1-M6SZ73LJ-9191TUEE},0
{R3H0-U3IL56MH-4450CVBS},0
{Y2Y1-U8OC27HV-9354BNIC},0
{W7X5-R7WP93OX-3076JXVL},0
{R3H9-Q6TI11AE-8377DUUF},0
{H3P2-N7GO06AE-6787DYFZ},0
{U1Z4-N0OE47DD-9559JEHQ},0
{U8V5-S4BK63LL-6678ZCUF},0
{R6P2-N6KV17QN-9957CYVB},0
{M6L3-N2UF36AG-4915BPQM},0
{W6R8-O0KP62DZ-7837RMOB},0
{S0G2-K8HG19IO-4588CZGD},0
{U9D0-W8FM12HU-4588QWLB},0
{U6X9-Y2CY26II-1395AQHH},0
{U8V5-G7UM37PG-2554ORSR},0
{H9F9-S9QL53RO-3068NKNZ},0
{F6O5-M1UG45YB-7903RDQY},0
{C3S1-V5HU49DN-8059YKXC},0
{Q5Y1-I9CJ45MQ-8529DBQE},0
{J7E8-H3IZ07AL-9727EMHL},0
{A7L5-X4ZV66NY-7586CUEM},0
{Z8U6-I6OG19JF-7317VEJF},0
{S9Q2-Z8XF38LT-5222XHYW},0
{E9V9-Z7HN01FS-7722KMOI},0
{N6X6-I1XM53YJ-9025WJZH},0
{A3J7-A6JA59PG-5104LUXX},0
{P8L7-L5XZ71HX-3288XVOH},0
{E5Q8-U3CS82ES-5542RGFO},0
{H0M8-D3UI30GB-8782HAKG},0
{M9G2-X1CC47PI-3176MJRA},0
{T9N5-X8MF87KR-1790XCML},0
{E8W3-R8YT43XO-3610ATEZ},0
{T9C4-K8WS61MQ-8534FJIP},0
{A7E5-F5HR28FS-9977CBEX},0
{Z2T2-W2ID45MC-6457SFGX},0
{T3P6-K8II20QT-8052STCE},0
{D0Z6-T1RB06GN-9184BUDA},0
{D4B1-Z6PG01QS-7280EYRN},0
{D4O0-V4JG43QD-9779URUM},0
{D3H2-K8ZQ22SK-4847PWKI},0
{I5L0-W1FI99DD-1111FBOC},0
{K2L5-E7SB55MG-9118RQOA},0
{Z7M7-W6ND79YN-5979IORD},0
{J9O9-N1WJ49ZF-2192TRVV},0
{D1I8-X5VU47YP-9536VPQG},0
{H3E9-O3ZP26NK-4444CAIE},0
{G3O2-E0HI56CR-1445SICQ},0
{B1G5-G7QP54EQ-7658DFXK},0
{V0F1-G0HU07YK-6647EXWL},0
{G4R3-X2YJ17EK-9163QENO},0
{J7N8-C8IL93PU-3425RPPT},0
{O2K5-J6HH09BE-3020DJKC},0
{S4V8-R1TF90AJ-8143LLER},0
{H3S6-M6RX88HZ-9144GVPT},0
{H8A6-I2JJ54QP-9848MYJP},0
{K1P7-C3WD96FN-4617GLOP},0
{A7I8-L3JM82MJ-1423KNPX},0
{G5F6-N9RW46UN-6485QLOL},0
{Q0M3-E8UK47CC-9591UEBA},0
{Y2W2-Q4LO50QD-1853RKFR},0
{L8E5-R1LS08GO-2834VJRD},0
{C8F8-O5AH94EX-7405QKWK},0
{B2Q0-F7UH09WB-3850ERDL},0
{H0V1-Q4UC61VC-8353OJRY},0
{E6P7-K7JR37XC-8491KPNK},0
{S8I4-X7PE50TZ-9645ZNAB},0
{Q5O6-Q4GB36MB-9270GLKX},0
{G7R5-I8KW70RJ-3906YTUC},0
{V0K7-H2RO71TH-5839AAMF},0
{O9P6-X6BG24NA-6695HFXW},0
{C8K4-Z6TP22QD-1523QHUS},0
{M2M2-K8LI97OP-6674IWEW},0
{C3A7-H1NE69FR-9744PJFH},0
{D5N9-X1PC34QP-2223FDEB},0
{P1G1-L3VJ20GS-6570FOWI},0
{Y4E9-S2AR71QJ-4723MIUC},0
{O2O9-Z8WY39DX-0352OULG},0
{M0B1-R7VK10IK-3259OBLK},0
{D2W5-H5MF86SD-0138UKBG},0
{Z7I9-X2PV82KQ-6293XKKH},0
{O0F4-C7LG19IM-8145JELC},0
{C1K0-A3OV21TB-8705KEGQ},0
{L7W2-R8KG14NN-3915ROHR},0
{O5Y6-P3PV86LW-4670ALPA},0
{W0P7-U6GY02HG-7398UQLQ},0
{E8C9-Y8NA06TO-3141HKCW},0
{F1W8-U8MX76GU-6508AYSM},0
{O6M2-Q8ZN21XW-5079BSRL},0
{Z4N9-W3FA54TE-4417TSRI},0
{M4L5-S9ML41SF-8426QOML},0
{C1J9-B5VX16PG-1315YXYT},0
{Y0K3-F6WF94RU-5487YSEY},0
{G8Z6-J1KR74FC-2123COQL},0
{W7Z9-O0YB54KG-8525EKPG},0
{G3U3-N6SW40HY-6735ADXZ},0
{C5W5-D6OS79YI-3590YGTC},0
{Q5U0-W3OC30AG-2224JEFK},0
{N3C2-B5GD37ZY-5285EZVB},0
{C7T8-K4FL48ET-3287WGUG},0
{S1E9-T7AZ00SJ-7535NIMP},0
{O2S8-Z3WX19AE-9659RUOV},0
{A5C4-R7ND65SP-2824EIHZ},0
{E7X8-J0QP90TK-8799QWEW},0
{G8T6-O8WD39YE-2445FREA},0
{K4U8-O8IX87OE-8064TBYJ},0
{I6U2-U6FQ25DJ-3038DKGE},0
{L3F0-B6WX59GN-9417PNMJ},0
{G8U2-S9PO31GB-8653XJKS},0
{H9F1-I9BX79KJ-5932ANYL},0
{P7P9-A9DS12PZ-6378NNAV},0
{D1C1-U8SF01OV-2303HCTR},0
{C5D9-U1NJ92TY-4075YGCQ},0
{A7B9-L4ZP36GR-9188IKYL},0
{J2W0-F7DC22YU-5283OGDG},0
{X3P7-A7ZN73AA-0015XNUS},0
{E8M3-O3KN76JJ-4823SVMN},0
{K8J8-K8KC84CH-8444AZEK},0
{I1C0-D2HF91WV-9407OJOD},0
{E7G3-U4KA81DP-7229BOKO},0
{A2B7-P4HX60WP-7666AQWB},0
{J2Y6-A6UH14RL-6462QUXG},0
{Y2R6-O8KW80XG-7986TDZC},0
{R1M3-R5KA29YZ-8095KPFB},0
{G4P8-D1JX04FS-1648VGPF},0
{M7N5-O4CZ48TN-6474MEGD},0
{L1H1-X7OZ87QA-3323DWYG},0
{M6D0-D9CT35ZK-9578HPIG},0
{U5C0-T8CG06JN-8070MTQF},0
{O4E3-P5OU07EB-9047FMAR},0
{D5W0-S4RZ10SF-5842OQUO},0
{E3S2-E8FT80NN-4384XVPC},0
{R1V0-Z1VC59SC-5730UVRV},0
{M4C6-I6EL24VY-7238ANBH},0
{X1K7-O2JB92BJ-2867XLMB},0
{I9C6-S2WP33BW-6156ZGGP},0
{U3F1-S8EF32XV-2697UQVF},0
{Z5G2-K0UB87BN-3086QHRZ},0
{V7Y5-T8WG97HW-4138QQBW},0
{K9N0-N5AV58BX-5725RVRF},0
{M1M5-C4YH70WU-7477LRGU},0
{K4Z8-G6EW88NJ-0577MAWC},0
{L2G0-Z9HG58JI-5263LIHP},0
{M9U2-L1WU88FY-2489NLPS},0
{L1F5-R1ZF33NP-0591SHNR},0
{I5K6-S4KR23SL-7475WBLB},0
{E4M3-F0HW71CV-1137RMRP},0
{A9C8-C0WF97YJ-1983FYXP},0
{S7N3-R4TY48IU-4509AYQB},0
{G4U9-Q5MY64SZ-4763ISCT},0
{C4F3-F6MK03QD-0206QPBD},0
{W4V5-W2UL66AB-6986TUQV},0
{S3O9-K3HT73QZ-4550IGKZ},0
{L2J6-J2KG96DE-5637PUJJ},0
{P8V8-C0JH77TP-3331RNUD},0
{V2O7-K5JL70BH-7758WQBW},0
{A1T3-D7CP97HB-7489LDRL},0
{R1W3-P0KW85AK-1834YAVO},0
{Y5F7-C0WV54NN-6875GHMB},0
{I5N9-Q5CA49RU-7815LVUK},0
{X8G5-H0HP44TQ-9431BXCW},0
{Z2C8-X4UL71GG-2268ZETY},0
{G5Y7-M0IU28KF-7118HVTY},0
{A6I2-Z0UD40SI-6881OWBV},0
{U7O7-E8OB01PP-4809FJTP},0
{B5G6-K9NB29AS-7435GNRJ},0
{P8H3-N0GK17YR-7450FVPC},0
{M8M9-W2ZG73CZ-4554XJNV},0
{O0Z0-P6CX17ZJ-9535KCSG},0
{H3F4-X4WI11PP-7517QPHW},0
{J3E5-H3YQ91FE-4937MMME},0
{M9B9-W1BM53BX-1987EOJO},0
{D6F7-C9GG00QV-4309LONL},0
{C8G0-C7MX27YT-6078GYQH},0
{K2I9-V7KZ26LJ-4976UCDM},0
{V6E1-Z1MY16DL-0095JKXN},0
{N9R4-H6SB37JN-3795IDVA},0
{D4E1-U1SN29MV-7378KVPD},0
{R3Z2-Q1OD58SK-0289RGPC},0
{P5N6-Y3JS16TD-0653JOMI},0
{I6X9-V2QG49KO-6712JQPJ},0
{Z7R5-D5SX57RR-3267TMMY},0
{O3Q2-L2WT15EX-2086OBYY},0
{R0T3-D9LU60NQ-7955RLZA},0
{Y2Y8-G3BK03UR-0639HHCZ},0
{S8X2-I1VZ59OZ-8194TAST},0
{S4T3-I0ZZ84XJ-7887PGGF},0
{Z2K1-E4NW72BS-9410NFNU},0
{G6Z8-N3CS81QS-0629CIHE},0
{P3G3-W0DC68SP-0024RUKF},0
{L2O0-D4ER75DD-3922JJVR},0
{L0A9-K3WV72GJ-5745VXQO},0
{G5S6-J9AD01AR-9099ZRGV},0
{L2T3-B9HN78JA-5516WXOX},0
{Q4Z9-H1IS36MH-9688WHSU},0
{G2G5-M9VT43XP-9013WTQG},0
{E4R0-G8CM37CU-1137PZWW},0
{Z9G3-H7SO52KS-4456DZMQ},0
{N7B3-W7TX56NR-9695MXBD},0
{S5Q7-Z9AT85KO-0439GWUV},0
{N4M6-D2JH23YB-2363SFKM},0
{I0J6-C5FU44ZJ-1317UJIA},0
{U5K0-H0RE29RZ-4329WFMC},0
{U1G1-U9NF80UE-4210LDWZ},0
{B0I3-N1GM09NM-1514ENUQ},0
{B0Z2-O5BJ76ST-3786AJSO},0
{G5N4-O1CU20JU-2014QRJB},0
{R4L2-M2OI04NM-8490XTCK},0
{I6L3-G5CM07BE-3966TDQE},0
{G5L8-O9CO63PL-6941GQWX},0
{K7S2-B8IM69HC-0780DAVU},0
{B9K4-G9EJ44AW-0675ISIV},0
{Y2A3-V3LV09NL-9486KFBM},0
{E7F5-G6QI67FY-1422XUUA},0
{Q3H0-X7UZ19TA-5454XBJT},0
{F1N4-S8VG93KS-5073QUIA},0
{R9F5-C6AA67WX-5857TJAC},0
{Z4R8-F4AK62LJ-7473UGDB},0
{Q3R2-M5JV43OI-4373LJMV},0
{Z3J9-S5SF40ZZ-3140JTPV},0
{R1R0-I8YQ95NE-7479MQZV},0
{H3P8-B3WT88FV-8643ZDSH},0
{U6U6-X0TU69CR-4710BSJB},0
{D6P7-A2BC58PW-3410CSZS},0
{R8C1-Y0ZA90JC-4293MILW},0
{I1R1-F8TB70DU-7674NUMB},0
{G4H2-R4HQ51BN-2800HDSP},0
{O6S0-A3ZS18VH-6168JMIV},0
{Y1D4-A2JA73UT-4709JHRJ},0
{Y6L0-E8TU28AQ-9670HMDW},0
{B9I1-U5SP88HQ-5951MCKP},0
{M9O5-O8NO91JQ-2829JFJE},0
{L9V9-A5KV98EE-9270ZKIF},0
{T6E5-D4KC11HE-6007MRCZ},0
{J6P3-Z6QK73RL-9556XZBE},0
{D1D8-X3RD59PK-1408VEVC},0
{D7B5-S3JX85JR-5542TPFM},0
{G6R7-I6DA18WR-1101OMOL},0
{E7L5-Q4YA20XZ-9440KGFB},0
{H8T8-Y6EG02JM-7795LNRK},0
{R8S1-U4JA65BD-3021EYMZ},0
{T0K2-D3SR64PS-6169XBLZ},0
{B5R7-W2TT78DU-0707JGDM},0
{J1O2-U3QC45MZ-2258DAYM},0
{W6Y4-K1BN08ZX-9157NGWO},0
{F0J0-B7OA98VT-2777JUSG},0
{X0O1-L5NH92XY-1553RWWR},0
{Z2M3-J5JN45MC-0576JJUW},0
{Y9T3-A4HW74EI-5742RBRC},0
{V3P3-H7RF38HA-7814ORAD},0
{H1Q0-O8YS63IA-6981DQNO},0
{W2K2-F0RQ72EA-1499SBAK},0
{L6B2-J3KO28WA-9379YNVH},0
{W1C6-S2HJ50QS-3280XUBY},0
{O6V4-T4GM96NE-5014UUWW},0
{S8W4-O0TN86XC-6532JAVS},0
{X0X6-U9HS09PF-4574LSBP},0
{A6D4-C7NB46WW-6264QVID},0
{P5D1-K6RX18HH-1248KRMO},0
{Y2V7-J6HR78ZF-1289MZRA},0
{L7B6-F0SU87KA-0597HLWX},0
{Y3V9-R6VY73VZ-3888MLIN},0
{M1S1-R8GC29UG-6533TOLJ},0
{N9L1-V9OE01TD-6292WYPK},0
{Z9C6-M6WH93XP-9223VOPF},0
{J2Q8-S9WQ94GJ-4982MWEL},0
{A0V6-A8MU66HN-4423PDZQ},0
{H5C5-O5ZD98YT-9485GOPI},0
{Q1F5-H2NK58CE-9725VUIQ},0
{R6E4-U0WU33DK-7266YIEA},0
{U9C1-G5KL92KU-7591YGLJ},0
{O0M8-N4BU51IA-5582HPBV},0
{K6S8-F0CE70SX-9442MEWZ},0
{K2L4-K2UT41XF-0976ESRQ},0
{O1Y5-M9PQ59TT-9119OKHV},0
{C2L5-M8QW58NQ-6376EXDT},0
{K2M8-M3YJ75UN-4350JLYX},0
{W6Y1-H2EO08GE-8164KVJN},0
{F6V6-T5SD70EO-5202UHHF},0
{A4H8-G8VC49JX-0974SIET},0
{A8B9-R7LA25PD-9735ABMY},0
{Q5L5-E4BV35MB-4845MSJB},0
{V1F1-N1RG20KS-4285OAHC},0
{Q6N9-Z6CF24NV-5776AEYU},0
{I1O4-X6NC56PH-2024NVJW},0
{O6M5-E7GV45QC-0816ZXLI},0
{Z5Q6-A4NJ20CA-5012IQOA},0
{Z0V2-D1QF99ZS-3283SMRS},0
{O2H0-E2CG86VO-4482ZTZY},0
{C7Y7-R0VQ50LF-3113RVLL},0
{R6N6-X0AE81QC-0294CJGE},0
{Q7B9-I9DL52CD-5045JKNV},0
{F7U3-C0NX09YL-3794YROA},0
{V5G4-J4GU89OO-9523NHQU},0
{X3O4-F4JR65YZ-9680KHEI},0
{I7S3-N6GE32UA-8118VSDY},0
{R3E9-C7QL79CP-6424FSFT},0
{G3L8-H2XR83FZ-6622RMPQ},0
{F4Z8-N2UC47XR-0941HUDX},0
{V1W7-J5VA77NP-7606OCCP},0
{F9Y5-Y3TT88XD-9938WESD},0
{F7K2-C2ZY73VY-1116FNYS},0
{X7I1-B5UK29BT-0262ZHHN},0
{R0W4-S5EL66AP-6145VYOB},0
{D0J4-Q5PT18NJ-2105GPBQ},0
{Z0Y1-V5MD92GB-3156AKUX},0
{Z7F4-W1WZ16DJ-6040NWKL},0
{O3C0-W4FJ17OD-0723GCBN},0
{W3B5-W2SZ77KR-5482NODB},0
{O6Z6-B3PS55IC-7295RFZM},0
{G6M8-R4AE89UZ-5513YPTW},0
{V9L0-I7PD79II-3705TXTB},0
{K7O1-V8QO84MC-7461JNXM},0
{A3V1-H6YW02GU-0233FOAA},0
{T8S1-T2KM79IH-2881LHTQ},0
{O1I5-J1PK42RO-1389CKFO},0
{K2K6-R1LJ07XL-6890FMTN},0
{F0D6-A6KE55UC-1576RDUJ},0
{J6K8-K1AD55QD-2265RZWR},0
{K2C2-Z7VF63RK-1623SSXK},0
{O7Z7-F3ZB78EC-9053LTVR},0
{J7D3-V5MF97SG-1433HNQJ},0
{Z9W5-W5DZ94ZK-8432QBLQ},0
{J2F2-P0DA11GP-3950PPEF},0
{M9L3-W6PX29ZO-0464UWWB},0
{D0C9-R3SI51EH-5087ACFN},0
{U8O6-M7SI12JL-7026HLTY},0
{N6S5-G8JP85NZ-1046JGSI},0
{R2M5-H4TC27ZV-5443RCRN},0
{X2Y7-Y0WF23BX-9640PULY},0
{I3P3-V3HV78VU-2685WBLP},0
{I5C9-R4SH78BX-8522EWPA},0
{X7O4-A3AS83FN-2447AAVY},0
{P5P5-G1YE34RS-9947UTTK},0
{Y4L0-L1TP78VY-8759BAUQ},0
{O8J5-Z7SC33GQ-3417EYHJ},0
{B0V4-P2JG36EI-8810BDMV},0
{L2X8-G1KZ65QG-9892XNUF},0
{N4P2-N2YR75VD-3992OTCH},0
{C6F5-A5ZZ66ON-0748ABUI},0
{N2X1-S4PE70CJ-7100TADF},0
{G6H1-P1YH71PU-1399ERMK},0
{D7X9-H6VG54TK-7036TIRT},0
{C0X1-A0YC91ZK-4047SLBO},0
{K1U4-O8EV11OW-6698AQNC},0
{Y8D7-D5MO90ID-4564WQXQ},0
{H9Q4-W4EN14XG-9486WAJL},0
{K0Y6-U1YZ53UD-4793BQWN},0
{W5E0-F7ED62LU-8402GXTW},0
{I1M6-O3AV91UE-1784GMNW},0
{I0F2-I4XH16TE-1293VZLZ},0
{D0C9-U2FN00IG-0996XYSI},0
{L9Q1-M8PT77EC-5875JJTT},0
{S9R1-I7NU66ST-9484TECM},0
{Q4H4-U2LR13VA-3281ULYI},0
{F6R2-T5RQ58ET-2625ZSZP},0
{U9T5-H0OA59EW-8821USHJ},0
{I4Z3-J7GD35VQ-5714LDMO},0
{S2S5-K2TN72FV-6105MHYG},0
{Z4V0-U6XT09NK-7625ORJI},0
{Y6C8-G5HQ70VI-6762GYRA},0
{H7A9-F6HS81KS-6914MNDT},0
{R4P4-T5TS51JY-0801JBDJ},0
{T4I1-B6NL60XW-0101IAIN},0
{M9K0-W6UF47CT-2390GEEM},0
{M8W4-T7LA85VO-6678KTTW},0
{P6M7-Q3NO01FV-4832CGOY},0
{G5F9-K8DY88RQ-4612CAOU},0
{R3G1-B3VL36KR-3672GSCN},0
{P3T6-K6KG34AB-5585TAWH},0
{J9C3-A3HG98JI-6008VCCV},0
{H3J9-X1FU62GM-1566EGIF},0
{T7E8-J2OD11LM-0472LRFS},0
{F7Q7-G1PY40QI-5899VMFP},0
{O7F8-K3OG68DM-0686FJZP},0
{G6X5-R9NS53WV-3326RTZK},0
{O5H4-A0ZT78PI-9432VSSF},0
{O5J2-B1HX36CH-1402OQKZ},0
{Y4G1-P8TP11KR-0516EYSP},0
{B3S5-P7PS97ZB-9892BAJP},0
{R8E9-J8LM07PV-5947JXRI},0
{C3H2-N2RI20WH-1252WRCM},0
{K6M4-B6PP49ZA-7020ENHO},0
{O7K8-F6LO55CD-8063ZLZC},0
{Z2O7-O8HQ76ND-2384DVEE},0
{U6Y7-J5TG76QX-4420CLTR},0
{G9P8-M6EB77PE-0866FODK},0
{S6F9-N4AC41XW-1934ZEGB},0
{S5S3-E9SJ84LU-0699FXUM},0
{F7N5-Z2ZU90ZM-5523KEBO},0
{F3I5-O2LN21TR-3057WVPZ},0
{U3B4-S3ZA09WE-5015EIZJ},0
{S3K2-T3XJ44VZ-6230SJUR},0
{X0E7-K7GG54NH-4377DFTM},0
{O0L7-H1WG03VE-5724ANYU},0
{N6W3-H2IZ64JY-6224JTGA},0
{D0C9-B9XB20RT-6390PMHU},0
{H4V5-P6FX13OJ-1903ABUN},0
{Q9T0-D9EM62WP-5285YKDE},0
{W8Q3-A5QP39IV-0506GPAS},0
{I5B5-K1ZV34RT-5892PZIF},0
{N6G1-S0BS70EB-0889CQFS},0
{J6A0-J8IA99BN-6023XYDS},0
{B7H3-N2KP71IO-1287YQHS},0
{V9O1-O0DZ00DW-4347PKLN},0
{R3P4-J8ZH19OU-6144YGEN},0
{Y0C8-Y1VP42RS-9570HVOD},0
{S1C2-A2ZI91FY-6534GALK},0
{W3A8-Z4BQ04FP-2593GOZD},0
{W8C7-F4FT21DG-1940BVBR},0
{I2E6-T8ZW59IU-0637XBCW},0
{P7Z9-P4DE39WL-9007ZQXO},0
{R5C5-I6ZR32ZI-3841JOJD},0
{K7Z4-R2PU47GC-3397NKEO},0
{L7I1-I3BT99QU-8431SNBW},0
{B1J2-J6KP72NY-5709FSQG},0
{H1Z6-D2KE33XA-7783MABR},0
{U7B9-O5YH06GM-3596WWCN},0
{P8E9-Z6BX99CO-4671BAZM},0
{H5R6-J7VS00EY-5758EBRO},0
{W1R3-G7LB14LL-6075RFZB},0
{A8U9-X8AS61UW-5958KHGM},0
{D5C1-V7WW53KM-3940DTON},0
{Z5L7-N7BK44EU-3886MFKO},0
{F3Y3-J1JQ13TI-8811GAOR},0
{H7M6-P9FW39AB-8237WZHJ},0
{C2G8-R9LU37YI-5359UWPC},0
{D6T1-I1VF07VO-9845KJQO},0
{R5Z3-N6ZI33LY-4584LUWI},0
{N2O0-C2UT69AR-5571VRIQ},0
{R2H6-U5QD04SA-1231NDKT},0
{W3C6-H3US26IL-5298QLWA},0
{Q1W0-T5UU81OT-4259FCRO},0
{S9O8-I6VA85FZ-9872AUOV},0
{X3S4-N1MP09CQ-7345QZQL},0
{V4Z3-D6IH16IN-9476GDSP},0
{Q8R3-Q5LG36TK-8874KEBI},0
{E0Q8-J2CB21LW-8855PKSI},0
{C5B0-V4CQ81BA-5311ZTZY},0
{U8D2-D3YL98DH-2784OSJC},0
{U5P4-W5AZ22SN-6648PXLQ},0
{R5Y6-P2PL91PO-5132KDRM},0
{U1Z2-F7BF06QE-8972GAWB},0
{G5J4-S7GK76RC-6260LPVX},0
{N5Q5-Z0VE66KN-6451BICJ},0
{S9P4-T3GQ68HT-6363ZQYN},0
{T3B2-L4QY76JG-3209RSKV},0
{N6W3-Q3XX72BJ-3460GFQR},0
{G9I2-L9SE70AR-6448AZKZ},0
{T1E4-Q9QI04JX-9347CPEL},0
{Y2Q0-U2OJ99HS-1536QVZZ},0
{B4T9-Q1EV90ZZ-4066GCKO},0
{S5T3-J9XO34YX-4227NVAD},0
{S1O9-T3GA40LC-0859CVZV},0
{R0N6-T7PO66ML-9271PFNP},0
{R5V4-L7JF73GQ-2614FQAU},0
{Z6D8-C5HW42DW-9661ULST},0
{U7Y4-L9GW80TF-8854GGQA},0
{L0N4-D5ZQ86AB-0006UUBO},0
{U1Y3-B3ZG03YN-6297ANHV},0
{R7E8-P7RN96EE-8442OYMB},0
{X8E4-O1ZK18KI-6295RBCP},0
{H9Q1-X0CW38DT-6617YDHT},0
{A4X5-K2TA08IP-5806NZYU},0
{V9E5-Z7GE49AE-5374OIJT},0
{U9B1-G6GZ82OM-2751JJWZ},0
{J5B5-S4LG57NK-1016ZBMC},0
{K4J1-N0TU84MT-2095QZTM},0
{Z4W2-X4BD58XK-8442EZDH},0
{V5I5-Z9CR07YG-1108UKVJ},0
{Q4R3-F1HN80TQ-4121ENAG},0
{C4Z3-N8II08UO-5125AXWM},0
{D6I6-Q6SI13CM-1869JMSY},0
{O0Y9-Q3II03ZD-3348GMXN},0
{V9T0-S5XS00FZ-1018LRGK},0
{U6Y9-P6CI75FF-7802ZVUH},0
{C5X3-K6UI32RM-6479MHDG},0
{Y1N2-A5OG94SX-0182NVDP},0
{M6B6-D4FP08MH-3663CGPA},0
{T8D7-V0FV75QX-6393VAED},0
{Q6G4-E2AK57PM-8041JMBA},0
{E8B8-M8EA92VL-9823HBLK},0
{W4I4-V9HP66PF-1846FFLK},0
{K6V4-F0LY46JQ-5950PXKP},0
{M6P0-U0QX92NP-1467GUBD},0
{D2V6-J2JB89ZZ-9407EOGN},0
{N4P0-F7HV41DR-7126UISK},0
{Q7E1-S0WJ25CR-7422IZRI},0
{I5H2-Q8US45BO-0450IEYU},0
{J2X5-E9YH10XN-7991RPZU},0
{F6J4-O4MH75QW-7515GEYK},0
{W3P1-A8HR53SI-9994JTKR},0
{G3C4-V8BR18RF-3753NDJA},0
{C5B1-N5XR71FF-2897ZEAK},0
{I9Z7-Y5CY04ZV-5582BCYO},0
{X6P2-H0TG82IJ-8864FGFY},0
{H3I8-W4GV82FH-6352OPWW},0
{Z1F5-G7KY76ZG-9768NUFJ},0
{V4U9-A0ZL26MM-4104EKFG},0
{S0F1-W9KO48YT-6147RHEE},0
{Q1U8-M5YR43MD-5903AREH},0
{T2T8-W3MW39MH-3249FPVG},0
{P8J6-M7EE74WK-9888PGZV},0
{B6J1-L8BG70QN-9708WHVJ},0
{O9O0-N0YS42PZ-4872RJVF},0
{F1S4-X1XA46KT-1869LECO},0
{X6V2-S0SJ39QA-8042UKAB},0
{X1M8-S4WZ79CE-4630XKBT},0
{F6H9-F1VV65HB-0550XSAN},0
{V6K1-V7SJ82GD-6264CUPV},0
{L1H4-I1XG70TU-2624CHCI},0
{W0T1-C5CG58OQ-9049MFRB},0
{K7A6-T0ZI24KI-8788JQIL},0
{F4C8-X8HT62WC-2802IQNT},0
{H3X8-R3GO06JH-3494GMUI},0
{N0T3-E5LE56LI-6950XCEL},0
{E6B2-E0MZ06WU-5633QRVL},0
{Q5G9-N9QT36KL-1982EOBK},0
{Z1R9-I2YD11VT-4685OBQQ},0
{L5I3-P0DR39HJ-9829USOD},0
{Z3J1-N2XD00EK-7241ECMF},0
{N2Y4-C5BE94YY-7361BCOQ},0
{B0M0-J8ZE84QD-8929WUII},0
{K9X7-U1PP15WO-1855NLOL},0
{N9R9-R8DF78RT-4501RXVK},0
{A5G7-N7AK51KT-8614LRML},0
{D3I3-N9FT96SN-0724MDEM},0
{B6B3-H3QR27ON-6378EEIG},0
{X3A6-P8GU86YS-4193CRFB},0
{T3A5-Q5XF44VR-9495LIED},0
{A5H2-T5FA45EX-1798BVXY},0
{Q7E7-P3YK48ET-3556FTHJ},0
{A4H0-T8FY85RM-0960ICZK},0
{B1G6-T2HT20VU-8122IKHD},0
{F0U8-E8VO18OM-1089DWMK},0
{F5J0-E8NC36AI-1739OEUG},0
{R1A2-F8GX92CU-7443YXKX},0
{K9C5-X2YG60XE-2474XAUE},0
{E8V1-F9KJ27ZA-6904VXII},0
{P9X6-J2WR91KD-4129HJMG},0
{Q4M8-A1NY45HX-7383WUSO},0
{V2L4-P1QI07WM-1076UJMA},0
{L8B0-Q3NQ59BQ-5906YPWZ},0
{U0E2-V7PS35GU-5658PYFT},0
{O3A7-K7SM25PX-2040YAUN},0
{L2I0-D2AM62KB-8833JZLP},0
{Z8E7-M2HA35ZL-6787LYGP},0
{D9T6-F8JE94TV-9086MUWC},0
{W4Q3-R8ZG96NP-2675TTOH},0
{S7F3-D0TD21KX-7690TKMZ},0
{G2O9-U9VL20UB-2742WCZG},0
{Z7U0-C9OE67TK-2167HEUW},0
{N6F1-D1BT87WQ-6446DYYC},0
{W5B1-A2FX42WB-7859FEFT},0
{R1R1-V3CH14LS-8306TFNX},0
{L4U1-M0AG17CG-8791KRGK},0
{V3J7-C5TR97BX-7482MGZQ},0
{T1Z0-Z6MA92YF-7806GCYB},0
{V4M5-P3HH01JJ-9778WNQW},0
{R5E0-B4LD10MM-4125LVYM},0
{S9F4-Z1JE99GY-5383ARIJ},0
{A9N9-F9YK65SJ-7775HIVE},0
{O3S7-F8SG42RZ-9900DRMC},0
{Z1K1-L7CO48OR-5457QHML},0
{L8H8-Q5GS53NF-9155GMRX},0
{I4F0-D2ZH76PL-5914XTFB},0
{N6N9-T1HL07JR-1462GCGF},0
{K4R1-W8IR63YD-8147TVEG},0
{D5L1-Z4HL88JM-5319LIHH},0
{X9J9-V3XL00TS-8384YJLX},0
{O2C5-Y7DD76FO-6205KYWQ},0
{D4J5-N7LV94ED-9272MKBM},0
{A7H3-K1SL33CW-1115MGML},0
{V2Y6-U7EX15EG-4195ULWH},0
{K8M0-J0VS88TV-0745HASD},0
{X3Z3-E0KU98HY-2269NRIW},0
{D7X7-J9WJ56ZP-4374JWUV},0
{C2V2-Z9YX53ZU-9832ANPR},0
{Z3X7-K9YZ65KZ-1416MEBY},0
{Y0L2-G5BH82CI-4654FNHE},0
{G8Z2-N0UV71LE-7055JFBJ},0
{K3J4-L3FM66VY-5410OFFY},0
{D2S4-X0QY95TL-1374AFEL},0
{F1Y0-U3SE17XA-3168VGNB},0
{H0E7-X4HQ19LT-3166PJFW},0
{L4K8-P7EF46DY-2148DWCJ},0
{D6N4-E2KW60PZ-2952UVPJ},0
{K0J5-R7WN02XZ-0544QBIY},0
{T7I1-D9RF43RF-3584QZFE},0
{S7A0-L7SK88TQ-5460LGGV},0
{W4X2-Q0LK51VN-1857TCDK},0
{J0N5-J1NB54DI-2260QKGJ},0
{N4U1-C9SA34PX-3436UAXP},0
{N0J7-C0TU72TG-5338OWFJ},0
{V8X2-Y4VK36WB-5375LFXF},0
{Z0M0-Y0YH33WH-0070IHJH},0
{E8G9-L6HR16DZ-3654QBER},0
{M7V8-O6CX30KK-2735BXAW},0
{L1K5-M2IR68VA-9439QDBX},0
{G0B2-P2WN53CQ-2768WVTB},0
{H5V4-O8FZ23ZK-6060NVYF},0
{N3L4-B0GE36KZ-9073EILD},0
{A4L9-E0GV70HJ-7527SOHW},0
{F1Y9-T3SI94LK-5309KHNI},0
{Z5B0-I5AR23HT-7090XHOT},0
{D2A2-B7IV72LN-1854OSXP},0
{D3L7-U4OW59ZF-3585OSUC},0
{X0A7-G3IF88AM-7489HZUL},0
{M1G0-G4AE65MT-9305UPQG},0
{B0M4-P8WI06FE-2297DMBK},0
{D9M7-J6ZN14UN-1962KARG},0
{H9L9-X9XD87RS-1489CRJR},0
{Q1A8-W1YN84DX-9339YPGC},0
{L7Z3-Z0PN57MP-4926PXUF},0
{L0W1-G6FZ00HQ-1825HGHU},0
{Q9D3-Z2BC32AB-6342IWQA},0
{O3R7-Y8HI70PD-0513BPJE},0
{N1U8-D0AX42FY-3689KTWF},0
{L3O9-G0MA47HK-2355YHKF},0
{U0L0-J6AH43YY-9050MPDK},0
{H2Y5-R2HP70WI-0399NPRL},0
{R6E7-V6JW15UN-1599RQVU},0
{R1X7-Z5AL76OJ-4573DFZO},0
{P7M2-M3CF17AK-7962ECJA},0
{R1K2-S5II50AT-2518QZAT},0
{Z2K2-O8EQ96BS-4432VAPE},0
{X0A5-G6XG67YM-4652GGNR},0
{O3Q4-Z2UA98DW-2411NQHD},0
{Q8K8-L0QX35LR-4919RWTQ},0
{S4O7-A0LQ00FV-4383PUJN},0
{Y1U6-E8TX15SK-1029UEJS},0
{Q8S8-Z9MT76IF-9214ZMVO},0
{M0T4-E6OV62QI-4322KPAR},0
{H2I8-K3IP15UQ-5837LWYF},0
{W8J4-N5BW29QD-0222ZTYP},0
{F5E0-U2EJ91TY-6919WUGL},0
{L1Y5-S0JT32ZN-7981GTVX},0
{U4D1-C6VK15QD-4259LMYM},0
{O2W6-O2BJ23LD-7010QFLA},0
{N1J4-B9DP24JE-1982YACL},0
{G5E8-Y8ZT13LJ-6334YJVB},0
{P9S4-E2DX03JZ-6212QOEG},0
{Z2J8-L7YN74YN-4184VTGR},0
{D0G4-M6UT38PH-5400ASTO},0
{N8C6-K1YO25HL-9731VIWG},0
{J8X9-A6ET37UR-2799HRPU},0
{L9I2-X4PQ26NI-9395IHUK},0
{G0Z1-W2TO19YW-6623MSGL},0
{F6P7-L0BO89SH-6816CBCN},0
{D7S5-R4HP87KE-3470OJXJ},0
{U5X7-R9OT71RE-2839TQGK},0
{O5Y3-O0DO78IZ-6557XSYN},0
{A9C2-D3VJ20MB-1684SXSW},0
{T4E5-J8IZ43NX-8553KQJZ},0
{L8M4-K8RA37HF-2187VIHF},0
{S4I6-D0KY51YL-1417AFQT},0
{N2H0-K0CS41UC-4657SCNC},0
{K6R6-I5MM64CI-9614NJUP},0
{G0C8-N8NS63LT-6146LDZS},0
{S1T6-D5SW37SA-2252ASEQ},0
{G4I3-A7PJ77JF-8524FEJE},0
{N8R5-E9VU64JP-4866AVBK},0
{A2W9-E1NW44CO-4486FTNJ},0
{K2O7-Y4VV35UX-2986BQNO},0
{H4W7-O5PY29XP-4899QBNE},0
{C5Z5-S3WS52UX-1867WUSK},0
{N8B2-H9KG33NC-2805LLGP},0
{T2S5-X8YI40GR-5882AEEW},0
{P8I0-Z7YR23ML-8298RWEO},0
{L6O4-C1YP39FO-7947VMBX},0
{F1R5-Q5KZ51MK-1149ALXG},0
{K3A7-X3NG01GL-6596ALUM},0
{Z6D8-A7FE35RV-2880WVPH},0
{M5V4-Z9NM96CG-4923OZVB},0
{L3S1-J8WP52RS-4297HNFP},0
{S5P5-J9HK74ZI-8391RXHF},0
{D5Y9-R4WK86VK-7235YVSD},0
{R4D1-P7MJ98ZR-7315FFLJ},0
{A2C6-D7HS44KU-7492RMWB},0
{P8R6-E9YR25LQ-1061JPID},0
{I1O4-A8SU87AM-9158VLDD},0
{C3T8-X3KX88RD-1756KBHQ},0
{H2M1-B9MC38VM-6589CBHO},0
{F8A6-H5VY19GI-4069CSFJ},0
{E1N6-K5BF58TN-6215QYXM},0
{J7E5-Z1SE37GI-7242LQUD},0
{K0A6-E2MT38PO-7317DFJJ},0
{M4Y9-B4OV63RY-4851PWVO},0
{C2H5-J5AO41HT-2299VYTC},0
{H6W6-J4LL44RM-4588XRKK},0
{G4D3-J7UK53NH-7469RFFP},0
{A4V8-F9QS69SY-2579SJUD},0
{F1R3-E9EF97QA-1035XUKL},0
{A4M8-B7JY02RY-0152ZBZS},0
{G2I5-D3EH20QR-3193CAIZ},0
{N5O2-X8WO99OE-9938OWRU},0
{T6A2-G6JQ42PJ-1773CXSD},0
{I1T6-L0DA46VD-5332UZOD},0
{O4U7-W3IM40KU-0389RFNX},0
{C4N2-T5PM93PC-6503ZBIR},0
{H6W6-N1QD52DO-7226DWZA},0
{H2B1-V7NZ41OH-5204SFPG},0
{V7B1-G0RA63DY-6952HZQH},0
{V0I9-X3RP62SZ-7585BSZR},0
{O4P1-X0IZ22KO-2404UDAR},0
{V7T8-W4MF74YX-0894YJRU},0
{L3Y4-G1HF97CP-8735WFXD},0
{P2S3-U6JD61UL-4163HIDK},0
{G7V0-Z8SV53UP-0566ZUKR},0
{D2O2-J8XH21SK-1378WWAS},0
{I7W6-A8TY91IX-9249CXKP},0
{M7I2-J5XL68DM-2783NXAL},0
{N2C3-D6QZ70HC-5759VEUA},0
{Q1F5-Y6RN54RP-9005ATOB},0
{R2I5-R7BF29JQ-1850MQOU},0
{G8A4-I8VQ41LH-6377VCFN},0
{C8X1-S4TC62HK-9971PSJG},0
{V4Z0-G6RU92XV-9017RRIZ},0
{L8X5-E3MS62RX-3808PQYR},0
{M7L7-F0RG45NY-1512ZWAG},0
{S6M8-U2FU96IO-9284LXYL},0
{N6B1-X5WE64OG-1901IQIZ},0
{B9A6-J7JA69MY-9845EXVB},0
{B4R1-Q6HS80YF-2277OBCY},0
{F7B7-J8DU88ET-5895TUES},0
{Y8S9-X2MR82FA-5048SMWP},0
{N8K9-D3JD09KC-5031KFEF},0
{Y1C8-J0UI45IF-7679WKWI},0
{U3H9-R9YV77WM-9229DNEY},0
{M5V3-U1TA50JD-2327OICS},0
{X4E9-Q3NE53FT-1120SAZK},0
{M7I5-N2QW66BW-2416TAUL},0
{T9R6-U0ZL48TA-8505AFAS},0
{U0C4-J3YB66IB-0884OMRN},0
{S0T7-J9PR08XM-5422CFGB},0
{L7K9-O6SJ07AQ-3294MAQY},0
{F9T9-E1LS19GR-5385CLLH},0
{B6E5-L2XU28XG-7199CPFL},0
{U8V5-Y3RW30LY-9954EHIZ},0
{B3N0-H6US78GI-5490ZEEV},0
{F5O7-M5KM94ID-2928MFIN},0
{C5B0-A0YZ89PM-0120CEVQ},0
{C8R0-Q7EU23MW-6387OXZP},0
{S9A2-U6RX17YZ-7519GCFK},0
{K4H9-W6NW07GX-1309LYLW},0
{N0O0-X7KO82XA-8894RNUQ},0
{V8P6-T5DR47AW-7505QFDY},0
{R4E6-B7FL57ER-9462FFJR},0
{R1J8-R7OJ83QO-4852WGLV},0
{H9Q9-J5SZ41FY-3292CUIK},0
{P1F8-S2FQ34TH-1201SLXD},0
{Y0S1-G3VG31JM-0628XGBX},0
{K9I0-N0LU21BJ-6335XOKE},0
{Y4O3-X4HL98ZF-8449KJTK},0
{Q7J0-M4NV35KZ-6118SMVK},0
{S7E6-K7KF42GP-5037RVIZ},0
{C9R9-X8AZ94VC-6651OUQK},0
{X5M0-W2IM24OR-6048MEIJ},0
{S1W7-B3WL71FX-1698TWHX},0
{Z8J4-D4DV09QR-2500CGJC},0
{S6Z0-V4TW94KA-9274CVBO},0
{R8J1-V3DD95YU-2357FNFV},0
{Y9G8-T3HO33ZZ-8952AJYT},0
{M6M5-V2AA88GW-9465MIMY},0
{S7K4-X5NN76OC-8731DGPN},0
{H6P9-A3YS59PV-2832RDSJ},0
{V2A2-T0KT23YF-9789XDRT},0
{Q1H7-S4XI80YU-7189GADW},0
{Z7U4-W3GP32WN-5190RGRA},0
{U4P3-V4VZ22RS-2787XNJE},0
{D8A9-Q9ZT38YO-4087MBXG},0
{D9G0-A2AH43AI-1853JDSL},0
{X7Q7-G4UQ90WT-7852YGKY},0
{H6N3-L7SQ56CE-0325VPGE},0
{Q5I3-R9DF64OQ-4129VCBW},0
{M8M5-J6ME65MX-2103MWHD},0
{W0L4-M0IL37QJ-3511ZCAY},0
{O7L2-E4OI76XI-5083BGLM},0
{V8L7-W8XK32VH-5088PGQQ},0
{X4P3-H3XF61RT-3517FKDO},0
{G0K1-P9CT36QE-8632CYBG},0
{C5G4-E9MY58OR-5497HLIG},0
{O4O3-J5SS63HA-9061VWPW},0
{G4S8-M4AR26YW-8068VLBV},0
{Y6S2-G2SW32RO-8696HZUG},0
{Q7S9-N2WK73OM-0866EIIQ},0
{B3D9-R0DI74AU-8476LZPT},0
{V0I5-V2ES10KD-0161MBJW},0
{U4W4-Y1HK08JE-3356BIFB},0
{K6E2-G7HV99AG-0026SIAE},0
{J7E9-G2BG98PN-1343XSPD},0
{Z1G7-U8NY52CG-0591FTQL},0
{Q0I0-V1AG35EK-2079SURS},0
{X5R6-L9CK51IY-3343APWQ},0
{A7X7-E9CR64YC-5795VQQY},0
{K4Q7-G5QE31CC-9150DAEO},0
{X8Q0-J5WY61OZ-2077QHAJ},0
{Y0G8-Q7LS72LE-9473NEJI},0
{R0W3-O1HS86IS-6053ZDYV},0
{V9H8-A1JN86ZP-1209VEZX},0
{O9R9-R8CQ50LL-1147RUSS},0
{H4Q9-N5UD72CB-3771MLLV},0
{R2J2-P3LP51YB-6249FULV},0
{S0Q8-B9XH81TF-7100ABJJ},0
{N8M2-E2XK69PJ-8490AEGH},0
{L0L2-T8EP38VJ-2648PQNL},0
{O8D5-E3YQ33OH-6982XIAC},0
{L0A7-G6WF92FQ-9531FDJP},0
{A4K1-F5HH34XF-3804YDNI},0
{T1E6-D5AP88CQ-9103DIQR},0
{Y0C7-D6FG82YR-7107RMUR},0
{P1H1-J3VH91PQ-9580WPNL},0
{X1M9-H3VL58AA-2718ZZIS},0
{R9V3-O6WK48GP-0039LSAO},0
{M9U1-H3RR36QR-1242CMCX},0
{H0S7-E9WN25QT-5172XXNU},0
{I7K9-L9OM80AH-2244VEJF},0
{Q2G1-F9AW90WV-8142MQGF},0
{Y1L2-M4AJ52HB-1198AQMY},0
{B9K3-N1VH67VY-9430UJYQ},0
{H3H7-I0GQ14CX-7571KZYR},0
{A2U5-J0HQ87DA-0547CWLE},0
{N5S7-D5ZW59AY-5362STJY},0
{I9G8-Y6SX57OQ-9084GLSE},0
{Y8A8-Y7TU55CC-9559NHZY},0
{Q4H2-X0TR27EL-6916ESBF},0
{H3U7-A9OQ43WU-1030JUCL},0
{B4I6-T1WG40ZY-8425UVGE},0
{M4S9-O9MO19AA-0116EZBK},0
{A0E9-H6JK29PZ-8352QPLX},0
{C0L4-B5NB89AD-9038VYFQ},0
{O1T8-C8RN77VP-2808PAOM},0
{C7X6-M7WO76UJ-7897NXFR},0
{G7D9-R8FG42EP-6727NDUH},0
{Z9E0-K9QT22KL-7062OMWW},0
{A6O8-T7UP42DT-8559YKRK},0
{N0C7-G3FY39FH-2286RWYO},0
{D6F0-X3YB41AV-7532NHSE},0
{B0Q8-Y7IQ49ZM-7774OYMT},0
{W5V7-L5WW01DD-9992SNHY},0
{O2Y2-Y2WB90SU-3490HCHU},0
{J0C9-D8HT44PW-8961IXQN},0
{Y5E6-U9LL90YK-8777WACK},0
{I2E4-A5FB67NP-9090LWVR},0
{U6E6-Q1FU43VQ-3426GZOR},0
{B5L1-M8KW31LC-4231WDUY},0
{X2J2-L7NN55UL-6038HLJK},0
{S5P0-V6IA26XX-8244WXKD},0
{A2C3-C5NC82WI-1720AIQZ},0
{G0X2-D6IH14UI-6250HFKJ},0
{U7U2-S6UK60VK-8058ECJB},0
{X2B6-O3JZ60FE-1054VWZF},0
{D1X7-D3NP96FB-3154LSWC},0
{T8X5-C7OG78JI-7733WIMY},0
{D1Z3-I5PL08FU-4670QRIE},0
{N9U7-N0XQ65KU-9904GHKH},0
{L0M3-L4DB77YU-1211MNCC},0
{E1V4-P2NY91ZU-8687ATNZ},0
{X9P0-W7HT94UC-0742QYNT},0
{U7B3-B1EA08SA-9905BYRA},0
{H8A9-M9MM22UO-3824JIJT},0
{Z7R1-F3NU10ON-0613UOTC},0
{O7F8-I9IT11LO-3665AHLN},0
{W1W6-W6IV73GJ-9392VHVT},0
{M5V6-H8NH95WW-8823HBLE},0
{Z5W7-H7TO28ZQ-9306NOXG},0
{R9F6-W5SY78YP-1159ZXUQ},0
{O5M4-Y2CT89PN-5303PNXE},0
{Q7D1-Y9IL10SZ-4562EASN},0
{J4B4-M6ZK56EC-8115UYST},0
{O0L2-G0GV84GF-5064ZGPA},0
{T5L1-P6UY07LY-1799YDCZ},0
{V3C3-W1GL54NJ-5047UOER},0
{Z1O0-A5LN87WQ-4845OURY},0
{Q8Q8-U0BM98GT-6577GRLK},0
{L9S1-H9WA62TN-6524VCCP},0
{G3V7-R9TZ88TO-6935QMKT},0
{W3N0-C4GZ72JD-5590FJWR},0
{B7D7-Q9PD54JK-7554RHWG},0
{K1D2-W0YR92VN-3340ABYU},0
{E0E8-Z8TX17UI-4959VWBT},0
{Z3L2-W8HB85FN-3756FLIB},0
{X7A3-I3NV77OP-4773WROK},0
{U4C7-O0AH83DO-7867ALVP},0
{Z4B2-X7WU34CY-0452ZZJZ},0
{Y6X4-U1DC86RJ-2071LUOI},0
{L4F0-C3YC02FF-3963DSIA},0
{F6N9-X6CQ38ML-9697FRIB},0
{B1Q1-N4VN39WN-1207XEXQ},0
{V7J4-M1EP77HR-4386HTDK},0
{U3Y8-C9OP15LR-4717HHHN},0
{S7A7-D1AB13ZG-7455FAPM},0
{V8G4-B0WS25XQ-0163QBOY},0
{K1T2-B5KC18EB-9395BAHW},0
{K4L4-D0YL58JV-4326BQCM},0
{A9Y3-I1IO69XX-3882TAQB},0
{M2A2-Z5JD16LE-6381QJMB},0
{W1F1-Y2UB28CY-9004ZWFF},0
{H5V2-M4JZ19OA-0026XCPA},0
{R5M0-T8HH61ET-3265FWJG},0
{H8I7-K7JG47XV-9304SFUW},0
{Y2L1-K1KT13VJ-7160TNJL},0
{N0U4-I9VR09SS-6910INJG},0
{R1X9-G1GF06ZX-9837UQQE},0
{C2L5-P5WK34LY-1392WCFR},0
{X8N3-N1FM02RB-0396TANJ},0
{D3O7-M4DG77IE-2820IRBZ},0
{L7W4-C0AH49TC-6974YKFF},0
{A5W2-V4OI13AR-6741LHMQ},0
{I1V8-E5OQ11HG-5743SSZI},0
{X1G8-S7NE15LM-5960IAXA},0
{I7M2-Q1PF03DP-8728RUNZ},0
{B2K3-W9OP74UC-0823OAEJ},0
{I6M2-X2AU10JL-4006GMDQ},0
{K8P2-X2IS88DK-5440NXJB},0
{D3N1-Q7YR41SJ-6976FLAM},0
{Z2V1-H1JU35WG-4540DUWI},0
{N0M3-F5ZF36GV-5123VBKX},0
{N8Y0-R8DK43II-3353NAES},0
{G7S9-N6TY60DS-2389MSET},0
{L7L1-C2VM48SL-5825LSOY},0
{B9F9-X1HA26TZ-6894PPOF},0
{K3P9-M0NV74ET-2152OVCZ},0
{A5X3-F0FJ30DM-9167ASFH},0
{T6T0-S7WN54VR-1278OPKO},0
{D3W2-Z5KA69UR-9499EMEU},0
{U5I7-V5QW31KQ-0796MIIX},0
{D6H9-V5OI37OV-6150PWUS},0
{I6Q1-G5LH04IF-1804IGCS},0
{H6U0-V2AJ16KL-2578KSFG},0
{Y0F1-L5UY63CJ-1209MOJY},0
{J3E4-W4CF07PB-0432JFYC},0
{A5G8-J3NY15SS-5446QAHA},0
{N3J2-I6IY01DF-7342MYDC},0
{G8B4-Q4TW36IX-4236DWPV},0
{Y2R4-B5LL28AE-5588KRFD},0
{K1Z2-D0OX17PU-5776GCFP},0
{O5M2-H1LB33KL-0441SHQP},0
{T1F4-J6WV26FM-3671EKQX},0
{Y6K8-Q8LN89NO-4779TOHI},0
{B2E5-W2ZQ52IR-0478GBQH},0
{J4E0-L0TH28AK-8282PTVR},0
{F0P7-Z3JB83QS-1612FITF},0
{Z4W7-I2UU18GF-9098BIXR},0
{L4L0-U0JJ28OP-3221WFKC},0
{N4M6-Y7II09RB-0589GIFK},0
{D7T6-N2KH68XL-1175IYRM},0
{M2O0-L7OA85FZ-9311KEQG},0
{P1U6-I6JT68QK-7471KKLZ},0
{Q5T6-R2FX18AJ-7862TONX},0
{Y3B4-J3TN32XS-2940UTSC},0
{S5D3-B8TO60TC-6138UOYU},0
{I1A0-V0KG72IR-9046CQVS},0
{L2O3-Q2MK98CB-0157GQUT},0
{D4B1-O5BQ95EE-2462JYQN},0
{R9W3-N4DJ77FC-9188YVLO},0
{X6P9-H2AV70UB-7873INHC},0
{P5P3-G9PA71OZ-5798CYAP},0
{W0C6-F9NU25DR-3548VALR},0
{F6A7-D1DK62FD-2704NPHN},0
{D5K6-R6VZ20PE-4892ZQQF},0
{V7S8-Z0SL78AI-3512ARJJ},0
{K8Z8-U5MP03QW-1549HANL},0
{H9M1-C0XT36PP-3082LHAW},0
{V1T1-R3JV16LQ-1348UVWJ},0
{G1R3-E0GT64PB-8903PLUX},0
{B8A7-I2DX40IA-2801ZHJD},0
{Z9S7-H1YG07DL-6715MKFZ},0
{I4X1-N9ZV43RZ-3912SQWG},0
{R8K0-Z8JJ41MD-0574AGXE},0
{Y5O9-I7YN91MP-9777DEJS},0
{E3K9-C5ED34TX-1103HUUO},0
{B1M2-I1IX26PA-4011RVZN},0
{Q0I6-F9PK10PL-4205KVEG},0
{F5W6-B7CX90MR-7802MKEO},0
{C6S0-V5VS56NB-2702ERAA},0
{J5V7-B4TB36JL-0343YVVF},0
{Q8W2-E1JR47YY-9804NLAT},0
{Y1J6-P2JJ77NG-3855SRZI},0
{S2S3-R9NI58KH-0056ZUDH},0
{N9J8-S6QG75OT-0438XRYU},0
{V0U6-A4KM41MU-6197NKVQ},0
{M5P9-Y8WD17XT-9404ZLDL},0
{Y5J9-U3YJ06ZM-4826OCNF},0
{I1U2-N4OK14YA-0348HTSJ},0
{B3S1-D1YC82UV-0662LWFY},0
{M4H1-I3WI06IO-7535JDNU},0
{Q2T2-A2MR34JO-0647PFHE},0
{K7Y4-U1ZO41UK-8760OUNK},0
{Y4L1-G6OQ61YW-6017SIUC},0
{J6A4-X8AR00TO-0665POGT},0
{S1R5-G3LJ33II-7400CFDT},0
{S8C0-J6QO38PY-3024DGSI},0
{K8A4-L6HH43CY-7964GSTM},0
{P1N8-Y3KW15NB-4442RIDF},0
{K5N9-C3DY71BH-8845QYUZ},0
{C5H4-I3HW44CM-7877HGTF},0
{T8U3-Y3MW04VO-1422SDMF},0
{S6S3-A7JK19CV-3390UGEP},0
{S4B5-T5XI84QT-4869VVLV},0
{N1C3-L6UW34PD-0155VIBN},0
{N4E5-M4TH88ZX-2461DRSQ},0
{P0P3-H1XD61DO-2780JFVY},0
{O2X4-J8ZG31GU-1038OHAY},0
{V5E6-Q8HL81CG-8030NAEA},0
{P1R2-R9WP73DU-8067VTAM},0
{S8M7-Z1RD51XS-5198PBFF},0
{W2A3-L0QY53MT-6084QHTR},0
{R6A6-W0TX08BV-2572YLPT},0
{K0E2-V6VZ67RU-3352NBZR},0
{R9G3-S9DE15KN-8234LPEC},0
{C6O8-G5MS44RQ-8079SAZI},0
{A5U4-R3OY81PD-7443KMPB},0
{B4W0-Q2YD25RN-5142UEUP},0
{L3R9-W8EA31DD-0612WOJP},0
{C3T8-J7DB50PA-1087IWQV},0
{G9O9-C1DH66TZ-0547QAIL},0
{G9Q3-G6QH70HH-1389DYBO},0
{F2R6-Z4KC19VF-2836QCJM},0
{B3H6-F1KP60PN-7735TUOW},0
{U1H3-O0AL03UT-1407ZVZZ},0
{S8Q2-S2NC05ZC-9418FAKR},0
{W9I4-D0ZB01SU-9470UIBI},0
{C4C3-U7QB09CL-1921QCJL},0
{Z4G2-J7PP96DD-8657QUOG},0
{J5G4-H9RC71CK-4007ZCCX},0
{E6I0-S2LS53BN-7305RZYL},0
{U4J1-Q9LJ86ZG-3999ONKM},0
{Y5P3-Z1MD99GX-1802CYMH},0
{L3D8-H9CQ05ZY-4588CEHS},0
{S3B1-O2UE94LQ-4701DXHZ},0
{G5G5-I7GS65NX-0550EFGS},0
{B2B9-A9II47YM-7200YGDA},0
{I3X3-W4KV01ST-2630HJTT},0
{K1G6-P7ED46GM-8134MMAR},0
{X6B2-G6WS91FN-2108KVYS},0
{L0P3-S1SH52PQ-7065ERLB},0
{R0I9-R9HT81HC-3749DSTH},0
{Q3S4-M4QZ93OH-5125KZAQ},0
{M2Z5-O9WN85MO-0461SAHU},0
{B8P1-X7MG58JD-8158QNJG},0
{A1R1-F1EY31WO-5748FAOJ},0
{N8N4-O2AK20GR-9061KVDJ},0
{Q7D8-C5CA51JW-5375VZDY},0
{R6B0-P4VW55EK-1057PWHP},0
{W9Y8-O3UY02MS-0276PHBK},0
{B9J3-D1YG32IQ-0707RWUC},0
{X0T7-O1RM90UG-0552ZVVT},0
{Y6L5-B5PP61II-1968TBWR},0
{V9K3-C6AU94RI-5317RRZP},0
{A3N1-Q9AT07KP-8744PFRC},0
{K6W0-H8GP41HK-5154EKMV},0
{I4I3-U3YJ42XT-2571GSHS},0
{B9B1-K7SR50EB-9934PSTZ},0
{N6Z1-R2AS37XX-1793KBEV},0
{K1Z1-P5YB93FA-4221PVAM},0
{K2F4-Q8NW49SE-5872NPQZ},0
{K1M7-O6YW89WM-7551OQUM},0
{W6P2-X0VI52OA-9446XLJW},0
{W1D3-Q8LN25YD-5194CESJ},0
{Y7B1-W3BG00DK-2895PRXU},0
{B4A3-K2HE36BE-8218ZTJN},0
{M4X4-W8FT62IH-3151BPZJ},0
{Z6K3-P4VK91CR-5948ZQVU},0
{L8Y9-P1GM69SS-4756IJVA},0
{V4C5-C5YX02OS-2993HGFE},0
{D5H9-S4BD55TY-7148EUMJ},0
{O0J5-R0QN96VE-2472XRJH},0
{Q3Z0-Q4JJ28YW-5732THBF},0
{Z6V8-T7DP19YJ-5959MWOV},0
{K6N6-M4SM37ED-1544AIEO},0
{C0I8-N1JY39XB-1018BDBN},0
{U9R7-D3OI86EL-4501AEJX},0
{C4V9-B2AZ33KH-1151IKTB},0
{G1R8-B7LN71DC-8388LHKG},0
{K1D1-O3AZ93LQ-1480SJNK},0
{H5R7-H1JA15EL-5366LKWB},0
{D3A8-Q1MB65HJ-5877RHGH},0
{J4X9-U4PZ07HL-4843FYGR},0
{U0D5-K4FG65VK-7679OFTI},0
{A7I1-N5DG56HE-2434HMTW},0
{Y7U1-I1OQ08EA-4926NJVW},0
{D0J2-R4NQ73MF-0568KULJ},0
{K9R9-U6PF68JD-6650VMKA},0
{F3L8-P8QT07MK-9873VKEV},0
{Z9A1-W8SF80QO-5606XPWY},0
{A5G5-T0ME78LB-8149TKTE},0
{Z6J8-B1LF03GP-3577IYVJ},0
{Z8X7-Y0IL81NW-5348AHPM},0
{B9U7-E7ZU65OU-3216GEHG},0
{G2Y7-A4YB95NC-9828GLGX},0
{U6E1-J2WO52DF-9590USDY},0
{B1T6-F4BB14NA-0398VLBH},0
{C3Q5-U9KY47FY-5304ZMTO},0
{O5O0-K3AF94NL-9350QNQJ},0
{M1B9-G0UF57VP-1924MSVT},0
{D6I0-A9TH51FT-1847KZZH},0
{J7K8-S6JK58KV-1442REIQ},0
{V5U9-A0WM42VK-9162KNCD},0
{U0Q5-C1SC03QD-0104HTPL},0
{S1G6-U1NR83TM-0906HKQE},0
{C0F7-R0LW49MX-3383QQVT},0
{V3R5-D2AE88UJ-3464MTYT},0
{E7D8-A2WN83DY-5263OQDX},0
{V7U0-K1JQ92TM-2497CPZN},0
{I9D2-L8DF70IX-2155KBAW},0
{D5P0-Z8UO30AU-7507HBXB},0
{S9O9-R9UR97WS-1353PDSU},0
{L4F9-J5MS36AV-6583XTXS},0
{L9K0-W5NJ09WP-6714VWPA},0
{U6V7-D0JT89YD-0965WLOE},0
{L4G7-Y6VO06MY-9478YBLQ},0
{D3L5-C1II15UW-7090NZWA},0
{X0J4-V6RW14IH-3593LMAZ},0
{I7K7-C8TH88SC-0524PLUE},0
{T8R6-O7ZF44BJ-7331HSEG},0
{N1A7-J9DX22UA-8942LVOK},0
{X0C0-R7SC64LT-8747VKKN},0
{R0L6-F9AM15DF-9967GTLZ},0
{K6W8-G0BU92TZ-6692LQAT},0
{E0P2-G0IR15RP-3939MMMK},0
{Q5W2-U3TP09LJ-7702QPCX},0
{R5N3-J4LD21UQ-4095RQNS},0
{J0N6-Q7YH79VE-7401ZVSE},0
{H4F0-U4KZ31FJ-1695PYYC},0
{H6N9-I8YN14PZ-6266PEON},0
{D4E8-Q5CB67VY-5505SJQB},0
{T0D7-B1JY86DK-0994HMUU},0
{H3S3-A2OP89YM-9711SMXS},0
{X5Z2-P1SA72QU-8601JLDD},0
{D8M1-P1WB02RE-4508UOWU},0
{F5R3-D2ZK01NX-1262DCMS},0
{T8I6-W6WN02DZ-1132FGYP},0
{F1U4-U3ID26VO-3479LWYD},0
{Z4S1-F7HM24PJ-3533IKFT},0
{B8C7-D3NF31PC-4690QOGY},0
{V8K7-X4TW54QE-8754XLYH},0
{N0Y0-V1VC19EK-0775NQCE},0
{U5B0-O7UU48LH-8952WYWQ},0
{P0V3-Z2EI11IG-5718TBLU},0
{U8M2-O6HC97CP-8465WMSY},0
{P5A7-J8BP51QM-3721MOOY},0
{R5I3-V3KZ04UQ-2658VVWW},0
{A2P6-K1UY32TO-9705YJSQ},0
{Q6W7-O4YT15WR-9666FDJH},0
{V9B6-V5AI31VK-8981JDIN},0
{H2V7-E6KE62YL-3065NAFI},0
{A3O9-O7GB15SC-1268KYGE},0
{X6W4-E0DS67OQ-5969USNF},0
{R7M2-D8KX42UY-9057DQER},0
{W5N0-Z4SV30DP-5409AXSO},0
{X5B5-S4PY01VQ-4918TSDM},0
{N3H0-A9NF90ZN-8736IRKW},0
{J0O5-Z2DC68NT-6559NYAV},0
{E0P0-W8JC76ZK-0962JZPW},0
{D9G7-L0LA32NC-0795NOFF},0
{E9X0-R0YS36KJ-5404YAMB},0
{L4T4-Z1II48YD-0068FGKV},0
{D6X7-A5QX15NV-3931ZFUF},0
{Z4L6-E2KA00RS-3394ULQV},0
{W5W8-Q3FI94LK-8489DIHF},0
{P3A8-Y8HF96OW-2473FQOG},0
{V2K9-H4OZ15GT-6593NDFR},0
{O0A8-S3AE67UJ-5087NSDK},0
{L8F9-L4FM60OO-9877WOJG},0
{C2I5-I5GQ02VP-3799FRFE},0
{F6G6-B6BP18DV-4631JERF},0
{D4H3-F3TZ10PF-7323RSCA},0
{I3M9-P9YF14UJ-9337KYYH},0
{Q6C9-R4UE94RA-5842ALXL},0
{M3O7-E8XE87DQ-7769ZEBQ},0
{M8D2-C6CT84OT-5961DMXO},0
{H3A0-B3QD68SA-7907SBCE},0
{I2M6-S5HD28NU-7301JGKE},0
{K7G3-E1YN37EV-8149BHRQ},0
{U7A0-O2MX53YJ-7993JELG},0
{A6C1-H8XV39QF-7243KDRD},0
{N9Q9-Q0UK96GL-8168MCCC},0
{A6T7-S0PB96KW-6815MXJF},0
{I6Y4-I7DO99UN-3355HGSK},0
{H2H4-O8SV85KN-8506OBMV},0
{R9J0-Q5NL74IV-4905DVWU},0
{L6A5-K6OI59GI-8026UBFN},0
{A1K1-E6BC76JL-7597LVLK},0
{U4H6-H5QF32AK-1233TLRG},0
{C9N0-U2ZA49RX-2054CSPQ},0
{Q7H0-N0JX15TO-5233YCBO},0
{E0X4-J1IV46PE-6438DIXI},0
{P1G8-E4FO12JO-7626VVSI},0
{Y8W1-E1LX66XH-1118PJEF},0
{G1V3-I5OE21GJ-1823FWPC},0
{P8C6-K8VT01GP-6124RPIP},0
{F0R5-X9VC62FM-1029NKRV},0
{U0D9-Z6PH17RV-3768ZXNF},0
{G2R1-H8KT76HG-7582VGQP},0
{Q0R7-Y1XR18GV-1047ETMS},0
{A2L8-L6PJ09YC-4207HZNY},0
{V1Y1-O4OG93HR-4834HMQP},0
{C3K9-A8XW79CF-8402FCSC},0
{Z9D7-X4EJ46BD-8763LLWC},0
{X5W2-P7NY44WS-9232YMXW},0
{K0S4-F6XC32CJ-5382FCJK},0
{D1Q4-J7MK12LL-1174YUPI},0
{L7X3-G8YC33ZB-6367LPQM},0
{C3K4-B9BO63RH-3742WTYD},0
{B4O2-G4GY16UB-8379CVYJ},0
{J1S9-T8YG57JA-9330OIZE},0
{F4H3-K1DL56MP-4129XFXB},0
{J5I0-T0XZ49RP-5965QMCJ},0
{E2S3-D3GV59BX-2729KTEW},0
{C2G6-X0NJ26GQ-7509ILPR},0
{R3I9-T3UN42PR-5172INDO},0
{H0R2-U2WV22II-3690UEBF},0
{R0U7-E4RH03RU-5153ZTRM},0
{Y0M3-Y5WJ03FZ-9423WUDS},0
{R1P4-X7QL21HP-3121LTUD},0
{V4W3-C0RW49JK-6952OFEV},0
{D8V9-P8US69PA-7061DCMR},0
{K0K4-O2AJ40CV-1743OETK},0
{K9Q8-F7GC50GY-8768YKUE},0
{Z4R4-T4MY48QJ-1617EERX},0
{U2H2-Z9ZT12BC-1597WYYB},0
{M6P7-W6NB29BI-4421NAKV},0
{P8A8-J7BM00WH-1322CPIQ},0
{F0D4-M8RY14XI-7199FIAL},0
{K9S8-G7KX69VP-9976GRTK},0
{A8L1-X5OP38MS-7546HZER},0
{Z6W5-R0VX38DQ-5425EHXU},0
{G4H8-U0FS76UY-0311CHMG},0
{Q3U1-X7VP81TK-4670BOZC},0
{R5E2-E0WF02AY-3736PNIU},0
{V6T3-E0DM83HY-4797BZDN},0
{J1J9-N4RK83EG-3672UGMQ},0
{N7J8-G2AB38LX-2400QAMG},0
{B8Y5-I4ZQ72NC-0247RWHG},0
{P8V7-M8JL78CY-9835JYZG},0
{F8F9-V6WC27LU-4113MLVX},0
{I6T0-W7MK03KE-5901BWQP},0
{L7V3-R0UB93YP-3094PZMH},0
{B4Y5-P3TZ65AO-0486SIJL},0
{Y3I7-F0KW26JG-3797ULBM},0
{Q7B4-E9AN76VA-9147CNIE},0
{U6W6-O4KA01TJ-2286TWKO},0
{Z1A9-D6TF01YW-3752RIQA},0
{I8D7-Q1XA34ME-8292QRUM},0
{B3A7-U2TY12CR-0704MGIA},0
{K3U2-X3GA28II-7892MHWI},0
{N2W9-J0IC47ZO-2202MILO},0
{Q3H9-T6JU53HV-6116PAMX},0
{R2X3-Z5HT85IX-2050EAWG},0
{X3E2-G0SW86RN-2464PORF},0
{D3I1-G3XM42WV-6749ZRIT},0
{Z1Q2-K0AS64RJ-0349SCUL},0
{F2T0-L3IO47HS-0334PDFP},0
{A3B7-D0IV15JK-6377LECN},0
{U1E8-J3KI69XP-6604KCTD},0
{L1Z2-G1YP39RE-7522KZYB},0
{Y6X0-I0NO74BC-9243VWYC},0
{L0A5-R9CT94QW-5038VMXW},0
{I9V8-U9QA54QF-6138DYCT},0
{V0J6-G5GP96EN-6134DDET},0
{S0C5-Z1KW40KB-9820ZDFH},0
{X6N8-X8WI10LA-6110KFCV},0
{Z6L2-S4YA52JC-0619MFUA},0
{T5E5-T9YC04AN-3738XQDH},0
{P6V7-D3KU81RA-6356GFLN},0
{K1U0-F5IN45SC-7925IZDK},0
{Y4Y5-R7VN98CW-4640UIZR},0
{Q2F4-T9WY75OR-0030DTGZ},0
{R0X8-R1EG44XX-1069NKUT},0
{V5F6-Q9GD72WS-5055FNNN},0
{J0F9-L1JY99PB-5974CAAC},0
{V3D8-O3MT20WK-0937QAZA},0
{C3J3-L3XZ21QP-5594KTQX},0
{C2U1-S6TN54KB-8438OVNG},0
{J3N6-I6BN25HP-5815ZHUG},0
{R8U6-D5VY71IO-6163SYKI},0
{V1D3-G8CO49AY-6263FNED},0
{O2E7-U7RJ34RO-6637NJKZ},0
{H9X8-I6SF72SB-7252DHOG},0
{W5C8-A1GO72AW-3668VEKK},0
{C3F2-W6UY27OV-3327KWOG},0
{Q9V2-R6PC27TD-4949OPXR},0
{Q3Z4-P6QS49JS-3446SVCZ},0
{W8Z7-J1VV15KP-8787VDGD},0
{R0A5-F3CG08SQ-6555YUQH},0
{D8R2-W3RA73SZ-9644LWKY},0
{Q2V5-I0XS44MK-9523OEMC},0
{K8X6-X5EE52WA-1959KMNG},0
{E4U3-W5CI50LH-3234QTHR},0
{Z4L2-J7AY14UD-7437VYSL},0
{B1L1-X2SP82FT-7645MBOH},0
{N8Y1-L8KK14UX-6987NLBS},0
{W5N7-K8UY84LV-8542JWSR},0
{M9T6-T6FQ32UA-4515CXMW},0
{S5O2-U9OY06RP-1448ZAVT},0
{N1L2-X5RA88EK-6116NFMX},0
{D0O3-E5BG87XB-4929WLWL},0
{Z8M4-V0QR67DO-8696MXMD},0
{N0B2-U4AT27DY-5617WLLF},0
{D1C2-A0MO15CL-9701TWQR},0
{U8H6-Y1EG04CP-9866AMJI},0
{Z2N5-M0DQ42IH-8569NQMQ},0
{Q2W9-N2WT93QV-8634TLNA},0
{L4B2-U9IY54ZK-9110QURU},0
{W0E6-P4GR00BF-6519JEHZ},0
{W9T5-I7UH56NQ-0419KCKB},0
{Z9S7-O6TA92FW-8870HDYL},0
{K0A1-I5DV70CT-8200ZDBX},0
{Q8C6-B5ID99KX-6401DOUO},0
{U3N1-O8CP08XO-8025VYOV},0
{R8X2-P1ZH94EX-0094ZTUA},0
{V9P1-O7TI02JG-2745HLHR},0
{A7D4-B9UP73RB-1183KJVD},0
{L9R5-Y8PN61OK-0497KPGU},0
{L5G0-R4UE29WS-0322ZNKC},0
{P1O6-V5WC32EH-2757LCTY},0
{O1F7-I8GU33PF-3547ICNS},0
{Y5A1-K6MU86LV-9381QZPY},0
{O6P0-G5DP32NR-9429HDFJ},0
{G4F6-B1NC60DY-9858MACT},0
{E4E8-F4YI24SV-5104ZNEI},0
{T8T8-X6NF11ZZ-7219IGEB},0
{R9E7-Q8SZ65BT-2205OJNR},0
{E5V5-J6TF26VQ-9068LJRK},0
{I5K2-F5BQ69QP-9065SROI},0
{Z4U9-Q8GR71GY-8972CQDO},0
{W2A7-L3KP33HN-3158BLAY},0
{F0U2-L2AG24YE-4334PITF},0
{D9A4-K0PC68CS-1748ZOUU},0
{B8X2-N0PS40VK-2630JGMV},0
{T1S5-Q9RK33ST-5672AXMZ},0
{T6K7-Y6FH49WS-2033SIQR},0
{P3D7-F7UK27RB-5662YXVH},0
{B0J1-D6BY22DW-2141IUDC},0
{J7E5-I1PZ57DP-9892XOFX},0
{M8B6-Y5BR73GC-8551EALU},0
{N7W3-G7AU55YN-2698DVVY},0
{E1B5-J2JE97CJ-5028WXYQ},0
{Y4B5-C4GS66EC-9653RZWE},0
{F9Y2-K1VN23IP-7219SKWQ},0
{C0B8-R1AL45GW-3331OMNZ},0
{Y7J1-H1GT58ZS-2745DQJJ},0
{X8L1-I5TC31TB-7079JNAB},0
{L0K6-O1JQ30GZ-4228WZTX},0
{H4E3-R1IK40ZK-6790RUMW},0
{M3A7-A5JH95SH-1338AUVF},0
{J6X1-X9PV11OU-0249OLGR},0
{K9O7-Q6PF65CA-3109XTQH},0
{U2I0-I5XA98XX-9401ZHPJ},0
{Z6B5-K5YM02BQ-8809GMSH},0
{D1W2-O6AI85DI-4536JHVW},0
{X6U1-E4YD67SY-7921EDEL},0
{V6S2-I6NZ72QW-6067FMFH},0
{A9Z1-B5HD71ON-4331QFEU},0
{K5Y0-S9XA07EG-3739DZBM},0
{O5D7-V3JH20IC-3511YHFE},0
{A4D0-N5KB94YC-1305BPPJ},0
{H8Y4-P4NF13VT-1381EEGW},0
{O1V9-Q3FL57TU-9318WOAC},0
{U5C2-S5ZV31PX-1656NGOW},0
{E9F7-U2QP46KY-5290ZRXG},0
{I9C5-B2QG72KC-1823CCOR},0
{J0U1-Q1JO40BB-1458SRHN},0
{R3Y9-M8NA05YG-7362NMYH},0
{X7O8-B7CJ40UH-1056FDRK},0
{Y6S4-H8AD38OU-1275ADSF},0
{H9N2-B2UF85TF-3080VEKQ},0
{X6Y5-L4GS21ZD-8252JWDR},0
{O1O6-A8HG64CD-9194MJOB},0
{F3W6-M8FE71DK-0457DZJW},0
{V0F7-G4BZ10YC-0606WWUB},0
{E1V7-S1DT96PX-8731BAJF},0
{A3F4-O4YW24ED-8849KOLI},0
{T3T9-X2MM66BP-3168HUJZ},0
{H1Z9-O4CO19QM-5749LAAJ},0
{D5X9-V2WK74QM-0075BGKA},0
{X2G1-L8WP79PT-2032MKTS},0
{U2W2-T2OL04LT-2192LYRB},0
{N1I5-E3WA69QJ-1895DEEO},0
{K2U7-B2GW42PY-2538SFDM},0
{D0E8-D1QP30SE-4306PUMQ},0
{J6P2-I9AF90SL-3146OIJQ},0
{R7W8-P1BI33HG-8892ACXR},0
{B5M8-L7YJ70BR-5479HMLG},0
{H0N8-D4KH15TG-5196OIEG},0
{B5A3-O2MN48WR-0632LDIV},0
{D4T7-M1FI27WM-6035GIKU},0
{S0M3-Z6NZ09LZ-0253BMWM},0
{N9Q7-R2WQ05EO-5698VZZF},0
{B9F0-Y0SD46ML-8637MZER},0
{R4P3-J5NM02FM-9320FNNC},0
{M9J0-S8XW87SK-4361RCZU},0
{M3U3-I4GD79DQ-4964DLUD},0
{O9R2-Q2FD40OR-8868ASOR},0
{C5R0-T3PL80BO-7576ZEFC},0
{L9S0-O1NE81GQ-8625HUZE},0
{W6O4-S4HI17AP-3199KVWT},0
{X4L6-X0KG09DO-5610ZDOR},0
{D7Q4-B6HO84NV-0072POHH},0
{G6D6-M7HX60DE-6182TGQF},0
{F9K2-T7JU02FX-3835MGYG},0
{T1E7-B3XH23BW-1101QNFL},0
{P4N2-N1WU54XE-6075CRUE},0
{V2C3-Y4BP83NE-6907QAAA},0
{I0G3-C6FY80WS-8265KYGC},0
{Y8D6-E2LV16WH-7156CQFA},0
{D5V7-G1EC16BN-5109VRXL},0
{J6F3-K4OG59PX-0708EZLP},0
{S0Z3-Y8UE55SO-0055YUVH},0
{Y5C9-P2YX58UA-0706FCWL},0
{U2O1-Y0EE92MJ-8911ADGV},0
{R5F1-S7EF16SE-9976RXVA},0
{N7Y7-H8TM83GF-9075DGAN},0
{N8R1-Y2NI38MK-4165GEAS},0
{K7K4-A5PV12JI-1312XHZP},0
{E2R8-J0DH33HU-3197SQNS},0
{Z3B0-O7DQ99QZ-0862DDMD},0
{F5S0-F9CT28TE-2667ENGV},0
{P6A9-Y7LH32UQ-1428VXJU},0
{H2N7-F9II40MZ-1261SRFY},0
{M2A6-P9JD46OD-2731NKSD},0
{K2M9-Z0KZ89CN-0851DOSO},0
{N5V1-E4OX08VR-9972KYMO},0
{X2X4-P8GU03VC-7556HPWB},0
{Q1O6-N6YS70JT-1750TJNF},0
{P2N0-I4GN53RH-9112TVSF},0
{N8R4-T3YD53LK-3948IPYS},0
{H3P3-M3PP86EX-9712DVZC},0
{D7W1-N5GG07EF-5605NBWJ},0
{B4Z4-J2OG54EX-8112NPUR},0
{I5D1-U0HY78CT-4918KKRV},0
{Z7T5-Z6JS02NQ-2281PGXB},0
{C8O4-B0MP74JO-5205MSNA},0
{T2Z8-F2SR58GM-1167SJYZ},0
{C4D4-R7TS70VU-9178ZNIK},0
{C1G5-M4KO99MZ-7658DXND},0
{U8G7-G5YW95VA-5697BFXE},0
{L0E8-H6XZ23DK-8793HHMY},0
{V0G7-V0YV36FV-4431ELVF},0
{R7T9-F8PC75BZ-6544APCP},0
{H6T1-R9BQ67HK-3813EKSU},0
{C7A4-R3LM69UY-7614VLNU},0
{O8A5-H8DU87FS-5761PRVH},0
{Z8M8-Q8JD03UD-0885NUOX},0
{B0E9-Q8MQ16AW-6499TGVB},0
{W7H3-S8NJ77DE-4614CBQF},0
{X8J6-N2RD18DE-9377WOGD},0
{J6P1-H2EH41JZ-8467ZKJX},0
{G0H2-R2QG25SG-8542YYFL},0
{L9U7-W0FR97LV-1832UGNF},0
{P9O4-X2NZ03PP-1062WPYK},0
{X7D2-P6FQ98EK-6990NUVZ},0
{E4H2-L2SC99LV-3170HGMU},0
{I6U7-R5IS47AS-7673ROJH},0
{X2H8-S2GJ29ER-9415LAMG},0
{H5N5-H3OQ88CI-9588NACJ},0
{A1P1-O6HL02GK-5127NMAJ},0
{D8I2-H4VG37SS-5815WSWH},0
{W3A7-R5MI75IJ-8188GECP},0
{P9O4-U6TM64CG-2662GSPW},0
{R4E8-V5SK37JK-3310HJRU},0
{I3J4-U6ZZ59KZ-6034CLSW},0
{K0Y9-Q1XI01QL-4846PTIC},0
{B7M9-P9NR76CZ-6643DCJV},0
{W8S6-J1TY37TE-8297ZQJU},0
{X1T9-Z0YA18XO-2378SQZC},0
{Z9X0-F2KP72WW-1550JDRM},0
{X4J9-Z1BO20MX-3791CONF},0
{P5V6-O8LT70YR-6863PGQE},0
{A0W4-E2TK86SZ-0906AWMQ},0
{P3L8-N7ZV12ZR-2773MIKV},0
{U7Y5-A5KN00IB-3554HVAH},0
{M6J0-S7WZ17SV-5351TIAN},0
{Q2U3-C7LP33LQ-7571JVFN},0
{K9V7-R5TK96BS-5447BGQR},0
{Q2H4-E1RZ82RG-0907ZBSJ},0
{N0F5-Q2FH47GL-3780UFML},0
{E8R4-D6OS25MJ-1220QUCU},0
{O0C5-L1QN60XL-3067NEDU},0
{I3U5-G9ZE40AO-6463ROSD},0
{W1I5-T7BP72CD-3488RNBS},0
{X2H4-G6MM87MC-3488YSRC},0
{U3S1-E1RC95EG-1928WROH},0
{D7Y8-P4XT33XP-7383WTUB},0
{K8B3-V0NJ68EM-3805XBGK},0
{J5C8-D9WG00VR-6062RXTY},0
{E9Y2-G8WT94LM-5255ISGB},0
{R4A1-N2WU81PG-4057QLTC},0
{W3E6-R0VS71ZZ-1171ZQHK},0
{J9Q5-M7DF73GX-8866AZQD},0
{R9S2-A5NO04ZF-7979ECNA},0
{G9D5-V7GD49OY-6260STHB},0
{N1X6-C2KB02QF-3127JQZX},0
{D6P1-B5GZ88EI-8655IYPL},0
{K5T4-B2XA78XK-2788MTMO},0
{O3Z0-T7QK08XY-5755BIZQ},0
{W8O9-G6VP80FI-1315EQWE},0
{E5Y8-X7PJ77BC-3568WXVD},0
{K9I2-O7SL41KF-3665WADQ},0
{H8J3-O9ST20PE-3214ABNZ},0
{C9B6-Y5GM21PO-0655NJAO},0
{S4O9-K6UP02ZV-9771KOLQ},0
{B9Q4-B8MV90KT-0698FVRL},0
{Y5L8-W3MA33BO-8635KASL},0
{F1A8-V3UE87TH-1652BIAP},0
{E8Z1-M1MV40ZG-9643SJSX},0
{F5L5-K9DB25IC-9470YQPK},0
{C0C1-T8UQ41XU-5869KYFP},0
{B1Y4-G8XG02LH-7564EHZB},0
{I9B3-Y0EO88UI-8347OFIV},0
{H3Z9-E2MK94YV-5204KMWU},0
{A2O7-P7JV48QP-4185LQXR},0
{P1P3-F6JT67EU-3514KUXD},0
{C1Y4-O8FS26VE-5020FEFY},0
{P7B3-I4HG73EF-7105SKQA},0
{Q6W6-N1SF76RS-7391HCDN},0
{G3O1-D0XR89YT-7290CTNV},0
{M0Y3-D9PM14AB-5493LQZY},0
{E1G2-L0ZJ81VI-3452SJOO},0
{J7X3-G9JM76SA-1466CSLW},0
{J2C2-V7XK05FC-1747AKIB},0
{B3T0-H0WM03DA-2791QBND},0
{S1G4-A6DS61LE-5360NXYB},0
{F7F9-Q2QZ39UD-4481PWWI},0
{J5S5-O8WN55UQ-1659JXNQ},0
{K8C9-W4WU29NV-0474MGTB},0
{G6B8-R2XY96IT-8515GYQQ},0
{P4E2-J9CT76VD-3097TLXL},0
{E6P5-T4MM19YM-7797CGFS},0
{N8D1-Y6DM82GR-7807RCLP},0
{B0B4-Q4BG89ID-3267GPXK},0
{D9Y6-B6JO76IM-0375GLWQ},0
{E0A0-V4OA56BH-7518GTXX},0
{E9E8-K5EY88CG-0089UKAO},0
{T6Y2-N3FG35FU-1376HQAW},0
{T4V9-K7XN67ZS-8742LKPR},0
{E1F4-F5EL70WX-3069JYDE},0
{M6A4-J0XN67GR-1414RYRV},0
{G8T3-R9UP08QA-9532KMPV},0
{S5Q1-O3UC54HP-9486MNPG},0
{L8M0-C1JU91KY-6669HUWP},0
{D4T4-L3UC84WD-4306RSDQ},0
{D2D9-T9BV27IN-4023CSJM},0
{C3I9-I7QP82UJ-8821ANEQ},0
{N9X7-Y5HR02RE-5686FENJ},0
{H2H9-D2UL97OX-9618LPZW},0
{B8O3-C5AM53FQ-2342ONQT},0
{V4O7-F5BS20NU-7534IRAP},0
{U0B2-E7GE99FM-6739CQDI},0
{K5O8-V4TQ60RT-9509BERM},0
{R0J3-X0PO94HC-9455TWRR},0
{L6V3-Y6IQ19EA-7250KORR},0
{H5T7-F4DH97WW-2838IYUN},0
{V1Q5-F6TR79BR-3378XDXU},0
{Y2H3-N8JK56UM-2433KYCM},0
{N9E4-E3EJ84OB-3692SUMC},0
{D1P9-M7SG83AV-4633XPZT},0
{Q4C1-G5QI26AI-7011IJEP},0
{V7V6-U5HT46YM-8201UBTL},0
{W0Y0-N3DU22NT-3689FUJY},0
{J1O3-V8NX87EY-4702HIII},0
{D5F5-T2PT07JA-3876CWEO},0
{T6O5-T3VJ52JY-3590QRCE},0
{J8K4-P0NX57QP-1116OJVK},0
{Q7B6-M2CN97BO-3637POJY},0
{V4P9-V1RC76AJ-0247GFEN},0
{Q0R0-X9MM96JD-4644KHLF},0
{Z9W1-T1JQ39OK-3758FZLN},0
{N5V4-F3YW94UI-4920WXQI},0
{D8V3-E5XI35KI-0191BXQI},0
{W9H4-E9PW30UP-7633MXRY},0
{J4T4-S9PN33VD-6929GERU},0
{P0Q5-C6HJ79VQ-7072RHWX},0
{Q9Y1-V8WU01MV-0628XJRX},0
{N6F1-P6MB01JY-8600JPUO},0
{J6Y6-X8YR37GW-0717SUSC},0
{D7G8-L7XC16DI-1950DPBB},0
{U9J1-J6AI74NG-4550ZETD},0
{M5N3-Y0KP98SK-2400UZRH},0
{Y5M5-K0FF05KK-8277CSYQ},0
{L2U4-D9UV46AT-3191WTIU},0
{G0R0-B1NO48QE-3229AWEX},0
{Y7D8-M2TY64PV-2436KLYU},0
{D9L1-F0XE31EM-1226MIIH},0
{B6J9-P7UU63VG-4414RHXW},0
{Z3V8-C3XK86BK-1383GXBB},0
{Y3Y1-M9IQ37PW-1403DDKL},0
{H5L7-Y0EI77KN-1471KISJ},0
{Q6X8-F5QI32DY-8739TEEV},0
{O9Z1-M7TN84TI-6640MBCT},0
{M7V7-R2RH77PK-5017USTO},0
{O5P0-P9SG45QE-6166HQLI},0
{P0Q5-P8EP40UB-6151HSSA},0
{Y2N7-S1TV42UU-6829XECQ},0
{Q4V1-H6IT66ZA-7148MONJ},0
{Q7M0-F7EQ14PZ-9559TGCB},0
{Z4Y1-O7UD18JE-5260BIXP},0
{T1J0-K9SB37ZD-1641JGAU},0
{E9O2-E6CP98WA-9119FTFV},0
{U5M3-E8AQ26ZL-6372ZGGL},0
{I3F4-O6FC78HW-4894DHED},0
{Y2S0-S1NT56HI-7527WFZE},0
{G6K8-K4YR40MA-4103ASHV},0
{U4W7-L5ZU11VA-5422OOMD},0
{G6F8-D0JC20UW-9020ZBNM},0
{B9W8-Z6TX71KV-9913FNGU},0
{S2T2-H8IW73YA-4312MGQZ},0
{V4U3-N9ZQ94IP-4927XPQL},0
{D9W4-I0HQ88UE-7878ETDW},0
{V6N1-L9QA13PK-2833MSBX},0
{Y6I3-Y2MS60WI-0350FXWW},0
{M4G5-R9YF79QT-6546FJSG},0
{A2I5-D0DB03LG-1887UFRN},0
{Q5U5-I3GG54DZ-0214ZVQU},0
{V1I9-D5KL83FM-2079MSET},0
{Z8P2-G0JK09DA-8564UJXZ},0
{U9M9-K1SZ76GJ-1775IHPD},0
{W7T7-Z8MU02SG-9105FTNK},0
{P9H9-I9CF33EC-0357FANU},0
{L9B4-W5BX19SX-9540JUZI},0
{Y3W0-R2YB37PR-5521MKCL},0
{J4Q0-L4MV22PL-3564MSNS},0
{V5F2-X5TJ76AO-9401KAVF},0
{X4F3-M4KO50WD-7269TYDG},0
{X7V3-G2RE23WH-6467YRVL},0
{M7D2-M1BV51BR-4179MQAI},0
{M8H4-V8GZ20VL-7095AHJA},0
{R9O5-P5UU08VT-2282SMIH},0
{Q6Q8-F2AW20YC-9180WQFW},0
{O7G2-W8AB86RF-5629HFUL},0
{T7A4-Y8PN36CC-1000LCXK},0
{G1T7-Z1MT92EM-5685PDQM},0
{R8I7-G9YT71CT-5738XKQM},0
{G1O3-H4TM56CB-3501DBJQ},0
{B8A3-Z3VR89LZ-4806ODNJ},0
{F8Y0-F2OR66FH-4010LDDU},0
{M5X2-T5OX74UM-5762VUNA},0
{S5O3-I9BI74LL-2823GUIE},0
{C3J2-R8CB85OA-1924HJDW},0
{D2N8-Q8TO16RR-1430JDPY},0
{D5W8-R3ZI26QP-2210TJBA},0
{Q0B0-N7UR69VU-1246SJQG},0
{M6P9-P5AU04JK-3405JTZC},0
{Z5D6-V3WV27FX-7903LFYH},0
{Y6G7-Y0ZG60AQ-6717CZOP},0
{J2X6-Q9WY31KK-6206BJUR},0
{B2G6-L3KA69EN-2346MROJ},0
{X4G3-U4GJ30VQ-0739KVZZ},0
{W6H3-I5ZA88ZU-0165HVRZ},0
{B4L9-A2BL18GC-3243XMPJ},0
{W0I3-D8CX27OI-8272HSHQ},0
{V9J4-T7PK36RD-3780QJPL},0
{H4U7-H1DY11FM-1575CQVY},0
{C2Z1-X4HW83TE-3022UIZT},0
{F6G8-L8JA11CM-4486HJNP},0
{T2F5-A5IW73WX-8924TJWC},0
{R5K7-Y6TJ36HR-5640KOUY},0
{J9V8-Q3PB18OJ-3080FAWD},0
{S4O8-B8WM71SE-7208POCO},0
{O7V0-U1PC68DF-6370BVYD},0
{L4I6-X0WC45HV-7911JORY},0
{Z1K6-H8ZZ25JH-2871SZHP},0
{F2U9-L2HI41RS-8522MSAS},0
{N4B2-W9PB88OG-4833YIZL},0
{H0W5-T4EN48QE-8548WSGC},0
{B9Y7-T6KG26CJ-0213MXPB},0
{F3T6-F0NO42PG-9657GCHE},0
{H4E9-F3KF84ZB-5360JIVZ},0
{F8C5-P0IK52UC-6320JPHN},0
{C8U6-V6PF21PG-7325SOQW},0
{Y5B9-P0SH67IW-0129UZAA},0
{C6J4-A8BW50DA-0154CXAF},0
{F8P3-A2NE09RO-3530ZJPM},0
{L4A3-X7JZ64HR-3936XKDI},0
{V4Q5-J8JG61LX-5526IAFN},0
{K4H5-M3JL13HX-0055DDHY},0
{A9Y8-Y5GX57HB-1136AWGE},0
{W8B3-B4LD49RY-6322HDHM},0
{M6C2-L9FX30PG-7941DRTY},0
{E2B8-P4FT81VW-2888CDLV},0
{O3Q2-N8LY59DD-1552TRSM},0
{F0Q7-V7SW00YR-1930RHMF},0
{X9S8-V4LK66NO-5041XADA},0
{Z5T6-R1WO00SC-7657AEOA},0
{M9A4-E3KZ96EI-0966UQTI},0
{D6I4-C8TO00GA-6806EHQE},0
{J3E3-M9VI08SR-9137BXKE},0
{T1P7-H3AI08EY-7450GQGO},0
{Y1U5-S8KY89CB-9186JXQN},0
{M2Z0-S4PW20CC-4298CRIH},0
{T3E9-E4TA19GX-9191SPQU},0
{O6X0-N4XI23OF-8642DFOT},0
{O7T6-H3ZS61PA-3122IWPY},0
{Q9A1-I1XN43BG-9594YGXL},0
{C9Q5-T1JG64IL-5782TJYH},0
{N2P2-I5RM22CX-0345PYIJ},0
{R4W0-K1XH98BS-4722WOFF},0
{U8C4-D4WU67CX-1833ODGW},0
{K8O6-B1EV06TU-5882EWCB},0
{C7W3-F3BT28RX-6911VYEQ},0
{G6L2-K9QE46JX-4317UXQA},0
{H6O4-Z5UW15RI-0952CWUJ},0
{E4T0-V0ZD19CA-3199MNMS},0
{L7N8-B1LI75BG-8493AVFZ},0
{G4U0-I0GJ55GL-3990GNZX},0
{O1K7-P4UM72QP-7443HEDC},0
{F2V8-S5LC20JN-1821CDSD},0
{R5W5-D8ZV31XP-0958IEIT},0
{Q4P6-S4JU01KK-3756WDKQ},0
{W3X6-U6PS08ID-7191VJPA},0
{S0Y1-U5CO33BE-0175FTZD},0
{Z0J8-X4FA52KS-1116GGJN},0
{K8B4-G6ZG98RJ-3372VZZJ},0
{I1R7-N0LE95NL-0213ZXHH},0
{N6M2-Z3OO12TS-1344QISN},0
{H3R6-Z4XH98UC-8056VNUX},0
{Z0I2-X1SU22KA-4878OMWE},0
{X9E2-K8BB52IC-1405YQJA},0
{S7G2-Q9JE97IB-4348TISB},0
{A1S7-V2NJ10ND-8047XTMA},0
{H9W1-P1GJ00CF-1017SFXU},0
{J5Z6-D7SD17JG-1533MIMA},0
{E1H8-U7QR14TH-4298NHHX},0
{J6L2-X7XD78UI-8703HNVM},0
{V6L6-B6SL16BB-5052PLTD},0
{G2A7-S7FN83BR-0831MOFK},0
{Y0E5-U6JG69TT-2082COUS},0
{A0S6-A5NH41XJ-1316SAHK},0
{V4G3-Y1NT87VF-7578DMRD},0
{M4A4-Y7TX28FT-1015LIHQ},0
{E4V4-U2JH98SL-3810XRYG},0
{M2I9-O1KT74VM-6879CCDL},0
{A4S3-N9AF04KT-8156RWBX},0
{D5G0-H2ZE13RF-7289KBPK},0
{L2L0-N3XW34QX-1674CYGN},0
{F0A1-V1AT08GO-9414EUKM},0
{O1X2-V6RT92KK-3743AZUR},0
{Y4Z9-Q5HS91DJ-6127CXTF},0
{Z8C5-M2GP10HQ-1780VLVW},0
{F5T3-F2BE44CB-8953BFOZ},0
{R2E0-H5NO79LR-9677ZMAZ},0
{E6O1-B6UY26EW-4679NSQC},0
{R1V4-P4UG85EP-7692PJXL},0
{D4V5-H2NT11OR-3912BVDQ},0
{E0C0-K6NE25PO-7819VOXE},0
{E4B5-W7CJ94UW-9986DRYT},0
{R8Z3-N9NK92RI-7421VBUS},0
{V0O5-S5DI54JQ-9131VOGV},0
{X0G0-S4NT92SI-6973WYYQ},0
{H1U3-U8CJ62WO-5542UHFA},0
{A8S8-M0HW58UO-0736VUTH},0
{A8H8-L8YV26HS-6714YWPF},0
{D5V2-E9CV25MF-3735GGWQ},0
{G3V2-A6JT61LK-2686NFKF},0
{H9X1-E0OW49PB-3740YQCI},0
{A7R4-I7AZ69HA-7446PHMK},0
{G2R3-Q5ML72OG-4145THUS},0
{N7F5-G5VU15MH-3859SLEN},0
{B7L5-B5EK93PL-6376AWTW},0
{J8X7-W1VD51ZW-6480RRKM},0
{T2F8-E5PY21IG-1008ZOTQ},0
{W0B1-Z2BA10SJ-9171KYWR},0
{V4O3-D1XW73NG-8135QULM},0
{A2B8-Y9AC32EF-9221AQZO},0
{C0A1-R2TW44TZ-5737KBTQ},0
{G8R0-Z2NB46SX-2327TUBW},0
{G7K3-Z1BB08MT-5278UHKW},0
{D6S3-L4LX69ZQ-5797DCMF},0
{C8L2-J6RY18UR-5526FFNT},0
{Y1Z8-V2FU76KK-3016BPWI},0
{Q2H0-Z8LK62UT-2053TJUF},0
{T4I8-J7NF56PU-2718CTVJ},0
{S5P4-Y0ZM90ZO-2360LEPL},0
{E8Z7-W5IS44KN-8898ZBLB},0
{B5S0-A0HQ19AM-5346QQJK},0
{X9E1-G5JV74OL-1923XLPV},0
{P3U7-S5NG14XW-6224ZLZY},0
{E3A4-P5YS66IZ-2017WNYP},0
{A4Z8-W4NZ18VG-2159GMSK},0
{X7U9-U1TE82OM-0822KFKS},0
{R2T3-S4PI91ZU-2615XQVG},0
{F8W5-W3QW00GZ-6448TGCI},0
{F0G8-N9AC70BM-2489RUUW},0
{E6M6-S9RV63XA-9312RJEU},0
{N6B2-N9WC33AY-0310QLZF},0
{K2X0-G6FY46WC-0220EOMF},0
{M1C5-I9AD74VY-2337LJNR},0
{Z1S1-I5RG81PX-9276IGVI},0
{B4E7-W3YR08QJ-0762SNKS},0
{A7B3-H2OV39UX-8451WBMF},0
{O8Z0-G4HT64LH-5404ZZSG},0
{G3A5-K0NS80OY-8362EAUA},0
{T8C2-B4WR10NK-5457PYEC},0
{O7S1-C4ZM28TY-0357MTSL},0
{B0D3-A2XC30RT-1062OPRL},0
{T0D0-H3LL76TH-1803RSMG},0
{B8T8-P1NN14OP-2445DJTZ},0
{B0R3-H3SE46HS-8122CQWH},0
{J6T8-M5RJ60XP-8569CUUO},0
{P5G5-B4UW58HZ-8153WDIR},0
{G2O6-E2OW94GA-4502IOYK},0
{K6N1-P1YI73WX-4461IWNR},0
{T7S5-Y5CI74IJ-3062VDES},0
{X0G1-D5YO52IK-4441DCWR},0
{B0W2-D4AU93GN-3408QFNC},0
{U3Q5-K1CB22ZM-5411KFMJ},0
{N7X5-G9IH09ST-6942OPGS},0
{R8K1-M2SC14HI-1250GMVV},0
{Q1F4-W1PP61KA-9480ECIC},0
{K2U5-X3VT54YI-9020QSPP},0
{Z5T3-L2TR72GJ-1565EUSF},0
{E1I0-O0IA90LH-5176EJPZ},0
{M3F5-E4GF82RN-2492WBVM},0
{S4K9-A0WH13LP-0604AOMA},0
{P4M8-G5LM93JG-7542FTYY},0
{A4K6-S6XH65FQ-7006STHI},0
{P4U5-J0HJ93US-2828QFGR},0
{H7C8-W7EQ31RE-2534ZUTM},0
{I7G4-Q6BW52FN-3986LUZI},0
{C6U5-Q1MC85DF-6088JSQT},0
{D4C9-U1YM55NB-5504ZDUM},0
{J8J9-B5VF19IG-7235BAGY},0
{J7H7-A7SP97DV-1970ODOW},0
{M4D7-R3UU82EI-7579PLSH},0
{T4O4-N1YJ51BV-7904HMND},0
{R2M1-W5RV88SC-6184HINQ},0
{X5Z2-S3PM70RJ-5327ZHXB},0
{L1K1-O3VG12IS-7955VWQD},0
{I1F7-B0FH32PJ-8517KCBG},0
{G2X9-Y3JN50CO-0691CPWA},0
{S3M0-F9GW30PM-3678HTNG},0
{B5L0-N7CJ86MG-4827XDJN},0
{T4Z8-N8EM48ZZ-0832OCFK},0
{B2C0-C8AJ03AA-7374LQFM},0
{Y6F3-G0AR29BT-1156ICTN},0
{O6K9-K3XO65DC-1198TMMO},0
{A7K6-O3BO99NX-5227QRSV},0
{Z9U6-D8NL32EL-3310EWTH},0
{G0Q5-W0VK30VA-0230HYPA},0
{R3R7-X1WS27BX-5324GHDE},0
{H2O2-P7FU51FI-6923EURY},0
{X0P8-E5UE85WU-8376JFXZ},0
{R2H4-L1JH21SU-8149QFRH},0
{O4A9-W3TI34FF-6213SMPG},0
{A3V1-X0FH95ML-0429ICNM},0
{J0D0-B1VH64RS-2667ELXY},0
{X5D0-P7GF16CH-5799OVRX},0
{W8E5-Y3KI00OL-6423PMKE},0
{L8J1-M3VM18NF-7332HALY},0
{U9T4-N4UJ27YV-8096DBPC},0
{G9B1-C9KU02RN-0042KRDW},0
{U8P0-C1XN71HA-0004IOHN},0
{V2J9-Y7TC76LJ-2360BPGW},0
{G2U7-T7GP77CP-3355DSWC},0
{F1G4-M6SZ88EG-4382FJAC},0
{T7I0-D6UQ65FS-3351ZQGC},0
{D3U4-V2UX53DB-1529UWLA},0
{P6U3-W6SN39EH-4841HYIJ},0
{V8R3-I4OC06XS-5196QYHA},0
{R9Z5-D6LC02MM-9277UGHJ},0
{W3Z6-Z0CD17JA-1011MYVC},0
{B3O0-S3EA78VN-2414PJNP},0
{C6Y9-O2YH17FT-9738HDNO},0
{V2T6-U1LY09XO-9378XZQO},0
{L2O4-H2GK89IY-0472OQGK},0
{D1T1-B7UY79VG-0093OVZS},0
{N7T3-U6ZH04NA-2947ZYJQ},0
{O8T2-U6CL80VA-3149CWWS},0
{L1O3-S7GN60JU-3657RLGG},0
{F5P3-T0WF16FW-9523VVLB},0
{K6W5-Y1PU82OC-0277KTBH},0
{S9W0-Q3KG61FQ-8655MCQD},0
{N9N0-K7CC07QN-9554GNFL},0
{J2H1-A3XQ43JJ-4180XVVJ},0
{B8N0-F2CP20BO-3950QJZG},0
{C7C4-P6LX59NK-2064LYBV},0
{E0W9-V7BZ15KA-6066AXZC},0
{E1Y0-O8NY69LJ-3317ZGIC},0
{Y3P5-M9NI05CR-9179BXSQ},0
{F9C3-C8DH95AJ-0001CGEJ},0
{B7C1-T6IE26RA-9315IADY},0
{K6R8-S6FM37WQ-7021EOUZ},0
{I4F1-L6AT19XU-5625SULA},0
{D7V3-H9GF58MQ-5756SZMH},0
{X0S4-K6CF99DI-4326YTBM},0
{R5A7-A2SU36OW-2930PPLR},0
{I4B0-S0XU44EY-8255UFFZ},0
{W0N2-F9FA60IQ-1474TJWR},0
{W4F0-A9FS96NY-2090UDYW},0
{N9N2-V8XV91KA-2098NHOU},0
{G9E6-D2RX65SU-9001WPPK},0
{B2N7-T4AE86DV-2978MSKC},0
{E3J6-K4FH67UK-2643SUFU},0
{I1N9-W0UK93NN-7627YGRF},0
{M8D4-R0FU50RT-7290SIPE},0
{O1Q7-I7OX27MC-1990LBMX},0
{W8D5-A2XG69GL-1094BHIQ},0
{J3Q6-K9OP72FC-3327ZSXF},0
{V7A4-M4LL75LW-8986FFOX},0
{N6H5-L4BA59BL-2634NXTA},0
{I7H5-J6PX70EJ-4447CYBE},0
{W4G2-Q1UN75HU-5677YRHK},0
{T7U6-L0UX44RS-5648NWIE},0
{B9J3-F4PV50XW-0605SZVW},0
{X5J4-I6VH04SW-5457ZFFB},0
{S7R0-G2JR99IG-1584JULF},0
{K0R1-C4AX48HT-0992IUQL},0
{N0J8-E8LJ52KF-7577FPHO},0
{Y8P2-K1UX15LP-4047NDIU},0
{B6E9-A4LI35WS-2547OBDD},0
{S4R4-O5TP85GK-9069XZMB},0
{I6Z4-V8OV37KQ-9218ZFDK},0
{L6H6-I9TD43TF-6850KFEU},0
{X4W9-S8AA17FY-3076NHVE},0
{W9C7-E9VD84CC-4527CDYR},0
{F8R8-Q7FJ10SC-2000CTPG},0
{Y0U9-O0ZW55LB-4482XQQJ},0
{C8J2-C6MY20KU-8327FKWH},0
{V0O9-Y8JU28HO-8080GLHO},0
{I6X9-F8OW68TF-8281OQNI},0
{Q1O6-O4QT77ME-9147KXYK},0
{O1M6-W5EY03DK-0888KTLB},0
{O1N6-N1FV20UZ-7414WSXA},0
{T5C3-M8UA03LH-8938CSKD},0
{A1N4-T6EJ90KY-8437UHIS},0
{U9N7-C3CK23HE-3083JPQG},0
{D2N9-Y8KO93VW-0161MBVZ},0
{Z5Z1-I1MI68TZ-2115EUTO},0
{N5P4-I5AD80KA-0048ZZSW},0
{F9Q6-J6WK39PL-9371OTUU},0
{E7V5-B3DF77PD-3108BHID},0
{U9W4-U0EK04UB-7275RXHI},0
{W2J7-A3CP18HV-4651ZOTR},0
{O5O0-P5VE32XO-6493INRQ},0
{X5M6-I9GZ46AD-3482LGSN},0
{S7F9-U0CR65VD-4500TLQV},0
{M5I8-Q3BK64FW-9417JIJO},0
{I1E9-B3WE87NX-0396JSJG},0
{I5J2-W0YU50SZ-2366RFBG},0
{U2O1-A6IJ50IA-6242AOLY},0
{E3X7-K8MC00ZV-9520USZQ},0
{N4T1-J9WI66ZN-2835CLWL},0
{D0Y0-B6DJ36FZ-8453YBZW},0
{Z7N3-Q9JC62LQ-6409GDOB},0
{V4D3-V1BS11GV-1924QVHS},0
{V6B8-H7DA32GF-1188XURE},0
{P3E6-G9JC71NR-5496KHCV},0
{H0D5-I4XH36DH-0075BGNP},0
{S6P8-N1VB37AC-4556WDUN},0
{P0V7-B7HF84QJ-1415LNSF},0
{P7V2-R7AH46AW-0753QNJH},0
{H7M8-D5KF62MS-7285JOES},0
{Q1S2-J2HY66GX-7927DJNO},0
{J2P6-L9DF26ZO-8174RFCB},0
{P3X9-E8YA89TW-4822QGMM},0
{N7D7-G7GI75VJ-6168BUSY},0
{N3S2-D9QC87XC-4997GBTZ},0
{M9L6-N6CL50IU-8803GHLZ},0
{P0Q4-M5DR96KG-7864KXZE},0
{C9B8-W0EL12XV-9705UTVV},0
{E5W3-U8NI75BE-0485LRHW},0
{V5M9-F5WX18AB-8363TBOX},0
{M1T8-S9CU66LU-6971RUNL},0
{N6M3-U1AU02BK-5074YRHD},0
{W4K7-Q3EU82MP-5459WFAA},0
{F9L8-K1XD61HR-4189JBTH},0
{N3N5-T6HB74IA-5912KDWR},0
{L8K9-W4HD78IY-0217QAQB},0
{E4X1-Z4HI82NI-9589AWAO},0
{J4H5-M9CC05UB-5736CPXL},0
{S4S4-C9WW54IV-6684PASZ},0
{L4T7-T7JH95DB-8223PDSZ},0
{Q5O7-Y2ZJ24CL-8550KEVU},0
{D0H4-I8VU05TY-6794HURE},0
{N0D0-L7FR33WE-0954RTZZ},0
{B0F0-Q2JV75IE-5048LCYP},0
{Y7E0-V1TW25BD-9284JRKX},0
{A4U1-X3MD20AD-9756DZWB},0
{A2P8-M5RS39GA-6727PUCY},0
{G1N4-U5UZ26GW-5132UNXI},0
{W0P5-W1AY37VL-5386IVCG},0
{C8C7-B9GS09BX-1723KPCX},0
{Z1J6-E7KI61SI-3691FZTI},0
{Y1E1-O7QI79VW-1676LSTO},0
{V3S3-P2LZ02TT-1119VDLC},0
{F5B7-E0HP66YY-8112LJOK},0
{W3X2-H4ER73GH-6344TNNC},0
{S6H2-H4IX97NU-6888GJCP},0
{I5B9-G6VO75TE-5527VVIB},0
{A6K1-N1UJ92BY-6729MHBP},0
{H5X9-J7LK18OQ-6349JHMW},0
{P6W1-Z5SG47ZB-9224TXAD},0
{Z4J2-K2NC07CA-8403FFJQ},0
{H5V8-B8LJ57PP-3734VGTY},0
{G1B6-B4OL10KU-2863XZTF},0
{L4Q7-B1XF54GC-1575PZAY},0
{W9T1-U6AM77VT-7413AKKX},0
{D9A5-X6CI66GL-3616IGUX},0
{I3C6-V4EB38WK-9160FARK},0
{H9E8-T1PW28AS-4993LUUP},0
{Y7K3-B8FA87UD-4393BEUM},0
{W5A9-C4RZ88XC-6159EWKG},0
{M2X2-Z1AZ11GC-7982NOWA},0
{L4H1-P1WN93RQ-4688KYVR},0
{D5P9-R3UT74NF-7160VNUT},0
{H6O1-B2UP10WX-2015UAEK},0
{J1B9-W5GF60FJ-3496ECBQ},0
{P1N1-X4LI71RY-7820NOCD},0
{V8Q0-X6EH08NH-6788YLFE},0
{D4Y5-I2OU16TG-2743SCNP},0
{P8P4-J9LD10IU-3487XYCF},0
{T7J6-Q4AF08MZ-2239DOYO},0
{O6I9-I5UL29KT-0569ZIOF},0
{K1F2-F1II79AS-5085ICND},0
{X0Q5-J3QZ74QL-3499QLEA},0
{X4S4-C5VP37KQ-1171YLTQ},0
{W5Q2-P0GW35SB-9128FEKW},0
{E5Y5-A8YS17NT-2008UUKL},0
{F7R5-T4UY31HG-7621QGJJ},0
{C3I0-H1VE89ZW-9879JPIH},0
{U7Q6-F7LL61ND-0936SITU},0
{Q9N3-T3PU11YO-0948UXCK},0
{P0F9-U7UT21VA-2306TAXQ},0
{B3L0-I6SQ36NY-1577QXGK},0
{J3U9-I8YP77OO-5432VCVN},0
{H8F5-G9MG31ZB-4806VCMW},0
{V5J5-Q9BN51QH-8737NSJW},0
{T3Q9-R6YO55VI-7759QKJA},0
{H9R8-H6UH90YV-6717FDNW},0
{G8W3-N4KK99ST-3220YVTJ},0
{R3T9-T2RB58PK-9275TWRQ},0
{J9G3-C9VR27CJ-1211UYHY},0
{D8P7-C2RG51KD-4183SCGX},0
{W6X6-E0RZ41AS-4625YHUL},0
{Z1E6-A7GL04AQ-2407VIZO},0
{V1E0-M3UE62AT-8045VJCU},0
{E6K3-H2VO29MU-7561RGZZ},0
{S8Z9-T6CT76OT-6030PMFS},0
{M7W7-T3ZY12BC-2534UEKM},0
{H4W0-W4FQ89YW-5455COGR},0
{C4Y3-V8OV46AB-8497SNNN},0
{F0P7-M8TH41AF-5142UBUP},0
{J2E5-P6UD84KG-6853SPDV},0
{W0K6-F0VC41YS-7682MVCH},0
{Q0J2-I1NT90KQ-8384VKME},0
{W4U0-C7XJ91SS-1541BYTZ},0
{W1K5-Y6GG25XU-5877XAPP},0
{W0U0-S8WW20RV-0286LMJU},0
{M6E7-M8LS08GX-3956MZLX},0
{R5B8-F6HF77CP-2110GWHT},0
{S3T2-U6UC46ZI-8570YRUJ},0
{H3J3-C1FH32RC-1572MYFK},0
{E0R3-Y5NV18YC-1679OMEL},0
{B4P9-C3AE55DB-6429EEPC},0
{X1K2-Q2GH78TL-8792FNKT},0
{P2K9-H6FL53ZZ-5864XRUK},0
{X7I8-W0HH28FR-1577YEDH},0
{A7I8-G0KQ58YO-9218WONF},0
{B7J7-M0XW08YX-2296PDXA},0
{D1Z3-M1PC01EX-0823HDHF},0
{U8C3-Y2ZI13QI-4116QTSQ},0
{L7I9-Z1YQ42TS-3405HCPC},0
{H2K3-J2XU19QC-9143SADM},0
{A0X2-X2FW88YK-3295RJLZ},0
{L7U8-M0JV43PS-6526IZIE},0
{K2U1-T6WO90KM-5803YTPG},0
{Q6I0-W4UA89QN-6265NSQC},0
{R5S3-K5UK47JE-1032GKXF},0
{U3G9-Q7NR12AM-3145OPVI},0
{G7T7-P7QY76OT-9609WSFD},0
{O2W2-P7DS41GC-4116DVSH},0
{W3K8-Z5GR93RK-7725SCKL},0
{Y0O7-D4GC38AY-2945CVYQ},0
{B3H9-Q4DI00OM-3924WJNM},0
{P9H4-N3FG00OQ-7433RSCT},0
{M6W5-C4AM73GM-6015CFAD},0
{O3I2-H6QC70EP-6656FOQO},0
{P2L4-T3GJ80QJ-2247YXPD},0
{O0T9-B4CO12MJ-7299MHLI},0
{X1O5-K7AS26GA-6093BZZL},0
{E3E1-V5XA21MF-4844ARVF},0
{J8Y8-V5QN58DI-5491SCZW},0
{X0V8-V7SY58ZO-8884MLTM},0
{C8C4-O0LS28NP-5660WGFH},0
{N8T6-U5NR58GC-1389DCDS},0
{C0T9-J9XW69PK-7662TGJR},0
{J8G4-C7YC78SR-5680ULTS},0
{P4V4-C2TL92DH-0956XNBK},0
{C8Y7-M2JO17BG-7882BGMM},0
{S4G8-F9RR29DA-9370FKLM},0
{V8C1-V0PI49PX-9321VCPY},0
{O6F8-D4DM05PE-3579PKRI},0
{O8P0-J3PP97MM-2557NWFH},0
{O0G5-T6BU53AF-1993IBII},0
{P8X2-N6ZO20BF-6400LSAJ},0
{Y8C8-Z9FY27LR-8997IPSI},0
{X5U9-W2CG79WM-7376MZKB},0
{L0M4-F8ZA44IO-9916XANN},0
{X2J1-C9WS31AF-4086TSPR},0
{I3R0-O8VS13EP-1312KESK},0
{Q5Y3-L0MO31SP-1075PTHX},0
{A6K6-V9TT98TO-7300IMDY},0
{Q5K7-G3RY84QS-7101GXXN},0
{D5C3-R3KC08LS-0576EWSD},0
{J4J9-V9WV51AI-8142ODHB},0
{T5S0-M3BY82ZP-1095HNXI},0
{H2G4-N0EM71HG-9887ZZTT},0
{O1R0-W8RR09LO-1982OKFE},0
{O1M0-P0TC95DU-0717XIPV},0
{N0U2-U6CW27GO-0850TYKV},0
{M8B5-X8EA80XW-0624GFPE},0
{U2B7-U7UJ13DQ-1158HJWQ},0
{E8N8-A1DS92JP-1640NRLU},0
{X7K3-E3AP39XA-1398PGLJ},0
{Z3A4-O4VR71IS-3725SOCD},0
{D4J0-M4RX15UJ-7765EJNF},0
{D0U4-O3PV63IJ-1485LEYE},0
{B6P7-K6NA97UF-5978GLJA},0
{V2Y3-U1YI39VI-6034YUHS},0
{P9Z5-F1WO60TU-8703QHWN},0
{D8Z9-H0JR42LW-6864ATBA},0
{Z5C9-Z0KH29LF-8459RJTM},0
{Z7V2-X2ZR34DF-9277IBEF},0
{H7A0-U4QE19MM-5267XDWB},0
{R2P6-L0II16KF-0135LRKS},0
{Z1Q6-H2IH88HQ-2204QLPY},0
{H0J4-B7FD01RO-5742PVRJ},0
{O8H5-G3ZH15TE-6941MYDD},0
{M8T4-B8LP43IV-3390AILD},0
{A7V9-W1FT96UN-6217HVUQ},0
{U4A2-Y6TJ47HY-4307FGMO},0
{F0O6-P1PI61XR-4384KZKV},0
{Z0R1-D4KW74DG-4255NOCQ},0
{G1N5-S9XE57GU-1510OWUE},0
{B9Z5-F0ZL06RB-8291ZXLC},0
{P3K5-U2OU85MB-1872PGDJ},0
{Z6D0-U8LA56XA-5196KEFX},0
{H8C5-W1DJ09LR-0083LPYZ},0
{G6P8-H9CD49IX-0071LLNE},0
{U6J7-F0RH11BJ-1002TNYV},0
{D7V9-G5DU17BL-7652LLVQ},0
{U9M6-P7LH14SK-3834UGNG},0
{X4D3-K2YF14RH-2023ZOCB},0
{N7N7-O0DW95AP-9406PCSO},0
{J1V5-M8RZ37XK-7272CDUK},0
{R9W6-P6HN33KC-7887KBTP},0
{C6G7-V0CJ25YZ-8766NPJH},0
{M7S3-J2RE60FD-4633SERJ},0
{P0M1-Y0FL85XM-4331SFAO},0
{K7V6-B3BD41SK-1046UWDU},0
{A9A9-X5WO82EJ-8645EYEC},0
{S5A7-U8PQ84KA-6079DGRW},0
{B2K8-L8EU65SA-6380ZPDH},0
{A7C9-V7OA94RO-9520IOCF},0
{V8U5-Q2KI58HB-2967NQQQ},0
{B2X2-Z2JO77YQ-8215HOCK},0
{Q5T1-V0SK72HU-1245XDLH},0
{X3G0-P3WM98AN-6426TOAM},0
{K3H5-R0NX14CO-3331HEBM},0
{L7N0-N0TW86SC-4361VSZO},0
{Z4F5-L5EG66ZX-8438NSQQ},0
{F5Y9-I2ES70KE-3824USLU},0
{F3G3-L7WM32TY-7255XSBR},0
{C8Y8-B9HT75BF-8246XAHV},0
{B0Y6-W8SF02KO-2551LUWZ},0
{F9R7-N2XE93JG-7840PBWG},0
{O7N5-Z5HX11ZX-4815UOQN},0
{N1J9-Z6DN10LF-9119BHDF},0
{W0E7-G1KU53FX-8366WKSY},0
{W6Q4-I2RX41PE-7820PPMV},0
{J1S0-Y7ZN16ZK-9915GEPB},0
{M8U7-S4FQ62GL-9170CKWH},0
{U8D3-E0LB50YJ-3180JGTD},0
{C6E8-R3ZP08XO-2300HHIA},0
{W6L7-D1YG77BX-7189RMII},0
{R1E6-C4YA02ZR-4331DGUA},0
{X6F7-Y6LU44BT-0790NMUJ},0
{I0Z8-F0BK83ZM-7596TDOL},0
{N9P9-P8PN09EV-7918EELA},0
{U3Y0-S7YV09JS-3164COSZ},0
{A2U3-S7NA13PB-9778WYOE},0
{Q2G9-G8VP66DY-2142CJSK},0
{E0T6-Q4SY38LM-6640FCAM},0
{J8K4-W8HD74AD-5017ZMDF},0
{N1E9-U4HL38QO-8544DLBL},0
{V3K0-J9SW09PY-5540NIYE},0
{Q9X1-X8BL59GO-0256RACJ},0
{R1J1-A8LO75JA-4591PTUV},0
{O2P7-Q5GX65QO-6170DPTB},0
{W8Z7-W3OK22SP-4680BBGA},0
{S2I5-D7MM32SN-4859KMTF},0
{C7M1-J4RT92RM-7971OFSC},0
{J7M8-X9AX88MN-2267ZJWI},0
{D8R0-O2GB81BZ-0139DANY},0
{B8D7-L3KS27BP-9992AUWN},0
{B9Q6-N2MP76TY-2952THUE},0
{S6F3-Q8EZ46NN-6840OJES},0
{L0I8-B4IH95MA-7206XXXW},0
{G0C5-E8HR84VO-6130DLXE},0
{W2Q1-I0CH01NB-2761KQGU},0
{O3K9-G7YA25GI-8664IYWU},0
{L6B1-L3BK34PA-0209RIKB},0
{S5N6-Q0HK37FJ-9430UWBP},0
{O4S4-C4QM16IA-0665XZMQ},0
{W6D8-Q1AE43XF-1913XPJU},0
{G8M8-G1EI01NW-5081BCAC},0
{I0O7-Q6PG16LB-1227XAAU},0
{K4D9-T5WO25SS-5087BEHG},0
{H6D7-M1MT02PQ-9677SEWW},0
{T2D6-N8TY90RH-8912WCLC},0
{V5B7-O3NW98DS-8230VBVY},0
{L4X3-B8EL12VH-4269QHVZ},0
{O5P8-T3SG06RA-0856NSWK},0
{H1G7-H3IF62CX-9180SRFL},0
{N3S8-V7OY91CC-7181PBJQ},0
{H6B2-L2SJ72BH-9384FBQR},0
{P5N9-A6UK93IJ-7470QUZI},0
{H0A3-M6UF23IO-3404LVKS},0
{C0C5-Q7EK26WW-5398QCOA},0
{P6A4-Z2BM97EF-2124DFWU},0
{Q7M8-R1WK09OJ-1914MYYO},0
{H6Y3-G6WU29TG-9765RZYL},0
{E2A5-L0AO29SH-1172XFKK},0
{P5L6-Y4SR32LQ-4416HZPZ},0
{Q2T0-O8VI44RR-6631DLVR},0
{R1Y1-Q7TZ54SH-7192LZML},0
{G9G3-E4DV14RG-8592SLRZ},0
{J2X6-Q0XX22HG-2529LKTO},0
{D0F8-Y4LO20ZB-1043UNTQ},0
{I1S3-F0NT29XP-7221ETGP},0
{X7C5-R4HA44KT-4936QIXS},0
{V0E4-U7TV84IR-1566SIAL},0
{W8P9-J5MP12EE-5028FDPH},0
{X3P4-K3YF78ZF-2495MMFV},0
{R8O9-H6TF81PX-6374IOUQ},0
{A3C0-K9GY34RB-7619MVGJ},0
{Z1U1-E9AS62BU-5754NBBD},0
{B5Z1-M4LH21OF-5579IJDC},0
{L3Z5-Z0OW41QY-9231OLDE},0
{I4Q9-X3ID74HE-8648GASO},0
{W9J6-Z7EQ33GW-9159VISY},0
{Y2D7-G3RF72LS-5575RKWN},0
{X8P3-Z2KF81EB-3525XPAK},0
{U6E8-R4RD09SF-2104MWDT},0
{Q3J5-X3SU42DR-7170SVRH},0
{D4J6-A3FL81MW-3864JNBX},0
{U1V0-H9PU82BK-1412GGLT},0
{J1X6-V1GU37TT-7421KEVV},0
{L7F8-M2PI85NH-9754JCLB},0
{S5A5-F9EX03CT-7100TJDW},0
{D8U1-J8ZK49BW-2317LOYY},0
{P3X3-X8QW93HQ-0534LRZL},0
{M2J3-T8ZG16HT-2104SDXV},0
{I4E3-I9PJ55PU-4072QCXL},0
{G4D0-K1XJ21PK-7847PCXL},0
{T1Q8-F1SO57JQ-4312JEXZ},0
{W1Q3-R6SK43RN-6042DKMT},0
{X3D6-X9CZ82FV-8700SNMJ},0
{K5R9-J5ML89RV-6653GCJR},0
{B9Q5-H6FI19RX-9282UUNP},0
{N3I8-Z7HD74KC-9464KVEI},0
{L6Y4-J2XI90BP-9105PSLK},0
{O6W3-U2PU50NY-2954SNGC},0
{F9B8-Y3VL28ZU-6310FCHP},0
{L6O5-Q4AP93NA-5644MTSP},0
{T1D3-K6ED39SV-7014PLDM},0
{L4O6-J2PC23JD-7052GTOO},0
{N6H0-U2HZ67VH-1733JSXI},0
{E4Z7-Z0QA42AL-8210RJEJ},0
{E5H0-E8UI67BM-2052SYUY},0
{D7L5-J4UI36WP-5914KRXR},0
{F0X3-J3WV95TK-3904CMBZ},0
{T1Q8-N3EI57TO-8569NENY},0
{W0G0-V8SH59HK-3931ATXL},0
{W7F7-Y6PB45DI-3936BLKC},0
{K9Y0-U1UP11GS-4585ABIN},0
{R5N0-S7PS74FN-7344WNDM},0
{O4E8-U7KF40RJ-7707KYLQ},0
{X2K3-D3TA57DB-9340EPDL},0
{Q3I1-K2NE55QZ-4247RLEX},0
{G7I6-Z6AP45QN-5968IUFE},0
{L6L8-O6JG39QY-4323WIDT},0
{Y6X8-G4YQ54IC-7085LSIZ},0
{K7Q6-G0OK26KB-8394JGUS},0
{C2V0-P1KK18HY-1245CDKE},0
{W6Z7-Z9NJ53HR-6648FJUJ},0
{I5K4-J2YO97QK-5773SNWS},0
{M2E6-V8DT05CC-6699DUXA},0
{E2I4-A8KS17QU-1602THHP},0
{L0H4-B0OW68NS-7148AVKT},0
{G6C7-R6IA91GE-4170QFLF},0
{W0I4-Z4MS70LY-9110MPJM},0
{U3R0-H4DU03QC-6621IATY},0
{L2R2-E1AS74VL-6877YRZU},0
{J4I9-V5FW08LZ-5849YEJT},0
{Q3M5-W1DI09EF-0703PPTM},0
{R2K6-C7XO30JW-5073CQHE},0
{X5T7-N9XP39CD-3313YFJY},0
{I4H0-I9PF34FH-5054UMUZ},0
{L2M6-U0DQ93KU-9368KVXH},0
{C7D3-A3PP22IA-1918HIWS},0
{C1X8-P7MR54KA-9193WPYQ},0
{R8S1-A9VL40JN-0429TGGF},0
{H8H5-T5UU81YY-1780WGJX},0
{P5Z1-B1JB46TJ-4801PVVX},0
{J8X3-Z0SB75CQ-0749ZYLY},0
{U0M7-Z5MU63KC-6533YMDK},0
{B8A5-C3IA80AV-3750DPOE},0
{O4E2-X9VD12HJ-7971UFVV},0
{J5E7-X4PX08FE-0971RHCW},0
{N9B9-D1GX53RG-9473XVKT},0
{T2L8-R3AI50XB-9662CLYF},0
{X7K6-B1HB23YG-7836OUFU},0
{Z8S6-T2CL84DZ-0687KREI},0
{W3M7-W2KM75DE-0499NYCF},0
{Z3K0-X4DZ56UD-2016WBXS},0
{N3G8-C5KB74TI-2963OEFQ},0
{A8H8-J2AI38MP-3501FCZC},0
{V3P5-F1EA25VM-2781CRUT},0
{W0T7-M8OF98OB-2035VFYF},0
{I4U4-C3JU15NR-0425OQFP},0
{R4V0-A8RI32UT-3733WYEU},0
{O4Q1-U0LE12PL-3468SPGJ},0
{W6N3-V7SW22PC-2052LLTK},0
{N8V7-S0SX19OZ-2786DXWK},0
{Q9Y3-M0LG52BH-0916NIOM},0
{O6W6-W1WX16IX-4554RBHX},0
{F3J3-X0MA73YJ-5375AXMY},0
{M0N0-E5HU87UO-2672BJYB},0
{G1G9-U1GS82GJ-6079YJTN},0
{G0L5-H2LD46UM-5104CNEE},0
{P3X8-Q9DE84VZ-6921VQJD},0
{L0T0-G0PA80UF-9423SJAI},0
{D9C7-N0HV55WG-8063ZDLF},0
{U5U9-Y5PL54SN-8551VMTQ},0
{A7C5-O3GG30PN-1809TUIC},0
{O3G1-C8DP35VI-1944PBKN},0
{Z0E3-T4VI17GS-3236COGU},0
{Z5B2-U3PH38TR-8039FGLX},0
{K6T0-A8EV38XU-3945UAKS},0
{K2Y4-R6QG25WI-7370JLZW},0
{X3G1-Z0DY01RP-8920SFWL},0
{J0Y7-P5QK10CS-2394VNDG},0
{U3U6-R4AI20IV-8350HFZL},0
{E8J6-F4CI15GG-7875ZXVC},0
{J8B9-B1RB38VV-4623KOOD},0
{X4Z6-L1PJ26PK-5635HLQM},0
{H9C0-S9EN78EE-1956FYPV},0
{Q5Y3-J6GN00YM-9409ABHC},0
{U5M1-C2FC12ZH-9807FVVG},0
{E4B8-Z9TG43PY-8139UZXA},0
{Z1H9-F5QW37QL-2470HFNM},0
{K3P3-I7RP76YU-2747EBDL},0
{B2H0-L0ZU93ET-0730WMHU},0
{E3F8-S3DR52HE-6036IUMY},0
{V4Z6-A1TV13CJ-9178VQFL},0
{I1T6-F8KB31IO-2902OBWK},0
{O7C1-E9WV92ZA-4287EIYK},0
{X2V2-Z8CW93CS-8804KLVR},0
{U3N0-Z7ST03JT-5033SXVZ},0
{H6L2-P8UW03HE-4220YXBF},0
{Y8T1-L6PQ96HJ-5204QAIT},0
{B3A0-Z3EJ30GW-1135TLFI},0
{Q6M4-V7NA26YN-8078QHOU},0
{O7Y5-J3FQ87ZC-5545KLWL},0
{F1T7-U8DM00ZZ-6752COSY},0
{Y5W0-Y8SQ52UC-7516MHVS},0
{K3A4-G6RT56TQ-0740ICMM},0
{X9M7-F8VA55OM-7757SAGD},0
{V7S9-D8EE01WG-4364SMAS},0
{A0U2-K1OO50JA-7309MJWK},0
{W8V2-O1NY40RK-8762EBEO},0
{V3L6-T1WF89TN-3627QPUE},0
{Y5H0-K6WT08DD-6970VDMY},0
{J6U3-O8TU14VU-2783CWKQ},0
{N1O8-H0HU72HQ-3947NUXZ},0
{V5U8-C7QG49WV-6970XZAF},0
{Z5Q1-X1XK75NB-5800QEAV},0
{C0O9-W9OV49PL-0096CZKB},0
{U2N6-E7KF88FW-6960ITBQ},0
{O0U4-A6OS37RR-5205BQFZ},0
{H1T2-O0MR62KW-7392YILQ},0
{K1B3-G3EQ23UT-1269BUJW},0
{D4Y7-Z9OM75AS-5374FSBY},0
{C1A9-I9ZW97YS-0759SYJX},0
{Z2J2-E3BM16BG-1204WUOT},0
{O0P0-K0QU29CB-5308VALJ},0
{A3G8-O9YX01IU-4132EZNX},0
{C6Y1-N2YE09YI-8662FLSC},0
{O7G4-G8UI32RM-4885GMXK},0
{A9V6-Z6BS18AF-9690QTXK},0
{X1I2-M2OB72GC-2203CAMP},0
{Q7I1-O9IE67UL-3699NPRR},0
{A8N9-W2CO10ZB-6687JRIB},0
{J7U8-T0WG84GZ-9016KMBK},0
{A3V2-W4WG80BH-0342SDEZ},0
{C0E5-O0AZ78MT-3451IOXP},0
{G4S6-V7UU47LH-3492EDDT},0
{K3R2-J6WL84JL-5027JOLT},0
{J7J9-T4QK78KE-6642ZZRW},0
{H9O2-O6AY23KG-7005IFPH},0
{T5S2-A4ZU78OK-4736SMCX},0
{D8M4-Y7NH12LP-6267RNYW},0
{J4L3-Z9AQ16SE-5983ZHFJ},0
{Z3O0-I6MY40QT-3532IOTA},0
{Z2X4-C9SM85YV-6795WZXF},0
{C5V6-Y2HK47QU-7420CBXP},0
{R8X1-K0ZV19AJ-7410XYAI},0
{K2V7-O5TQ30VO-7079TLDJ},0
{H3X0-X6SL79GC-8510QDFI},0
{R9G0-K1MU93JW-8700ZXGE},0
{Q5E0-A6UG18EP-5142FWIZ},0
{D0O8-E1JH69LO-6153XPHJ},0
{M4A6-C9KD56BX-3846AQWT},0
{A4W7-A0TW01TH-2853YKVQ},0
{N1V9-F0GT26MR-1712ASXR},0
{N5B3-S7UK50SQ-4135HDDJ},0
{X9S0-I5FA44OO-5210EKYF},0
{D8C0-H1EW07RU-7864NDIG},0
{G2D7-Q3HQ87TQ-8235LBPP},0
{E6A8-H2XO25DY-4051CXME},0
{D4E7-A1ZU80CL-8762LKRT},0
{T9K1-A8IK17SU-8499TAZZ},0
{I2J0-C2TP95EG-2240XYKG},0
{J4H7-W8DH81PI-0517WBOO},0
{W2S1-E9XK71EO-6530FPZY},0
{Y1W0-X6CG06JE-6567SOFK},0
{M4I8-G3BF74KN-9035TGKY},0
{G6Y0-R3BS40RE-4913KYZA},0
{D5A0-G6PB45OG-9551RVIW},0
{G1K2-U4PL35LO-8823FKPG},0
{J6L2-E4YC06EO-0532AQWB},0
{Z4O4-I1IF41XM-3932GVSM},0
{T6L4-S4IV17FA-0395TEYR},0
{E0V3-U7QX03MY-0944YWCX},0
{O3Y8-X3AE57TK-0551PNGM},0
{X8F2-M0AF51KQ-5276YKBM},0
{K0E0-X3PN41GB-4303GFBP},0
{V9I0-G0YM29QZ-8914MBCE},0
{D1R8-S0PB79RY-3509GGPN},0
{Q1L1-K4CA77VI-9276BHQH},0
{Y4B6-A1VZ78WX-6738NAYB},0
{O0L7-Y2IU11QL-5490WMFR},0
{A7T9-L8GP63DX-2604VISN},0
{O8D5-E2PH74BP-6994OKAM},0
{I5L9-R9FW44AT-4264TFPC},0
{M6K3-U8YS05FM-0346PPLI},0
{L4W7-H1DD40OE-0990JVKM},0
{T0S7-S3UO60PB-1561CQUT},0
{E1F0-W2SM58QY-3880RVHC},0
{B0Q1-Q3GY29MB-8580ULRY},0
{O0R3-V2WW91CW-0274LBNU},0
{U4N0-H8DJ94UF-5715WHCF},0
{I3T7-G9JV97DB-6564WJDJ},0
{G6M3-B9BP81SP-5001DEMP},0
{R9M9-S4ZN66LU-8269DWOK},0
{X0O6-H7DB36EP-1136TAXG},0
{A1U3-X4ZG02IG-3019MQPI},0
{A0N2-Y1IY88GX-2420CMSK},0
{W2Z3-G6UY32AQ-0658HTXS},0
{Y5W0-T7RR49AX-4157KHZL},0
{J0U9-Z6DE08KL-8079TVXX},0
{U7D1-H0CM61RS-8082QSQT},0
{R0G8-C8FI23NC-9709MJAB},0
{K7B7-O1JO51DT-2386ITWZ},0
{G9V5-O8OI00QH-5223MMPO},0
{Y6X9-P0DW12BY-3182PQJD},0
{W3P6-H0EF09MM-5048QLKR},0
{S5F3-H5XF70TG-6260LUDK},0
{E1L5-E0JK18HN-3592AUCO},0
{P1V7-B7FC98AY-6465DQZT},0
{Z5J3-D3RX77KK-5149OWDZ},0
{G2G3-B2OB73BD-4123BYGO},0
{E3N2-T8OH69BI-1140PJAO},0
{N7W1-L4UA99BA-6531MJJO},0
{H9P5-G0QM68XN-3108BXKC},0
{U7I5-N1FK13CT-7144JYCE},0
{B7T6-W2UG40ZM-2590GCGQ},0
{V0V4-T0WC54XG-7489LFOZ},0
{P2Z3-F3LM09TP-3475IJNU},0
{H1R8-Z0RH94KL-1024FALV},0
{F7K9-K9LN11AP-4846OULR},0
{B0S7-T6NX66BX-2807LFXF},0
{M0L0-F5AF62EA-2839GCJO},0
{N9V7-B1XQ25CS-1227RBVC},0
{B5J8-E4LK32LT-8127IYKP},0
{R3P8-W9UQ80FU-9696TDDF},0
{Z6Y9-Q7AI10FB-8500MHYO},0
{A7J2-N8EV09CE-1178FTUL},0
{Z7V4-M5DV56OK-5585LBPT},0
{Z6W4-U5RS53WW-8395ERDN},0
{U2K4-G2DA32LD-9579ECGF},0
{E0A7-D9ZV60ZK-1391GIOH},0
{J4P1-S6YB32RC-3152UAVA},0
{G4E4-U3ZI67UK-0469SSFC},0
{C5Q6-F9DB57XQ-5327MXIX},0
{L1K0-U3MY25WN-7110CGDD},0
{F7D0-F8HT46BU-4778RVGU},0
{Q3U5-L9QR10MG-9810FQVD},0
{H7O4-U8HQ45HL-6242MMUZ},0
{Z5G1-M1HK98JI-6902CVGE},0
{X1E5-S5VC86TY-1553LIJU},0
{R3Y6-E3XB40OS-1202GOAZ},0
{B0E0-M6PD23OY-5925UDZA},0
{I8P8-R2LO26IW-4179OWMV},0
{U1V9-Q9CI66PF-7869ECDB},0
{O6P9-U5ZK49SH-8672PZGS},0
{V0N5-N1OR13NI-0226SLBP},0
{D1Y5-S6OH38PQ-1859KIJR},0
{H5X7-U0CF44UN-8291MYMU},0
{N3R5-J4DP28LX-8344TPNJ},0
{R4C8-R0FC18ZV-4645BNEB},0
{Q8I5-O7XT25DZ-1762EIVD},0
{T0C8-T8VE98UM-8974OZZL},0
{Y4E7-D7TF65SI-3534NFUI},0
{M8I3-D9QE76IG-2252ZRUR},0
{Q1V8-Y1NL30MS-3453BGDS},0
{U5Z9-A9GI73FI-9777QSPT},0
{H8C7-T9VU95VZ-3483WYHW},0
{A1N2-N9RI26EQ-9659GSHX},0
{U0L3-M6WC56CY-7221LSVV},0
{A8M5-S3WR81JX-7117BIYG},0
{G2N9-C5PQ37XX-7368HTET},0
{K8V6-A0HP69LL-6648NKOA},0
{A3X5-F3CU71SF-3710VZUM},0
{W7U9-D5QD31TG-0497DWER},0
{M4W9-Q2LW98ED-2029OPEQ},0
{U9I3-L6EC81AK-1319PPXM},0
{S4I4-X6CT84IV-7838TSQC},0
{Z3H5-E8XM87UO-4873PEEL},0
{O5P0-P3ZB45WV-8859OJQI},0
{N4U2-L1LW77NU-3388RATX},0
{N3Y8-K9LI42HA-3061AMRT},0
{C7B2-T7XI96UK-8440LZHI},0
{R5T0-L0XB51FU-9670YSKT},0
{Q2W6-K4HW88XT-6332CRHE},0
{F7O4-E6OJ50JS-2167GGIM},0
{F2K5-W6NT82NI-3291DKCH},0
{O2H4-B7AA97QA-2586RSDW},0
{X9Q3-H3YF12HY-4274ZKGL},0
{S7I4-D1TI81OO-3179EZAK},0
{N7H8-D9WS84ON-2513FNOJ},0
{G1Z6-U9NS74YD-0416WJOI},0
{E5W3-D7BG78MP-7750KFZT},0
{H4B0-K9CO48TP-2361VUNP},0
{T9K9-D0YU47CG-1928TZMR},0
{O4W6-L7YB22DI-5188VEXE},0
{R9L4-C9PP63BD-1909NSZB},0
{N1S6-E6TT35YI-6183CQLS},0
{E8C1-G0PI55XG-0804RXCC},0
{C3P6-M0VT65HA-6703OAOH},0
{K9Z6-P5MX89YJ-0624PZLJ},0
{X3W4-D8AS31KX-5111TJHY},0
{K6L5-K5ES09OL-1780LTVR},0
{C7V9-O8JO09TV-1546VEFF},0
{Y4C4-S3AF28OQ-7932KLON},0
{Y0P3-T9MS84EO-3395KUIU},0
{L2I1-J9WT71MI-6445WXLB},0
{M5B1-C2QT03EB-0553IIEO},0
{G0Q2-P5IG95AH-6398IKEN},0
{O6W9-K2JE30RV-7591CJUY},0
{L1X5-X6PC49KX-8138HMYF},0
{S6D8-Z4IP89MF-5422HEYE},0
{Y2Y7-A8ZN51OJ-5997PUJR},0
{V3U4-W7YG91QL-0108NPEX},0
{T1L4-G3FE48EX-4064RKMU},0
{A9I4-X2FF71CV-0958IOVK},0
{E5H5-Y6FO46HA-9389JULM},0
{Z8U3-Y7NS26XV-7590POFK},0
{X3W7-O9RV39QP-3356PLPQ},0
{V0V2-B2KS72CW-7074LIEO},0
{H8N2-A7TT53AT-9578FYSO},0
{A5U2-L9YJ48GA-1053FOKZ},0
{N1K2-K9SR95GS-6961BXOR},0
{Q8T4-J6GZ29DV-9663CGJE},0
{A1R2-X0MN58PT-3733UCIK},0
{F7H4-Z2NO09ND-6263KCPI},0
{C9Z3-U8PU71DI-5161DOXG},0
{D4B1-J1UJ35ER-2671AVCU},0
{D0O1-Q7JC36OR-8512GNLV},0
{Z0F5-R2HH90KX-7333YIAP},0
{Q7K0-J1CL20CB-1006MFVD},0
{Q1N3-N8GK49BP-1687KXPD},0
{R0Z4-V6OU37AD-4357XDBK},0
{N4B3-I9TU98OR-3200MRSV},0
{W9T2-G1CX54DI-9774TVRL},0
{G4B9-V5YF21DL-5061QVJH},0
{W6H3-R4AW39DT-2849TTZH},0
{H7E1-K1MB86PK-3932AXCZ},0
{T4K3-I6DP55OL-8054UPCT},0
{C5F0-V3HV57HJ-2011ZKTC},0
{H5O5-C4QP40EW-5417SLUF},0
{V8U2-Z9SG33ZD-6182SFBU},0
{L5N3-H6UG40VA-6197DJCS},0
{Y0V0-E0JQ34IP-1058CYGR},0
{Z8M6-U7KA77JN-8328GYMT},0
{N0Z7-V8FL71DM-3992FJMP},0
{Y6D1-S7NP14IS-0566UGQK},0
{I3V9-S0KK06VE-5547GLDO},0
{U3J8-Y7DJ76FU-7920IDRT},0
{R0Q1-A5NM62TK-4188XUXZ},0
{G7O3-T2YA66PX-2415YYKN},0
{D4M2-P5AC28DH-3059ICYD},0
{W1E9-H7QO37BM-4115ANWY},0
{X9H4-C3WI67NF-8996KHEL},0
{A2N0-A0MC47JQ-7885NPPR},0
{B8Z0-S0GD39SA-8783GQUE},0
{J3M1-Y3KZ46KH-3948OHON},0
{H9I7-I2LM97KW-3865DBDJ},0
{E3C1-Q4GL63OQ-9952BDKT},0
{T1I6-Y1SO11YO-1413TEDZ},0
{G8E7-H8IB84ZM-6094EWLY},0
{E9I5-N3JE62ZW-5059DZRK},0
{E4C7-Q6AD22EB-7140HBFD},0
{Z4C7-I6LL26HX-7922HLLM},0
{E4A7-X9DP78AF-3947ZOTF},0
{P2X4-W3LH93NE-9582DZDO},0
{Z6N8-S6EG82CH-9317ZZKT},0
{J9T7-M0EB05IP-5339LGIK},0
{Q8Q9-X6QX49JX-6069JLAH},0
{I6Z2-Q4WU75GQ-8229VDSA},0
{D1D8-A6SP78KS-8854XTLA},0
{D5V1-D3CG93DF-1767PYOJ},0
{Y0Q9-Z1NH92UC-5384HBQD},0
{C3Q5-J1LW36DA-9694PSRB},0
{G0V6-U3CU34RF-0077ZNIU},0
{L7E7-K2AB20DX-6629BYVB},0
{I6B5-Y8FA77NL-8292LXFN},0
{A7S5-E3YJ53ST-1439OXHW},0
{N7Y3-A8BT26PK-2135GPJZ},0
{X1X0-Q3ED62KF-5318LIFL},0
{S0V8-L4SE06LE-5817WYJL},0
{W4K6-X2YK36DA-4503VGZH},0
{W7K5-S8EN17MC-6410XULW},0
{N3K5-D5NP12ND-8231ERQV},0
{K6K2-H1PK43SP-2354MWRX},0
{Z3H5-I5QT73JW-0029RQXJ},0
{X9Q1-R3CQ30ST-6489SZPY},0
{Y8L8-T9KM71MB-0299QHLX},0
{R2G2-D7RE82LH-4451CORR},0
{Y1H0-L1JD70YF-6740CCSO},0
{P5B3-H2OP18QN-2128QXAE},0
{Y9K4-R9PA79JT-8447ZRIG},0
{H5Q0-W9CD07FQ-5816ESMB},0
{Z3L4-U3PG31ER-2691OMBI},0
{J5G5-Q2NI34VH-8361AIUE},0
{K7B4-A4AK18AH-2718SSJI},0
{I9Q2-C6IU10XV-1889RSIO},0
{E2M4-V8ZN10CA-8758UODB},0
{D8R9-B1NY39CB-2984CUMK},0
{N8X2-H0FO06JQ-8058OADM},0
{E1H6-X9RQ56MR-8287RRIS},0
{J0Q5-L3DQ06KA-2220ZOTD},0
{V0Q3-F4JJ08DG-8169ZSHE},0
{P3A9-V9OC81XB-1157VCGS},0
{D5Q3-B1UY54JK-0613VBQS},0
{J4X6-C2WL43ER-7140DEDW},0
{A2S1-Z7AH31OZ-3233NRLW},0
{F3E3-C9OM09HD-3048AOCK},0
{E7A7-L2KT95RN-4807CNXI},0
{A5D0-C5NU12GN-7288AEMN},0
{D0W1-Q6OQ08KD-7236NVTX},0
{S2D4-H7CF83YX-4461MDEE},0
{C3L3-W3XU69LH-6488URRX},0
{T7U3-V4PL71FF-1443XFYZ},0
{A5O9-Z0WC39YZ-3509ORKK},0
{W8I7-E9BH49QB-5947DFCC},0
{S7P2-L0MG57YV-4157YAUF},0
{X4G5-W3CN42DJ-3385OZFH},0
{B4B9-H8LD70CU-7827KYSW},0
{G6G0-Z1WJ51TT-1998POCB},0
{I2F4-U6HG60HE-2406CXIH},0
{A1C6-T6KW11EK-8288EPZI},0
{H3K5-H9XO33KK-4010ZRTK},0
{M5A2-Y8CL74WV-5329CGDY},0
{Z2I2-N2EY19RG-5944BTNL},0
{S4E0-G5JP26FY-0257KJMH},0
{S7D5-T5DE21JD-8687NKUP},0
{H7R8-W1VH97MW-9405ONID},0
{F2J3-G3DR67RT-7378VXCX},0
{U1P8-C2EP74VM-8310QLCY},0
{E4M4-N2CT68AI-4281WCYA},0
{J0J6-Y6DT90BQ-5906JZWW},0
{Z0O2-N2JR99JR-9732YSDF},0
{R2G4-V6YI44BG-4658CNNW},0
{R4R6-C6WR71RN-3294WOMV},0
{R1W2-G6AF02MB-6878ZRUD},0
{J6G6-Z5FG42RK-3503HBNE},0
{C3Y8-V8YI69AU-3022GFLD},0
{F8S7-Q5HW92JJ-6054ZMOU},0
{S6P3-B6QL76ST-9922HPUW},0
{G5M7-P8AE90DV-9079ZVVF},0
{O0W1-U8IJ66CD-3980SANL},0
{X6L7-Y8JQ03IF-4139EJFB},0
{K4Q1-S4MM01OQ-6714RBLU},0
{X3P0-X2GK98OA-0834ATCZ},0
{Q0U6-O4MV03YA-8470UDZK},0
{T4A1-P2WN63YP-4567LTRD},0
{P8I0-H3NX34FE-7306YKAG},0
{Q4M4-B7EE45YX-8626NBEW},0
{T2P2-Y5BC08LU-8361YOBK},0
{Y0J0-J4HH71PE-3516CAUU},0
{N8N9-Y0OA53MS-3257MOHZ},0
{H8S6-C5RZ48NN-2372RKZI},0
{L0K4-F2AY09SW-5522ZSLR},0
{P1G6-A1SW02NK-0916FAJL},0
{M8Q3-V9EB21JG-7885AETQ},0
{Y1F7-F4FA56WX-6818YTGL},0
{K9W9-T0NA42UM-7729IAHN},0
{I7T8-Q4QK24VD-7688ZCVJ},0
{N3F7-F1ZN74TR-1060NNRK},0
{E6D5-W7YD47XC-3638XRDE},0
{H0L9-T6GU04KN-3079POPY},0
{T6C6-R6OX26GS-7708WFDQ},0
{X2B6-R8GT46QE-8371PJYH},0
{Y4T7-Y2KR15CI-9933UTFX},0
{I8Z9-D8VY34YQ-0367CLQR},0
{I4J8-W9AP44PE-1073QFNJ},0
{H0G5-S2DQ45HH-2893MLQK},0
{B9Z3-E4MP88WE-5493ZURG},0
{Z7D1-H5HE10AR-4254QOSJ},0
{A4K2-M6EE66JO-1793DYII},0
{W7N5-U2BD00HG-0107UTKB},0
{B2T0-H3BZ12IA-9679ANLE},0
{Y2B6-D7MA75IC-3549JHZB},0
{M4I6-L7YB50LB-9871POCU},0
{S4E3-G2GA63EN-4097MGRJ},0
{P0G6-X3FJ27YQ-9341YDFZ},0
{I6T0-N9ZE96RZ-2804HGND},0
{Z7X1-E8PY07UY-7763MCGO},0
{O6Z1-Y7AG66AV-0108SPGX},0
{T6N9-Z2EZ61XT-3985TVIM},0
{N9N5-E8OS51PB-0495PCVX},0
{J7M9-G6HF80PI-9032FVLN},0
{B3P0-P0RF94WT-9021CWVI},0
{Y4M4-E7OU24LZ-5302SDJV},0
{M9U7-H2IC94FK-2929RVYU},0
{Y4X0-Y1SU41CT-2293PYQF},0
{O1W5-H6QE04EO-6699XVHA},0
{O8D6-S3UQ48WJ-8184FPBY},0
{M8H1-V9IM30IR-4138IBVE},0
{P7Z9-L0MG59MI-0264TXWZ},0
{L3O4-O0SI92WI-2642KNLU},0
{I7E1-H3TA36UZ-2127DRNA},0
{K3C4-K0WG05YG-5049YLBX},0
{B8J9-S6XR15GN-0563EWCM},0
{L7N8-B4FY81RP-0824AKZK},0
{Z9R9-P8CI47QY-7740ZGUO},0
{Q9H8-M1HQ86ZJ-5706UCRH},0
{U5L1-T6PT12BC-0715PGBN},0
{M9N4-L5HP55UL-8750QPNX},0
{H5T5-N8KZ44IX-8281ZXSL},0
{B1A4-A8DV08SV-3263NJRW},0
{A4T7-H4LG90EP-2916DFVG},0
{X7R3-C8BP32BR-5822HOXI},0
{B3I6-V8OX23KR-7383VONV},0
{K0D8-B1RK28UM-2341KWMT},0
{U6S8-O4QJ11JX-5013GSUD},0
{K1S6-R7AG20PD-4332LZUD},0
{N5S8-G3TX28YR-1322SWZP},0
{O7Q1-K0IS18EA-7035TQHK},0
{T4X4-S9OV92QV-6106CVSS},0
{R6E1-Z6JL58AS-0488RIQU},0
{W5U5-H8WH02WT-0903HDWJ},0
{Z9P0-U2XS10QC-2316WVJN},0
{K0J7-X2UL47FZ-3153TMPT},0
{Y3F5-U5DT42GM-6817JLEO},0
{C9V5-Q5FL96BO-8272JYGC},0
{G9M5-Q9SK73KK-5122FTZN},0
{Z1H1-W7OS71FY-4052NQNS},0
{I1E4-M8YA70TJ-4812KCIS},0
{Z9I0-T7ML40VT-3458SIPH},0
{K7J3-G0FB01EA-6331TKVF},0
{I0A9-F8BR40TE-8156KCVP},0
{L3R0-K3SD59OG-3479RAIR},0
{Q9I9-K4IA46MZ-7273YKJN},0
{O8H2-B1SP72ST-7497FGUJ},0
{B4E8-R8PI96US-3631AGOB},0
{K6X7-T4SN13MT-4175PHKF},0
{V0V5-K7UO83BP-6200PDTG},0
{K7J7-V7RO03BV-4916CBJN},0
{X3H1-W7NR16JR-7498HKMJ},0
{G6N5-X3NJ79OL-3033PVNG},0
{H3M4-F5DS42UU-5881WBXK},0
{V7H4-P7NC26TE-7777SZMO},0
{T7F1-J1JF77PS-6571GBEO},0
{X4M1-F3VO66MO-0419HDSN},0
{O4Z2-M1IA75WZ-7989EXDQ},0
{Y9V0-A2HP62CQ-4150BWIZ},0
{X2P9-N8NU97GL-0874KMBA},0
{Y5F0-F7EQ20KC-6803TFHT},0
{V1K9-H1SC47MV-5848YQIT},0
{U8U7-J2FP10QY-2821DAVX},0
{F3I1-T1ZZ08DF-4162BUVK},0
{R0B1-M2FV19DF-2937CKRN},0
{Y4B0-X9FM21TY-9700CJUM},0
{D5A8-H2AS12RE-6552YKKM},0
{D5T4-M8MW23MO-1808BGKW},0
{U3M5-E6AR58QR-5286NTPL},0
{X9M4-Q8IO32AE-8575JGQZ},0
{C3P3-I3AN62AP-3829FTFY},0
{Y2V1-V3SL13QM-4480LTNW},0
{O8E2-U8XQ95MU-0097VDMA},0
{K3K2-X2NQ36DC-9364QYGP},0
{X8R3-S7GE87YL-3159INGM},0
{F6V8-A2SC27ZW-8464JQYH},0
{W7Z2-J4SV94RH-6626CYEK},0
{E4L9-V0UF49IW-1343YHAZ},0
{Z8B0-P7YR12LQ-3741SDEE},0
{D1Z5-F8EJ45HH-0072EOQW},0
{Z0X6-W3PS11OT-2495WJBT},0
{D2E8-W3RA77TR-8636CYRB},0
{O5H6-V9MO16ME-8781KWHX},0
{V6R3-N0BD78KB-8212FIMC},0
{T5X6-S9RA52VZ-0092VRAY},0
{Z9T2-G9XB75OH-2599PMFI},0
{T9C5-S1FU01LG-9108AYBX},0
{K3W3-I3WJ71JY-9094DJDK},0
{D3E9-H9DJ18TD-4771YXST},0
{O0K8-O7UU69ID-1539YWZA},0
{I3V7-H5XJ16IQ-7969ZIKK},0
{F1D4-O9ZC32YR-0919XVAJ},0
{A4N1-K9GY26WH-2043JDTK},0
{L7V7-E5AO00HJ-0770VUGQ},0
{B3N7-R2IM94EV-2965VUTS},0
{J3T4-R2OZ62JL-5982YNBC},0
{Q4K7-G5OG50ZH-3500SBMD},0
{X0V3-D1AQ13UK-0610HIGW},0
{I4P2-C1ZL10UH-0665DGDB},0
{V6R9-P7LW78BE-7367CWHD},0
{Q7A9-F7AC74HD-3259OSNY},0
{I9C3-N1AW01BU-9449KWBF},0
{T9P0-B6DX67HH-3567HSNI},0
{V8G7-W9PG58QJ-6188JBGG},0
{P3U5-B3SW57SX-7835ZBCA},0
{Z9T3-W6KF86DY-2509LZAO},0
{I7N8-K6EM09QV-6629VMGE},0
{Z4S5-S1OK63OO-1030ULPL},0
{X8D8-W7LP53CE-6317NKCW},0
{Z1F0-C4ZN32FX-6546UUHU},0
{I6O1-I6DY68ZM-9626JYHY},0
{Q3Q4-I8BE30RO-9627ACSY},0
{P9N9-S0OW67KB-5021OCES},0
{C3S1-K6WX36HL-6358JHMK},0
{D0X9-Z4YU22EK-7243GHYO},0
{M9K8-S2VO34MV-8016BAZR},0
{Z7U8-B3QI56TJ-5541GMFP},0
{X8G7-F6PQ11NI-1146NATA},0
{J4P8-D9FX94RH-7469RXKY},0
{K2Q2-S8YC82GH-1918CUJI},0
{V4J1-V5MV00CF-7138BIFH},0
{T1Q7-Y9FU36WZ-4650GTIY},0
{S8S3-W6DO25AH-3378LAXG},0
{N2H5-F7LT61NV-5456KOVF},0
{P6M0-X1RA39JZ-9578CWQV},0
{C1D3-J0QF35TZ-8693EIUB},0
{X3W5-M3FE97RV-5089PEBK},0
{Y1I2-Z5OL46NX-9759OEEM},0
{P3J3-F3MU28JL-9520BMFI},0
{L9P8-E5DX66QE-0358IKKJ},0
{R8L6-V3FC68WM-6609JLKS},0
{W8A9-H8WP76OE-7490INOH},0
{U9R2-V3JX29OP-8124KMGT},0
{V8P9-M7WN30VD-5725IHON},0
{E3B0-N0FT92MS-4537UZQA},0
{V3F4-L8KN80VX-3409XMQV},0
{C7D7-U3AD13ZG-2739PACC},0
{S9Y9-D6JD49CZ-7731ASIL},0
{W5H3-F8UD84CA-1322BDFT},0
{S1D3-Q9NH43ZK-4484AURY},0
{W3K9-I3WD14IL-9713GUQD},0
{L8A8-L5HE63RO-8719BFPH},0
{L7R7-B8KY21NW-1729LLKR},0
{N4U9-B6SF41UH-1345ETTJ},0
{P0F8-A4NL94AR-6331LBYD},0
{S0D3-P4XO92MC-4090KVHD},0
{B4V5-M5PC65RI-5977UYBJ},0
{B6C1-L3DA01IT-7852EFKT},0
{D3D3-V9KO47GY-1148DADA},0
{G9H4-C1RJ34JB-3073ZQXN},0
{D8K0-E2BF64IJ-0370QSKM},0
{U9A9-E4IB64VQ-8060XKUK},0
{T4C9-J2NW75CV-5500ACRS},0
{D3D8-E3BC00YI-5065PDOC},0
{U9V8-D8PB87BN-2261ZHGH},0
{J4E1-V6FE44AB-8148YPXZ},0
{L4B2-K8NL37KT-0394MXFS},0
{D9J0-X0YO75JR-6534BLSU},0
{Y4T4-F9QB55FS-1409KMAG},0
{K6Y5-S2DR12VO-3393WPUM},0
{G7Z9-T0LS66MW-1749TKVM},0
{O3F0-D9JO06WA-9884BYXX},0
{V9W6-H8PY78BQ-3246OGHX},0
{D3B9-Y3CE85KH-7040AFZX},0
{B3B2-R6VB90HK-9747UEKG},0
{Q1P5-L9KA85OQ-3037BLTN},0
{X6G4-D7RD04EM-3068TGQN},0
{H0V0-Z4SE10OE-2753VBOJ},0
{Z2U0-G6MY65US-1390XBQE},0
{Z2B5-R9HJ15AA-7819EHHU},0
{K8Z7-C0XL65VY-8731WCII},0
{P0J3-F0NL61BQ-7846CERQ},0
{M9I2-Y2HP06NW-9397XIYT},0
{C3D3-L9MR69AS-0600BBVW},0
{Y5M0-R3RC95TU-0611PDYX},0
{J8D6-E3LC10QM-6588GDCY},0
{U9Y2-I0PW14XI-1777JHOR},0
{T6U0-R7NX32JD-1581CXJP},0
{F3F5-F1IT24QY-7034QPHY},0
{Q3B2-T9MW54ZF-5866MTYC},0
{T2V3-N1MH17HR-3834OBXV},0
{Q7W6-N6EA65TI-8830ACMD},0
{Q6Q8-I8LV83EV-6184HNJD},0
{M2B6-M6GR82GE-5645QOWV},0
{R4Y8-C1OW29AT-5772OLKB},0
{D7M9-O6PQ42UF-0561XDCP},0
{I2P3-J6ID79SI-1645JJCM},0
{J3Y7-P4ZG88AB-6141RBZK},0
{Y0O1-A4FW54PP-6327QMXD},0
{D6G7-Z3VU92YU-5941DBLQ},0
{L3K1-S8XX24JQ-6033KLLR},0
{P1V2-V3RG37KY-3325QMXT},0
{J8A0-O8UO92VX-8783ITUM},0
{U5G8-G1UY93VM-3331UKWC},0
{U8T5-K4XZ67SX-1822IMIX},0
{O8J4-U3CV76VI-8564VAYT},0
{D6D1-U5CG35MZ-5668SQZD},0
{Q2B1-D6AT67WK-3716ZLNX},0
{X3F0-Y2MK57UN-6144WCKW},0
{G9X5-Q5FR37RX-2360FLUA},0
{R5M3-G2OF46QV-9622NPAM},0
{X8K2-K4MB69XP-2923EMJZ},0
{G1H8-G7NI94WK-6812GTDP},0
{V4R1-D8BN34BL-6446YUDZ},0
{D3Q7-F7AE58JE-8008VFFS},0
{X2E5-E2IQ29UV-6166MINN},0
{N1U6-J5GL40HW-6328GIKU},0
{T4E4-S7QW02AY-4603IYOM},0
{V1S6-C6HV67UO-4571QUAJ},0
{P3I8-U4CZ07BO-0794BIYO},0
{R2M1-H0LT58PE-0401PYXO},0
{R8Q0-Q3GY25MM-5634MCTW},0
{R1S9-E3SL79UN-8763RIKR},0
{L5D2-W2QW50KC-7734WFHS},0
{D2L9-K3PH78TY-3964WWWP},0
{Q3J5-B5XI90ZG-3243IVBU},0
{H1V8-T4QJ71SC-3162XOPY},0
{S6Y7-U0FE39SC-4343SBTO},0
{C5H5-T4BU48KZ-5977LTHJ},0
{G4I9-E0GS70OX-7303GITH},0
{Z9S4-P7KP06ZV-8637XHSR},0
{Z0G8-X0TI12EN-3783VJDU},0
{O5R3-F3FN99NF-0972JVQK},0
{A1J9-G6BX63CU-4195VCTS},0
{Q2V8-M2KK35VE-1007IMEC},0
{I2D2-B1AA37SX-2657YOGH},0
{S6M8-B7GO29WY-5536EPSB},0
{V3J1-M8ZR92PP-0509JJVN},0
{C8M2-A5PD72NO-7907WYDV},0
{P1E3-R9MU24WJ-2943AOBP},0
{Z8W6-D2XS84KP-8563GENT},0
{U6L5-S7XT34XT-1609JJWU},0
{F8X3-P1PO42CI-7251GOGH},0
{P7A8-G5YS91UF-3135QOLV},0
{V1M1-V8WH03FI-8089EQHE},0
{U8O6-C5VC90XR-5751NDVG},0
{H5J0-G3PL19QD-0543JXOE},0
{Z9I5-F3FT41NP-9368UVUN},0
{Z4K3-P5BD40SV-8407ALJM},0
{A3L7-F5XV61LO-4565LMFX},0
{J4Y2-Q3MG83EI-5322NQHF},0
{E8M2-K8MW05OC-0686SEBC},0
{Z7W9-A8ZN22ZG-5293ZLTD},0
{Q0X2-A1DM66NE-1884BYZP},0
{T7N3-N5TJ46CY-2057GSGE},0
{O8K8-J7DV18BV-9682IWNZ},0
{L1J6-F0CY41KU-1351TMLT},0
{F6F5-C9AR62HQ-6864TJCU},0
{I7Q1-K8DL43EV-4504JFFS},0
{C3A6-X2QB94YG-2710HLYI},0
{C7G2-U2BJ47KP-7863PWFH},0
{G4O2-X3QD39XC-9389AAJL},0
{B3E5-C9CU39VO-7861FKMD},0
{L5Y1-L7BB74DL-8046EQEW},0
{N0I3-H7FV20EN-9898XIBB},0
{P6Y3-U3OW35ZC-0453WKBN},0
{P3K0-M6PE83ER-2148HWEN},0
{E2T2-W3HV61ZC-9312SHPW},0
{B4E8-G5CZ84VX-8311NQIH},0
{I3S8-E5BK05HE-9900PUKK},0
{I5J0-A7QV33UP-7964YRXS},0
{B6N2-E0LN90BD-1876ZKWM},0
{B6T4-J6GS46NW-5752WOWW},0
{O8S3-V1CB11ZH-7904MLZP},0
{B6E9-U4TS48KH-6760NKMG},0
{F6K5-Z3LR16PE-3773WFOQ},0
{H4M0-W2ZG60JG-0765BYJA},0
{I3D3-Y2WA21YI-8209VGDC},0
{Z7E2-A7AQ64OP-2809DDLO},0
{I6Z5-W9LH91ER-3570QGGW},0
{G4K4-Y7JB41UV-8003KJJV},0
{E2Y4-B1MY09LZ-9586JVVZ},0
{B8I6-V2KR89BL-0846DRRV},0
{Y6F4-I7TR58JT-9648IGYM},0
{E6H4-J8ST97JU-5223SBJL},0
{W6C1-J8CA89ZR-5905JSRF},0
{N4E2-X0GK53DD-9923TGDX},0
{C6S4-Y5CF72MK-6918TLML},0
{Y4C0-G5AD68LH-0582PFBF},0
{H3H1-N8ZR25FD-8905OMYD},0
{V4X6-H1NI35XU-9683SDBZ},0
{O2O8-G5ZY29ZV-4584TAPU},0
{P9X5-L0YT61PJ-6953UVVL},0
{N5D5-G6ZC53ZJ-7189UUWX},0
{U6D9-I7SA03NQ-6957JNGY},0
{L3N4-P4EI31ZG-5787YVXI},0
{O8Z8-P9GC07JF-5981NYNC},0
{I4U5-M5ZB28OZ-1843CYDU},0
{D5R2-R7TE18CX-8848IKGN},0
{L6A6-L4FA31AH-1870LNKK},0
{W2R4-A7QL73MZ-9679DWCG},0
{R3V4-H0ZU85YX-2715GVEW},0
{N8J0-F5QC63PK-9123XLSP},0
{X9W3-G4ZE60TF-0719EBXA},0
{O3I7-T0II26AS-8838FXCO},0
{X0Y7-H0UU25WX-9086TRCJ},0
{G4Q3-N2YT76WZ-6125HPPY},0
{B0K9-Y4PI96GE-3963ZFFJ},0
{C5U5-O1PZ96LP-0975QTBR},0
{T3V4-C3RN97VJ-4752ABFK},0
{Z7V8-F0VN96ED-5986VXBP},0
{I1L5-F8ZT62AE-4695VOPW},0
{D9P8-I8BJ98ND-0220KVYI},0
{C2J5-E8DQ55GE-9752AAIF},0
{I0N7-Q7XD97PX-3168BJIH},0
{V1C5-O7MT73HT-6625DQBH},0
{R1Z0-H7KF77MG-8494DVSS},0
{U2Z5-X3DY74GU-0908WPQO},0
{I0M7-A9ZO44XP-2345DGSX},0
{K3E1-Q7NP59LM-7195XIRJ},0
{S6U5-V9JH86EJ-7404OQCL},0
{K3G5-U1NQ57TS-6380DNEE},0
{K5F5-Q9XR56CC-0648CZCI},0
{K1W2-I3DZ91VG-2813AEJO},0
{J4S3-Z2WF73QE-0254WNJZ},0
{U1B5-C6KU28UQ-6548GBFE},0
{W0R4-A0PF76NU-9262ELWI},0
{F9R9-B3FA29VQ-0694BVZP},0
{R8N6-U2QM14FV-9674XORG},0
{R0Q1-S4AN05GV-6392TVTH},0
{Q2M5-H3XO45DX-5063NGBJ},0
{T2A2-I5ME47NH-4608UABN},0
{O8W8-N2OD53YS-7913PMUL},0
{R5D9-T3DO90NH-5105GZES},0
{Z9M3-I9EI38RP-3820FPZR},0
{L4J7-R5YE21XE-7747UJTZ},0
{J0Y0-Q7EI44UG-6088DUNK},0
{A5T6-V5XM37ZL-6896LBEB},0
{I0Z1-J4KW69WY-7961OEHG},0
{C2H8-N9DN33JK-4816OQDF},0
{F0T7-S6KS37PU-1140VQLN},0
{V8H1-R5OA80OM-3908EGUF},0
{O8F0-J9AF63DD-3931QBCY},0
{O4M5-U8ZW68PE-8004ONAN},0
{H0U5-A0NU89LT-0230GKFY},0
{Q1D9-Q8NK44IL-4454VWQP},0
{C1Q6-I9UA15EP-1295YUFP},0
{Z8H7-E1AV34KW-9181PXPC},0
{Y0K8-P5XN22WY-4122NNTV},0
{Z7G0-Q8VT63EU-2074IVXJ},0
{Z8D5-D7JW07SQ-3049QKLO},0
{L7L1-I7NM52KY-8810PVRE},0
{M0G0-K6NF00YO-6903TQEW},0
{W1C8-I2JQ34HT-8295WWSW},0
{K3Z8-V1MC34QA-0030LNIL},0
{T3G0-L4PM16LM-6691BTRP},0
{T1P4-U9AQ78ZP-4069HYWT},0
{F2X8-F3NJ65LL-5233IONU},0
{V2W8-E6CZ06MP-6393KHEU},0
{O0L3-Q6OM36JI-4138EXPD},0
{J3R8-K5GE34JJ-0023FFNX},0
{F1Y4-O1OJ75JO-1173FGCA},0
{I1Y7-S0CJ69QZ-3603HNTM},0
{V8C5-J0JC24XH-7386PZGJ},0
{X9M8-D2HT53NG-2853JKSG},0
{G4T8-F0VE67JV-4893ZTIG},0
{K6H9-H5NX43NA-7853AGZL},0
{U7P9-Q2XG51QO-0654ZBOW},0
{P2Z8-G3UQ58XA-6745WNQD},0
{Q2T8-A9QN76EO-1627TPAQ},0
{H4C8-M4DH07ON-8719FCAE},0
{V4M7-I9TE09PX-3230MOZN},0
{O0X2-W8SP68JY-2988HOUC},0
{K6T5-K6PP39NL-2529NKBC},0
{Q1W8-V8IL79GV-7912HSOL},0
{K2U8-B4QZ42WS-3082PIFA},0
{W5Q3-N6WX50DB-5147LQDP},0
{V0U1-D7AO70RU-8463UFNY},0
{U7P3-Y0TK66IW-4112BHDK},0
{B9S2-X1MN75VA-8639ZBHY},0
{N6F0-G1SG02WS-3631GIGQ},0
{D1Y1-J6NT94PN-2557DQIP},0
{D9D9-U4IS15YH-9950MVBI},0
{O9P9-M5YB64SP-4109NVAF},0
{K0G1-Z6YZ19TA-8868BKSA},0
{X8V4-Z7HZ41FK-9033CUEV},0
{T1N0-U6MJ07ZM-9100DJIK},0
{N7I6-P8VX69EV-1220QNQX},0
{I6Q6-J2WF40PG-9578IWWU},0
{I1Y2-E0BQ45OD-0437DPWZ},0
{Y7O3-I7PI21HE-6748IXAD},0
{B8T7-Q9MM18QQ-7028BTTK},0
{W9J0-W3BR60FJ-7998SYKM},0
{X5K7-H5MS68IP-7701LWQN},0
{S8N4-M6XC15OR-1175HRJA},0
{N9F8-Z8KV47RZ-0481VVAU},0
{H0A5-Q7YL68OR-7479KLCI},0
{O3P1-V0MH96OM-1989ZDVS},0
{U1J1-Z7QO20IO-5990WOTF},0
{K0B1-V5YH98QT-0173GJIP},0
{K9R4-V7KL99XP-8355VTZG},0
{X6Q6-T6UY17TR-5058NPWK},0
{E6D7-H5OZ83RI-6593GREP},0
{G2G4-M2GL13KJ-3921YJAM},0
{D8T9-Y5ZB28AW-2757AWQG},0
{T9Y1-G1KK33DB-9579SBWE},0
{B1N4-Y0BA87OR-6636AFAS},0
{Y6N6-Q8OD73BL-2499VQVA},0
{E9O4-W5FH29ZE-7877QPEJ},0
{L8C7-R4SY84KI-5301MFMM},0
{X3B8-A6SL58XG-6565ENTV},0
{M7C5-F5XM11OM-3551ABRW},0
{X0W3-I7EP40ZO-2393WCGA},0
{K2X0-Z7RC97XG-3987YCVM},0
{J3V7-O6QD91IT-0958NUXX},0
{L4D5-D5MC96ZU-7771YUFH},0
{B7M0-H4ML27QT-6302YXVN},0
{B0O1-J0FD11OP-0584ZTBR},0
{Z0W6-F8UE26BC-1376RIPW},0
{E5B0-F0NZ32AB-4682XAAS},0
{R4E4-G1ND12FS-4986RQNK},0
{G6E6-H2UX11GK-0825CLBH},0
{G7P0-C3SP70IN-4129MXYK},0
{R1D5-N8TR91PX-3763NTKH},0
{K9P7-R0YB91BW-5242XGOW},0
{D1P0-Z2HQ88IV-4406XAUK},0
{O4R3-G4VF22MU-7292JWFH},0
{T6M0-S2AZ44KW-8100JLIE},0
{A6W4-T0JB85JF-9104TJXD},0
{B5D2-N3VZ22ZM-1265UQVJ},0
{H8N3-R2SG47QJ-1560SXTV},0
{M2M0-A6MJ38FQ-3249VXFR},0
{K0C2-S0HH83HC-5576YUAE},0
{C6L4-Q3TM12DW-6772LEMN},0
{W0E5-Z8UC85CA-8657BMFV},0
{H4E5-G6GM46KY-3450HDFD},0
{C3U6-F2JC23DD-6292EGMK},0
{Z9I0-M9KF35GT-6584OJIV},0
{Q0Q2-S6QJ86RU-9804HNLR},0
{S1F3-C3DB10UG-9914NFIW},0
{U7C4-U2ZL11VQ-7909CJWL},0
{J3K8-Q0AO60IS-7835HUJW},0
{K3V1-X9FN87VI-4484BOIP},0
{C9Z6-V5BX63YM-6315AYNY},0
{M0O8-Z4ND04BB-8073DMTV},0
{L6F4-Q9QN12BE-5062TUWV},0
{T9Z0-A7UJ32NF-3448KVPB},0
{A0W1-D6KR01BQ-9696WHMC},0
{O1P6-X9CP58WP-0804YZWG},0
{F7E5-A8EE55UQ-3119QQPC},0
{M3M5-R8PT50AR-0355FTYI},0
{C3C7-H2OV51WU-0804LSDS},0
{N1Z3-D1JV19DQ-3232DJRR},0
{Z9X7-K6SJ22SW-3218YVIU},0
{D9A6-U6FJ45GX-6129ILGL},0
{E0J3-B6AB45WL-8628HDOS},0
{M7V1-E5FI88SA-7988ZXEV},0
{V6H9-G1GK91PF-4926PDFF},0
{E8M1-Z9HX82OX-3854YQHQ},0
{L9F1-A2GP57ZC-5519EGIC},0
{P8L8-I7RK32JW-1342DZXR},0
{T8J7-Q0DP36EJ-6938PLMY},0
{Z5R4-V0ON03VB-1220YJJW},0
{Q3W8-X2XV53MF-4916EJYD},0
{S0K9-X8VB54TX-2536KDGY},0
{W5W9-O8AI28WM-9318OEYF},0
{T8W7-C8OI20LU-0056QVNQ},0
{U3S9-F9ZS42ZR-8258QOEC},0
{J1L9-B3AC16RN-5294LGBZ},0
{X4K9-Y3BN50KW-4754TVDO},0
{Y9M0-G7LX94GZ-0538QADM},0
{R1L9-X5IK22VS-3202DVHI},0
{Y2A0-F3VK40HY-0127ONLT},0
{Z7W5-G0AI53KW-4656VYPO},0
{U7M3-T7NQ30CH-6187UXYA},0
{Z8V9-Y3MQ21WD-4572SFNA},0
{M6H5-I4VR09FE-4729DWTO},0
{M5W8-I0GX85HY-2650DTZU},0
{R9V5-K8OX73BA-7264XPWK},0
{S6K9-T1TW00WV-3059WGUO},0
{R5S9-O8CA77WZ-5799CAML},0
{I4W6-Y9QO55AW-8354FUIB},0
{O9I6-I9TV37YC-8518MGJG},0
{G8N5-M3SJ07UH-4527LOUJ},0
{F9M0-O6YN52CP-6701GSGJ},0
{E2P0-P6PR32SW-0044OLKR},0
{M6M2-I8LT00BP-5636JRCR},0
{K1I9-G3MJ03KW-2742WAZN},0
{Y0I8-A4TX02JV-6606GMCB},0
{W3T0-Y7XS96XG-1275HNEQ},0
{D2D9-L3AQ13IX-5985DKDQ},0
{F3I8-Q1LJ36CE-1633ZWJL},0
{A3S9-R0HQ07XQ-7688OTZL},0
{J7C9-V5EK15GZ-8558SEIT},0
{D1B6-I8BF61ZI-1193OHEX},0
{B2T5-G3LQ47UL-1042NJHP},0
{B2K3-M9MZ32EL-4670BUIW},0
{W1C6-N8UZ73PZ-1618GXFJ},0
{O3E9-A5FG02XT-6430KUXX},0
{K2V0-X5WJ71OQ-5124ESRU},0
{Y6U6-S3KA14EO-9139DAJA},0
{P3C4-P3RT85UB-4618ONHM},0
{K3X0-T4AY40GM-2941SUHA},0
{A3C6-A5OT93CO-1538FRQW},0
{O7T0-C1VJ83MK-0551BJWZ},0
{I8B0-B1PZ24XI-3310SSXG},0
{Q7R1-G8VS40ZR-3693LKLS},0
{Z8H4-X0FH46KS-7963ZXLM},0
{I2U1-B1SF81BE-5188YQGT},0
{B2A5-U6VN66NG-8395JVAA},0
{U2A4-O9IQ41TJ-4933LHLB},0
{L9V7-U1KH96DD-7704QOSN},0
{F0D0-M0HX79OP-4294JUVP},0
{F1K0-H5RD35WJ-1355FTCC},0
{R9A6-N3ME45FH-7696UAHA},0
{E6T5-D3ZP39UM-5861HHXX},0
{Q5E7-O8GO77DI-9910BBPH},0
{L7K9-A6GG51CM-3941KXLV},0
{G9L7-N1QT70ZQ-7876UQLA},0
{D9A9-U7TR61VW-6277TUIN},0
{M2K4-M6NN87TP-6165PWEN},0
{W3K1-K4TM44EY-0028KGXS},0
{G6Z2-D4OD57VV-4225YWWK},0
{I7O6-J9LZ07OV-8939PMZM},0
{J3I1-K9UI48UI-2713DZYM},0
{D9C7-C7IR16QM-8248AEVF},0
{Z7P4-L8JR82MX-3310CTED},0
{T2Q9-R0WK92WM-9006PBTR},0
{B7G6-V2RK04SC-6232PTGD},0
{O3N7-G9HN79JP-5525VEBM},0
{L1U4-O2ZB10BF-5437NODO},0
{P4T9-F5RH31WK-4472GUQG},0
{I5A2-R3DD42CG-3443SHYC},0
{L6U2-W4KX34ZF-6452WAIU},0
{O1L8-X2BS78QG-2939EUUX},0
{I1U1-O7MW39UH-5437VDSL},0
{X6L2-P4GJ24RZ-7557XZBN},0
{F7N7-E8QG69IB-6125WGFR},0
{R4Y6-O2KV48SZ-5180YMSV},0
{K6K6-F5CD23ZX-4634SFWF},0
{I5Y7-U7PA66WK-0916ZTFK},0
{S7L5-J5HU03PM-2567KWIK},0
{S1W1-Y9EU47MM-7809EPAN},0
{O3I6-L8VC04LE-6131IRAC},0
{J7Y9-M7PH71OJ-3460CAUL},0
{O0V2-G9HC39FT-5833SGFO},0
{Y9K1-W7PU80VV-1195BMVG},0
{L6R3-X4KZ28QK-1459RJGW},0
{B4D1-H9FU30OJ-2229NZMO},0
{R1D7-H2ZV11HM-4495ROCX},0
{E9N0-K8XX30WN-6420AJKP},0
{A4Y5-S3UJ21GW-5813EPKB},0
{M8C7-F2BQ32QD-8052LZFF},0
{P3L7-H0WV74JH-8368ZYVN},0
{T5Z0-H6JD67GO-0956CDLI},0
{O1Z7-Z1AZ00VO-6211WWRU},0
{X8R1-K9UV03PA-7170MGGP},0
{N4C7-C1IH36TW-2286MPEK},0
{H9A7-V4RG75GL-5029PTER},0
{X2E5-H3UQ63ZD-3521VUQK},0
{W3Y8-F0VD61FP-7564AUTG},0
{I8L4-N2CV89FE-9707MAWZ},0
{V1L9-Z1ES30ER-9988DMER},0
{P2V0-C4WL33XV-9445LAOE},0
{Y6F6-T7EN23RS-9300GJTM},0
{W5J5-D3MW05OL-3034QYTK},0
{I2Z1-A3WT83FN-3292ZPJH},0
{K4S9-I9OG46VH-8088UTSY},0
{P1J8-U1FH71MI-9430OXFM},0
{F9B6-X4AF26QX-9698AWUU},0
{Z0R7-F3BH17HA-3349DJRA},0
{Z4T8-W9IA01XP-3446NXOH},0
{E1T5-G7EB99LW-0535MEWI},0
{R4B0-H8NR02IU-4444MJTV},0
{P5J7-Q7MA67TF-9981QCLN},0
{M9I9-E1SL41ZU-1083BISW},0
{C3D4-M3JL32RR-5326DFZC},0
{K3O4-L2DF85FS-4990XTWT},0
{K8D6-C8QU59IS-3816UWAM},0
{A1G0-J0WP82AY-9695ZMFP},0
{W0A0-C1EP64KO-6503GKNY},0
{R3A2-J5UL91JM-8242YZRT},0
{Z3X3-X1KR23FW-7145YREM},0
{W3B6-G5UC77SW-7443ZJFG},0
{X6L2-C7OS38RR-5528RVTT},0
{H9O6-S2DW30CF-2695ICEI},0
{Z8H2-M0EK19NV-7476PTRD},0
{M9U2-O3OK67SN-4809BSGQ},0
{C1E8-H6LB01GO-8998OLPA},0
{U9N4-G9ZB51IG-8507MCWU},0
{Q9H2-C1EE94CO-4261JVLF},0
{B4S7-V3TC26EP-1727XAXN},0
{K0Y4-N2DF64RP-9594KZXT},0
{O3X0-S5IH69SI-6556RMFN},0
{F0R0-W7BH68TO-7367CZAL},0
{Y4Y8-K9DI80KF-6522PFBA},0
{O0A8-S7SR41LA-7506JXQM},0
{Z7F5-E7HU20MM-3451IVTX},0
{G6V4-L1IP41PK-2843SEUF},0
{D5O3-Q9LN69LE-6514DPBZ},0
{D5Q0-E2BV82IW-5690LGHG},0
{P0W4-P7EB90TV-7719ULTI},0
{W6B8-J0ZC36IM-1554NKIX},0
{Z3S3-P3VR75UZ-2700ZFXR},0
{Y4V5-Y1JW92FW-7066ZILT},0
{A2X3-B2DB07OT-5848DIRV},0
{A5K0-E7DR85BR-2228CLRA},0
{Y3Q6-C8VE92SF-7386RXAL},0
{M6X2-O5ZL56LS-0247LUPZ},0
{D5W1-G4JH71TW-4068LRNN},0
{P6J3-X7NH12ND-7213OLVW},0
{Y6F6-F3KW86DI-1199KQEP},0
{E5X7-S5PB49EF-4659OGNQ},0
{H5X3-O0RW82SQ-2773ZMFX},0
{S9A7-C1NA35II-1956IVDF},0
{G4V8-A1DB29WZ-3459CKLC},0
{W4I5-Y5EK44GV-8682MCNY},0
{T9O4-N7RL32XQ-5567PMZW},0
{C3N5-W8EC94EW-6803NNFV},0
{O1E5-X5QX09LX-3038WOHI},0
{E7O2-L8WS48UO-7599TARU},0
{O1K6-G2GZ02XP-7780UHWW},0
{I2H0-V2VI28AU-9668RJSV},0
{O5Z7-G3GN30RZ-5205SMWQ},0
{K3N0-W2BY23DR-4623WJHX},0
{K1U1-Z7WG52EC-4996KAOB},0
{O4V1-V4HZ92TV-7558VTEK},0
{O1I1-R9RL27GR-1361XPJO},0
{V6X8-Z5CZ96GH-3640NBNM},0
{J1S4-K7WS07UK-7528JXWW},0
{R9E7-L5AP48SI-8861EXRX},0
{P3D5-E7LG41HJ-7409NRTG},0
{N3M7-O5PN47IY-6492JAGF},0
{U7E6-D6FY99NC-1557DHVF},0
{V2A4-B6IW78LT-4049PPAF},0
{M7G5-P4SG72VA-9626UBYW},0
{Q7J8-F9WH22BD-7160HYIE},0
{E6G4-B1YA12DH-7308RSBU},0
{V9A7-O6WY70QZ-9917QZSJ},0
{C9K5-A5PY26AL-2207CVQT},0
{K2K8-P4XS43RX-1716RQGW},0
{X9Y3-X8VX81TP-4979YQEM},0
{R6E8-U6WA94OE-9843LFHZ},0
{B6G7-A1EW52TA-5060YOXP},0
{K8A0-C3XH39HT-2151FIUV},0
{F4Q8-X3NM53TE-8376EKTN},0
{V5C7-D0RZ04NY-5359QUZF},0
{Y6T3-G7CA97JI-6586KOJC},0
{A5S2-H8LQ76CQ-2853GAUT},0
{A0Q7-F0YP23RS-5132CKGK},0
{J5X0-K6LU35YY-9581ZYWI},0
{Q5G6-J0PP00OQ-5733KFOK},0
{G2A5-Z8FP63KG-9565QQMF},0
{P2N7-X7IN67HO-1638YXJE},0
{I6W8-X2MV71QR-4266HXKJ},0
{Q6B0-W7FU46FS-8537RMMY},0
{X2O9-D1HD34BD-6459YNCL},0
{L8K1-X7IN02PJ-1642SKOA},0
{U4D7-R8IQ59JJ-5978FEFU},0
{E3A0-S6CQ19AC-5519XVAV},0
{J8L2-J2KQ22VJ-0084IRRD},0
{W8Q9-C3XL38HW-2949CTUX},0
{P0D9-O2CG15KR-0200KAZR},0
{P3Y1-F2AU69ZW-4732GXHP},0
{P9C1-E2CQ48GN-9362CGYM},0
{Y2A7-M8RP93EF-2787YBKU},0
{L8I0-A0PR26RM-1323ARHF},0
{P2H2-C6NP54VP-3841ZPVZ},0
{B9Y8-C2VP25MH-2412LTMU},0
{L8A0-C0UJ94OO-1976PLJB},0
{B1N0-S3XA95FB-6710PNHK},0
{U7S2-H1HH54RL-7572MRZZ},0
{L9R4-I7AR03DK-5262WHEX},0
{U9C2-B7GG47ZW-5035ZBOV},0
{J2X3-K7JG25LK-0349KNFG},0
{B7Q4-V8TC62WN-1273QQDU},0
{Q8Z9-X5YB36YR-5340MRKV},0
{W0S1-U4OU98GQ-4773WKYP},0
{J1U6-R3NL61KB-9670ITBY},0
{C7L8-N3XQ60AF-5646EZVA},0
{Y4F7-W2TR52AA-8704KBHB},0
{B2G9-N2YX07ES-0327DIAL},0
{S9L9-E6XL89OT-3569ZEEE},0
{S8Y4-I2ET33YA-5585ZRGH},0
{R9S8-K5TN42GB-0006VEOI},0
{C9Z4-T0NE34OV-2864USZQ},0
{D6V0-U9VR79FW-5786ZPRR},0
{I5Q4-E1IF09HH-1318GIWK},0
{O8T0-E3UL26ZJ-5611ZLAK},0
{A4P1-F9CD38LB-0845JQLX},0
{C6T8-X1RW70YV-2827AHGH},0
{O7N4-F8LY94UG-4129RHXR},0
{R8Y1-B3SZ04TQ-3705GJRA},0
{D1E7-M2FO83ZS-2682RCZW},0
{G2X4-T7XV86GY-3873SDST},0
{K7P3-N8MR93EO-4942JMAL},0
{F0E9-A5FQ74ZD-1694XVGO},0
{G4E5-K6GX95VY-4935ARXJ},0
{J5Y4-C9HW03QQ-1747NHVY},0
{H7R8-N8HY93IS-2371RNBJ},0
{Z6G2-T7RI87CC-5838GHVJ},0
{U2X6-F9ST43GX-7132OLDC},0
{S8J5-L1SS24JO-7217UZBN},0
{P7M9-E4AW25GS-0569TBQM},0
{H9J4-O0GS35WU-6283JCNP},0
{N7Z1-H1GQ46IO-7821VYYX},0
{T7Y2-U2WB83NE-6547YKFH},0
{Z7Q6-R1EB33QO-7498QEMK},0
{H8D7-E8JJ63JK-2230TEQI},0
{Y0Y5-F4CP00WP-8291WOAO},0
{Y7U9-T9EF70PT-7505XICD},0
{D1T9-G1XO28FY-6584ACMN},0
{M0J2-Y3KE12AH-7769DHVZ},0
{Z9I0-Q2AM19YH-4577CWWK},0
{C9L5-G8FP23EE-6995GXYX},0
{T5N6-U5DJ55XG-0588HUXY},0
{P2E5-D0RR29CQ-7340GPDX},0
{S4F6-C9MN97JR-5111HLLR},0
{V9Z6-E5HN12LW-5856PMTA},0
{S1C7-X4DY01MR-7050CVBI},0
{C9X9-L3YC02BK-2224GLFU},0
{L8S4-B8UV79OB-7279RDYN},0
{M5K4-F6IF87GC-7300SFMR},0
{D3F8-U1JJ36KG-2133YMUI},0
{U2O0-C2TR18XI-9701KSEN},0
{F2X8-Q6PB73ER-0350QNCF},0
{M3I4-Y5CF07HA-1539NYGP},0
{Q6G0-G3ZU72MW-3980OPCI},0
{Z6G4-G5CU23VO-8404VUYF},0
{U8A4-J5TZ01WD-9698JKIE},0
{U8P9-S4NT91GE-8852SUOI},0
{A9K6-A7RQ15CW-8174KNMO},0
{Q0R7-I0XK91HW-2182DNLA},0
{R6B7-Y2AW07GR-6705HLAS},0
{W6U6-F4WV45NT-7738RRRA},0
{P9C6-O4XJ99ZX-1549UWDC},0
{R3V9-A9CG63UO-2879ZJWC},0
{W4Z0-C4LG49QX-6127RXVN},0
{X9B1-G5WK19QC-4707PEMJ},0
{T6Q2-Z8VF33MA-0784PRMS},0
{V3V6-I6XE23YZ-0509KWAH},0
{J1O1-Y3TF11SZ-6271FLRO},0
{W9K0-A9DH53GY-3013EHVS},0
{D7Q4-J9NT08ZL-5521TRHC},0
{D5T4-D6ZQ43DE-7018FFPJ},0
{Y1T7-V2VI06CL-6689ZJRV},0
{X7D1-S5MT99FR-1904AWQQ},0
{Z8T5-N1GH65QD-4194CYPJ},0
{C3E8-S3VF13QW-8831MCLI},0
{J9J4-U1GQ75HQ-2619IAEY},0
{U7H5-A6MI78NU-4585JZCX},0
{P4Q9-W2QX00JT-5147MSOW},0
{P0I8-P7GQ34IV-8340BDTA},0
{S1O0-J7RR98XZ-4777PIGH},0
{C9C9-I0JM10WS-9331YOKN},0
{A0Y7-S6WH30LJ-3673UYPH},0
{I0H5-A7BZ41OK-8991VMZK},0
{X6G4-B1DK89BQ-1450JLLH},0
{R7G8-Z1TT47NS-9406EQHY},0
{W9X8-O7YQ35SF-6434VBRY},0
{N9K2-U4KM68LU-1741RXUM},0
{A2Y6-W3AF53PB-7154TNRC},0
{K2I7-F7FW44ZX-0548CEUD},0
{S1X7-U2AK76LW-6882BPQZ},0
{L0A4-Y7BC29QX-7524KFQO},0
{V8B8-H1RB85MC-0345AGUB},0
{C1O7-H5DD33HX-2104BDSO},0
{X6B9-F3WG16GP-6691YFWY},0
{B7T8-W5QY22XS-8591JROA},0
{C3J3-T7PH20XH-2309UBLM},0
{F2K5-P0WG04QY-8628VCPI},0
{R2T8-L8LE06HO-9881QWMI},0
{G0X4-Z2YZ17AS-9972MSBO},0
{C8Q6-X9WJ53GV-8635RGAE},0
{V4V5-F7EU33XT-1446KKMW},0
{B1J8-U2AI80WF-8735KVYN},0
{P7E7-H4OS24JB-4009YSNW},0
{C9X1-T4KV61PH-5458AOTG},0
{M7W3-K1WE45XO-0957ZGQU},0
{T3K0-O7LB56HU-6166HMNT},0
{R6H1-R4XD30SB-0658DOAH},0
{T0O0-L5ST32YZ-8881NAOV},0
{C2W5-B4DU16JH-2539FDWF},0
{T9V4-F6KB46JB-8418FEOO},0
{J8D4-O1AW74AY-6740TQGG},0
{H6A2-G5JB27DA-7306SCQR},0
{I4Y7-R9AV87OC-0520TUUC},0
{A3D1-E5GT38ZR-4668YLCS},0
{U8P8-D9KO44YP-6373KVZN},0
{P7F4-Z8CO58SA-7761VAKD},0
{G0I0-A3OK91QI-6249QTEC},0
{A6F5-Q2UB74PO-5575ODSN},0
{T9U1-B1RI23OI-1392TRON},0
{W9X0-W9KY66XG-4023BLYI},0
{D3W1-Z0VH07BZ-3919XDTD},0
{E5W5-B4WI68DI-5782DPCY},0
{I3Y4-C6TF49RO-2485ATNZ},0
{S4Y4-J5AC44OS-1423HZNY},0
{Y3S2-A7MU29WA-6421OEIF},0
{W7V0-G9JU41WE-6294ZOBD},0
{F2O4-I7JG24FD-7336BEEC},0
{L2X1-X5LO38WD-3168PDCK},0
{X1S1-R1EX54GZ-1740JUUF},0
{P8L6-R5GB53ET-2933WFFP},0
{I9S6-N3PA63KC-9735WYKF},0
{J1N2-G0LK45FU-4434OUYM},0
{D2Q8-P5EC42MV-5214BLKU},0
{V9L7-N7XX20KX-0899QZMJ},0
{E6F1-F4AJ77DJ-7075AVEJ},0
{O5H7-E6ZU08OO-1432BYPP},0
{W7D8-V4UH83ZW-8200NOBB},0
{I4H4-E6KR38QU-9780ZOIE},0
{X2A0-P1IW28TI-9824BJNK},0
{C5E1-G6RG12TY-7104KAGN},0
{I4I9-F7OS54YX-1023UCXP},0
{T9S2-Q5ST52XN-1242REGL},0
{M7W6-J7NG90VB-3346XWLA},0
{T2W5-D8FZ69XJ-0094LFVJ},0
{M6Z1-R0MP28MW-1018VKIW},0
{X0J9-C8BQ68NY-9545HHVR},0
{L4E9-F6PB13LD-2515GCJO},0
{S4X9-C5LF83ED-7923ULFW},0
{G2S8-U8IQ85VW-3820ZNNI},0
{J6G8-S0DY60HG-9142UCLI},0
{H2M0-L9EB52VG-5366LSDE},0
{U5N6-J4MX77MD-5542ATEF},0
{R0G9-S4LZ41SV-6428LSKM},0
{C0H0-Y8SH30YY-2632JPFP},0
{Q5B8-W8YC41AW-7703QLBO},0
{Q8G1-Q6RI67UZ-7070JRIF},0
{Z3Q6-U3AA37LQ-3167KJKB},0
{P9Y2-J6HJ15TY-4025UZDK},0
{H1V7-T4FV92ER-9474GJLB},0
{R3O5-N2GR72FZ-5271GEGZ},0
{D9N5-Q6RA57BW-3094VPLE},0
{D0T2-K8FE89NS-0530DHIB},0
{T2O5-N8PH37YB-0951CSOV},0
{T8O0-E3AW13WA-3499QNNO},0
{D7H0-V5OZ19WK-3164DPLF},0
{T9G0-C1WL06GN-7921ZEQL},0
{L7X9-M4SM98FS-6691HSGA},0
{T6N5-I2BB92GX-8398VPAA},0
{T8O8-D9FN81ML-8931QCPM},0
{Y2M9-C0YY59EC-2927MVLS},0
{O0C2-P6EZ62XI-8327RBAH},0
{M0J7-U2EA82VK-9719WTCN},0
{M0U0-F2QA86DJ-1890YTLL},0
{H1O7-T9PR66ZO-9276UQMZ},0
{T9L7-F7KI32TG-4978ZOSW},0
{A3A7-M0RQ04RG-3758DFNK},0
{Z9J2-I8EF97PP-3748QVLP},0
{H4V7-M5NB99OR-9289LBAM},0
{I6A8-P4CD53ZR-6507XPXY},0
{R5K1-F9RF81ME-6794FCVR},0
{Q5O1-L2DL00WF-3340BCMW},0
{K0S3-A8OS87HF-8694CLYH},0
{Y7S1-M4YK82DN-1098WSGU},0
{U2R1-P2AF23AL-9254OCVQ},0
{Z6L0-C7IB05SS-2201JFLD},0
{I6H4-R6QF07BD-3976MVSQ},0
{M0X6-H1CM02SM-0227UKQS},0
{T0Z8-U6FL93UT-2041TOUK},0
{O3K1-R0TQ12QH-9136BCPZ},0
{S6N8-S6WQ44OT-0240KFSY},0
{J1N2-Q1MY12RW-1730PASF},0
{Q1R8-E0PF41UN-0111HFGL},0
{B2D5-A2UJ19NC-3153LIVK},0
{R7G4-O5II01HQ-8625ETSW},0
{O9V6-L6YD76BH-6880ITOY},0
{M3G3-K6KS38DV-3973CBXE},0
{G8Q2-K1ZU85HN-4452CKSF},0
{I0T7-F3ZS77CS-6325QJJW},0
{I7L6-Q8HP58KL-2211PMOL},0
{A2V9-Z0NV58LT-7561KXLA},0
{O1U9-W6HL60UH-8712UAJV},0
{Q7U9-J0ZR48KQ-5927ZVPL},0
{D6S4-A6FH17ZU-8946ATYZ},0
{E6V5-G4RS37KP-7699QVGJ},0
{Z9E5-V5IW54EG-9736XWQZ},0
{E0K0-U5WK16MA-9236CXPN},0
{G6V0-D0TM22LF-4085XOUF},0
{D2F9-D6PD00FX-1198UIZL},0
{S0V9-M5WZ10SI-7534GCVV},0
{M3T9-F4ZQ39XM-2799XHCL},0
{A6A6-V0JQ62XM-3588CXBG},0
{S2Z5-O7SC65IA-0888QVDT},0
{Y0R6-V1WH12KX-1303VRXH},0
{Y4Y8-Y9TS96DS-6111KCTM},0
{Y8Q4-I0BU21ET-7232DPTB},0
{I2F1-O9DR46MC-9023GJCZ},0
{I5Y2-R1MU60MT-8561SPOU},0
{W2Q1-E3AW80BR-6483XLOI},0
{O9T2-R3BC41JS-9570HQKD},0
{D2E8-M0SH85WG-5899SVCH},0
{P4Q3-F6EM98MU-5065YJCF},0
{G9I5-N8KW54AU-8310TLQD},0
{F5T8-W4UA16ZR-8757AFFN},0
{S0R3-X1WE38BQ-4374UQHB},0
{U6O7-G7UN97AC-5190EVLJ},0
{L8P3-Y3TG43CB-0285AGNY},0
{V9B5-O1ZU55GK-1200XNIX},0
{F8A2-X3AG73KP-7390WEXO},0
{K6D1-O8EM02RN-1637LHFH},0
{Q2E0-C3SB18CA-8626DZBH},0
{R9U5-J1HK07JU-3568RXZH},0
{U8B1-F5IO84VM-7985TBBZ},0
{G5D4-V6AK32AY-0019TXYW},0
{Y2J6-G1NQ28KR-8771ZINP},0
{J3U0-T4QQ77JG-6108NPFE},0
{H4Q3-J4NB26DR-1047ZKXQ},0
{G8R1-M7IN83DZ-1690QUHF},0
{O6S4-M1FR58XM-3943OVZN},0
{J4Z6-S0TG90XR-5050MGKC},0
{L9Y9-U0PU55SG-7974QKVM},0
{U9D9-Z4GS66GC-7017IZKJ},0
{J5Z1-Q7GA91XN-2482ZGGE},0
{B9K1-H4SL07OL-4635JMKY},0
{F4W7-I0VR17PB-4357WMAQ},0
{J7X6-S4EX05GR-2964OZMA},0
{F0L7-R8UI94YH-3742TAYB},0
{Z9O1-P1GD10QK-2070FAIQ},0
{H6L5-R8DK77DZ-7331FTUM},0
{M8H5-B8KX58RO-6739NXYC},0
{M3Y3-R2GN59XF-0397HDOE},0
{S0J5-R9GU98AG-9042GTBJ},0
{S7B0-Q0YO90RH-5723PIWS},0
{V1M1-I4BJ09PZ-3743FSUK},0
{G9D5-P1FS67VL-1256QHPC},0
{C4O4-U4NN66GG-5951YUYE},0
{O0R1-D1CJ81PG-2398DJYD},0
{J3J2-W1HR88ZY-0065YWMV},0
{K3N0-M5ZK58UB-2934IJWR},0
{V5L9-B4QJ45AK-9661CEAM},0
{B4S6-T5YZ78OZ-7757YQSY},0
{R5X6-R4SO08AC-9062MNJP},0
{W4R0-J1RB90VP-4376YPVX},0
{D2Z0-O0DX43RL-1558BQZH},0
{Z8Z2-U4NF57FC-2711CGFY},0
{O4T7-B3LL71GS-6976OEGX},0
{S2Z8-C7VL18VW-2140HPIR},0
{U0V2-R4RP86PX-8126KVKP},0
{L0D3-Q5SN14EG-0787ZUAI},0
{A1L8-D8KS04GI-6601OTXH},0
{Y1V1-A0FN15OO-4670ZAEX},0
{E5I9-V6WV41ZK-9702TSIR},0
{X3W3-U5JM53ZY-6325MQGT},0
{J4K8-A7JG44GV-0983BUGS},0
{U5M8-E8AN56VS-1560URAB},0
{D0H1-Q1DG32YV-9139KARJ},0
{M3N0-K8XL87AT-1044REAR},0
{D6D1-U7IX10VV-8053TCME},0
{U0W8-X4EY54BD-5032XNFB},0
{H8P6-M1JZ86ZS-7504QARZ},0
{M5X6-D8WT02LY-4007VKTD},0
{E0C8-N8SQ64EU-2091RQQE},0
{U4N0-R6XJ69QT-8911LLNU},0
{X7O0-F4PH68VP-8679FVVF},0
{H5E0-Q5XU97RG-6944HFGC},0
{D5O3-C4ER49UQ-6785NMZH},0
{W4Z8-M0DW27OU-3610YDFU},0
{G1K3-Z5CH96XK-3420NUGA},0
{B9R8-D7CU71WF-6005LKHG},0
{V5L8-V6VU94FY-4740MYXN},0
{A0A4-N5XI93SY-8170HWXJ},0
{H6C6-H8TX09MH-8283RVDP},0
{S8Z2-U1ZP57NT-8286BFSL},0
{R2Y0-X8BU79RZ-6296MLDT},0
{P7F1-W2DG75KJ-6283JBKL},0
{I8P7-S2WL82OR-8838WNNV},0
{F0A7-F8RB44PJ-1504MGWK},0
{O8K9-U2TS63ES-0192XUER},0
{X4Y2-Q3GH88JT-0013PUYM},0
{A0W1-E7AO68KD-5318OWQH},0
{E7V9-N8FO78QE-0050RVZI},0
{H6C7-Z6TO83IA-8910NDWN},0
{N4Y8-A5PA88IU-9993OXSF},0
{L5V8-X9PV48RX-3444PNRU},0
{U3O6-J9QI81MR-0078VKMJ},0
{W8Y2-N3ND76RK-9556GCHB},0
{U1M7-P9OF48QQ-2443PUPX},0
{L5R0-O5IJ86WE-7387BCJU},0
{F7N9-J6SW49CJ-6497BRYK},0
{K6K5-J9AL56DU-3543WVDK},0
{U5I9-M7SS21JG-6273YOXU},0
{K0S9-A5GV68TV-3052ICGI},0
{X5L8-J8WD24RI-6541MEYW},0
{R9T0-R5VQ79UE-7163DKKX},0
{Z9S0-W8RH69VQ-0154KKQG},0
{I2F0-M3IO05MP-6196HHBN},0
{J4P0-E1KA03CV-6401TZUN},0
{X6H2-P7JQ39AS-1718APSS},0
{B2L5-X0FE30ZY-2649OUGH},0
{J0W1-L9GA92KD-0340BZXE},0
{L7H7-N2OX16RJ-9519FSSO},0
{F5O5-K2WJ22LR-0019AVSQ},0
{I5H2-U0KD01TZ-5209RKSA},0
{X5B8-I2OT18CU-9923DAUF},0
{X2W8-H8ZH04WS-1345WDGI},0
{V5W1-E3FW21II-0329FFLT},0
{P8P9-T4IU78VJ-7186EKHU},0
{X3G2-R5NX13ZL-1476EUPC},0
{L0I8-F2ZG63KR-8673JNXG},0
{C8C2-U1LZ11GO-7589SHRT},0
{P5H6-H8US90ZF-7801ZGMK},0
{Y1D2-W0WZ05AK-6237SKMP},0
{M2C3-V9NK92DD-0061UJCZ},0
{V2Q7-Q7CP74SF-0059WOII},0
{K2C2-X1ZW36GQ-3662TSZO},0
{E5G6-P2FI63SB-0296RQZF},0
{C1I3-M2CM91QQ-4745URGI},0
{W6Y4-M1IZ49VB-3596JXXN},0
{U5Q5-O3WF16AS-7778VLUJ},0
{V2S9-S3YT52YE-9397QKOS},0
{I1F7-K5JN92UU-3997OEGE},0
{D5I4-P3YG46PR-3574RZFL},0
{T0W2-Z0LN14VC-3380UPCE},0
{K4V8-O1BK11VL-7485JURH},0
{M1B9-V8QY12WM-1444PVVO},0
{H4S4-A0MZ66FU-1706IUGT},0
{G0C7-U6CQ48KX-2059KYJA},0
{T8N4-W2UK68QS-3404WGWI},0
{S2B0-F7DV55WI-6941CDBA},0
{C9C3-E0DN62AN-0052EISY},0
{C2H5-H1WS00TR-7022GAMJ},0
{Q8F4-J2FD08SD-7752MRYD},0
{K5X8-O9OQ42SC-0444AXPZ},0
{T5H7-J4CG38BL-8127EWRN},0
{Y8C0-O1ND30SL-5335BBFN},0
{T7H1-L5YX44OT-0717GKDP},0
{S0W8-K9VG63EU-8986YQVB},0
{W0L9-R5QL37UZ-7051DGDZ},0
{H8S0-R0BC93UV-8637DRDZ},0
{F4Z8-O5HC31FV-8580POPJ},0
{V3Z0-M9KP31BF-0293TDRC},0
{N8F0-M9TJ92JM-0531KNFK},0
{H2R4-O0DX61QS-4838IRCQ},0
{R7S3-Z2FP78FV-5148VCHR},0
{E7D1-G2VQ64JN-4985HXRA},0
{F6U6-T5UG52SD-9947YFJL},0
{V2M6-R0HS46WB-9887CEDW},0
{N4V0-M4CJ57GF-0679BFJN},0
{E4G3-G5FD62FD-3003ZESP},0
{T7Q6-L7BK73AE-9534RVOH},0
{N2L3-D9FM64IT-9818NWQY},0
{W2T9-H5YF79BM-6424QCNA},0
{O9L5-E3BW33EJ-2276YERA},0
{I2L6-T7JI89EC-6827BWIR},0
{P5E4-A3FT67ZT-7851HMNL},0
{C5S2-W7LZ70ZP-6134VCWF},0
{F0J3-M8SF81HN-5851QHCM},0
{O3X7-C4DK96GO-3980TCUP},0
{V7R1-U4MZ02TH-9857VQHK},0
{G5Q3-Z0EI98ZZ-9674QORV},0
{P1F2-W9ZX53SV-2710TOKG},0
{J7A5-A7BG91FK-7452SRJZ},0
{W3U7-V2XE44SF-8194WMZC},0
{H8M4-Y9JI25GG-1843VJBG},0
{B3I2-O5XD06OW-2120BPFH},0
{M9N7-I9GM81EL-8981RQJL},0
{D9R1-W3RB56XR-2711UNHC},0
{B6I8-I1AR85LM-2972KCVW},0
{G4Y4-O7YL94BO-4842FEDB},0
{Q0Y3-B2CT49AS-3481HNMG},0
{L6L1-W1ZY14TA-6959AOOS},0
{G3M2-I8ES71YV-4449NDEV},0
{B1T3-K0QS68FW-4273KFIE},0
{U4F6-S3GQ40YM-6178DFRA},0
{L7R2-G3FC32FP-9150KOZK},0
{X7O5-Y2NQ73PE-0419LLVK},0
{J3O9-J8BW30JZ-8572EUHU},0
{E2F4-J0LC90UK-1617SPSP},0
{K7I3-P8EJ61GD-0793TGVT},0
{P3E8-U9ZT31KK-1396TLCA},0
{U3Y8-L8DY15OT-9853SAHC},0
{U3M6-W0EQ83WU-7273KHUO},0
{Y2Y9-N5TD66LZ-7689CTSV},0
{I9M9-V4HY46QZ-4755DEJA},0
{H4Q4-K5EU03SG-9727DMVI},0
{N4L5-Y3ME63IN-2561TGEE},0
{K1B0-F4AH30PH-3895IQFA},0
{X8P7-I7IN17RY-3084UMCM},0
{H7Y2-C3EI08TU-2448IEQT},0
{Q2K7-B6XY93CW-7329LJSX},0
{E4U9-A9HL96OY-5542VQGE},0
{Y8T9-K9YJ64KF-2332LWRT},0
{K0M3-T2GU55YR-9265DHZW},0
{Y1Q2-L8IS02CU-1668JBEH},0
{R5K2-A4OX21DR-7249RBPP},0
{D9Q3-K2AL48OR-3138TVBU},0
{P4H8-F7RL92YD-7412SLGG},0
{N1W4-V8NY03IX-9853EVMJ},0
{S4U4-L6OT30ZK-2253YNXK},0
{K0J7-F3RT89MJ-7750WFVU},0
{U6F2-O3EQ13GR-0723JMPD},0
{A3W2-O3PO11YV-2840EROK},0
{S8L8-H5EQ50FE-8797TBLI},0
{Z3H9-C0CG12AY-4568FIKZ},0
{P2K0-Y9HD90LC-2893LXYG},0
{B7C5-F5GM36ZW-3179OKKU},0
{U6P9-G4LX48OW-4795HMKB},0
{U8S0-H2HV30RX-4294QRZN},0
{D5L6-M6TH80DY-6210UVFA},0
{Z2Y4-W9GP56QW-0418ZVSQ},0
{V5S3-F0ZU74MR-5174UUWF},0
{K0D3-Q6XL84UH-8949IJBO},0
{M7V2-X9NX53KK-6443DWFL},0
{K8L1-E4KD30JK-0710YCJA},0
{S5I1-G5XF08PZ-5877FSRK},0
{Y3C2-E5IA36LB-6336GFFR},0
{N6K3-Y4FH53VD-5538IVLT},0
{A7L9-Y2FU09SX-3362OZRA},0
{H8X1-Y4UK79BJ-5088TKNE},0
{L2S6-T4VS80SS-6602FGOV},0
{T4C6-O1TU35GV-3335MHFB},0
{Y2Q8-J3RX23NV-1671NNFT},0
{L3U2-X4GS53CD-8196JEKE},0
{F6L0-Y4KZ94FL-8640PWIV},0
{L3O5-A8WM05CV-2707TMOF},0
{U4E0-M6YW39MN-0702TTKQ},0
{O0Z5-P1UM99PA-9924AVDU},0
{U7M3-W9ZF02ZH-7502XWRA},0
{M9B8-G1MP74YE-1099QBDO},0
{H4X9-J3TR07OK-1303JDZK},0
{Z0Y6-B5KA10QP-8620TRFD},0
{T9Q2-K5OI43CT-5680ZIVB},0
{B0W3-C0WX19MF-1787BVZI},0
{H4Z0-G2DJ18EJ-8399JRHZ},0
{R2C4-E1HK71EF-8603USRD},0
{W5P9-X7RH65VA-2765SKBZ},0
{A7S9-L3YG29LR-8323XWZK},0
{Y2W8-A9BO48NE-8932PWNE},0
{F7G1-V9TY58KM-5796FGOU},0
{W1I6-V5AX75RY-7610KZRS},0
{U0P8-W3BP41VD-8768PYTK},0
{I2E8-M2GV04UJ-5613EYSU},0
{A0R5-L5FD45ZS-8552FLAM},0
{N5E2-N4PX78WX-4920NEFF},0
{U3K8-N5RK03EK-8415MRBY},0
{D2C7-E1UR91ON-0419QIRM},0
{S0V2-M1QQ06HM-5857JRVF},0
{R5O6-A7RD44WM-4715YAQD},0
{D1V3-J5KU76CF-9544SMCM},0
{T3M9-V8NR77VZ-5182PWPE},0
{M4M7-X8AX46ZJ-1476OJAS},0
{S5P7-Y4OU70MU-0174CEOS},0
{S0E5-V4OP36BF-9745UFBP},0
{B9C1-Y1MQ20DU-1417LXJT},0
{F7P9-I4ZS25NO-0348UUYQ},0
{L1L1-S1SI96SO-1638GEAG},0
{U2G5-K5MT46RN-6413NXTE},0
{R6Q1-O4EG96JW-7170JVLT},0
{P5B1-N6FU20QE-1101CRJR},0
{I6Q2-S0BY38GN-3996FHKD},0
{Q1V4-W6UH99NN-1064TDWM},0
{E1Y4-G4TH52JU-9958DMQU},0
{V8H8-S9SL97UN-7573DEVS},0
{J1U9-D3VO41CL-4450BMUH},0
{J0S2-O8MG82UP-4582EFZQ},0
{I8B0-H9VG39PW-6007BOCZ},0
{K3I1-Q0WC40RK-4514INUQ},0
{T1H3-Y6JH24IP-0000JQIW},0
{E5W0-J8LK58MG-3008WLGV},0
{V5Z1-C9JD28EW-8660JUGT},0
{U0L9-J9IY33KI-8665AXCF},0
{F1B5-E2HD88YM-6825JFFY},0
{U2B1-T0TE24NZ-6213OCVV},0
{N5W6-L8RK79PP-6108KZMK},0
{N5A3-S0KL42TV-0453BEBV},0
{Q7S3-A0IB11QX-0042AXGY},0
{V4J7-E6FG03PK-1629SBBN},0
{T3O0-R7WY24DD-6026GIRM},0
{J3Q3-N8WI38UN-8882EHXE},0
{P1Y8-F9XR88GT-4361TACE},0
{D7J3-C5YL62ZN-5161YCRZ},0
{N6L3-O0EP51OH-4851KNDY},0
{Z3T9-M9HD86LS-7855TKCL},0
{Z4B4-M5KF11AN-8942UQCN},0
{R9E6-D7MZ85GV-8400OASO},0
{L0X2-N2TD85WA-9962CVBM},0
{P7Z1-K8ET91VK-5612AWRQ},0
{D3Q7-V9ZV55ST-0064IWQJ},0
{W0U0-L3IC41XY-6455YHMP},0
{M6J8-T4NV60MQ-5218PMED},0
{X2R2-K3EL98FF-1213VBXH},0
{O6P5-O4YG53NF-3681OTNI},0
{K5H6-J3ML56KT-0759QCQZ},0
{V3X0-A0ZU53EK-5419GKEX},0
{V6L1-N4ZH62EB-4275KEUO},0
{T2M5-W6KW34PT-2045PBRO},0
{Z4M3-M9AJ21CU-8403TUJM},0
{V8E3-Y1NC66LW-9644WKHU},0
{W2C0-I6ZY13YM-5902ASKS},0
{A9L6-M7PH13TU-8883QFNO},0
{H8T5-R3YC82FM-3079UHLX},0
{E1S5-A6YK72PU-2004PZDM},0
{E0T6-B8WS78GW-8668CQRY},0
{S7I6-G2MJ07RI-1625HJWS},0
{B4E0-I3FE66ID-8321SRBW},0
{U9U7-R3EF65QZ-5879RCPU},0
{I0G0-D8JC41CK-9180CFON},0
{P3G2-J1TK18VV-4236BIKD},0
{I5X0-H5PC45YN-9754MMUE},0
{O5R6-E9TQ52UI-8449HIRQ},0
{L7V8-E3MH99WO-0230UCDA},0
{G8V0-K4CG41FZ-3621YBYR},0
{N8W9-V8XT48HG-4163KZZR},0
{P6P7-D4JO47ER-4301HIXH},0
{M8B0-U2EG76DD-7733XSWF},0
{W8Y2-H7PR15BL-3376YVAG},0
{O3K8-Z0AC00TJ-8173JEHT},0
{J7I0-T6DL74MT-8633YVRW},0
{H5V2-K1RJ01XJ-4148GUVU},0
{P9E6-G4UH16BF-6764RCTD},0
{P0K3-G5IK64GV-0444XKLA},0
{U0T5-W2SD81UQ-5779GDNX},0
{U9Q2-B6VN26ED-9232LJPA},0
{M7S0-E4EZ42QH-8667MMQV},0
{V1P0-T7UT54LT-5320HRMK},0
{J8U7-V9MV69JJ-7165FKNP},0
{A7I0-F7EV78YI-9925ZLMR},0
{D3A0-J0BC40GA-2130GCEF},0
{N8L2-W4OQ32FK-9098MMUY},0
{B8S6-S8VA37ZV-2590KTHE},0
{C0N0-W3BK63CD-1620HKYO},0
{G7X2-F0OQ95IT-0420ZTVF},0
{X4Z9-Q6WR81YZ-3271MRWP},0
{T7F2-J0KU65AW-0257XDWL},0
{F2D8-W2SZ68AJ-2167ZDFZ},0
{L5Y9-G9XL96OV-4106PZXV},0
{Y3M8-W7NJ73RU-0813MTAZ},0
{Y3X7-V2FG48JV-8992IDBK},0
{J9T5-A8MS94RX-3790RWBA},0
{D5V8-D5EW58CS-2920GVMT},0
{S2C0-D0ZX43SD-8319IMHS},0
{P5Q5-R4AF48RN-6354TDFM},0
{N6Q9-O9CC08FQ-2424ARSG},0
{H7U4-S9FY66MP-1022EXQG},0
{Y0E2-C5VG55OE-2047QYUM},0
{C1N1-G1XY78OH-5221BIIF},0
{F0Z5-Y9NU15IJ-3965ATBE},0
{L5S2-K2XL44WJ-1512LCMF},0
{Y9P9-O3FB39LA-5120LXSC},0
{I9W4-N3SK82OL-0773TGUZ},0
{Z3K7-S9BG76QX-8564QLWZ},0
{A4Q9-M7BU13XC-1474OCRX},0
{H7Z7-K5GD67HP-6652PSPE},0
{V0A8-W8WI68LV-6738KNIB},0
{D4Q5-P8YI92NN-0948KMIS},0
{U0Y0-S3DG45UJ-8425AZSY},0
{G5H6-X0EX93ZB-4885SYSF},0
{Y6F5-R8OB16FI-3840HCEL},0
{C1A4-Y3PS99BN-8271KBMP},0
{D0U7-Z4TH75TO-4811HAGK},0
{H4O8-P9FU34RE-8900XVCJ},0
{O8V3-L0BU59LA-8329RERF},0
{Y4L6-W9BW96TA-3873LDID},0
{T8A0-E6CI92JE-2338WEYV},0
{B7O3-U9EF89QM-0721SWXS},0
{U0S2-A8RG51RZ-9250QGTR},0
{F7C3-K7OJ78KI-2931CJBH},0
{H8E1-G9KN48XV-2799ZVPW},0
{C3L6-P9FR16PH-2406OHXR},0
{S4V2-B2PB11DS-5697BNFR},0
{B5J3-D4ZX30ZL-6183OTFH},0
{G5R4-Z9YM46JD-5524QBTO},0
{C2Y0-U5AM88RV-3675MUVN},0
{W8I3-N6WF53IT-9691VIEL},0
{K9V0-V1FQ59QO-0100PHXR},0
{B8V3-S1XE41VI-0777UQIH},0
{Q2T0-X7JG00QR-7429LXGX},0
{R0M1-U9GI69NL-3490IYJH},0
{A0H4-Z8IY26AA-0623GHZJ},0
{C3Z4-T5DI89BN-8578SKSO},0
{U7X5-B7HT82EH-8941QRLJ},0
{P3M7-J2RC82XL-7517KFXJ},0
{P9B3-I4SQ61QZ-5203MFGE},0
{S7O1-W5HC36AP-6648WIZR},0
{V1K6-P7WW54IE-1179ZGHJ},0
{R7H6-B1CG29OJ-0479AHJX},0
{P4V2-J6ZQ13LH-2358LLVC},0
{W4Q2-B0XI70QI-1063VRUN},0
{V8G0-Y2IC05US-7691MVOQ},0
{H8V7-G6HT40FZ-3719HIBI},0
{N9L2-A1QR24VF-4293SEZK},0
{H7Z7-G7BR56NV-0078JNXN},0
{P5K7-I4GV23KB-3444VACH},0
{O5B6-P0HV85ZB-0936ENEV},0
{K3H1-S8TG40KQ-8020SKRI},0
{U8S1-X5RI13ZD-1643QWNB},0
{O0J9-E6JM93XU-1414GBKL},0
{L6V4-A2RJ67MY-4339QIVK},0
{K4U7-O6TV93PC-8467VQUL},0
{R0S6-R0UX42PT-2282UKMP},0
{Z2S4-X3BF88FR-0355SKXQ},0
{C9F2-A5QH72DT-9797VXOY},0
{E5P0-A3TP36OE-6093BPTM},0
{O0G2-M3AJ60SS-8095UHML},0
{P2V2-J9JH76VQ-1165ADCE},0
{W6J3-M8RY27KP-4087YIDB},0
{M7B6-S0JO86IA-8642ABDO},0
{J6I5-I5PH65AK-8802YONN},0
{B4V2-K8AW45EJ-6577HCGP},0
{Q4Q8-A0AG23XY-4049JRJD},0
{B9D3-Z5QW12KG-7640HYNU},0
{T1O0-P3XV81RQ-9633ZKSP},0
{A4W7-P4XV27SP-0732OWZU},0
{R6T2-R0DB82ZN-5276BAFU},0
{K2T3-Z8IK34GS-8119TOAO},0
{J2L7-M9VQ11IJ-1171XQXI},0
{I8M5-W0VX08AH-1681EYYU},0
{U5E9-B2FX51ID-8800CFLP},0
{S7L5-T7NY69PX-2612MLYL},0
{M2H3-O0LT14FR-8112YBFW},0
{I7T9-I1HJ64ZO-5540SAVC},0
{E9C4-R5PC66ND-3487BNIT},0
{G4G4-M1AV74MR-6987WLKU},0
{P7N5-S5XA30CM-7451IEBK},0
{J0B5-T6WM56XJ-3082VDWX},0
{H5K3-B9OF38TP-8746XTHI},0
{M4Q2-O3ED55PZ-1073ZCFW},0
{T0G4-S7VN39SH-2389CBOK},0
{I5S4-Q4YU98IS-2134RECL},0
{R0L4-Y2JH46RZ-6136XCDJ},0
{M4M1-M1XI13GC-9907LHKB},0
{E6V6-P9EI60YA-4896EXNJ},0
{X0I1-G3TL37BY-4200MXPI},0
{S4O5-X0XA27FC-9398ISWU},0
{S3Q9-F3RV40YK-0859NSXM},0
{J8K0-Z4EY88TT-4569DJYC},0
{H3H2-J0GD54AD-3613CGCT},0
{Y5R4-F9WM08PQ-3483FJYS},0
{K2W5-Z2HS99TZ-9563ZLOQ},0
{M9X9-T7TJ98GO-9226SNLU},0
{L9O5-N8IX99VI-2757LULN},0
{G9L4-E2VO79YB-8909LJNO},0
{T2R2-A6QO15AJ-5252AFQV},0
{H9E0-X1PN49GU-2296IOOK},0
{E3Q4-H6YN18WP-2753ERLD},0
{K6T5-A0QD44RA-3827BLNN},0
{M4S4-Z1GZ87NV-5484FHXE},0
{D1R7-I5TO76SM-0607VBZC},0
{R3I4-K7GX99OG-4019UCIQ},0
{Q1S9-P7FS31LS-8410KASQ},0
{O3T3-R4WB33EM-3248YAZH},0
{G3U5-L9WT34XF-4630VTTG},0
{O4N1-N7HR85GR-7073UKSP},0
{F8E0-Y0RH66ZZ-6222KLJU},0
{X9R8-I7YV64LZ-6199FXAO},0
{Q5P3-Z9HK70EU-2590ZRVI},0
{N8L2-D8AB09RR-0740EXHA},0
{G3I1-O2NU63EA-4688KYUZ},0
{Z3S4-T9LV63ZR-4954KPFC},0
{V1Z0-F3KX37OZ-6918NJEJ},0
{E3Q3-W7BG61HA-9148MHHT},0
{W7N5-O4UD85JZ-8634GBYS},0
{E3Q2-L2TD77XA-3189NFOG},0
{X6Y2-X3TD28UB-5391QJQH},0
{N8M4-U2WF58SQ-2170VEDF},0
{P6O4-T2DY18BR-6831ZDFV},0
{G4W1-H7OP65XT-4306MFJU},0
{I7K8-E7DS71RY-0531PQJX},0
{A9V4-Y0IS50JL-9976RGKN},0
{D2D2-R2NV43EY-5856SOPF},0
{A0D3-T8IB55XP-2299BBWF},0
{B1Y4-R6ZA49FR-9397XPOQ},0
{L4Q1-B4BQ43NS-1880TSRX},0
{J9O2-M7UF40GF-2015MRBW},0
{U6J0-Z9LR32MM-2375IJIK},0
{I6P8-C0XY60RP-1969RGHF},0
{R1L6-C9QW04OA-8609XEJJ},0
{U7T6-I8QB81EJ-3589UPBW},0
{A9K5-T0PI62YR-0077DPQW},0
{T1N1-K8DX77SZ-2191BFCZ},0
{R8P8-X7IR05MX-1098KFBL},0
{O2C6-B7WU42LI-6419ERWI},0
{E2V1-V4TE79NB-7389XEFW},0
{B5A6-W6JW60XH-4092VGJT},0
{V7U0-O2HL87TL-3895KIGT},0
{G0Z2-D0GP63LE-5018OOKO},0
{H3Y1-D5EC24IY-8596LHTD},0
{J8I8-T4HL15ZZ-6738ZFUK},0
{B8I1-Q6LE29FQ-1907ATEL},0
{Q2O1-W0ZJ01GL-2683XKFH},0
{T4C0-U9UP71HW-7396SBOF},0
{F1S9-B3ZW47RP-1447KCGL},0
{T3B9-M6MO52ZV-6703LWTC},0
{M9H0-T1FS71ZA-0078WRFL},0
{O0H0-B3EQ13EQ-3837AYFN},0
{V2Z7-M8XQ79EJ-3999UPYR},0
{Y6F4-U9TO24VN-3988YNOA},0
{D5K6-H3XH89PW-8614NASC},0
{J1C0-R3ED52BM-9487XXAU},0
{X9X0-P7AA66IM-5473ZSAX},0
{P9P4-K8PQ40JR-7878MOXA},0
{M0A9-F5KQ66IH-6054NGHY},0
{L5V7-D1AY55ZL-6550RWNE},0
{A3V2-N6WO88FJ-6385IZNF},0
{T4I4-K6GC91XM-0167ZKDT},0
{N1F9-Z1QJ87GL-7794TXTN},0
{E8Y2-S3PJ40CY-1472ZXOG},0
{N4M0-I7UO62DM-7299RZFV},0
{S8S5-M7QP72NM-8021FHFN},0
{P2R1-E6RY31MA-8342LNGO},0
{Z5T7-F7SZ01TD-8285ZWYL},0
{X4J1-Q6UH79VV-3891GBDW},0
{T2O4-J4OI93DF-2023LVHA},0
{D3R7-O5OV79QZ-8829QDUP},0
{R1G5-L5ZT98XB-6244KACI},0
{J1E7-J3BK47XX-7945KIQK},0
{U7X3-K2SD10RY-2861ASVR},0
{W9P0-Y5IM21TL-4820AWOK},0
{Y7E3-T5WF47HA-1576OVYC},0
{U2B3-X1JW78CM-4566LTUP},0
{O5Y1-P1EK22BM-3033UNZZ},0
{X1L5-U5MF21DI-3611YWFM},0
{K7H6-C5SH62OT-9174QQYE},0
{Q3I3-X1DS58TE-6991URLV},0
{C3X0-O7CR37HG-9214UDAY},0
{F9F2-H7UW62MK-0609YHYX},0
{L7W7-W7XA41ZM-3606TPUN},0
{E1F8-A1ZH64OZ-1031NWUV},0
{F3J1-S7GQ56JX-4408ZDHN},0
{Z8W3-M6UB18IO-8825PXBG},0
{Z9L9-Y5ZG71CO-6608HIJH},0
{Z5V6-V3WM30XZ-5487RMDS},0
{J9X6-P5MO60XB-8294FKYJ},0
{C1H1-R1ZA88SU-5401AZOF},0
{H4C3-S1SR11VA-2030BYEQ},0
{X8L7-P4QM36YH-3942ORLJ},0
{E3P8-O7LA75TQ-6552WVMO},0
{O1S0-G6SB51MO-4219IRTP},0
{K8E1-W2WT99UH-5726WCEV},0
{T3P2-M8BE16YM-0312XEZP},0
{Q5P1-N4WB30JU-3257VVMY},0
{E2U7-R6AJ81NR-9312LUAX},0
{S1K1-I2ZN11JP-7320TTTZ},0
{I3J6-E8VS79TD-3886ASZH},0
{T9G7-U8IP52EC-0570RGYW},0
{J2M3-C9FA54WU-8483ZICF},0
{H1I6-F3WL05GI-2692BZTN},0
{M9K9-K9JG41YY-7738FJEX},0
{M9U8-Q1BG75GQ-7223MKBZ},0
{D3H9-R6QT36IC-6803SOCW},0
{G8D7-U6PM24KZ-4811IGWT},0
{G9A3-F8XR26WN-6473QXFK},0
{T3I2-E7ER55ZW-7527ECJV},0
{Z7Y9-Z8ZI76GC-8542OXEF},0
{O4J5-S1WR30VO-5950OFOO},0
{C4M3-H0KX41KU-7057OBJZ},0
{F1Y9-H6CI45UE-1813UBAK},0
{Y8U2-Y3BS91GW-7439SDFG},0
{X9F8-E8SR71SZ-2095FNZJ},0
{A2W8-X2AH10ZM-6412FRSL},0
{D0W9-G4HN12JU-7692EHPZ},0
{O6U5-B4JZ84QX-5868ZONI},0
{A6P6-D3DH03MU-3475YJDC},0
{U3O7-E8XQ42SN-6009QACV},0
{B0T2-H9DW16SZ-3275CNXB},0
{Z9V4-Z2SQ35IL-9073MEBO},0
{B5I3-P3AV08AE-3402XJWY},0
{S3F8-X6DT84VK-9843GHVH},0
{L1L7-K3EW90VB-5285SCAH},0
{C5F7-P7OZ96KS-6469NHWV},0
{X0C4-G7SW74DJ-8999SNHP},0
{J6H5-K1BX99ID-7721FGUE},0
{Y4J3-W1FF26GB-9385QYXZ},0
{A7C4-Q0KZ84HW-1082APGO},0
{D9E2-D2MZ50BB-9583CIMU},0
{V5O6-L1HW78GY-3538ZBFE},0
{Q7H4-D1SC02IY-3837PRHO},0
{R9F3-K2OJ64WY-5146SQFY},0
{N5D8-S9DU18EG-9839WLTQ},0
{F2W9-D0UT21XD-4780XYNE},0
{I1Q9-Q1DT41AO-1129RUXF},0
{S7Y9-N7DF79WB-7841BKHY},0
{G3H4-A0YN58WJ-4243WKZJ},0
{T6W0-Z7YI80SJ-1272VBHR},0
{L0V0-O5BJ33JE-3043BGVR},0
{T9Z0-H4CG02VL-2245DPJD},0
{Q4X9-V3BR10AD-2231WNUS},0
{Z8F7-L2JH35YK-7977BTWF},0
{F8B0-C1FE72KN-1145GJKL},0
{M7G9-C1PF90SM-4983LEFU},0
{P7W6-T7ZH99VJ-8672VFMD},0
{P5D4-V1ET60HG-7026ORKN},0
{B2Y1-I6TO96VT-5293PVMI},0
{Q8M9-U6AS99HH-4828CWCE},0
{S3J5-O1GQ81WT-7669PDBE},0
{L2O0-A2ST67VH-5098JXMA},0
{L5Y6-A0IV64UC-8267PHKK},0
{P1B1-U9ON96WP-2601JITT},0
{U7L0-Y0YN12YG-3616ELUS},0
{U0J0-Y1JH53JP-7516KUXQ},0
{J3M5-Q9CN24CG-7704AFEG},0
{J8M2-D5ZX61KP-9752TUWT},0
{H0B2-F7KB89GW-8205RUCE},0
{G4T9-B5RY57QJ-9588NMRF},0
{M7H6-I6ZE69MJ-9105FOKJ},0
{T8E6-N1EN76ZU-6654VVHC},0
{F5E0-L0NG11BP-0799LRDH},0
{C2Y4-A8KQ63PY-2088EDCD},0
{O5Z6-F4PX60FF-5641PWVO},0
{B8L3-R3DM36IL-9349MCYZ},0
{K7W2-S0MP58QO-8541UPFS},0
{E1K8-H8WK55LT-4088SDMK},0
{R6Z1-A1WB88SW-0478SQSF},0
{S1Y5-W7TQ25PK-1240OJRU},0
{S3C0-A2ZY83JC-9516UUEO},0
{J8V8-G3NE36QL-6397VNYC},0
{T8X7-V3ES73VL-2108MIAW},0
{K5T7-F7TR06XO-1422ICBP},0
{G6Z7-X1TB49CB-5467TQNS},0
{E5F6-G9FX49TE-3177YWEG},0
{P0E7-X6TA03RM-6448LZXA},0
{S9R8-O7KD78XU-9668REFX},0
{D0O9-T8BB22XE-9908MYOZ},0
{O7B0-Q2BE09SX-4327VZCJ},0
{Y1W6-X3GA49RB-3680CFSO},0
{C3E3-Z1BG35GA-2441PDOU},0
{V6Q4-C0EF06MS-7780RCZE},0
{M6N6-S3RO59VX-1139PAEA},0
{J4N2-M9RD34GE-7127GEFI},0
{L9H1-Q7JV17AG-6969VABJ},0
{V4R3-L9PW01QR-8939KINO},0
{M8J0-V5ZA41GL-3821MMID},0
{B9Q3-V8YJ97NK-4331DPQW},0
{H9D2-E3YA14US-8675BEUV},0
{K7W1-B8FW19GA-7624QYMC},0
{E9C1-O5DT11HU-9025MTAJ},0
{I4U3-S0VF54XD-4518CRLR},0
{X4T0-J9PN55IA-0360GZUZ},0
{I4Z2-H5OH16WI-2025GFMY},0
{F8Q9-W5FX28TT-2671KVMU},0
{E0F6-Y9CN50VY-9200GUCG},0
{E3K5-Q9WO21GT-5136PEPF},0
{N5A5-R2NO36XN-6321ZQCC},0
{Y8W0-V2DX58JN-2215YUIN},0
{T3Z4-C1VZ53UR-7022ZUTP},0
{G4C6-H5AO45TA-1486UQJG},0
{D3O0-A7OR47QS-0370LZMM},0
{E0V3-M2CB89PA-9563CILB},0
{S7W9-Z5YM19PW-6030JIXB},0
{E1K9-Z5YY46RX-0118UCGX},0
{J8H5-R8ZD57PL-6051PTCS},0
{J7B9-W6BD47CH-5261OCMQ},0
{W7F5-R8IS94DA-8331OLHX},0
{N3S5-Y9UH32WV-4326GUVN},0
{Q5Y5-D0JE61CW-8279NTDQ},0
{L9Q8-A6FN36AA-4216BONS},0
{X8F1-H0HZ15CQ-6721BDWL},0
{L8P8-L9DW90JO-7479BEJB},0
{Y1N0-A3PU09BF-4573RNDU},0
{V9D3-B4RV66AJ-3493UEOI},0
{O7L9-L7KT59ZR-0958JKPH},0
{L0B7-O4FY90HQ-4948EPAH},0
{K9D5-B2EE35DB-9186KOYH},0
{F2Z9-M2RW74ZJ-3467YXIT},0
{I4Q3-R6TI45UG-2330AGQI},0
{Q7M0-L0HR92YK-2059IAUR},0
{U4K3-T6VJ00IE-8079JEKZ},0
{K6I2-V6KR62WQ-7446KAKP},0
{X2D3-B4XS02LV-7794XWYP},0
{X8I4-Y9LG47ZK-7707ILPV},0
{A8H8-Q2FI47RJ-0294HIPR},0
{K3M6-C7YN80YZ-2468HMCA},0
{F0O6-C0YQ40BA-4707PFYO},0
{V6G3-J1ZB87HK-2224GIQH},0
{Y3Q0-R4OU90BJ-1386SUVH},0
{D8Y0-D9LY73CT-6575LRKP},0
{D9E0-L8PG89IE-8888GJOI},0
{C2I2-O8CZ67PH-3781GZOV},0
{S6J3-B7CQ90YC-8382VOMO},0
{L3U6-S1MS87NK-9251TYUU},0
{U5L2-U3JQ84SE-8633OUGR},0
{C6O4-J8PR85NO-3123KWQE},0
{J3O7-Z9RM79FB-3114RRDJ},0
{R0A1-G8UK98IV-7368EIZC},0
{R2N4-O4GT27PJ-6036NPAN},0
{P1S2-U6BK87FR-2234QVVN},0
{E4U1-Q0TZ51TK-8366OSKC},0
{W9W6-W5RI69TJ-5476VZBO},0
{S9C6-P8HK07XR-6439NWMZ},0
{V0L2-T7LP46NK-8348MHZI},0
{W8A9-N9SJ21PZ-2808KFWR},0
{T9U5-A3MC94SZ-4691UAYU},0
{B4H0-N7KJ28HE-1234DKTP},0
{V2G8-I3ZM28VE-0040EAYN},0
{W0F1-O8GV21YY-7987SCIB},0
{K7L5-P6XA46LK-0715KFJQ},0
{F3P6-O1UK14AX-0771NRZV},0
{C3Y3-S1XV70BU-4149DTAM},0
{V4W2-I0XJ52IJ-1566ZTPD},0
{O3L2-E0GH15AM-0551QMUD},0
{H2Q9-M4GG65XG-7875GVRF},0
{N3O1-H9OW57VS-1859KHUC},0
{W5E2-S5VV84IB-3350DGXU},0
{D9M9-A8RV71RE-2342PHQU},0
{H9Z0-A6LC20LI-3379ECEH},0
{D9X9-H0KM09FS-2538WUIP},0
{V1B5-S4OX02QE-9269IQLI},0
{E0C3-I2IV29VI-9907TTSY},0
{X2A3-I8DI00XW-3294QVCW},0
{S8U5-R0VZ07WG-3351JNGB},0
{U5L6-J1UR71CW-6955QNQU},0
{S0A2-F1IK59DX-7568LUEZ},0
{A8Z7-Y3MF53TZ-8550GRJH},0
{V4J8-X1TG15BA-8350OGTL},0
{D5B0-G2PG97RS-7190CRUK},0
{V2B5-U9MR99DP-1373HORD},0
{C1B5-X5GB83WH-0734RZQJ},0
{H7Y0-J7MU34YS-5017LDMR},0
{W3Y6-M4VM42AW-4948NGOQ},0
{U9O9-X1UQ17QT-2969DLOY},0
{P0I5-P6LB54LQ-1180HTNR},0
{O9M0-A2WJ04KG-1331LVUM},0
{E8U2-U4QY67PA-1651FSTH},0
{Y9O2-F3GW56NC-8265KEMS},0
{C4L6-K6UV59ES-2043YWNU},0
{M3F6-K3OZ84TM-1596ABEX},0
{R8A9-P5BU02BC-5847THKK},0
{J5M3-M1PY61LB-8780FCCZ},0
{N2P3-G4OF74CC-8053MTEE},0
{N4Z1-A4UN70UG-2264UWDB},0
{J7O5-G3HM15IW-3233QGCD},0
{D9K3-F8YA08RP-1447LVEN},0
{X5R2-N6QO72RA-3806LJZA},0
{U1U6-J8RC57DC-2841BNZN},0
{K2J3-C3EZ48RD-5744YHUO},0
{Y5I8-U9BL91EN-2248WPUK},0
{C9S1-E3QI56BC-0873IGHD},0
{Y8P1-D4BA42GX-7676PSYE},0
{K3M2-P7JE13NX-6717VJYA},0
{Q7M4-G1BW86JO-9399CBUN},0
{Q6S4-N5HH97CS-5049JGMK},0
{K2Z8-R1YV74HY-7523AKVM},0
{S2I0-X8KL49JT-8347CNNC},0
{K0E0-N7AT02VV-0250HFPI},0
{W9G6-E9IZ07LB-1240QGRK},0
{M8Z2-O8ZS02EJ-2970HKVC},0
{L7H0-E0DR08YE-0386MGAW},0
{N0D8-F9KP51ZP-9616MGYU},0
{M2A9-S7PD93JD-3326LXAT},0
{N1N7-U7ZX47IM-1085VCOY},0
{H9M3-H0VU32QH-7011ACSU},0
{Q3D4-C1QB72WN-0870DAMR},0
{E6C8-U4FU65HO-9328NQFC},0
{C9J4-P1KK31QJ-5742AODY},0
{G1K9-H6KY99GJ-1332YKNU},0
{W2D7-R1GK34MH-9253PDCD},0
{I5S8-P2AF11OX-1310YGYQ},0
{V0D7-Y9ZU87GH-1787PYEJ},0
{C2D6-Y2LM72KG-2997AEGX},0
{U9J7-V6BR64UU-8530ZDDS},0
{K0A5-W6HK19TO-3270UNTQ},0
{Q2Z9-B2VR46VH-6058JNEQ},0
{S9Y7-B8VE36QQ-7124SCRH},0
{W9Z5-Y5GL08RD-4516SHQX},0
{D3B4-B1RS12QG-5292PQAX},0
{B7D6-A1VG44QW-5282ZDZI},0
{D6S4-Z1BI13AE-2515HVVX},0
{P6P9-Q3IU29HJ-9005OLMD},0
{J5J4-O9FF08EC-1066EDKF},0
{M1Y6-H5VY71DH-2634FMBO},0
{E5Z9-M9PA01RZ-6410RHRE},0
{P1Z1-N1ZS07QN-4307JJSF},0
{G5S1-P1NZ13VZ-0412CJOZ},0
{X4S3-X6GU41CG-0944LQHS},0
{G2H3-Z1ON93YF-9295EXMJ},0
{N3O6-L6DG43NP-1028QGAT},0
{F2N2-U6SU72MW-6706MAXU},0
{C4Y6-O6KZ14BT-6081WPQM},0
{J2B6-P3DZ97FM-8867PSGE},0
{D7X6-P6DU57AF-4090YMOW},0
{T3W6-E7SB26CX-1353HETI},0
{Y7P6-Y4BP76EO-5069ZQYZ},0
{R1T8-E3OI04SX-4599QXTM},0
{R7K3-D7RG46HV-8237JXRS},0
{F8U9-Z6QI15EB-0192QUCH},0
{J0W6-R9PU42GY-3241PBLJ},0
{Y1U5-X0WE30YQ-3836IVEL},0
{R6D5-U9UY11NH-2191ZSRH},0
{L9D7-Q0QB03EY-3859ULYJ},0
{R7B1-R4GF45ZL-4757FCPE},0
{H6N8-Z5SU25FG-4900POKX},0
{C3W9-R7AF15SW-0181SLFY},0
{P5P0-A5ZN64GL-8407ODFJ},0
{S3X2-G7MU37OK-5790OIUQ},0
{H0Z7-H0TO27NV-4075XEWM},0
{Y8V3-T5EE31BG-4940RLVR},0
{T8Z2-L1EW60QT-4030OPEP},0
{W9B4-N8RF06FW-9964NCGR},0
{L3G9-J3NC85CJ-0477PCJM},0
{C7V9-O7YT76DK-9424TSZM},0
{M9C1-S7KX55UQ-6058POCF},0
{O1F2-G7TS60OB-2450EMJK},0
{F1S8-E0NU60TI-8263YLLZ},0
{R5C4-H3LB22GC-1867PWGQ},0
{O7Q0-D6PJ91LY-4288SMGF},0
{J7T7-Q2ZY02HH-5498RLOY},0
{G5R1-G2IL93TP-1651CGKB},0
{V4X7-E4IT75HF-3623QUYY},0
{V0O1-S3US13ZJ-0569KCEV},0
{V6N2-L0BF19UJ-6557AKGI},0
{Z9G6-R5PI09WA-9001RLRO},0
{E5X6-P9FL26CE-2272YVIW},0
{Q8J0-W3QM24KT-9367AJOK},0
{L2R9-O0VW75RJ-7687RUXJ},0
{J7A8-Z5UP96XJ-1811CGZR},0
{B3W0-I1VT97QR-1596NNWT},0
{G6B0-K6LA08GL-6580ORLZ},0
{E4T0-M8ME93UC-1454CMEP},0
{A4H8-M9LE58ZU-9679VWUZ},0
{V8L8-G3MJ96FR-2434VVFJ},0
{Y0K7-A8IF14PH-4125EWQU},0
{M2V8-Q3ZB68LK-5502TZWL},0
{K0W8-E8VT19KB-1332FBHZ},0
{X8Y6-U6MT24SS-8496JCHC},0
{L6M5-Y8IA53GP-6816IDHQ},0
{Q9F0-D7SN32JP-1542LBQY},0
{S6N3-J9EQ55HO-2249WRHS},0
{J2K4-L7ML90FZ-6464UQRS},0
{N3G2-P6DA21IU-7333PRYJ},0
{Q9O3-Q3VO86DN-7161BIDT},0
{S6J3-C3VL29BR-3253FBOL},0
{G3A5-J1JN41DZ-1760BRHE},0
{C7A6-G1VH37JP-2459OLUB},0
{G6T3-G5LE28DE-6949MPIW},0
{V2J7-D2EH38BH-3075IYRG},0
{M2O3-L9WJ43RA-5264GZLT},0
{T6S2-U0MX35LC-9318JNKY},0
{X0E0-X7SZ62SS-3737SCYF},0
{R6L6-B3AM81FG-9826JHRI},0
{Q0H9-G8CL97JC-4607LWQR},0
{F2U3-Q8MJ32AY-7668ETUR},0
{X3S5-Q5YX97AB-7051CUAW},0
{L9R3-A9AE43YK-7174PFOW},0
{M5T3-C9HS07KV-4577UGOZ},0
{O6U2-B4WT73AT-7865XEMO},0
{X7T1-K7TM88TR-9013UXAK},0
{E7X4-Z5VQ91AA-2524TSOS},0
{B3O0-O1ZV86FK-5268HPQN},0
{R6P3-Q9LB94HN-8559SNOW},0
{B3X4-F0IU19AW-3252AXSW},0
{A7L0-Y2VB06SU-9470TBCK},0
{S4F9-Z4BV49FZ-7371SLNP},0
{R1D3-J6LF14QY-1288FZWP},0
{G5V9-C6CQ60OK-7158UVLY},0
{S9K9-G8MB77EX-8661DQSM},0
{J6K2-A1GP93QR-6711RPZP},0
{F3I6-N2WA04TM-2266OUIG},0
{M0Y8-F7XQ44ST-0462OOLZ},0
{U2P2-Z3VV15ZH-7994JLDJ},0
{H4H4-V4CQ51CZ-9742ENTU},0
{Y4U4-I5GA67IL-1853YCAZ},0
{J8C1-R8ZW99VZ-0664URNW},0
{Q1H7-M9GC79PE-3332NWEG},0
{G5Y4-V8FF78XX-4706SIIO},0
{F9X2-D7TJ85DZ-0875DBEF},0
{N6Q8-P3KT04XL-4404QTPI},0
{Z0K9-L9WX75IK-9003CPLI},0
{G2Y6-W6DS46QD-2893QLJI},0
{T2B7-B5KK69AN-5896FWYK},0
{K9B7-F4FH01AL-4339POUZ},0
{T7Y6-Z3GP54YK-0818PMYQ},0
{Y3R1-L8PQ76TP-1509ZNQB},0
{O3E6-E5KN26OR-0057EKWA},0
{X1S0-O0NJ51XN-7559FGYK},0
{I9I3-B1WT13ZG-9190LWAR},0
{J2O6-D4YW12MK-5056LYRE},0
{G0K0-Y0HM24LW-1673TPSC},0
{B4W5-P0QP97FH-8846NCNN},0
{P3G3-O7YE15VB-5326VSXH},0
{J2O5-O3PD79NR-8741SVRS},0
{M9B7-T9IZ88RA-1483BSTZ},0
{F9O1-V3MX85VL-8846HUVB},0
{Y2J0-G0MQ10UP-3101GJWI},0
{V7M6-Q0GA87QZ-9112VMIZ},0
{Y5X8-K3UQ32TF-0006VLKY},0
{O2P2-S0IV90WL-0797XGKJ},0
{E4C3-F6NN54VA-1178RPLL},0
{Y5X7-F5DP91ZX-5461KUVY},0
{V4V3-K4NU16MF-3162BRLS},0
{C0O9-W4NR76SU-8424XITN},0
{X2N4-B5EV80EZ-4163QNFV},0
{U1C1-H5IO42TB-6418UWEU},0
{O8P1-X3DQ17EW-3995FCLV},0
{D3D2-P6FB05NN-5129TQQF},0
{T1J5-Z4WP18SR-3893HLUV},0
{W2Q4-S3LL00YO-9586IXJY},0
{K3M9-S5FO27MG-2328UQFE},0
{S2G0-Z2WV58HI-9698FIRE},0
{F6C2-X8YW59GA-5042WFCU},0
{Z9P4-W2FW56VF-0230ZYUD},0
{O9E2-Q1BR90XX-9984HTSR},0
{H0Q4-S0SP55VT-6118FETE},0
{J3N6-C6MO14IH-6484NJPD},0
{W0X4-J7JY63DE-8183ZBGT},0
{J7I9-Y6SJ12TJ-7199NCXB},0
{D1M0-X7TU62QX-1349AVIN},0
{Z4W3-O9TY28JR-6194DEKV},0
{F9Q9-Q6QK98TU-2654JRRG},0
{O9H2-H2UJ59AB-9293CCCB},0
{C6E6-T3LU11DG-4957WVTZ},0
{X6G8-P0PV65WY-7036OEWT},0
{E3B2-Y4TM17GE-0421GQVI},0
{O7A2-F3SK06AH-2190ZHQQ},0
{Z1Y2-L6GS54OC-5911VOPF},0
{I0U9-X2AB75MA-2871NYBI},0
{S5M5-R6LX89AY-5221BTRB},0
{V3J8-V3LT60KJ-9082RKPI},0
{E2L5-D0DF53TF-0314OFSA},0
{Y8E7-X8PN52BU-0219VXAO},0
{A3T1-U9TC81QS-5039QCTW},0
{V0Y6-R7ZN56HH-5048MDQW},0
{T9W3-T6BP37PH-8559XZFL},0
{P6K2-M6GV44AW-6831PIVU},0
{N0C1-J6SA50QU-5502XONM},0
{C5K7-K5EF46HU-9099TRLC},0
{A1T7-I4WS90DA-3350MCIM},0
{L3C3-O0MU93OA-3450CIPL},0
{V9L2-A3NE70JL-9171OZQZ},0
{V3T2-W5HO03FP-9444WENG},0
{X6K6-W7IU92QX-7120ANOK},0
{F6L3-U2RT22LC-2912YSYM},0
{I6O1-K7VI75IS-8271QGKW},0
{T0J7-U3KA40LP-0446EQNU},0
{E7K8-R2HE67EA-6851QRSI},0
{I9M4-K9NK10QJ-1420WTPR},0
{M5X3-D5AS38VQ-8469VTQX},0
{L3S9-L0DR80YN-1102USVV},0
{Q5N9-G6MF75PC-9648GHNO},0
{Y1P0-G5YP30MM-9841RIRZ},0
{U0W7-N3QO32VD-0562KRWS},0
{T8B1-X3BX04TD-2991XESM},0
{R8D7-B4FD69SE-7881JZJX},0
{B7G1-J1HI84QJ-2733IQFE},0
{E0F7-B0OP23GT-6924WOYC},0
{V7A2-H2CQ85QS-9428KSGX},0
{V3W0-V6FL87CJ-7145QRDC},0
{V3U5-W6SH04ST-1708PIMA},0
{I1J9-W6QT77YD-4091RYHH},0
{C2J6-R8EW33WT-4521VLME},0
{V2N6-F7CA44BZ-1787ULAV},0
{P6V1-W6XV01LE-9139XDNW},0
{E4V8-Z8PH48QQ-8242PTFR},0
{V8Q1-K6XN11FA-3254ZIAV},0
{A2J0-B6NG00JI-7457KYQP},0
{A5N6-E9PF84QG-7460BFWX},0
{A9R8-F5LC75MY-8432EADQ},0
{A3F1-Y6CH11KP-3340QTXW},0
{A8H6-I1ON79RD-7506EHKZ},0
{E7G9-U1EO64EG-6987OBCV},0
{S0J2-I3GJ57WO-1637AZML},0
{S1H2-B7JF59CP-5950FTGL},0
{B1J8-S4XW55PU-2559OXCP},0
{Z7P3-R7AX57ES-5892IJYK},0
{F3J6-O6VK30QZ-6050FJIY},0
{S8S2-F8JB65GE-4955OPWI},0
{Y8Y8-W2DB73OY-3697KVQZ},0
{U9V9-P5CH25ZX-8750VDQA},0
{C4F0-A5CS58CE-7255UZGY},0
{E9B0-S3TQ57SB-1679ATYU},0
{U7U1-Z1SQ22IN-4299MZKJ},0
{B2T4-D6HG90AU-9992DWNV},0
{H1B1-W1IE45UF-8318MHRJ},0
{F0G1-A0DI13HP-5733ZKHW},0
{T6V4-V7LD84GU-6456YJLM},0
{R4O7-V3YI24LM-7555YRIG},0
{O4E7-F2QC05GO-0050TJNW},0
{H6S8-U5YU74PJ-0480PQSP},0
{F1K5-D0KT44FU-5289HEMC},0
{W9C2-Q7QF92VX-3921YQKX},0
{E4G5-P3RR06GP-7903AWUB},0
{K9G5-D4SM32WV-4319UWOP},0
{K3W8-Q8CE04WP-0866EPYJ},0
{X3V8-H3GA68WF-0502MIOK},0
{W7R9-I5GH69TW-9548VWFL},0
{B0Z0-R2KS85BV-1774RDEU},0
{D7C1-O0RN93AQ-6670LYNR},0
{V9K2-G9IX12FZ-3280YBFB},0
{L5B4-I3BD05AA-2047VVXQ},0
{L5A9-Y6OL45XL-4739DGVZ},0
{K7R1-F4OJ78DZ-4376TAQS},0
{J6Z3-M2UF68UX-8487EIFY},0
{C7T2-T3SR92AB-0576UGRZ},0
{R0N0-I1IX55ZI-4970SZHN},0
{X9F2-V8AK30UI-8054XHEI},0
{I0D7-O6ZR98LI-4434WIAY},0
{N4K5-B4JE12LC-0897MQAT},0
{N4X6-Y2NB13PX-3999TSKR},0
{V4P7-O2OE55XX-9923BEWL},0
{W7B3-A5BC96UI-1051LHPN},0
{S3B9-N6MM85ZJ-9147TVTM},0
{F7G8-T5NS52US-1609YPDD},0
{J9C8-Z1XU46JB-0834WNDB},0
{U4A8-F7MX49JL-8249LTQH},0
{X4X3-Q5UW33QY-9575UGZR},0
{H9K1-N4TF53VK-2047HILG},0
{M0U8-U2CX71NH-2769QBHR},0
{M8D6-P7NA60CL-7288KNJD},0
{Y5T8-F2FH51BN-6760YFRN},0
{Y6K5-G6ZR46LA-7083NWNH},0
{P5D1-S0ZY04FF-0341HUYK},0
{M9S2-E1ZJ56NO-7251GQXK},0
{D5O5-Y2MH00XU-9058SNPO},0
{T1O2-B6HG21HT-7902MEIE},0
{W0S2-E7AQ82QM-2821XDEM},0
{D7N1-H1JF08XX-1386XAHZ},0
{D4E8-M2LY40IH-6320XZBS},0
{A3V5-D7HU16TG-0642OYJR},0
{H4Z0-M2FL68FQ-7447PMHI},0
{H7B6-X7PJ79KU-9427LSCR},0
{I9U5-G3US95PN-4430XGRR},0
{P9Q6-M9IE12TT-2659MVLH},0
{I3J9-Y3UN80DU-9879TPTN},0
{A4X0-P4TV22CC-9726TLUF},0
{D2L2-N5NU18EV-3914YCLL},0
{S2G2-T4BC95RI-1764MNEU},0
{R8R1-P7GK98HH-4649YVQM},0
{C8S6-E5EL87LO-8115KZPW},0
{J4C9-C7QZ92RX-2177LAJM},0
{T3B7-S2PF73AU-5339FTLW},0
{F1O5-F1AH12LS-0021ZDVM},0
{K1V3-V4RU67HM-1965HZCL},0
{H9K4-K9FK49IZ-1981BKIW},0
{T6Z6-S9IF41QJ-0846GJNW},0
{P2S7-E3UW92PL-0569SEXT},0
{P8I4-L5KH50PG-4199IBUJ},0
{Y8V2-N8IT65FS-5924UVFF},0
{T4D0-Y4DO28JL-5469CEGZ},0
{V0U5-G4MD71UF-9568BAHP},0
{T7R3-I3KV29BU-5657LUGI},0
{L4L4-F1MK12FO-8649MFCC},0
{T3K0-P8KU68OU-5571IGHB},0
{F7P4-E4DB99JA-9759YNGN},0
{Z0N9-L7VB83HN-9287NFNS},0
{K3R6-G7BG60QA-0941CSKD},0
{D5T9-A5OD99TZ-2747YTAS},0
{D2B0-N1IF18KQ-9272YXQW},0
{N8Q0-J3AY16CN-8820PDPL},0
{T7B2-Z4OI20DS-5142TBRQ},0
{Q1E6-T5EQ47FP-5539WHOG},0
{V4A6-A0AM60YM-6941NOJN},0
{G2M4-S5ZD73FQ-1975MRGA},0
{V2F8-Z7UE34TA-2058DDQI},0
{Q4C3-G8KH74KY-7204TXFD},0
{I4X8-H0UR51EC-2451NEDH},0
{C3C9-P2YB63GF-8111KJZT},0
{I5B2-G3EA94PI-6032CDLV},0
{J8R3-O3FL15WF-8549FPXL},0
{V3D9-K1KZ38WH-2481NDEE},0
{Y7H0-C2DS96PS-5028JVYL},0
{X3D9-X5GI33UB-4895IVKK},0
{K0N7-Q9XQ61BE-5149VNLT},0
{S8F4-O6EN90VW-2408AROJ},0
{T1T5-H4ZH78HY-6194TCCZ},0
{B8B0-T4WV44KY-8439YIXH},0
{N8Y0-N0WG16SW-4096JZVS},0
{U8W2-H3VL18JN-4036RDFU},0
{Y5I5-F7ZI71KD-7315WDAY},0
{U5J4-M0HX20AJ-5616RRAE},0
{N8Z6-R4ID18CK-0270EIFX},0
{I5Q5-N0MZ84EI-2630STHB},0
{H9O0-O0LE78YL-1930OUGO},0
{B3X0-N9GB06LO-4138OUWV},0
{R8G6-X9XX31CQ-2904ZMCR},0
{F6H4-Q8GH18QQ-3490RNEQ},0
{H5Y7-A2EO34ZS-5675NGUP},0
{P1H7-R5XR85II-5640VHGP},0
{H2H4-W1DG65GO-5718IUJX},0
{G5G4-U0XZ80PJ-0595CATC},0
{B4Y8-M9QR50CF-5916HCCG},0
{M6K7-N7KT86OX-1243WURU},0
{V2Q1-L1AJ40OZ-2062ICZJ},0
{N4T6-A8XS56AG-1324BJRQ},0
{J1C5-E2GB46AU-1918APBN},0
{R3B7-Z7UZ91ZS-6789HSOJ},0
{O3U1-K6PT10YL-4377AVEX},0
{V4X8-P3TK89BK-6082UFIV},0
{V7I7-D9UU71QL-2158KJOH},0
{A9G3-B1IJ91KM-2457ETAY},0
{F9K4-U4FY32XQ-2189YGGG},0
{L4G3-N5AK68GU-4693SGXB},0
{Y2Q5-H2YK20UG-3026NNAZ},0
{W0K2-V6MY78RW-8293WNFZ},0
{Y3V4-F4IS18EQ-5540JFFT},0
{E5T1-Q3HQ15LS-0157FCRY},0
{T7N9-W8SW48GA-9123MRJC},0
{P5T0-V4WB15LJ-4580SFQF},0
{H9Q3-M7CP68YF-0894EJFI},0
{R8I3-I7WW16ZK-6836GWHB},0
{E3P7-N8EA46TA-4579JDEX},0
{O2E3-B9KG07PP-2153YIMI},0
{Q3A7-D0CR28QM-8936SECO},0
{C9U4-N2MR78GQ-6464ANVS},0
{E1Z5-S9BU69CR-8107MPJB},0
{N2B4-C9IL94EI-0428CEMT},0
{Q2W9-B2VP79UF-4783EPHS},0
{J5P9-O3EC01TH-0875OJSX},0
{X4E5-W2RH97NG-3879VFTR},0
{U9G7-L7AS01DV-0821DDBT},0
{B8M3-U5BW07PN-3463MUIS},0
{O4N1-A0QE22IC-7587UCLR},0
{H9W5-A0OI88IZ-2534SKXY},0
{P9C4-E0KZ28MS-9027MJIC},0
{W4M8-J6AQ76LL-7745JSFM},0
{M6M9-W2LQ64PP-6746YGBR},0
{I9R9-W1FI78XI-3275DLGM},0
{V2D4-I2QP08VZ-9401SOSD},0
{P6K0-I6RR29PO-3436YEYM},0
{W9J5-A7GV06AU-5446HEOV},0
{S6O1-D8FI87EK-5876MDTS},0
{P2V4-T7GP86FL-8502QKWB},0
{E6Z3-X7EF21DI-2649GDXU},0
{P5D7-H7KP88JI-5636FFUK},0
{C1A5-N0NV19LE-4584BCEC},0
{N9T5-P1PM60VK-4506LRRX},0
{M5O9-Z3QJ59YU-1656GAAY},0
{W5Y9-M5RC04AT-7341IKAX},0
{J2U5-L0MK39UC-9620ZUFJ},0
{Q6D7-V9KR57AV-0528FWLI},0
{O5T2-D5KC10LY-2459BVOJ},0
{H7F3-O4QS31LG-8645VWGG},0
{Z4Q4-A7JI04KU-3055UOXA},0
{B7M7-E9PD96PY-0115PSGT},0
{I2J5-G2NX07ME-3536FHDD},0
{L0O5-A3PF08SB-4937UVWC},0
{C8H7-V5FP06IM-3680DILF},0
{F0G4-H4BX80TV-1455DZVQ},0
{L2C0-L5NR45XW-9592JYFD},0
{M6R8-P2VD07DP-9586WIOH},0
{T8J0-P7NQ36CR-9571FVVQ},0
{I7T0-V0GI42WI-4657NOZX},0
{Y5T4-P8ZA12JP-3148XGJF},0
{G6L1-P0RH96JX-0701PRMJ},0
{J7Z8-G6ST30PI-3001OSJO},0
{J0Z0-E0OT70UK-9167DVQX},0
{X7B3-W5WB84VD-7175YCJJ},0
{I0G3-N2BF87AN-0062SGCU},0
{C1S4-O3PW61QL-8829XWUA},0
{O1Q1-V4XJ26XY-9612UUPT},0
{D8C4-T1AM82YD-7391DWUI},0
{Y0R8-W1BZ79NY-9205HWZI},0
{E4G3-T9WO38TQ-9857XDDG},0
{L7Y6-B8PM95NM-6568DYNO},0
{S6R8-X8OY22IQ-0995KZTB},0
{V0M2-G9XD11GD-1846PQCU},0
{Z3M8-X3AG84DY-0455KGVL},0
{W9V5-F5ER97HK-9159SMJR},0
{D4O1-M1AK39IW-8630NZYB},0
{C7D9-E6JJ89FN-8335NMOA},0
{U0S0-D1WP14TF-1003UASW},0
{L2V3-O0NN49VU-4039LOAM},0
{F0O4-Y2HE63RC-3276VAWV},0
{E8E5-Q0PL97EB-0616HPHR},0
{X2N6-S1EN22WH-0001BRTW},0
{W2D6-C4DA89JT-4748VOIC},0
{V4C1-O7DZ12PW-0693NXFP},0
{O2V8-E9VG40DP-0285CTQS},0
{U6R6-H4HD57UJ-1090EFQX},0
{K2Q7-S3VK58KY-9832EXLH},0
{H5M6-M6RU88HN-0656OCYW},0
{H9U6-E2NT78AI-5556CWJA},0
{H6W5-Y8SB27HX-5184TAPF},0
{G3X3-L8QA75JF-8246RZRP},0
{Z0K2-O1UJ45OL-7738ZMBN},0
{O0E3-B0QM18DA-1155LBJZ},0
{B0A7-Z4GH07QQ-8565PKSV},0
{G9W4-O9QM88ZG-5028KGZM},0
{K3K8-H9UO44IB-9076EHHS},0
{O3E3-Q6BH00LH-5444DPNK},0
{J1Q6-V4GW54CK-0210UVUZ},0
{Z5A6-Z5EU98RZ-3696NFYN},0
{T5G5-I5XL13UE-3700GGOA},0
{R4U3-L1NT59HU-0314AQPF},0
{E4H2-W6FM80NC-6878NUAG},0
{N1K0-Q4QN64GI-4371SJYY},0
{A1U6-C6UA28BJ-0453CIZG},0
{K9Z1-F9FK47DF-1340QZFR},0
{V6O8-F8OE88TQ-9940STQY},0
{N0J7-W5OY61TF-7665RHJN},0
{J5Q2-Q0QU86ZW-1297UOFF},0
{N0J7-P8CX45UF-1328VSVI},0
{I3L1-U1MZ64VX-7458KAME},0
{X2X0-G7MO16HR-1887SCPW},0
{Z4B9-Y0MC79FU-2324QVTF},0
{T5Q9-K8SB23TU-8083QAIX},0
{V7G3-P2XT53AF-1766HIIV},0
{I5B6-O5AI71OE-4221ORBT},0
{S2H4-W3RR26XQ-1800ALUW},0
{Q9U2-Q5FM71BJ-8436LWEA},0
{S2V2-Q7MZ42MZ-1178IDEI},0
{A2W5-O0NX50TV-6210BBRL},0
{D4M1-B7XT41ZY-0825RXIB},0
{F0W2-N7TQ43QH-3030RREW},0
{C4W9-M9UE27QR-8606HVZA},0
{A5M3-P9YQ05FT-2711SZGZ},0
{H7Y1-Z3GQ63QJ-3515FWVV},0
{P6X9-F1BZ74RR-0265XUCY},0
{Y0F4-M2XM07NJ-9503WVRW},0
{L1A5-I2GX74HO-5281MUQE},0
{O4V6-Q1GU27HV-4530ZRGX},0
{X9N1-C0LK12JR-9221BFCT},0
{K1G9-E3XC40UO-2085BQUG},0
{H5X6-H1CX46GZ-6141JGBW},0
{L9X4-F6ZD89NB-4351KAVH},0
{A5R2-Y3YW76SM-3416OIRO},0
{C7F9-M6QN05JL-3806ELTV},0
{W6E6-T7MX34AL-0185CBYJ},0
{I5Y3-D5FJ10VP-3608GDDZ},0
{E6I7-D3RK61LO-0323KZGA},0
{E5L3-T2UH38IT-8554KRNC},0
{F1R9-J2MC80ZG-8467NBZD},0
{D4D9-U3RX99FU-8921DYZO},0
{C8U3-G3GT86WY-8409DWFZ},0
{O7E4-X6NH69NQ-3052GTAN},0
{S7F4-V8BN25YO-1887FEXL},0
{Y8F0-V1MR93BZ-8451AHQF},0
{I8H8-A0KO78UU-1514VHZX},0
{I1V4-S8VA97FK-7550YNUD},0
{S2G2-K8ZU25VA-4815KUQG},0
{X4V0-R0WX16MI-3022PMOQ},0
{U8W6-V5UN96FT-5231RBEQ},0
{R8M3-W1PL56FN-2388HTTM},0
{C2A1-J1BC81LP-0946ZNQF},0
{Y9K8-T0EX47MI-3749JQQL},0
{G9B9-X1RF76JP-4538LYLL},0
{Z5O5-S7UI52GO-6488VZDK},0
{N1K5-I8PF70MQ-0212LQCO},0
{U8L3-D7WI57PP-4440AAKX},0
{Y3N8-A5GE12EE-0444LVNS},0
{P5C6-Z5LC18KF-1098RIEO},0
{M8H9-A5DD70MW-3240PPBS},0
{R1Z9-J8AY99WN-2262RFWZ},0
{T2Z0-E7NT11HN-9423TLYJ},0
{T0I2-H5VN35SS-7921GOLP},0
{L3N1-G2KF30AT-2304ZCLY},0
{S5V8-H1XS27BR-5956FSZZ},0
{S3T5-J2HE82XU-1272AFYK},0
{I8W2-K5QD52NV-6744MPPO},0
{L5X3-U0XE26PM-8237QJVK},0
{F6P9-U6UB49UM-0944ZGTW},0
{B7N9-D6KO59QH-8164QQRM},0
{V6K8-W1DF96WY-8775CPMS},0
{S4Y1-R5OK06AU-0294BKHO},0
{E6G7-X1DF82NP-6016TIJG},0
{U1T0-W5NK87CU-2010CFJM},0
{O5U9-K0BG64DP-4599RZKB},0
{E6U8-Z7LA84BQ-0946OFPA},0
{R3H6-Z0MJ94KE-4852MWMF},0
{X8B6-N2WZ82PO-5583TAFR},0
{M4N9-P7OA57SE-1430LMAP},0
{P1L9-F5HS30XC-6823OQUR},0
{K1P1-P9SV84EW-0371OPUZ},0
{Z1N5-R8EG88NU-5864PXHJ},0
{W3V1-W0VS31TY-4744ZBUL},0
{C4E7-O8JC25GV-7659MFNK},0
{J8K5-G0KF81JL-9403LZII},0
{M9I2-W7SG03OW-9767IRUT},0
{U5H2-L0ZG31WY-8850FIHT},0
{X0R6-E9WA35RS-3825IZNM},0
{P9O6-V2PM85VR-2586DUZH},0
{X9A2-O7JS13YB-8417FJJI},0
{C5B4-A6SM28HW-6459AGLW},0
{Y8T6-H3NL05IO-8500DSIK},0
{Y0L9-R6IL75GW-8511VVSF},0
{F0W8-R1ZC63LC-6764HUMX},0
{R9C5-K2VW72RJ-6233QDKH},0
{C2Z4-P9EB80CX-7597QLKJ},0
{J1O4-T5BA90WR-2857QBDO},0
{A1K8-M6QA02OM-6467ZAOE},0
{U6S7-F0LG22QG-4406HMBG},0
{D4D7-J9FI12EB-9538YBTZ},0
{G0V8-I5ZG18YM-7540BIJV},0
{Z1E4-S9TE10IY-9096PFYA},0
{X7S6-Y6OR57TD-1929HVXZ},0
{V9B4-N7AV96UO-2095LLDV},0
{S2Z8-T2SF60IW-3907BDOX},0
{B5M0-J0AP66GJ-0239IBCM},0
{B4S5-K7AV23UO-9235VEKV},0
{W9D5-Z4IZ54PO-5522USEC},0
{D5V5-S5JL32GU-8667KJAE},0
{U1U5-I3ZE28OZ-7467AWGA},0
{W6D1-K9PY99CW-4723UHYP},0
{S0B3-U8FV02IY-7527LVBY},0
{C7I2-N7CQ03HG-7822DDTT},0
{D7N2-V3WC06PF-0636USBE},0
{D4A4-D3AW17KC-7363RSZW},0
{H0O6-C7TG23FG-4568XJUD},0
{T1E3-X4GV32PQ-7814TDER},0
{D3V6-C7BD11ZA-3367HDOZ},0
{X1K3-N1ON62AV-1981MRLZ},0
{J2Z9-Y5HN78UP-3395QTDZ},0
{U3J4-Y0GG41LV-3787CZMR},0
{F3J9-K9AG03IE-8072PDQM},0
{Y8F1-J2MP91NX-0403YDLF},0
{E9C1-X7QZ50BA-2262YOWL},0
{S2C9-F0VM38SL-8398WBUS},0
{H4N1-I4LJ75QH-1850ZEIH},0
{P2P0-W0XT45HD-8999QEFC},0
{W5I3-F4SS52NS-4457NKWP},0
{Q3A1-S7AB17RI-3251UCIH},0
{H3C9-C5IH64OH-9978TQYG},0
{K0X0-F0TS00KP-2832GZQA},0
{I6G5-Q9FS64WY-3373RWOV},0
{W8M3-U9GP29AL-6058BKJW},0
{X0J2-E7QT46SF-4738AWTA},0
{N9V6-G5WC96YV-8512GMLX},0
{A6M4-E3OZ49AO-4192ZEIN},0
{P7Q8-I9UR16VA-4008MPEK},0
{I9L5-C9JD25VR-0164ILLI},0
{R4A8-A7GN17QT-8926OQGM},0
{Z3Z4-I4SE93TF-7440MQFP},0
{E9W0-X4YV18PE-5643WZFA},0
{U9T6-Y8HZ79UQ-2078MZAC},0
{Y2I9-I0YD99WN-3971LAAS},0
{C8D4-X7YU39NQ-8253IYMJ},0
{Z2Z4-G5JW42OQ-8500ZELO},0
{R7H6-M2XM02GZ-6002OLRW},0
{J8K3-W5JY56UU-5048WJJQ},0
{A3Z7-Z8OB87KI-5999MKEW},0
{S5S9-Q6SO41TR-1657UIZU},0
{K7N0-H4MI42GX-3037HZKI},0
{L9J6-K7EJ10FZ-2532AXOE},0
{Z1C3-M3FH51CC-2388NJAL},0
{H2S5-O0QJ32HV-8694NJOE},0
{M3D5-Y8JZ25PA-6983IJEO},0
{T6L0-F0NH18BL-7023DSPH},0
{Q8K2-T7DQ58JE-2798JOCV},0
{V6Q2-C1ES68RR-9986YFQR},0
{M0P1-H0CY48NP-0135DSEP},0
{E3E1-E9JU05YN-1675HIQQ},0
{Q6V0-N9DL26GF-9817ZYYD},0
{F7K3-H7CI71HI-8980ETKO},0
{A3N7-X9LJ12SV-2279JQCK},0
{E8Y1-Z1FV22TS-4257OXZS},0
{H9B6-F8XG39FM-6132BDZR},0
{Q1R6-X8HP74DS-0853JGXI},0
{E5Y1-F6EG54QN-9197JAHJ},0
{Z2Q9-I2IO96YJ-7290ESPL},0
{Y7E8-L0YZ60IU-4050VFOM},0
{C4U9-P6TQ80DX-1805IBMG},0
{H2P3-J1QC34MX-5985JAKH},0
{A7E7-J2GL92FK-6157GRES},0
{A8Q1-Y8ON83DR-0930EORT},0
{V6S8-J6NG85BF-0470VNGM},0
{E2C0-D0VL04VT-7703BBWT},0
{T8O1-H9YP42GA-0548GOZE},0
{G7P2-V3MY52ZF-2254QBCP},0
{A2I3-Q3CJ62MC-7939ISWO},0
{X1X8-U3PF58EV-4966TPZC},0
{K7M0-I6OP23AU-8704TWBE},0
{U5J3-I2OB48VB-8853PGJB},0
{H0G3-W4NW62AC-3652QBAM},0
{N9S3-Q2YL07PA-7579XSQL},0
{T0D3-T6YV91VF-9958LSXQ},0
{N9A3-O5GG43DU-1632ZXOT},0
{H4C9-U6QP08DW-6420OYDB},0
{S6I3-U0FA65JI-0401VITA},0
{J1M6-J2KS70ZE-6314JIUC},0
{S6P1-C8ZN09EP-5135BQHZ},0
{E6L2-B1ZZ11LU-3765NMAN},0
{C9D2-Y2ZJ49ON-4591LEHD},0
{F7Q2-L3MV33KX-3773YNYH},0
{H9L5-C2YS63HY-3516IYWX},0
{V8T2-P5BG78PD-6038PVPR},0
{E6A8-L1TL79CJ-6754ZIVV},0
{J0A7-O9PL10QV-3047XSEW},0
{K9P5-B6PX54PB-3096EHMW},0
{E3M2-C3DN44UO-9796XSAG},0
{J3M0-V9MD59QZ-1747ZCYO},0
{S5F6-B5QC16RD-7635TDCG},0
{J7V6-I7DV11JX-9886LHKJ},0
{N1X5-D8JL42XN-0578JWWV},0
{D7D3-N2ZK27OI-8107FGNC},0
{G8N7-P9QE92VI-9296EJPQ},0
{F4I3-N1AF22SA-6778NFUB},0
{A9F5-L3AD56BI-8160LWGR},0
{Y0M7-B7CX28GA-2708OSGF},0
{K0Q3-Z2EE25CZ-8694QWZW},0
{N2P5-F1NY16TD-5100ZJSX},0
{Z8E3-U6GV90OW-8422ZZNF},0
{O2R2-Q5RG83GB-1294YXEU},0
{E8T3-F5VK45EH-5721QYVP},0
{F0K1-I8DC61BC-0802ZABZ},0
{M2Z7-R7XZ23HF-9301EXBT},0
{T3T1-M2PL51SI-3433IGZX},0
{L2L6-T5IF08DH-8770BPOA},0
{O8C6-V7XP24DB-9483MDCK},0
{Z3M7-O6HZ91JR-0863ITCN},0
{B3E1-X0SC03BT-2682CHDH},0
{J5R8-R2JN66YZ-2265KEFC},0
{X0A3-W6BH46NQ-8879SSAN},0
{K7D4-U6ON56RM-4966OLBK},0
{L2H2-T2UU69VK-8155MIEZ},0
{X4L6-O7IC73BV-9321NJOT},0
{R4U3-Q0PJ06XE-4139OQGJ},0
{A9E7-W0MX28VB-7155QYHN},0
{O0A6-Q1WS47CP-6348WBRG},0
{H3D2-V4RN85OZ-3738NYBQ},0
{F1L3-O4YO20NG-3557TGUJ},0
{H3B1-G8FV88YO-7163SZOH},0
{V8O3-K1JN60WM-2953PJAM},0
{R3H0-X3US85PA-0750GUDY},0
{A3J0-M8FA87VU-2358DEKE},0
{G6E9-B3JU49SA-3470EGDG},0
{A3A2-R4OU60BY-9929VTSY},0
{Z7G2-S0VN25SD-2535SLYM},0
{S7Z5-J7HX98KF-0821LCBQ},0
{O5L7-K3TD11SB-6048DTCI},0
{G2F7-R3SN97HH-9227AFUP},0
{Z9U4-J3TS09AH-6714PIYG},0
{V8A4-A8VS74ZZ-5009FRSW},0
{R3L0-V5YN07EZ-5145SPKB},0
{P9P9-V4RB20TN-6286KPLD},0
{U7C7-M1NJ58UP-3113XAVF},0
{N0Y0-B5HL69VP-4266HYBU},0
{G5F1-Z1IL83PH-0509TASN},0
{K4K8-A5KB23OG-0793LXRJ},0
{V9K7-S3XD84XA-6594IYKF},0
{D5B1-I3HN16LI-9973TRRX},0
{I9W4-T4TE08PF-4633RSRY},0
{J6I0-C3GR45KW-4493SGVH},0
{Y3Z9-S5QE91WJ-0523SZGM},0
{X1V1-K7CT16DL-9818RHLT},0
{C1S5-S3UT65AR-8874MBKZ},0
{W3F3-C8MU43HJ-7370NJTD},0
{V1G2-L6NG62TV-0621YEOJ},0
{Y6Q7-H2LE42CJ-3720TKAM},0
{U3F3-Y5RW81RU-3082ZOUA},0
{J6U1-H9TU27IX-5147KDOQ},0
{X7E8-P2HF73YJ-2644LATU},0
{R4I0-A3VZ08UT-1214WILX},0
{L1V8-W7GL37FM-9376KYZM},0
{V9J5-W8ZN57QE-8977MYBF},0
{Y7O5-C0KD14RE-9334JLHB},0
{I0E3-E1HI20OT-6399GXUC},0
{I2J9-U0TN97OH-4399LDSK},0
{X1K0-H2MI83JY-0937YDKD},0
{L3Y9-R3FV18IZ-2230BEPT},0
{V3D8-M8HL96PU-4740GMIY},0
{L8N8-T1BU36IR-3002BEMB},0
{U1L8-X1SG46RL-0861TDXK},0
{A2N2-R0MA10KG-3621YEHS},0
{M4D0-X9EB68QL-4712HEHQ},0
{I2F5-Z3ZF68PL-4348DYSN},0
{P1H1-S4UG34AM-5197GGBZ},0
{L5X1-E0ZN41JF-1157YNXU},0
{G8V4-R1VA29DV-2326YDQX},0
{Z9U8-F2ZM65TH-2739VNXN},0
{D0N8-B4LJ84HW-6412GYXA},0
{P0T0-P4DY35KD-6804RAQL},0
{S5I1-R1AH10RS-3987KIOG},0
{Q1K1-K3PN92KZ-1410STHR},0
{K9J0-K7JG37WS-9598UWPK},0
{H3O5-U9LQ58XZ-7146KQMN},0
{E2U3-I7AN02UV-9177MMMP},0
{T0I7-W2RL50JD-7747GHXQ},0
{Q9G9-T3RW82MD-6658WFTT},0
{B0M0-R7ZM31MV-5836DEFA},0
{W0I4-F9AJ43JD-4139OUER},0
{G3H1-I9RK09DV-3519PFHU},0
{Z6T3-G0HA19QY-3679TYWT},0
{A1M7-G6YZ90OS-7810EFAT},0
{Z3P5-S1AN69AL-9610YKDD},0
{M3Z5-M4OK76QO-9755EOTX},0
{T6D9-E0PQ35ER-8165DELU},0
{Z7Y6-G9LL88ZF-0070CDYQ},0
{M6H3-N1UN88ZL-2705FBWF},0
{N1T0-Y7HO37CR-2180AQVV},0
{M6P1-V2AW38AY-6480WREG},0
{A4U9-Z3UQ86UN-8498HPJI},0
{J3O6-Z6EZ61JQ-8162CYBX},0
{R9V0-Y9OG45IK-4752IANC},0
{Q2E7-A6FX08LC-5138OEQI},0
{I1P3-S6PJ78KX-5619BGEC},0
{O2Z4-M3KD20TB-8591CEXN},0
{P1D4-B0FK30KE-5147EYNG},0
{C8E4-O9YV33KJ-7091CPDS},0
{L9K3-N4GI74CT-0530FERP},0
{F2C7-B3VH26DG-3915OGBV},0
{Z9H3-I3BD71CA-3879RKEA},0
{H3A0-W6AK96HU-4361UPMA},0
{Y3D7-O1LP57TN-5242KGYB},0
{X6R4-Y2SB13RX-5797JDAA},0
{Q9B3-I5MN70VD-7160VWJC},0
{Q4I6-Y9YW61PM-4718ANZA},0
{E3D4-B4ZJ01LK-5296VJYC},0
{J2E5-C8QO55RE-9973VDHW},0
{I2L5-B1BU11FD-4602AEUN},0
{A2C4-N5HU32OB-1428CUDC},0
{Y4N8-O8CE45HJ-5317BMMF},0
{B5H1-K5HS18SF-3631EAMQ},0
{R1K9-G4JV42VT-3798ODUP},0
{S4U1-U7JF49VB-1428XCUF},0
{H8L6-D1PK67BU-3667EEWD},0
{I3X5-C3SC51ZS-5239MOMH},0
{I8X6-Y7ZE66KM-5618ZBQD},0
{K6M2-L4HI26ZZ-4981ODLZ},0
{S2B5-P2MY74LS-6793QQYC},0
{Y1V3-J2ZA01NB-1118PYQG},0
{O3T3-T2AZ68GK-2663ICAB},0
{O0D2-R4OH81LC-6057GHGO},0
{B1E0-U2YT89HE-2323JLKZ},0
{L8X5-L7XO36WH-0583SCIX},0
{M8N3-N8UR11EU-1463YEPI},0
{A1H1-N4VX46CI-3806LJHY},0
{E4D5-F3GN42WN-3586MJYR},0
{N2C1-K5UV23SY-5832KDWF},0
{Z2L5-Z4JF18XZ-4324VQNK},0
{K0I9-F0ST07EA-1091AEXZ},0
{P0D2-D8XL78UP-3885AQIH},0
{H9J2-T3QS29QS-4311VXGH},0
{K9H0-V8II98KJ-6293QYVM},0
{V2P7-I5GI17UJ-4209TWRR},0
{L6S4-N9QN30JH-5007GFWK},0
{Q1T1-F6OR08EK-0117WMQC},0
{H2L9-A1TF59XT-8627NPPN},0
{G9I8-U7TM11HQ-8792JMKO},0
{B1M9-L3AD52HB-0677WRWC},0
{V0L5-F0VG08DJ-1627SKEY},0
{V5N4-R2UY16NH-5023XWUG},0
{R9X5-K0FW79CM-3718TJEF},0
{U1D1-S5DD17VS-6986CWBB},0
{M5V0-R5GF47RY-7440IHPO},0
{L5G3-V4KK08LS-1063HPCA},0
{H4K0-Y3YV90PU-9375HCQF},0
{R1I0-Y6DO77JP-2990ELAZ},0
{Y0X9-T8FX89IA-6232FIPL},0
{E8M2-Y3OJ44BK-6008YDCO},0
{G7C2-D5TZ22ZT-7053HDXS},0
{L3Y5-G5EG17KH-9696CNDP},0
{Q3C5-D8HC80IK-3827SMDZ},0
{L8H9-L1FJ65PO-7089HHJR},0
{I1G8-M2NU51DO-7445QLXA},0
{O7C2-S8QM27KH-3100RXOQ},0
{X9T2-R5SR81AH-6190CACB},0
{U9E0-U8LT90ZX-8324VJJV},0
{Y0N9-X2IS54UD-7830JYXC},0
{A6W4-K4IO07ZI-1573RMVN},0
{W3L6-Z2JY78RF-8156MPKG},0
{B9B9-D0IL53BV-1261ZLNI},0
{Q5A2-M6RO18FQ-1616UMSX},0
{A9V8-F8WX32QH-4252JWGQ},0
{C1S5-T5RG47XH-7419JTCA},0
{Y3B7-W2OL89CP-4461IZDT},0
{Q5W4-W2OS86FZ-0858VKEQ},0
{J6J5-Y3BZ49RT-5131QITX},0
{N6O5-D2DP14XC-7880DSPW},0
{Y7K1-G5TY58AL-7062XTQI},0
{Z0U8-P5CM89FO-2291NFFJ},0
{M3B3-G9SR70IZ-7117BWRF},0
{A1Y2-O8PO74TX-1775AHXE},0
{O8R5-G3KS25HI-8195UVNG},0
{Q9Z2-D9ZV52KT-4794HPKO},0
{Z6W2-V1FL95SM-1762UCTB},0
{H2U7-Y7CR02MK-0785HKMK},0
{W7Q1-L3WK29AF-1106ATYJ},0
{T6D2-O5WA61AG-5067JBYC},0
{R1M6-U6RX18JF-5784DQVG},0
{U8H5-L7GP66ZA-0413ZJXP},0
{G5M1-U4MZ49YA-6051PWQQ},0
{H9V9-W6RY31XP-6691SSGH},0
{N5E6-D2GN92DT-5327IELX},0
{L3E4-M3AZ55WQ-6862WIEI},0
{X5X3-G9EA09WH-9989XZPI},0
{W5V3-M7IP42XP-3523ASWM},0
{X2F8-A7SN67TN-8619SAYX},0
{S7W2-X3PJ05WU-0343DEPY},0
{R4E7-K0SA91TZ-5426IMOY},0
{B3Q6-F9EU63GS-6149LMYL},0
{L4J9-W9UT02IA-1432VIDP},0
{J7K7-G9OK49AC-6940GRWX},0
{O6F9-B6TK68ZG-2183TQWB},0
{W6U4-C7KP25DU-5283XNVC},0
{X1X8-Y1WN94AP-1168EKNN},0
{C8Z4-S2DK52WD-0816IVQM},0
{Z8Y6-V9DQ88IN-5284DHMR},0
{C6Y5-B0RL49XF-7244TVPU},0
{S2U5-I4BK97FT-5705VPMV},0
{C5O5-R7ZF23FL-1573HUUF},0
{S9G6-S4BN51NN-6944XLEV},0
{P8S6-Q8UK40LT-4854PXEP},0
{Y3I5-Y1GD05FC-8663UQYP},0
{O4I1-U8MV66FE-2938LVDR},0
{J3V1-O5WC14ZK-8583ORHA},0
{T5P3-F7BB85DK-5892YLLW},0
{E5S9-Y9UM16QK-3183PPWZ},0
{B2D6-Q2CM92XH-3881BZEH},0
{P6M4-L7YK23GV-4928SUBV},0
{R4M0-J2AE86DG-0325RHMY},0
{D1E0-F8EP95MU-9762XXMX},0
{S4R1-H4YU30TD-6687DSWB},0
{G2G6-W0ZP38OG-4425YYVK},0
{B1X0-G8OF20BN-2659WSUK},0
{V8V1-C9DP60NL-3126OENR},0
{J5Z4-T7UX65KE-4803TTNS},0
{H3K9-I7HC87DR-0785RSUB},0
{E4M1-B4TI59WP-6104ZRRS},0
{Y3N3-X0EZ14OI-9665DAFG},0
{L2C2-Z2BS73XX-2303LBZU},0
{Z5Y4-R5KN76JS-4192LZEC},0
{R7M9-O7KC17KV-8073PRHX},0
{I5O5-A1OY48CI-3708CQYI},0
{Q4C4-T9RY72IN-9713AWCM},0
{A3P6-Q8CS66JT-4225UJVO},0
{D1D3-D5KU25OZ-2799MCIS},0
{U4H1-U8NL62OT-7913JEQD},0
{A0S1-B5AV53LS-1235SBFL},0
{H6C6-W3BB46VQ-8842XJAY},0
{D6G5-I8NK30SQ-9195JWMC},0
{B0F8-W5FQ62DJ-9477OAVR},0
{H2O4-G2KI90YS-5839EDNO},0
{S5I1-L9ET29HE-7517DQWH},0
{L7B4-A5DL50JG-5834CLTU},0
{M8X2-Q0VD48UK-6867TRDM},0
{Y9Z1-D1VL90BO-4935OXYZ},0
{V5Y0-V6YL96FN-1135UBZN},0
{G2Q0-Q6SO28KB-4736MRGE},0
{N8E9-Z6LH67ZU-3615TTTN},0
{V2V9-S9XZ30TZ-2865DRAR},0
{Y9S2-S6EQ45EB-1819WEXG},0
{J8H8-A2JY00PJ-5439VMOQ},0
{D3A2-Q7HX35OU-3582CRKW},0
{N5Z5-Z2LI20KL-5940YYOX},0
{S4G2-L5IT25XD-0922TBRM},0
{K0Y3-Q7NP57GJ-1266DRPB},0
{L6I0-X8ER92HC-5533UXQC},0
{Y8R3-B6NF89WA-3666IFZK},0
{Q1Q0-H8YP47IY-7920BVJB},0
{K7G9-M5JX30JN-5891HXQX},0
{I9K3-W9YR48US-3208CHVU},0
{Z8H8-Q8NQ02MC-3776LWRV},0
{J8Q3-P3SA96MS-8717UTJM},0
{O3C8-X9OW89GH-3832HSFB},0
{R8U9-C9GD56WT-4439QBKV},0
{Z0D2-B8WI35SV-1395BNXB},0
{N5E6-M3QW26JY-3781KDTD},0
{N0P8-M0YR83BW-4193JGPU},0
{Y4E9-C2ML35QD-4954JLRF},0
{F3G9-H6ZV54MK-8930XEUP},0
{X9L3-N8XP55EL-9969OPCT},0
{B7I0-F8BD42SY-7561RUFM},0
{P3P4-A0RM10FL-2452JCQW},0
{P8J9-E8JN33RU-2880CEQI},0
{Y7C5-P0PX32HJ-8245OXXN},0
{N5P0-R9VJ64UE-5864QLWP},0
{M6F4-T2EK62PJ-4918TPLW},0
{W9D2-M0WM16OH-9107HQRU},0
{D6L1-I2IW53PF-4454RLGR},0
{T5O6-E7HV41QB-1624AMXF},0
{U8D5-V3KM21PO-4898GGCB},0
{Y6I6-S9FM11NN-4706PXZR},0
{H2A8-W2PG89IQ-2265BCVA},0
{M8E3-V1UQ73BP-0512JMSF},0
{H4M7-T2NI00SG-4193MMSJ},0
{E3Z5-B5AW23RA-4754AWVA},0
{U1E3-H7AO03DF-7496QXQR},0
{K7H7-D9ST41HS-2711GWKX},0
{S6B2-R6AG61FV-2190ZUVV},0
{S4E8-A0EN03SS-9451TSUV},0
{P1Y9-H0RD67WG-1010OHYL},0
{M7X4-Z0BW46TV-3031REYR},0
{R6W7-M5JE16SR-6816WDAQ},0
{L1B9-A8WV97VA-9273LIOO},0
{R0J7-D0TI74KC-4085QMCP},0
{O2C6-M8PR28OD-4664NYQE},0
{A9O5-G8LK91PQ-9584PSLU},0
{H0K4-C3RF13BE-6424QPRQ},0
{Q5S5-G2DK11RF-3711ZYZL},0
{J2G6-P3GP15YS-3136SDRP},0
{T1W7-J9NJ64AH-9080QSGY},0
{M3A3-D7GM71TK-5049LUEN},0
{S0H8-O4GO38OA-0735TCWC},0
{N6Q2-I6CG84RZ-7177BMXB},0
{L9Q1-J9HG96GB-4837DLOU},0
{S0J2-D5QN66CD-8925HRRA},0
{J2L0-M5IZ29UU-8597FNVX},0
{W2V1-S1RQ94DP-2216PRJF},0
{C3B9-E0ET87UT-5893OSFL},0
{G4N4-P4QR31JP-9505QSMG},0
{Q0O2-A4GL63AC-0893EFIO},0
{R3H5-S9DZ54AY-7316BIWR},0
{F6P5-Y5IG45ED-9435XYJF},0
{S6Y2-M9JU19GF-6483FLWS},0
{U1X4-U7NI22KB-3931AJNT},0
{Q3E9-H6NO35CV-3035IVMZ},0
{D8Q3-E6XO55CZ-6984DIWX},0
{E0Q8-C0JU68HQ-4920WNNK},0
{U9A6-H0XF75LM-0753QRMA},0
{P0B5-D1NO96GX-1143MWIM},0
{J7I0-M2IE74RV-3819KYQT},0
{G5N8-G0CK29ZQ-0647JIGX},0
{D2Y8-O2FZ03SO-7273QXKL},0
{W6N5-Z5QK77WK-5409GKYS},0
{O3L2-K8JX60SQ-5862HQXN},0
{D5L0-O0TD27PM-8695SLVI},0
{C7C8-F6II65JY-7612TNZY},0
{N5B2-X5ZV50XI-3165KAGD},0
{U6M7-Q4XE12UG-9687ALDG},0
{C5C6-L0JH23FJ-9216SEYI},0
{S1I9-B5IY07MW-0383MCVN},0
{R5I5-J0SJ41OJ-3355JHYM},0
{D1H0-W4BU96VG-0061PLTH},0
{S7U2-K0OG59IT-5251OTRU},0
{E4X0-K5ML66MB-9852VYZT},0
{J7T6-U5UT05EH-3546ZGAO},0
{A4I5-P9PR43FE-6458XEBF},0
{T4R6-L9GB66NA-6031VXOG},0
{E3M0-L1JD03IU-9312FGTA},0
{F6Z0-W1DL34AK-4746GORF},0
{A0O4-Z9BX18SV-6891ZUJR},0
{M2P2-P4MK79DX-7460BGSL},0
{N2K8-Q2WW03SY-8969HJBS},0
{T5C7-W8QZ68BT-7381YPJD},0
{O2M0-B9KB48XP-4089MBVP},0
{A0V8-D0AB28GT-6436CCXQ},0
{Q0B0-J1AK44LG-7149JOYP},0
{Y1W9-F7TE71XM-7164ZXNM},0
{C7A1-I1ZS67MJ-8108DBOP},0
{H7U5-Y0UQ06LI-6995JNKX},0
{A0O7-M8GC13QD-5082KIUW},0
{J0I7-Z8SD75OD-9402OHKM},0
{N6V6-Y9YW10DH-4086NEMD},0
{V4A5-I5OI58IG-2046GBXT},0
{R4E4-T4SS14BE-2514VDMA},0
{B3A8-Q7EM68DY-5388ZYIU},0
{S7A5-W5SL93PR-7449ZTNZ},0
{Q8T4-W0GJ39MX-5441PEXZ},0
{H7J3-P8UE53IZ-0272GHTR},0
{G0D8-E7AW17BR-6787CZNJ},0
{S2R6-F9HQ00FM-3772RTHY},0
{K6L2-B0FY81KZ-9900JJHB},0
{Q1H3-N1ML93JC-9622RBNZ},0
{J8D1-K0GR53SI-1111OWRO},0
{A8T8-W2DB08YN-2039STAC},0
{U0P3-N0RY58PC-6100TROV},0
{D5V1-V5FU03MR-9267CIWT},0
{Y0N5-N4PQ65DD-6996UTJY},0
{C1W9-F7US90VG-5160AJKF},0
{V4Y3-D9EP97GT-3022CVSB},0
{M4J4-L3HL43TU-4162MRFX},0
{B1M9-L9HK19NB-5415FSIB},0
{A5V9-Q2YI72FW-5504IHSR},0
{K2E4-J0RI78WD-8757WPMN},0
{S5K9-E6KT11ML-1084WFZE},0
{G6F2-U9RX37XK-3901AXRU},0
{T8B6-P4KV99SI-4664DKGO},0
{Z2Y2-Z0RK93ER-0463YYRK},0
{Y2W1-H4ZF06IY-9898VAAX},0
{L9H1-J1IS23GV-9689RMBA},0
{B2S8-E6FQ90PQ-1960GRFP},0
{E8Y4-L7BZ06JR-0352PIZR},0
{O4Y9-Q2LW50XT-2008QGJB},0
{Y0Y5-D5DG96QP-4546AIQF},0
{O0L1-B0QO01FK-9723ADAK},0
{I7I3-T3HY68NP-7107WGMZ},0
{C5L8-T3EK26SD-3343BYII},0
{M9Z5-W9IX47RQ-2186RYDV},0
{K4G6-E0ZB46XF-7583RXBP},0
{S5U5-G6HX07FM-1935YWWJ},0
{C7G8-P2SF18ZN-2376CJLE},0
{N8D4-N1RZ50ER-5975SDGG},0
{B6I6-K3KA21ES-2875WTWH},0
{Y0B9-T6MG06PP-9256JIIT},0
{C9O6-T8RX99NH-3482LJNX},0
{I0D1-U8ZQ14EV-2402ELCX},0
{Q4H9-F7NX85FJ-6818NEEW},0
{R6T0-E7YF47BH-6281OUJH},0
{D8T6-W3KA16DT-7162QFVS},0
{V7N3-F3SA48ZM-8745KURW},0
{L4T4-G1UX21DY-5531FXED},0
{L4J7-G2KU89JU-7331EYGF},0
{D2G1-O2YQ34HN-4666JBPY},0
{S8C8-J0QH48XT-9165GXAU},0
{V8Z8-X3PX94NP-7440MXTN},0
{W1L1-N3SW64HI-5858JADC},0
{W2V8-E6CO04GX-5976LKOT},0
{N4Y0-I4EZ17MD-0569GLYK},0
{X1B9-D7CX37VO-0597MRKG},0
{A5O1-B0KL30SL-1782FMLO},0
{Q4N5-W5SO21EY-1376UFRB},0
{J0C0-E7YT82HZ-2006MUSJ},0
{Y1G9-W5DH43TQ-8270XCLM},0
{I3L1-O7TG66YA-7372UUQA},0
{Y0G7-F3QB91OL-1291IFSA},0
{U4F3-E7EG09ZV-0835LIVX},0
{P0L7-T6IE97PJ-1212KJZW},0
{K4A9-A2OF64EM-7721OZWH},0
{S9T3-Z4ZQ01NO-6964ODCS},0
{G4O4-X6ND52AA-8870ALAH},0
{I6E2-C6GQ28JY-8353SGIZ},0
{V0Q3-U1ZE16BE-3984JZLJ},0
{Y6Z7-N6QS33YJ-0391SIZJ},0
{L3M3-Y1NM69YU-6174ERRA},0
{P3P4-T2II94ZZ-4626BXGF},0
{Z1R0-U2CZ20JB-0396SRCQ},0
{Q7S7-C6GI75BS-7666KGEH},0
{A2U0-J6WK53HJ-6259QIQM},0
{I9V7-X0CF45RD-7610AYLW},0
{S3V0-B6MK97BO-7437CQYM},0
{Z8D7-U4VP26FL-0717DERR},0
{U1T6-X8DN23OM-1336PXZW},0
{W5D5-V6YF03AK-1642XQIK},0
{R9E7-E6XX27FM-6105IXBP},0
{P1E8-F1CX03KX-5022KOLB},0
{R4Y4-G4JL60IA-5426OODL},0
{I2L4-Z9ZU37XC-7601FFLU},0
{L6U4-M0LV24PY-4794FNCH},0
{P7A3-D8GU53RE-7788WACH},0
{I5V1-M7ZW60HM-3447JTEI},0
{E5F0-Q7OW26PF-9007XUOH},0
{E4X7-Z7AC75ME-0219UUAR},0
{Q3Y6-B0HM26EI-6136DVGB},0
{X1J0-O0OP72WE-8415KEKW},0
{O7J1-K8YI69BP-2526AXQH},0
{Q3K3-T6XX72OM-8522KGIQ},0
{V6N8-W7EV55LG-1806TNZK},0
{O7H8-E0IW97WJ-1874UKVJ},0
{L9T6-A8ZC92BS-3580OYDL},0
{C7I6-C6HP47OU-6542XQOF},0
{D8L8-G3VR83TM-2460ATYC},0
{U4M5-R7CC74MZ-4317UDSR},0
{M1B9-L2KT69DP-1227YFQZ},0
{I0X8-I9PK21JW-7500RZWU},0
{X4G8-Z8ZQ58KF-8329PFHK},0
{R4S9-T7IX25MK-1050SSIG},0
{Q6O1-Q9XV42MC-7181RVHB},0
{Y8K6-D8EN41LL-9867ILNY},0
{W3X7-H4EZ80HY-4724ICHP},0
{K4O5-B3VS15BR-2028QDCE},0
{G8B7-F5WT18ZY-5186NEXJ},0
{S2E1-Q1KD42WL-5568PBEM},0
{H8Z2-B3UC98CZ-6696LXWO},0
{S2M7-A5QK22UK-0079TISG},0
{G4L2-Y0DX99FB-9962QXQX},0
{Z1J4-X4BD84NL-3751TGMP},0
{M9Z9-H6NU31DU-9900XJXJ},0
{C7E2-X4ON76BF-9276UMVB},0
{I0L2-O2AL46EK-7882TIWG},0
{L3W6-M9PW82ND-8895NWFF},0
{B4S7-Z5NE43MD-9507KVXB},0
{N7B3-J8JV50OB-3741FUEL},0
{S9Z9-D8JO12LO-7064KHEC},0
{F3F8-P6OS86NK-3356ELGN},0
{H5Y4-J3BG01CO-9941LDHL},0
{G4B1-B6DU68ZP-6849HLDO},0
{L4R8-P1CD36YY-0846XYIG},0
{Z5P5-Z2KT87QM-4543JTFI},0
{N7I5-S7TZ92ZU-5848BXEW},0
{Z1O6-B1TW80YC-6040KZSS},0
{T3R3-Y2WL95CH-3121DGZA},0
{C9T5-Q5SM83NZ-5541YOCC},0
{W6L3-D9VH73WH-1193GCVR},0
{O8U5-F7JI73CN-9394ZYKS},0
{U2Q1-X8VL36NQ-9737ZKOE},0
{V6X6-J6RD17XF-8387QEUY},0
{F1E5-M9VQ52ZL-4401PFUF},0
{V4U9-G0OG71KA-2716MIDW},0
{C3Y4-T1ZO57UO-8899MZVI},0
{N6S3-C2NH39YI-4969MZRI},0
{Y1Y1-V4RK42RN-4516JACE},0
{T6H7-I9QY06WK-5865HPIR},0
{N8F1-Z4AS80WH-9632PFDV},0
{U7T8-P4OA86ZE-5383UWZM},0
{O7P5-D3NE54YD-1153GEPE},0
{R6D4-A4IL64XA-3275RRFP},0
{I5C9-V2MJ74PS-5078ETDF},0
{W0R5-Q2JX79VM-1123BVFI},0
{H3L7-D7AG94HJ-6917QKXS},0
{A2R2-M5EO52LS-9207JGAD},0
{P5L6-U2MQ71UV-9153CFHS},0
{R0H3-K8PA15GC-4359RBJF},0
{T5B0-S2BC40AQ-9360TAQK},0
{C5S4-H1CN04BV-1836AVYC},0
{F5C4-V4PN09PZ-0582VBLJ},0
{I0M0-Z2AV87KT-2342DAAD},0
{B9O8-E4MP17BM-7879IEHZ},0
{O6M3-K9EN97KO-4705POYR},0
{H4C8-Q8VN89ZR-1175CUQN},0
{O1T4-B1QH26HF-2701MIGO},0
{E8W5-I2OJ08PF-7666TKOU},0
{H3F0-K2DG14NJ-1949TIWA},0
{O1J1-R4WK83ET-7011SFMA},0
{K4P3-Y8XF78TM-6443WOMM},0
{X2U0-I2BI11FL-6372MPLW},0
{X3X3-J9VZ19XU-8510BYUN},0
{U0A7-P3LD02ZE-8971PNDC},0
{A9U8-L9VX59LP-4103EPCR},0
{T6L0-F9VW14DQ-4979UZJW},0
{V6K0-Y8ET84YB-8329PSHK},0
{P0A1-D2RM04MU-3049RMCC},0
{Z9G2-J2WI22XS-5291PQJE},0
{H1Y5-R7FA97CK-9940QJGF},0
{E0H4-W2AZ72SE-4159MYPE},0
{Y0D6-L4FW52HP-1261ZKOK},0
{O7F5-N3TL46CI-3041LCMF},0
{R7S2-K8XA25MX-2046JUVI},0
{W5S1-C5GA83CT-6248VNFQ},0
{N9H8-R4FT92HJ-0185KPUY},0
{N5G9-S6OL79HT-3028OLUR},0
{T5R1-U3TQ79AN-4880BNBA},0
{V6A9-Q0GM89RN-1781QGAR},0
{E3S9-Z0MO02HA-6832QMUY},0
{K3O1-B5JJ96VV-5555HWRN},0
{E6E8-E0NF56FQ-8390RBJT},0
{Q7Q0-O6GS94BG-0394VVAN},0
{N9K2-E1BB56XE-7109HREV},0
{D0P0-S8UC88FB-7145MRVQ},0
{I9G1-Y6IU06YR-5779TOJF},0
{P3M9-I5WO22GS-3393MXGW},0
{G8J4-M3BE99FU-4710JMZS},0
{T6K5-C3NV46EQ-2913UBVO},0
{R8U1-K4CJ05VQ-3238PKMT},0
{Z1X1-P3NO77XX-3979SMXI},0
{P8P2-C5EJ10WX-8453DXIO},0
{H0W4-N3JL58ST-0095HWWN},0
{L9F2-P9JG09OW-9280RAHS},0
{C2M7-T5JM94OH-7463WDDQ},0
{N3U2-F8CZ82DT-1233LBLO},0
{M2N1-J2GK98TX-9044TZEB},0
{W0K2-Z1CT89YX-7083RQIG},0
{G7D5-S0AF51EC-7835IXCT},0
{S5O5-X9LJ72UT-3480GWZC},0
{T5R2-D4QW78PG-8602ZXKF},0
{K6K1-A0FV19XR-3917AWTO},0
{L9L6-J1LP25EL-0629SIAS},0
{M5J6-U3AX75VS-6465SIGE},0
{Z9I7-Y0SO97SP-0685MOZK},0
{Z4M8-T4IA79TJ-9589TZTX},0
{E2U2-J5XS18EF-6186SRRV},0
{J6H1-T7OI06YP-6230PPNW},0
{D3K7-G1IM61FI-2001WLGT},0
{Z6G0-V0WE91OR-9285ZPXV},0
{I0S3-L2DW56DB-7193KCXI},0
{A9Z9-O2PS51RD-4494BJTG},0
{E3L7-J7AD03YN-4890SJGX},0
{T1M8-L4VA58KF-7121NMUI},0
{F1Z0-I1IO06GW-7228LTDW},0
{B2D8-O3QA88GG-2780GFHC},0
{H3M7-F5GH75RE-3423HIKT},0
{L3O8-D9RQ95PS-7184YJKQ},0
{S0P8-M5DT31SW-1526WVCM},0
{A8A5-L8TM90IW-7867HBZS},0
{P2T6-J0AX21OY-1718AOAI},0
{Y8A1-R1JP93YD-2075LLJT},0
{K1B2-C8OT72GV-9046IVEH},0
{A2G5-P2WO02XQ-9973KCLU},0
{S1F8-C5DM63KQ-2861AFVJ},0
{Q4J0-H4ZF54DS-4084VBJJ},0
{I4F7-X6EO50NU-1489IHWJ},0
{A1A5-Q0GP43DK-7661DHEF},0
{P8N7-G2CK69GE-7827NWPN},0
{D9P2-A6LE60YM-2125UNZA},0
{I7X3-R8RX25HP-4140WQQK},0
{Z1G4-H9ZD22YY-0582MRGU},0
{S3P8-F3GF25AQ-1493CPZH},0
{O7K0-M1SY53AT-6832CZEM},0
{C2A3-X3HA86KW-5847EULU},0
{F1Y1-M2MA92SC-9352OQFE},0
{G6D8-N5NP35SD-7559MXKU},0
{X4M1-J0FI27IH-0975XAIV},0
{X6D5-Z8WS73OG-3937UZXJ},0
{V0K1-T3NL68FE-6684RRFA},0
{C7H5-S8FL68OC-2238QCFL},0
{H1A0-K2QQ87SO-4020PAEP},0
{E8B4-C0RH60VW-2651WMTW},0
{W4Z4-U2VS55NW-4146AAYL},0
{B4H3-K2LB23JZ-7022THDZ},0
{F3A4-K0CW62FV-7025KZYD},0
{Z5R8-Q3UP69UT-6740HRFD},0
{Q8C0-V3QE49EB-7104EIVB},0
{V6Z2-E0QW53IO-9613RLEI},0
{K6N3-D7IJ02ZH-8384WPER},0
{D4T4-M3RB16BM-3321RAFK},0
{S4E0-F6ZV99US-5992MGSU},0
{P7B7-O5SV91MO-8056XBZM},0
{F9F0-F3CQ60FM-3639EAAW},0
{M4P4-S2PE75BH-2101TAFV},0
{Z3G1-K9UB24GI-4960MRTP},0
{Z8G2-J1AT91QI-2814BYED},0
{Y3U1-P1PR47ZU-3255KJVJ},0
{W9E9-H7XY23GB-0281OSLH},0
{H9L2-Y8WJ22XF-0454GYJA},0
{U6W4-A4MQ33HX-5787WFJD},0
{T5Z6-T0IL93UR-3258FPYV},0
{H4F9-E7QR54MQ-2036JTHG},0
{F9O2-F7ZA86MV-4784IUDR},0
{E2Z3-F4WA03HE-1082ORBJ},0
{C4E3-V4WR74ZV-9750LONE},0
{M9I3-V2LP11YZ-1611ATPP},0
{E5M2-S2OA20XA-5533RRFZ},0
{J6U1-Y1KU19MM-9340QAVN},0
{C5L3-U5EM43OY-7065PIBZ},0
{Q4R5-J2BW86UB-4704KDMY},0
{Z8R5-H6PJ76BX-4857UHRG},0
{B6O3-S9SI50QH-0851QKUS},0
{C8M7-O7PC36NJ-7040JKIE},0
{J6O8-B6BN49LH-9857RJCX},0
{H4K8-S9JO98SN-9240FZOQ},0
{A6Y1-X7WO39KL-4374XPXW},0
{Q4M5-X6OC30MZ-6727PVBC},0
{S5A6-Y8HL28TV-0804FJNL},0
{U8U6-L2UZ06MI-0490PGJB},0
{V6Z5-K2XW11AP-7235BNFH},0
{Q2R1-O8IN77JY-2665TAGB},0
{N2K1-M7SP93ZU-9566VHYD},0
{A0A0-Y2RI68SD-3246IWQJ},0
{L4O9-Z2GA05ZC-0637ZTJV},0
{B1K6-U5LP83FO-2067SNPT},0
{V4Q8-C5JT06BY-1495RRAH},0
{N9X9-F8TN34KK-0739UUHO},0
{B7G9-Q3SS53XA-1548RITZ},0
{K7O3-G0RI27LY-5605KTVN},0
{G2R5-Y3XL45XI-0812IAFE},0
{Q1P6-O7SY45VL-0383VLWF},0
{C9X7-A0XW39XN-0751MPQF},0
{F2H3-X7CL41OZ-1552GDZJ},0
{K2T0-F3LK52GW-7579UTJJ},0
{K3M1-O8EO66MI-7901TMDV},0
{Y9G9-D6MJ26TD-2770UVJX},0
{H7Z0-J1WE42FQ-3945GDSW},0
{U1F4-I4KS16YK-8804CGWO},0
{B5I9-L8JO47OI-9925OSAL},0
{C1U0-L2IL37PG-0176SPSU},0
{K3A5-V6KU22NS-9997OHLV},0
{H5N5-D7TM58HI-5837XVPI},0
{Z0W2-P5JV32ZX-5308YSPI},0
{V2M4-M1XI40FA-0125GTYK},0
{Y6T1-Q1NB64GF-1405AKSF},0
{O6K5-R6XF74BO-7434FFFG},0
{Y4K0-E8CD09DX-6414NGZD},0
{M1D7-L2FF36LV-8631CJDC},0
{R4M4-L9ZI54FB-8346OTSM},0
{F9V7-R2RP14ST-2130PUZA},0
{V0Z6-E8OK47WE-5815BQUW},0
{E7J0-P1UY75NW-6915VPQW},0
{N5C1-W5DO40LY-4211BGYH},0
{M9O0-H6BO60NC-9952HMOI},0
{Q9W8-P2NT65WY-6865KYND},0
{A5F2-T9XX37PO-9824CJNP},0
{U5H1-E1MJ16UJ-2426SIEZ},0
{E9O0-W4RA12AB-2461XJFB},0
{N5Y1-O5AT92YL-7590CGTU},0
{T2W3-U6WG82TP-3977HBNF},0
{F9I7-U1SX00SP-3134TGRR},0
{X4M7-K0SI56PA-9794OTRN},0
{Q5G0-Y2YG09NW-3801GQZJ},0
{A8W4-T1LC98HR-7816LUEP},0
{I3D4-Y8KL11PJ-1577KOGH},0
{N1W1-J0RE91QK-1097EWNT},0
{K0V6-K6WX32LM-0682PFBT},0
{Q9Y6-Q4TZ62QJ-4897VOLT},0
{C7V3-F3WT37JC-6180SVBC},0
{V2H3-G7EJ38UX-5941UHVX},0
{R8J9-D8LL96QM-6549PZKF},0
{W7A1-X5RV02OB-0783FZEY},0
{F2T0-T4DW98RE-9080NBCC},0
{B3V1-R8VW92TN-6387QSFE},0
{J6M5-D1HU30OD-7693OQNB},0
{G7M1-G4NK10FG-5881AJNI},0
{R7Z2-E5AS72YZ-0374ZMNJ},0
{K5Z3-A6QF05SA-8880MGIP},0
{K9I4-Z1GO87VW-9160PJFM},0
{W1U8-Y8MN88NV-8956GPFX},0
{Q6G6-I0JU64LU-4858CJRE},0
{Q5U3-Q8PY41MD-5673KFXX},0
{J9P7-J9ME81HM-0430QVPZ},0
{J9L0-K1MS26QB-4887NEUJ},0
{W2P3-P8CS17TN-1135XZQA},0
{Z1C4-K9PR42JB-8893VAXH},0
{B9H0-P4WU96OH-9017VEUZ},0
{M4K9-U2UN84BX-0135XXSD},0
{E5K2-I1JL95GJ-9442LQNO},0
{X6T9-V9XI45PX-0807MVDQ},0
{U6J6-O4PY65GU-7841TOGL},0
{I0H7-O1YX62BC-9901TJAY},0
{U0A7-X9DT26UL-3479YCMK},0
{J6G4-C9GV97CC-9948VIAT},0
{F6F9-S7QP80ZZ-6967BOCW},0
{P6O0-L2OU05BT-8861BHNN},0
{Y2O1-F3YY33UW-7948XTRL},0
{G6I0-Y9QF03LW-1279NWWO},0
{F9Q6-A9SQ65YH-3247ABUK},0
{V7U8-E8WL23LE-3688IULU},0
{C1X6-E4PO46OJ-4051GHRE},0
{P6T8-P8KQ90TS-3112YTQL},0
{Y1Y2-L6MX95UY-4704NJHT},0
{P0Z4-M3HV91LM-0198QZOP},0
{M5L5-O0HY05OA-8681OKWW},0
{A9H4-J2LV12MC-0949IXZL},0
{B6D5-J6CZ23KF-6024SCYT},0
{M1N3-O0IW89NF-3669HJKW},0
{K9W7-T9MX79SJ-0454CUOW},0
{F3Z8-W6KP37JI-6012OMTD},0
{V1H8-M0DJ71KG-3705BHCU},0
{C8Q0-F8PY24RZ-4263WVQI},0
{P3E3-H9AE03JP-8460NICM},0
{F1Y8-N1HC21ZQ-8559RORW},0
{B8B9-A0BW13LW-3603MNWC},0
{V3D5-O7BX26OA-8809DIKP},0
{W9H9-G6EG26TT-8868SZSP},0
{N6G5-H7RG21HH-9596FVCC},0
{A2N8-B4EG92HO-0887PHHJ},0
{Q9N2-J7CO29LG-0975XCUR},0
{X2J4-G4NI26HZ-3387HKLI},0
{V7U2-B3HN17LZ-2289QQUX},0
{T6H2-Z7YM36EG-9066PPKL},0
{K2B0-U4WX20FV-3626ESUQ},0
{A9H0-R0SM17SZ-9985BYKQ},0
{M8B0-R3ZW93JQ-6864EYLA},0
{E4I9-D3TU88OH-0380HPIM},0
{U9K6-S4PO99ZQ-2811BDMA},0
{Q6D7-A2FX62ZC-4884CODP},0
{R1F0-K6GG36VN-3179JVPI},0
{I4C4-F6JK60RG-9304KGJG},0
{C3X2-J8YP60QF-3545QDPX},0
{X9V3-G9BN40WQ-5359YCYY},0
{N8U1-N8FU09MA-4943KBIV},0
{U1X9-K0EA57RS-2475THWI},0
{H4X3-K7ON43WV-6643NRMM},0
{J6C1-V7PC80GG-3570VPFL},0
{X6N1-S5KJ37EJ-7575UEMY},0
{W5K6-W6XH29OD-0587DURE},0
{E6J9-E9RM24LP-2414BAZM},0
{N1S7-R2ZC57LG-1740JLTS},0
{I4I3-O4XS04AO-7711ATVC},0
{G5F0-V5TI20ML-9088VPFR},0
{V7R5-K3BM70QG-0399TVBI},0
{R0O9-P7YF11RS-7780FQPQ},0
{E1M7-W3IY64DP-7551PSFQ},0
{K3U9-T0VU60JW-0049XQED},0
{W8P3-G6QI61OO-8707LPXZ},0
{E2I5-E0UI94HT-6139PZUG},0
{Q5X6-F7GG35CQ-2895DHZW},0
{B0H6-H8EZ54LJ-7288ZWGB},0
{P2Z3-V1SU45ZN-2258JBTQ},0
{S0R8-W7OP65VB-0675NNYX},0
{M7F0-A0OT95JG-2427FQAY},0
{S6W5-R0RV79EQ-8487QFSY},0
{H1K4-T5YC10BQ-1867ERTO},0
{F4O9-G8QS44JU-1563JKFN},0
{A8C1-Z2PR48JB-1524CRJQ},0
{K0C6-M5NW93XM-4824JRYM},0
{A4C1-K4GG34CP-5641WBRW},0
{J2I4-Z3OA46MP-7483LPXV},0
{A0P7-K0SL39TD-7198NTWV},0
{L0Q3-Z9KR61HG-9035ZUEZ},0
{T5U2-O8HO42FF-5001FWPQ},0
{O3C2-G3UL65HS-0053XILI},0
{E0R8-Y8ET61YG-1035GITM},0
{V0D4-C3YH33AU-3292DQIJ},0
{O8I8-W8XV62TZ-5916TIEO},0
{P9K0-R4QK46VQ-8966TTHI},0
{P0F3-H8OG49PE-0776KLEB},0
{W0E6-M1MM52BV-0047YSTB},0
{M9Z0-M8XJ15OP-4195JFOY},0
{I7Z1-O7SG90QB-6545HMMQ},0
{K2S1-A6OT72RM-4983VHIE},0
{A7G5-G5ZW35PS-0623EOXJ},0
{K2F5-N8AF87VS-7249VCXW},0
{V9C9-K6QT29ES-0574LSHX},0
{O9O6-X8LK47FP-5339OPRG},0
{C9Y4-O2TZ39CM-9822MVZV},0
{H0S6-Q1LV25NM-2585URUG},0
{T7L3-Z9GM06YA-8068MVLS},0
{L1C0-W0IZ18DU-2482GDHT},0
{S4Z3-M8QO32YP-2331RMMF},0
{O4B0-Y6YJ48XQ-8344WTYB},0
{M4R5-C0TW79LK-1349AAZE},0
{F6T2-Z2NY98YK-0196WKSM},0
{I1N0-B0DP69YT-0033OLEQ},0
{X1E5-R5ZF04UE-4496AVBD},0
{Z8O5-O9KZ73OJ-8074HIVK},0
{S6J3-B2OC67HK-1713TDZL},0
{I6Q8-F5JU96VA-3763TJXT},0
{S0W2-I0EB83JO-8640SZZV},0
{A1A4-I1TP29DK-8246IEYF},0
{M8H7-L4NC24TF-9663IBJB},0
{U5A6-A4SB98UK-3052ZFIW},0
{O5T4-L7AY14TP-6942RVRG},0
{Q2B1-I3IO73CY-6889VWJK},0
{I9X1-P5QL43HH-5322HHWO},0
{Z3N5-X6EZ01UE-4903XUTF},0
{T4Z7-W8DD22MP-8669SBAE},0
{I9O9-I8MS34AH-7582GVXJ},0
{C4D5-I6VN08WB-8870AKEF},0
{Y4N3-D8QW36KB-2679ERIM},0
{W7E1-F3PO88JS-8886CKZH},0
{Q0Q3-E0OZ18UU-0452UTOS},0
{V2O1-A3QM76OE-4418HHGN},0
{J3Q6-C4GT83WI-2257VJHG},0
{O2O7-A9IY90KX-8584SRQP},0
{G2Z1-Q8EX82BJ-3839BQZJ},0
{D1K0-Q0BH42CT-1335JZDH},0
{O5T3-D0SB81YY-2209FSYV},0
{E6G0-B6TA20HL-1602XRTD},0
{N7Z6-F4RN61LD-1892DHGT},0
{G4T5-U2HC62UL-2780VNXW},0
{R7T3-H4BS45KJ-6349RDHX},0
{H5I1-T7WE00EV-8724OJOW},0
{F6Y2-U8DO04HI-3066VYPE},0
{F0F4-C1DV93IK-5548QIRL},0
{I8D3-B5UJ03OU-7349BUEI},0
{Z2D2-N2FA53TW-9547MMUB},0
{Z6V8-T3LZ77GJ-4821DEWF},0
{M6W7-E2AR33LQ-1582ECUL},0
{O9E0-R1XA21AR-1508HEYC},0
{Z6K8-E9AT38JW-4768CHEJ},0
{J0S1-U6YX63HJ-5906QMOW},0
{L9U7-O4UF61ON-6036FGTB},0
{F0E0-T1OC67EC-9509GKOT},0
{H9O2-N3MH97DK-7479CGIS},0
{Y3Y5-L3ED25HT-7277WEYS},0
{F7Z3-I8TG24QS-5133DMHZ},0
{E0D1-V6RD10ZK-2904GOQV},0
{R6C8-Q0RA18KE-3926VALQ},0
{S3L9-S1TO39NX-3831IFST},0
{P4R4-F6DM05QQ-6492LJJU},0
{M5F1-T7GP93HJ-7408UFNR},0
{R4Z8-K2PT04YP-1179TXQH},0
{U4I9-P8BF98OE-9146MZUZ},0
{O4X2-L6OE75OM-0190TORD},0
{D9M8-K7QV37KD-6647UNGE},0
{K7H0-L7FW14YY-1355NFAJ},0
{U1C2-L5WU34CQ-3733YYMK},0
{V1P0-W1SJ05YR-6919PRKN},0
{U9A2-E5XN89EX-5418NSRF},0
{J9S0-R6CV79SF-9184LLBG},0
{U7C2-G5HG83QC-3448RUKC},0
{P1B9-Q3VN58FQ-3441HINN},0
{W9N9-Z3GP02ZH-2760OKGY},0
{D1I8-Q7CO56AV-4491LTIO},0
{U4J5-P1DQ47CF-8226YZLI},0
{L4U2-G8BE12CV-7663IBVS},0
{L5B9-X9SZ84XH-2166XPQP},0
{L6R0-T0XY37JM-3235HVGE},0
{W8W7-S1IY39KE-1378MIAT},0
{D1V8-V4XW18NH-4724DVMO},0
{W9E6-C7NX10BM-6673GYOF},0
{O5T3-V4OX53NK-1345VGJT},0
{O4D3-X6ME03EC-5960IXLX},0
{U8B9-Z8VE83FK-1260UMSI},0
{L7K7-E5AG59QR-9625SUPT},0
{O6V9-P0QR53RN-0787ETDO},0
{C1C7-D9MS18LV-8068QSZI},0
{E7F3-I5HT63YN-8009GRMY},0
{H0H6-P5OV97ZY-2037NSLE},0
{J1S3-H4UH85KF-2298QKYD},0
{G4D4-X1KZ99BB-5841WEOQ},0
{C5E5-H2BD02DN-4464JGQC},0
{O1L5-X9QK74NN-7299JKKS},0
{F8M1-L0SJ67OQ-6285IPLJ},0
{D9E3-N4PJ55IB-5082LJZX},0
{Y7F7-W0ST37RO-9161MMRX},0
{D6Y2-S1EP21VF-2487XHDN},0
{F9R3-A5BJ04PL-3545BZCF},0
{H8K2-E0TZ36FU-6165RWDY},0
{Q4P2-O1LC11WZ-7457DECG},0
{S5F8-K5JZ25AS-3689SETU},0
{A3O8-M0OO44GW-7136PDLH},0
{Y8U8-N1RI99QN-5220WFAC},0
{Y6V5-S3CU20SH-2812JVXN},0
{V9M4-C3AV76QL-3914BDLB},0
{C2C7-Y3EN09FE-3483BDOO},0
{E7J3-Y7BA91NR-9103BWPW},0
{Q4O5-E1XZ91UC-0440ILLQ},0
{Q7S6-X6OG92QO-4080JSBB},0
{E4O0-M3PD92FS-2736UDCX},0
{S0Q4-C0VL92UL-4918PAOH},0
{A3E4-G0SQ48YI-0228TPNS},0
{V3T5-L2WZ12MM-0322IHSY},0
{D8M2-K1CA37KR-9572JVHM},0
{H5M0-S9DK90ED-0672AHYV},0
{H6V7-E4CV79BJ-0810MQVC},0
{E1K7-V1DU31HU-4948UDEF},0
{K1K3-H7AB27KU-2783TQWR},0
{N1H2-J9RX42KL-5984WZVW},0
{W9Z5-D0EI90CB-0852UKMS},0
{U8G0-O1CJ58PA-4125QTYK},0
{V7J0-V1PO36PR-7834MQHG},0
{Y4E5-N1KO76MD-5295YAAB},0
{S6C8-I2WA33HT-2074UZVD},0
{I2I1-W3SS91JM-6510EXLT},0
{W3Y9-T3QI31BP-4783LMVN},0
{H7C7-X0KA91MW-5225PWSJ},0
{W5Q8-P5AD52AJ-1374UQYB},0
{F8H2-A1FR90PA-5688MOFL},0
{A3X1-G1UJ38LA-6513TLOF},0
{J6E7-D3YS01SM-4358DLDV},0
{N8T0-Y3ND11GM-5820FVTR},0
{U9H1-E9JP62GO-3712DIQJ},0
{X5N0-C0ZP42PW-6383MLSE},0
{J5S7-F6QX14WB-0571SCDZ},0
{H5Q6-Z1WD73HZ-8564IZLG},0
{P1B7-N6BR81CI-2357ZDFU},0
{K1H0-N8HM30SH-7045WHLN},0
{J5T9-Z2HX37XJ-1943MEYZ},0
{T2K5-L0CH25YI-4905CPNQ},0
{S4W0-O4JE61LV-2522EKFD},0
{O9X4-M6ID57GG-9060AUFG},0
{T4G0-S0JJ57ZW-9973ZNOE},0
{M6J0-P7GJ31CT-4885ENXS},0
{L8Q4-U0YV99QD-7141ZNTC},0
{A3N1-A2QQ13HE-8845YYLY},0
{L3A0-N9IF13NR-2435XEJX},0
{Z8G7-F8OJ84DN-7761LFXK},0
{C0B0-W1AI75YF-9414CKMF},0
{E0X3-X3OK61MB-5494RYSQ},0
{W5Z2-E0KN38YY-6858FJAS},0
{T6G3-H0PF21DM-3830LZMW},0
{A3K9-X8TZ83TB-6948YZHJ},0
{K1L8-F6FB69PJ-7496BSVK},0
{H3Y1-P2ZN22RP-7939OYRA},0
{J7L1-E4TT52DF-7074UUSG},0
{Q1U1-B8IN98FV-6910TWBZ},0
{D8G9-G5QK37OJ-8261QOIE},0
{F7D3-C1WC42VJ-0682TGGM},0
{L8O3-X4AE98KD-9680ZEEX},0
{F7A6-L6QP96TS-0889DVXR},0
{M9J5-G2SB41BF-0440DOYG},0
{G3T6-I4PO18DG-8783LRUL},0
{V9Z0-Q0TP89XZ-0652EEHJ},0
{S0A0-P8FX07OW-2929EOLP},0
{U0G2-J2GW00FT-3643ZCGP},0
{M3S7-G2UM07OB-1189XTNT},0
{A2I7-M1SM60CU-4457ZWQL},0
{D5U5-Y7AL55PG-5114PCXR},0
{S7K4-M7BK03KU-1987IZQA},0
{C2R2-W6JT96JP-9113YNZC},0
{I7F9-U5LC34BG-8987SIZC},0
{F5N7-V9NZ55MK-6254YWSG},0
{X9X2-U4LZ21VE-8483TUNM},0
{O6S2-C8KH02UK-6389ZWQD},0
{R8O1-I9JI29LU-4964KSVN},0
{D7P1-Y0ZG12KQ-9050CRWX},0
{J6Z7-N6XE46TU-2871RGXY},0
{U1V9-Z1CH67CP-9630ZJMM},0
{P5O2-U9NW10JJ-3667AEYS},0
{K5H2-H1OD53NV-0772BDRS},0
{Z7A1-M0NZ53HN-1310RNDM},0
{U0U0-X6QK19CZ-5503CRVK},0
{J1C6-Z6HO20SB-3736OLZB},0
{F2B0-A6IB14ZA-7824IZNH},0
{B2C4-P6YZ27UB-3114BCDN},0
{K9L3-U8EI32HM-8381XZNP},0
{T6R4-S9XL58CF-0806GDVE},0
{J9K3-U3EQ40BT-8063QYGU},0
{E4E6-F4HI58VY-4756VXOV},0
{W6Q6-S7ZI89MS-4426UDFM},0
{D0Y6-U9UG76BF-1082AZGS},0
{J3P4-P7BR47DI-5196XGLE},0
{H3Q7-W8WS79BQ-8629NUGK},0
{C3O7-E8NJ93QD-6681UPOR},0
{S2P2-K2IE68CK-2064UQIR},0
{Y2Z9-U7BR98QM-3573MMMA},0
{O1J4-Z3VU56VP-2872PYOA},0
{B0K4-P8PV09ZA-0958NGUA},0
{O7Y4-F9MR12UW-0212MZAH},0
{Z1A0-W1YV87XW-0012YGHD},0
{C9K7-C9BL44HM-9099JZED},0
{B4M6-S7PC21CB-8859EQUF},0
{B6C6-B9JW40QG-4607UGBV},0
{J8R8-V0KB69KI-4547USBF},0
{S7X3-N1WQ73DB-2786ETKF},0
{H1Y2-J3TU12EU-0163ZIHI},0
{N6H9-K9CN19UM-9969QXMN},0
{R4E9-J1ZV90NR-3739WGMF},0
{S4R9-P2HE12GD-5498WVIA},0
{R3P7-D7MA63AZ-8585XCUJ},0
{T2A1-J0IE03VO-7599WIDX},0
{B8F9-D3HP52DC-7018LNKR},0
{Z1R4-K4IS42TX-9306UFGI},0
{E9J6-R1VD39VW-5245UJXP},0
{E5G0-A1OC08SN-6331ZACQ},0
{M9E6-P7IJ16CO-1945KKMP},0
{W7X3-C1JH13UZ-8652CALK},0
{O8P1-J8CG50BP-2654PBEQ},0
{F2X6-L5ZD26GM-9756PQEQ},0
{Z1Y5-N0HR31EK-4205PIZN},0
{Y4R0-Q8GB90NQ-2967SLHL},0
{K4Z1-Y6YM86PK-6679EIEH},0
{O2D8-L1MA59HS-4767TGCZ},0
{V8U0-D5QP09GW-1729LHDL},0
{O3E9-O9YT88TE-4910AGUO},0
{V8U9-R8YQ89VX-2295HEDN},0
{C0E0-Y6QL05KF-1375PPUR},0
{S9A1-U9IM77KK-3931XANV},0
{G9E8-W1PQ05JA-6374AEYF},0
{J9D9-T0MM09VZ-9419OXMU},0
{H2K3-L1WV83MA-0232KICU},0
{B7C2-F9QA15ZZ-2690KJFU},0
{P5E2-A3VN23GY-8738XKKW},0
{E5E9-C5NX06JW-0189DXDO},0
{N3J4-L9MO44CI-1292PKVB},0
{T8Z1-W6EF43HE-7314JPNU},0
{Z0Z5-T2ZA44VE-5111QHGM},0
{J4M8-N3AS40HJ-0573BBOV},0
{A0X2-F4QS45ZZ-5005IDHO},0
{P6T3-F3QO23BQ-9431SEMA},0
{D4H3-S4VK02TR-3452KMNE},0
{U2E0-P2YC65QP-6862GOAW},0
{C3Y8-D1LM08QG-7603DXZG},0
{E6B7-N9VX51VA-1473AJSA},0
{L4F3-U1MA63WK-2993PHUA},0
{N3C5-W9JN92PQ-8809EDJX},0
{R6F5-R8ZB70YC-8403BXAD},0
{R2Y0-H6HU60XW-1095ECUY},0
{F5R2-H3PO66UZ-5097OYKN},0
{G8B2-W5AS83LP-2763CUNU},0
{K3Q3-I3JI18PB-2472EUCL},0
{V1Z9-S0GT02QI-3377TJWS},0
{S3U1-J5ZB82ZA-9330BRCY},0
{J8W4-R7GF25TQ-3765FDTT},0
{K9U0-O5XV96ET-9734SGNE},0
{D6U6-E6US64RJ-7407BGAN},0
{V2Y4-A6LL10MJ-5803MGFA},0
{M8W3-N7PK28IX-8735TNIE},0
{O4Y4-Q9FY08IK-0858VQBY},0
{Y1G5-R5KH28WO-2782ANCD},0
{P2N9-H4IE83EO-9727UFNT},0
{I6G4-N1EP43DQ-5274YETB},0
{S5F3-Q4HP45ZM-1565OWCX},0
{U8I9-J4CW04JA-8157LTGU},0
{R7K3-X2DL33TV-6953CFNQ},0
{A5Y8-T6JM43AP-2620TMLB},0
{T4F2-C1OA75UU-4376SHDQ},0
{W6Z2-V2AL80QQ-8337WVAV},0
{C0T9-U2ZF11ER-4575SGWA},0
{Z1I8-B9GA35QC-3254KUQT},0
{N9M4-E0QT41MV-0164NCQS},0
{Y4V1-L1JU29RU-4504KYLJ},0
{G1P5-Y9FP33MR-2320IOHG},0
{C9Y1-U8RP52HD-2460DRGC},0
{O0T8-D5PJ71WV-3975NVMY},0
{S1K6-I9TX52BY-3743WWET},0
{X1X5-V9EO03UM-1860KKSJ},0
{E1E3-L7QS33MQ-5179KSXD},0
{H4O3-Y3GI56CU-7157KLIU},0
{I9A5-V1XD48EF-0687XXSE},0
{Q3W7-J2VM01KK-5159DYAW},0
{O9S2-Y3OO44BU-7518VCPM},0
{L3U4-V7CX21QN-8356GEQD},0
{C7U0-O2CL04CA-2303MHSV},0
{A6U7-Z3LY22ZY-2219TCQJ},0
{H5Y6-P2KY60TE-2981SYQX},0
{D1O0-P5MY39SJ-0554TYLZ},0
{P2H6-E8HX54PI-6621LOTE},0
{R9T6-A1EK17ZY-0911TGCC},0
{G4L0-B8YZ45AW-9654BUVS},0
{I4F7-N9WT38TT-8740IICN},0
{Z1O7-W0UI71NC-0475KHVJ},0
{Q1Q5-U1AU31SO-7511ZJMN},0
{L7B4-J0DW37DN-8313BWFL},0
{W5V7-N6CV98ZX-7540DMKJ},0
{T7D8-U7TM23GX-6756MEMT},0
{U1G0-Q9XO00ZL-4797RASN},0
{G4P5-Q8NS20WR-6059ZFYU},0
{D4S4-Z6TU70PJ-8281LDTB},0
{E4N6-K7VP55PV-4538ZYBV},0
{P1W8-C1MF07KP-7356TERM},0
{C9G3-T3FJ85SW-1895FHFR},0
{O4V4-T6NW93IB-3537BERK},0
{G7W4-C2PT14JN-4341SWBF},0
{W3M0-V5ZL92DA-3415PPEO},0
{C4F2-Z9YA88CR-0296GFPX},0
{F0G7-S0CG27DT-3129FFIL},0
{T5E3-D1LE47RJ-9850IZHK},0
{W8I5-K0TN12JJ-8250IIZZ},0
{J0L4-E5VH86GC-4735CUJF},0
{Z4I8-S5TM29EW-7939OSMW},0
{K2B7-A0SS79GK-8927CGCM},0
{U1G2-Y3XJ63RP-4119IVXS},0
{B5W7-M5LH81GQ-2013CZYV},0
{J1V2-K0OG96NM-5327UIGI},0
{V0O6-W4RR12XK-8711QPBX},0
{W1P7-T2BZ07DB-1759BQJH},0
{G0P2-R2QC65PR-6300SKTZ},0
{X3P8-R2ZR73QX-4012SFZT},0
{V7N8-H5TB12JE-5637FBRM},0
{R7C4-J0RX24FT-3665ELWX},0
{U7S8-D9FM38ZI-1393OWMG},0
{Q7M1-D7UU29GM-4768LINK},0
{M5J9-G2DL78QE-5950GMXT},0
{F5S0-Q1GY61VY-2266VHMN},0
{Q5M3-U6NA71ER-1460XRQH},0
{C0K7-T6CP42XO-5850GALD},0
{J4V9-C3IA46LS-5850YRNA},0
{K9R5-V0JC51WE-2846CIMV},0
{V8U5-Y5FY16RV-5351VBQT},0
{B8G3-T4PS51OY-5740EGWQ},0
{A2G5-M8SF65MI-8154RGXA},0
{N1Z3-P2BM90OO-7240QDJZ},0
{O5Z6-Q0DZ08RI-2759IBRN},0
{I7N0-V9EQ54IW-3657KBUK},0
{E1A9-L5XO89ZV-8963HOHM},0
{Z4X4-S2GT86DQ-4658DJIE},0
{T4K0-K4MI45MB-9485TNRV},0
{D2Y8-Q1NR11NJ-3005PLTB},0
{B3R2-V6SO31EN-3982FSME},0
{A8Y0-O9OY81DT-6390WSOC},0
{R5Q7-T1OL39LC-0846MPXG},0
{I5S3-N4DH01IW-9111MYNQ},0
{O2G0-D3VY74AC-6336UZFH},0
{A3S8-N6VM67GI-5581TNNX},0
{Y7J6-W3TP74WJ-1720XTOK},0
{E9B6-I8OG03EI-7509WIAC},0
{X4W0-I9XU82YO-6093EHPA},0
{Y4S5-M1UI24CG-6015ROHN},0
{V9G5-N5ZT71JA-9635EYON},0
{Y1R0-B7AU92SN-9285OOWH},0
{K9S9-R3HN75YR-6368CGXV},0
{J1A9-L9ZY46RB-8449BJAD},0
{C8X4-O4OV43IN-1059AQPE},0
{B6U1-J9EQ18SZ-8805HIFE},0
{R8Z9-E9WJ18KR-4624BZUJ},0
{N1R0-M3HA01AQ-5078XDXO},0
{E4B8-H4NK94RX-1549EFSR},0
{E7C5-N6SU55JT-8504YNIU},0
{M8Y5-E6PU37SA-8401ATQW},0
{C7I0-W0BV43DZ-1786QOPS},0
{D2X4-Y8SB46VM-0105UKUD},0
{S4X3-Q0GJ47GY-4264KPIE},0
{P8R4-G8TZ67CC-0613RYNX},0
{A0L3-M5AC99VG-4160WJEI},0
{E9K8-J9WD30PF-5626FANH},0
{K7M7-U0KA16TD-4914JEZT},0
{B3C4-I5KT36XV-7211AVAT},0
{J6Q7-R6HS97PI-3805OFWQ},0
{L8H3-M3EK10TJ-7348CPTX},0
{P6J1-B8LU14OJ-5937ELZO},0
{P0U3-P0UK54SR-9703TDJJ},0
{I6R7-I3WH17ZM-9999QOLP},0
{K5V0-F6KG20EZ-1791EWJU},0
{Q8T5-W3RF29PZ-6378JVYS},0
{F1K0-F8GS45FC-8880OAEG},0
{J5S8-M6UZ43ES-6996RECM},0
{V0Z6-G8ZK17AZ-7584EMFF},0
{B0O9-X6SM85KJ-2759RDHR},0
{H3Q7-T2FF23RV-4309PRRF},0
{F4D4-J6TA78MI-2819ZFPJ},0
{V1B1-O1IB63VV-7904SENF},0
{B7H9-W6XL64YF-5097HTZP},0
{R7Q8-X4AG14XV-8385DQQA},0
{D0D5-S3JQ85IE-5118HXRU},0
{M4P6-J7OZ48UX-2509VIWQ},0
{I5P8-D9QY42AG-7674ZHIX},0
{D7U5-C0DF88RN-1175AEDJ},0
{Y7I2-O3PD87WG-7178TCBU},0
{Z4W4-S8TN21DL-5369MEIP},0
{N7K3-I2BL67LP-4771AQSI},0
{K8Y8-E1NC09AS-3944FXNO},0
{E2R5-M7SF41GL-0463TBZU},0
{P9G3-X4BJ71LW-5802WEFR},0
{B2L4-C5HH00BW-7665LLCV},0
{T7J7-L9DW93FO-2948ECIJ},0
{Q1X8-N3KG99JD-8662YKHE},0
{C8W5-I0CR00LV-1274AQRU},0
{H4H4-T0CI52YV-6141CMXD},0
{L6V0-Z2YV85YZ-6522OTAZ},0
{Y3N7-S2LM53OV-2957QGEJ},0
{K2A0-G6KC94RV-0865NCAO},0
{D3F6-Z6MQ12JD-2703KJNO},0
{H9T3-O2NZ03UM-2127EYFD},0
{N0H5-Z8CJ94IE-4370QVRV},0
{T9S3-V1HM47OR-9082TSOJ},0
{E9W8-E7CB53SW-5797UWEN},0
{S5Q1-H0DW54HV-8226RGIS},0
{H1T5-I4KV32ES-7017GMCG},0
{B7S0-N5JH63XE-4419ULUS},0
{B7D2-W7BB21ZW-5744GHON},0
{A7H3-I2MQ50LC-2570WQAR},0
{A6S7-T1JS40KO-7706UCHV},0
{E7W8-I1UG65MZ-0295FVIB},0
{D9X6-E5WB65EK-4783GWCC},0
{W0F0-G6HC15YG-4734GLLY},0
{D8Z7-P0WP27RP-3722BRST},0
{F3R2-F2OT50YZ-4607TOOD},0
{M6Q3-U5AG54EP-6046TUWB},0
{G9S9-K5DU80UT-8549HWHO},0
{J0C8-O0LX79QP-5262JJQF},0
{G2R6-E9NR05FU-7186TZUD},0
{I7V0-C2SA47LC-9243MOEB},0
{J4A8-R0CA50EA-2840VNPR},0
{A4H4-V3OC95KJ-1863SNPQ},0
{Q0W1-H7TB62VU-7540BPZU},0
{A0Y1-Z2GF97UR-9927HSFW},0
{M5T5-W9TE81AI-1307WKNP},0
{M0G4-V8JR54CZ-2908XPOL},0
{C9P8-A1QG00TM-9725KCYV},0
{S5Z6-F3TM20GV-4001YVOC},0
{D2T6-H4NG24YA-7682SBFR},0
{X7T9-D1SC55ZZ-1273FNKH},0
{R3T7-N0WA47PM-4911FNSS},0
{D2Z4-Y3YC04UH-3413WEFR},0
{W1U3-A5LW40ZY-4000AJES},0
{I4J4-X2PZ14DK-7313WXWS},0
{W1I8-C6KQ11NM-5436UEKZ},0
{Y4C6-N0SP26CG-6853XGYQ},0
{Y0O5-F8AS33FT-5543DAJG},0
{Y2G4-Z5YY20TQ-6394SKQL},0
{F7H2-A1GY49WC-2933UGUJ},0
{M4S7-B8QN59IV-3209ZVCM},0
{G4W4-A1LS08QZ-7288DVQB},0
{H9A6-Y8KI82MF-4224EQUI},0
{C4G2-U3LO68QT-5201KOBT},0
{A0W2-J0AD21KQ-7395WPQH},0
{S6J8-X7YA70GC-0660ROHZ},0
{A2G8-Z0XK54HI-4548TVKN},0
{R6B3-J8RA84ZT-4804ATPR},0
{H9D8-U4JL34IB-1042EIOM},0
{N5L9-O6JR78KX-5961EMPB},0
{S5X7-O3DQ29AA-1611PPIL},0
{Y9Y6-D6DJ85KB-9815JYMU},0
{U8M6-C9YY11IV-5439RPKN},0
{F7T2-R5GZ89VE-5252RTPY},0
{N9W7-U3DA79GH-9472VESL},0
{L4X3-A2TX97AY-5410YOIL},0
{H0N9-R5CV79HM-5146UCVC},0
{S7H3-Y9BN44CN-9152LGJC},0
{U6J2-Y6GF47UB-6555QINU},0
{N4E3-I3TM22CS-5908NKVK},0
{F7F2-P9JH30LA-3662HVDV},0
{B9E7-R0IF21PN-9856IMYB},0
{M6U4-V0BA21UI-2168VBXX},0
{F3H8-K5BR89NQ-0853NVTX},0
{K7K8-C2JT60FH-3978LFQS},0
{V2A9-W3IX21EH-9665XOEE},0
{Z9N6-T9UV13FE-6370BLUB},0
{R9Q6-E9NX67PR-6701WEQQ},0
{V5C9-M4XZ63CI-8214UBLY},0
{U0I3-Q2MQ00HM-0587TFZE},0
{Y7C4-X2EM35GB-4862AXGO},0
{O1E8-P3QN46NO-5483OYPH},0
{L1G1-R8VD95XK-7835PDMX},0
{K1N2-W9BS95AN-9781MZNY},0
{Z1X7-X1BP00LL-6811WRLK},0
{Y1Q3-W3RQ70LB-2444ZBUJ},0
{D0D8-T6YA37NM-7682ILQU},0
{H5E9-G8II41SG-5628BOUK},0
{O6E7-N7DM31FF-0593MUKN},0
{X9H6-G5NF51NT-5101SVGN},0
{G9D6-H4NY02UM-1091CBFW},0
{F3H5-R5OW78BD-6017KNMD},0
{V7V0-X1SV05VN-7454JHBC},0
{H0Q3-G1KR00YR-8049QRIU},0
{S3U5-C5IR80UM-0437JWLM},0
{Q4Q5-O6SX44XZ-7392YHXM},0
{H0N5-B8HR26IV-5101ECSJ},0
{C6V2-R7EZ52EA-9919ONMI},0
{L2N9-W9HV78KD-8244QNYE},0
{W5O1-Y0NC95UD-1473ATOA},0
{P6D6-P0RH39CT-5862XGMO},0
{O8M0-Q3SS93JB-7527KIYS},0
{G1C8-L0RN29NP-7558ZCIC},0
{D2O2-P4NO50TP-7912PHNK},0
{D5L1-I8QW30PI-3233BKRA},0
{O6G9-D6GV37MQ-2462WFBZ},0
{H1Y0-G8TV27HJ-2222VPND},0
{A5N2-F0ZR85XJ-0342NZZT},0
{I0L7-Z6JE61EL-3809PVDI},0
{I1Y6-S5AB73WU-3775KMLC},0
{U6Z1-G3NR50CR-4216VKWI},0
{S4Y9-F2TD30CF-2137NEKX},0
{T6U9-H8WR65FE-5045PCBR},0
{U5B4-H6KB66NV-3649BHHM},0
{Z6M9-D8QD66BH-3080TWSM},0
{C8X5-M9LN70HO-7557PNMJ},0
{H1O9-E1UG13LQ-4122HRPU},0
{T4I1-U8YK57TW-5819PBHM},0
{Z8M3-H4VR77AI-5082FFYQ},0
{U1J2-O0PN71GV-8689BSEL},0
{B2U7-B1ZR49YL-2064WAPG},0
{P2W7-C8LE69JW-3622MSFH},0
{E0Y5-V6BU49KV-7655YXYI},0
{N5J0-H6NM53SN-3636FNBE},0
{Q7N4-E0VO45BJ-2117BXEN},0
{O0O8-P7LI42LS-2034EPMS},0
{D0S8-U6GE66SD-9550RHZA},0
{Q7O6-K9FW67VL-2054NBLJ},0
{S2A3-C6BT59OM-0901ASNJ},0
{Y2K2-M7KY46EZ-6799LEPM},0
{N6Z9-K8DU47IQ-0628OVXE},0
{M4S6-E2SQ60RW-7585TSQM},0
{Y7J2-X7BX67BF-1638CLDZ},0
{Z7O4-G5BJ53QN-3300HSJR},0
{S8Y6-P0XD62FF-3740NTGT},0
{R2C5-N4IC51TX-6039KUUJ},0
{Q6Y9-I7MT76JU-0071FVAP},0
{K1C0-Z3AA32GC-0498ISXF},0
{J7B5-I0UC79QH-1854QVAB},0
{B8W3-E0ER05WE-8729ZLKM},0
{B4H0-C8VP41AA-8877XVMI},0
{E7Y0-J0UM17LH-2358ZLOF},0
{H7M7-V8ZX78NN-8593ZGCJ},0
{A8R7-R0AX90QR-7104YVHC},0
{O2R0-C8FF51AI-0959XETY},0
{Y7H8-P3UO84WA-7111RNJU},0
{U9P5-N8RG85JK-0051PASD},0
{A4Z4-I8SP19KG-3209QFNQ},0
{T1Q2-R5ZX92GX-2789OGAA},0
{K1J1-S1QG48PZ-2786RVCX},0
{E8Y9-C7SL70BZ-4512OYHZ},0
{F0L8-S3TG62JL-4173AYPE},0
{C9E3-M1NR19XB-4133IURL},0
{Z7X2-M3BR29QQ-4762IAOW},0
{F9P8-Y8FG39PH-1646QUAO},0
{D0M1-G2PW19HI-7553ZEKG},0
{M7B5-Z2TT50BU-6208TMKG},0
{I7H8-X7IP63YB-5935CRBW},0
{L6I4-K8IU62JB-2345KKNM},0
{J2B5-P6PI45WN-0951FYJZ},0
{N8V5-W2PA33NO-0379EFLV},0
{L8S9-D7AZ96CP-3982EUGZ},0
{V4A5-A3KZ79ST-5616NSEW},0
{M9A0-T1PM55GY-9017MQET},0
{F7W4-W9CY06XH-3280ROXP},0
{M5M1-E7PJ93RY-7945SJOL},0
{T5A1-C1HA03EH-8131XXOQ},0
{L1S1-Q0DG39OG-0048AMYH},0
{T1A7-Q9MG50YQ-7951AVQB},0
{K5T4-H8HK43TM-2499LUYI},0
{M1C8-E3HX27RG-6056ZRHF},0
{W6P8-T5ND15JE-3831KAPD},0
{U3W1-U9FV04ZB-2238GANN},0
{F2P5-F6SW17QA-4758DCLR},0
{L6P4-Z8JI11CB-7757XQTC},0
{W2U7-T1MZ42TX-4455OKBJ},0
{F6W9-H8ME84EH-0309TRME},0
{X8K7-C1CM65FH-3254JLMA},0
{F8R1-J3BZ81QR-8198OKXI},0
{Q8T7-F9XX18JO-5343NAYN},0
{J7F3-G0IW55TX-5761UACT},0
{Q5Q8-H3VA41PQ-2855QOFZ},0
{S2Q2-K0WQ15FQ-2334GUZS},0
{H9Q7-K3UL24NJ-2150VXLX},0
{A1C2-H5YB04UP-3648BULH},0
{O8K8-D3CK97KO-7367IOTO},0
{Y9F1-A9WX30YZ-9070TEJR},0
{X4L9-P4RX19MR-1223GNIP},0
{U3W8-L2HK71RM-8551GDUX},0
{H5M5-Q4LU47PT-8457VXZU},0
{R5C2-V3MH61NP-3492CUZU},0
{Q3X5-F3QY67ZQ-5965GSLQ},0
{Q1N1-H3ZA85NA-2992CNDD},0
{V8V7-Q3WJ57WP-3932GLLK},0
{W9B8-E1HP94UG-7187PGVD},0
{Z6N5-X0PX48YO-3079PZGB},0
{H5K1-V4PT94IK-5858XBAY},0
{E2F4-L3FA00RR-5968QMVC},0
{V0R7-Y3YJ27FR-5424DVBJ},0
{F8U6-F0XD66HW-5959WCWM},0
{I9V2-W1KN20AS-1579NQFS},0
{S1Z5-F4GZ27LZ-1450AFBZ},0
{S1X3-U7KJ22BX-6382OFZC},0
{B7G3-E1TV96VR-7768ETFE},0
{Z2R4-V8ZY75JP-7121EBGB},0
{J3B7-G5UO03ON-1404HXIU},0
{T6W6-D3OQ23LC-5075ZRGY},0
{P9D5-R4VG14XR-7454ZYJH},0
{S1O0-Y4FC02JT-9481XFSR},0
{W1Z6-F7HP72LX-8872ZAZO},0
{W1G4-H5XL99FQ-9879OVTW},0
{E4A3-A6QC23FW-9915WBGW},0
{K0H3-A4OF98CD-8556NHFV},0
{J6A0-O5QX51RG-5395XFQD},0
{B4I1-F4BF19VI-8752HYEF},0
{K4D9-D1VL69UE-7019KYRK},0
{B8X7-W3TX96MJ-3754QBCH},0
{H9N4-H3OF37DM-2413EGZJ},0
{G5F1-B9AQ92LI-2775HEBE},0
{P9K4-L4CT34KD-0725HGBE},0
{H8I8-U7KB24FF-1122CAZV},0
{O2C5-R3XG35CE-5604XJUO},0
{C7U3-I5YS17KQ-8938DPNS},0
{S9U9-A8IJ73DC-8419ZJPR},0
{I3Y6-E3ZW81QV-9530DKXT},0
{E2P0-U5ID16CW-2688LQJV},0
{L9U9-X3XA71VO-6117TLPR},0
{K4N0-G8HQ63QN-1613AACE},0
{Q1Q5-L2XG73CB-9420ONEA},0
{F9Z6-G9WZ17PG-2601WWQT},0
{L4W8-E3DM30OG-7160PIST},0
{S6H7-R3GT81ND-8937PEIH},0
{Q2Z8-G1QD02RV-2917KFIE},0
{P8P5-R3XX93RT-6817OPYT},0
{K2B5-C6KQ34CD-8480LPPM},0
{X8T5-D2RQ51ZK-4026WGTE},0
{S2W8-V2OG05IT-2582AWSW},0
{K3M8-Z1PG01TZ-0441CPAP},0
{X9O4-R2ZA69CV-6884MRVK},0
{X2V2-O6DJ61DH-9320DDEE},0
{G7L9-R7PN72LU-6966KEYD},0
{W0N6-A1LP78RD-8963OWPL},0
{L6V7-G9JZ02RL-4780DOAP},0
{Z6N2-X6TN81FI-8293XYIV},0
{O3M9-E5OP54NV-2956FDJD},0
{E2I9-V9CH28GF-7289PPKG},0
{L3A2-K2RL31HG-3588HJYY},0
{Q2L6-Z8MM64FI-2799VITC},0
{I9Z0-Z1IC47ZG-2243QQWD},0
{A5P8-Q7DY39ZD-9524JVOX},0
{A1G5-H9QX35UJ-3978NUHO},0
{H8U8-B5CI16EX-9415QCJO},0
{R2Z9-P4LC60EA-7054ETOQ},0
{V0S5-K3QB78YB-0995AGFI},0
{K2I6-B3RG16EC-5141KYPO},0
{I4U6-B1BD99RP-5395BHLO},0
{M4Q5-J0IP72YY-4889BRFL},0
{M5B7-Y7XJ35EY-5311COKR},0
{I5L1-P3VQ60ST-0356TBUG},0
{D6W8-T2YU24FW-6783SNVC},0
{W4V2-K0BY88FM-5461UTJM},0
{W3Y0-E6TN52LB-1068RQXK},0
{M0Y4-Y0AK01YT-8332VFHC},0
{L2B8-U3RQ38HX-6856GSQG},0
{F0H4-X9NB64MZ-6820IMEH},0
{Y9A7-D4LO45BX-7131VRXY},0
{X1M2-G2SY06BY-6415PUVT},0
{D0I3-H4MT95PQ-7214POCO},0
{I9E3-G5NE71QQ-9786ONGW},0
{Y0R4-S8NB18PW-6929VQGL},0
{L7X4-Z3PF08SL-2380OKMP},0
{S6W1-O0GK14PP-2971DMCK},0
{H4N5-D4PT94YM-2168IBEG},0
{Y1X0-J5QE60BQ-9350RFGM},0
{H4B9-N2GE24YG-8043DCSR},0
{R4N7-Z2JZ57BA-3465CVYP},0
{E9N5-O5IK97AQ-5295RRQU},0
{M0M5-S6LJ78IF-1859RXLI},0
{X0H9-S7IZ57ZX-0100OMDH},0
{S1C7-L4ZT40FE-1096XMSQ},0
{E9N8-E2CE50YB-4715IAJL},0
{U2F7-B5ZQ70GJ-9463BBBE},0
{O7D3-U9AC76QD-4641DTYH},0
{V3V6-W0BR82PF-0451HHKV},0
{K5K8-S8UO99DN-0838YIOA},0
{Y2D4-X2PB87AT-3680MALY},0
{X8Y7-M7JV23TL-4214DLJJ},0
{D3L0-L3DS09ZF-9678UYOL},0
{R8X3-S8YB72KF-6244OKHA},0
{P5H0-A6PC89LV-2898QZAK},0
{U7B2-O0QA30TY-2488TEFB},0
{P1T2-A5QQ06PA-8051FBLB},0
{Q9J1-B5TO05PV-4670IQWM},0
{Y0S2-J8BI92EH-1293IPHK},0
{U9F1-U5GY62YS-6302DNUJ},0
{F5Q9-M6WX30QV-9604KBYT},0
{Z2X4-G7AP25CZ-7276WXXR},0
{M8Z5-H3IO37GP-1394ETRM},0
{V2K8-A8WQ63ZZ-7694KVZP},0
{O6C3-R7NP28NC-0227PDEY},0
{D8E0-D6UN64VY-7393NPOI},0
{Z0O7-F7PW40CB-1869PCAK},0
{A5V7-S1EX30PL-9767SIEG},0
{U9I9-O3TN97FD-7136XNUB},0
{L2U3-Z6JU25AT-5881CIKA},0
{D1I9-M2GL25EC-6244YGJB},0
{X1U9-P2NR42HQ-7979YGMA},0
{L9A6-V7IF54JK-0833RTLM},0
{B8F3-S9FR49WW-9366ZJYP},0
{J3K2-R1XC87VA-0859XGMQ},0
{T5B3-D8ZE19RV-4731ECJE},0
{G4B5-M3XE73CH-9289VJZK},0
{C9Z7-L5SQ39XW-6383JJDR},0
{Y3P4-D2SY33AP-3235CZSS},0
{G4I4-D4FJ51HJ-9910LEPJ},0
{C5Q8-X1MK52RS-5046RAAI},0
{F2F9-B2CX11XF-0909UQSE},0
{A5V8-C2SO06CO-5788JPXY},0
{S2Y3-V3IK34GK-2975HNOG},0
{S2R6-I6LH11TS-9934PMAH},0
{Y7R3-K8LR67UQ-1412MAGL},0
{M3D8-W5BE59NR-6749NVTS},0
{Y7B4-C9RL32PQ-9163ATCF},0
{I8O0-X6AH06YP-2751XKSH},0
{X4W5-C3TB89KS-0669IVVA},0
{Z1D3-H1ZL34KF-2812NAXP},0
{A3L4-B9UN28GT-6295VOMJ},0
{D0J9-I1SB47CC-1892YPNC},0
{T4E6-L7CR73OA-2257QFKC},0
{T1C4-W0DS16HF-4614PPWC},0
{T4L1-P0KC00SA-4712TYCI},0
{Q6M9-L1EI78CC-1212UALP},0
{G6E5-X3KG66WC-1853HAZV},0
{W0R0-F9BS57UY-0911RIXS},0
{L0I2-J8YF98JB-0592ROFO},0
{P3V2-D8RG56JR-7318JUSQ},0
{A1G4-I4XF61VQ-6019XTMY},0
{B7L9-X9QL56PT-3513BDEY},0
{Z4R9-U6PG11MF-2554PVQZ},0
{V1F2-L1RA53RO-1262BFJU},0
{V4A4-Y6HK29HD-6635UYWQ},0
{H4T1-S7ZM22DZ-8980RQIL},0
{M9T5-I7JB02XH-8000KTKJ},0
{R8X8-A0ZB54OG-2830CYIV},0
{F7Q8-A7RX80FU-9605BHSQ},0
{N8Y0-N1CC12NV-3672JPGV},0
{P6Q6-J8MY64OL-7417WZRI},0
{P5A4-D2GN92SU-4127GSDW},0
{X5S7-L1HR00NW-5406VVSE},0
{B9N6-R4YM18JL-1552GOUS},0
{H2M1-M7ZN41FB-8058CRXV},0
{L2E6-T6NV61CQ-4564AJCY},0
{H2Y6-O0IN01PD-7614ZTUS},0
{P1T7-S0JE37AL-0385WOFG},0
{V9K3-W9ZN31SC-9454JERP},0
{L5D9-F0ZK87IB-8396IYXN},0
{J6F0-N0OM46MZ-8729ITAN},0
{Y1O3-U0DH74RP-6988NBKP},0
{J1V0-M2KS51HA-2437WNKF},0
{Q9H1-P0HM99TW-9064BEQY},0
{F9Z1-K4TQ99TW-9299XEPE},0
{O5W7-F0YS94PQ-4666SRTT},0
{U2I2-T5WS70NA-3332PQKD},0
{R9H2-A8IO60VX-5187FLXG},0
{S1X1-S1XK75QL-3669RYCZ},0
{C7P5-R9IQ90WZ-0427ZWBR},0
{V7C9-V9AT60TJ-9620KMIM},0
{E6V6-U7VN45RZ-6049QTMP},0
{F1I8-S2MU00RU-0150CDHW},0
{N4V6-X7DT87BW-2779TYEO},0
{N2I4-Q5KD03XE-0430QVVE},0
{L7P2-S3FT58RS-4214NQEM},0
{T4B0-S3YG45BQ-0027EXBC},0
{G5E1-H5GD91BB-6735PFQH},0
{B6I2-Z8OT84QC-3906KSUZ},0
{T4H1-I1EX88IK-8150LJCO},0
{K9M5-P6HZ42YL-7039IAIG},0
{C8O5-M4KN92EY-1232NHQS},0
{L3N3-A8EY10VW-0623AVOL},0
{C4R3-W4LM84WD-1509CQNR},0
{P3O1-C7CF15MJ-6938HVDX},0
{F7P0-H2KB78SW-9383CIRJ},0
{H4E5-D5QU34PP-2103UKSI},0
{I7T7-G2UE26YM-2431BHXX},0
{K6X0-J4DQ21KG-1414VOFV},0
{F6T8-C4HH79TD-3587AVSZ},0
{Z5C7-L3GC71ML-8214XCEY},0
{V3L1-Z2WC31SY-5463UZZD},0
{D9Y5-Y4PS23OO-8908CYRY},0
{S1A6-Q0GZ40JC-8769LOKF},0
{G1T3-U2IG55EI-2822XLDS},0
{V5O5-V4EP15NZ-5910EKVP},0
{I7L6-F5LA71ZU-3946NMND},0
{O3L6-X3YL02YB-4515EMNT},0
{V2O2-V2DN16ZZ-1224FLOI},0
{W9T0-I2TS86HH-9274LMQB},0
{M2E9-R4MO84GZ-2186VSQY},0
{G0L3-Z4UE11UD-4354LURN},0
{T4I1-A7LU82UY-7197ZOME},0
{F6N5-K8WR90EZ-0798APQN},0
{R2F8-P2TS35IZ-0727BDGH},0
{A9E9-P1BD50PO-4906TNTH},0
{H6C7-S9WL14FR-4758PRRD},0
{A3Y7-J9QZ99ZM-6491JGHW},0
{U2N4-B8LQ44NW-5084GRUX},0
{A6D7-F3YV51EU-2351IORW},0
{X0J5-X7DR48PC-5449AHPL},0
{Y4D8-V0AQ86BX-9408WNXV},0
{Q5L5-B1BO02KM-9165OEEK},0
{T5J4-U0GL95LU-2101HAKX},0
{S9P1-H1TM14DR-4528NZWB},0
{P2Z2-W3RS86EX-8871XUDM},0
{A7Z9-C2KE10NF-4616LXRU},0
{C0O1-K3ZJ79VI-3986AHFC},0
{U0I8-B8ST76ZT-6582AXFD},0
{U3E3-C8QH74UM-5154RARP},0
{Y6C9-Q0CN93ZE-6637AJEG},0
{L9K0-Q6XX06UU-3602FKBL},0
{R9B3-J2JI43EQ-4612YOJF},0
{C6Y9-F6TV45ZP-4334JBLI},0
{J0O4-F5GC33KQ-6566SKNC},0
{J7B8-M6CH78TG-4380INUZ},0
{S3Y3-F2ML22DB-8579CDAE},0
{L8D2-Q3ZX04QU-8614FAOJ},0
{P0S1-X7WO12OK-5765LOLZ},0
{X5E4-G3LK94AG-3832OWGI},0
{Q1I7-U7UY09YW-4011FWUH},0
{O5Z4-Z6WK81WG-6262GRSO},0
{Z7R9-B6SE33QT-0648KTED},0
{O6Z0-M1WL29WF-4911DPCV},0
{M0U4-R1KQ10AM-7265JVFQ},0
{Q5M4-O7DQ47WD-0630LDNL},0
{B9R1-N9CD59GW-5791HGOQ},0
{A5E3-U6QG46QS-6732TIIF},0
{Y5E4-L4GV31FB-7952VDQQ},0
{T2Y5-W4IW34WT-6501BTLM},0
{A3T8-R3DH29DY-1396YQGE},0
{H9J8-E5WG16IJ-2730YCIB},0
{B4Q2-I3IX72LS-0807MMYT},0
{K7R0-S0EA89NI-8171HOAJ},0
{D7D5-T9OF92HL-8930KKST},0
{J0Q6-U6HB21TJ-2326ZPRH},0
{S7I5-A4TB01HM-4041DMGG},0
{Q9X1-Y5IA58XI-4443RUTB},0
{Z6X3-O7NT26JJ-1715LHEH},0
{D4S7-K5YM52PB-4641UFPP},0
{A8X8-M4IO79AR-8737SHLQ},0
{Z9S6-E5AJ62FX-6466FPGF},0
{R6X4-A4DX94FG-9140AGGY},0
{X6F0-R0VA44QX-8097RWOH},0
{U9S4-T7IT54MW-5958BDFC},0
{N5H4-O8PJ02ZJ-0988JBSX},0
{P3N9-Y4ZG60AJ-4721VYQN},0
{A4N5-C4HA72SE-0651FSHQ},0
{G7C0-V4VD18GG-6492XCGC},0
{T8D7-K8DH43AF-3048ZHVA},0
{B7W0-J0JU22PQ-7775GRHA},0
{H4W4-S8CB95AR-5102QJAX},0
{G4B6-L3VE19GN-3489NMEU},0
{O0S1-C2AN98EY-8024QXRF},0
{F1C8-D5PS23KV-8317PMTZ},0
{N2X9-Q1OU75IU-6573OTKQ},0
{S4U2-Y5EY10GR-1096VQEF},0
{X7M4-M2WW72LQ-9853DUZK},0
{A7T2-C7XC93LX-6770DLEZ},0
{Y5M8-O9JY20EM-0816AYLK},0
{F0Y1-L1AW33DP-4558XZEC},0
{M0D0-P0LT34LP-5019NUKV},0
{D8H7-Y9GB94KK-9282JSPE},0
{J9W6-I2BJ21AW-1058WIFL},0
{M5T2-Z6GH36YJ-3650BBYJ},0
{B9T4-A0QD93EW-1717QPLP},0
{Z6S2-J6PB64RC-7890SORZ},0
{D9J9-R2LC01FN-2113MNCP},0
{Q0U6-G3PF61RE-6796KIDA},0
{Z4Y2-O8UC55IH-8282BKMY},0
{Y4F9-C1RT90HS-5319TPZT},0
{P9D1-L7QJ39PK-5212XJMP},0
{G0X1-M6LI03IF-2678MXTL},0
{E7E7-A2QS99DA-1262EDIK},0
{R6T9-S1SU83IZ-0330YZXT},0
{X9U1-X1RM99WB-7771HXJV},0
{E0G3-W8IG53DP-2313CNJW},0
{X5R9-X6UL24GK-5988BMWC},0
{C9P4-U6UL18DC-0671KKDO},0
{U9S4-M8TF16VY-2621YDBP},0
{K8X3-S8JT79YR-4406FIOO},0
{O9Z1-X2FU01BJ-4388AXVZ},0
{H9H4-C2JG27GP-3105DLZY},0
{T7B4-D2BP61JT-6652GERT},0
{X2S3-I4CT59DI-5595RTXP},0
{N6B8-R0EJ98NQ-5781HNFL},0
{G0P6-B7PX94DC-9075MQAE},0
{X5I9-W6TT73AD-5463KMEZ},0
{X8U5-P6HP44EJ-6858OYJP},0
{N0K5-U6NM72HI-4436UQTF},0
{G6N7-Y9VO13SD-1084ZSXP},0
{X2L1-A5UM84PP-4600ZQOB},0
{L5L8-W7OU66CQ-7673ZQUI},0
{E3B9-P3FM57ND-1276LBGC},0
{Q4U6-Q2BX62CF-2885EDTD},0
{Q6E3-J9CM05VI-7281UZHV},0
{T8D2-C9ZI65XG-5649IAPW},0
{M7O7-B5KL84JO-5790PXAK},0
{H6Z2-F1SI47BG-1573RZLX},0
{Z5E5-G7ES82LB-8359VNNK},0
{T0T9-L1PP04FT-4961LPJW},0
{C6T9-Z4XR34AZ-8234OVAU},0
{C1Q2-I5ST40TF-4429UVXC},0
{T0W4-W9FH72MD-8248YMFI},0
{E0U6-A4ZH57XM-2066ZYCV},0
{H2L5-E0NT00SC-1278ICUX},0
{Z6O8-J3HE58YJ-5325NWON},0
{D8B8-I6XM27XQ-8272ELEH},0
{R1N5-D3RC23QT-0965ABFY},0
{D4O1-W8DB96SX-3515CZNI},0
{A0G9-G9ZL44ZO-6061OIYI},0
{H6Y5-A1CR37OA-9796PAZZ},0
{M8R8-N5ZI50MC-5970QERY},0
{D5I1-T5PF31WR-1748WKAT},0
{N4J9-Y3CJ44JX-4920MTCT},0
{V6H3-Z8DI43DN-0941DJFD},0
{M6A3-A2MA24QW-4151ZVVD},0
{N8L5-G4FP19JT-5789ENMW},0
{X8Y1-U4XE07TY-3561GPOS},0
{P5Q9-F4FO48SL-0491GQPY},0
{S9O3-V3XT84YA-6607RRNC},0
{S9Q5-R7RJ84AZ-6654BEBK},0
{A9Q9-N0NY84NI-8745FOQZ},0
{N0Y7-M5CV52TP-2677RRWM},0
{Q5F6-U8RR83XX-6276GDUC},0
{T5N0-M4FA87XG-4644YKTD},0
{Y3N1-C3VQ13PC-6500AVDZ},0
{V3K2-Y8LN48QD-6410WDQJ},0
{Y9Y3-Y3JL03HG-5339SUZY},0
{L8D5-P4QJ85EL-5427YVGV},0
{C7S8-K2SF33AL-0240AOKJ},0
{C7X9-N9YS63HS-4404ZDNS},0
{W6S5-O0VD34KS-4379PZAJ},0
{O8Z8-A1DM30CG-6009GOXJ},0
{H9Y4-C8RJ34OH-0663ILRN},0
{E0C1-M4XY11JP-4336HTFD},0
{G8Z6-V4SX76WK-9071MXBD},0
{F5C7-B9ZA04TA-4875MXZW},0
{X3H9-P0OO72TO-2191DGII},0
{V3H3-Z0JW32UU-7565ILMJ},0
{H4R3-Y1IE60SP-0133ZCHP},0
{D4P0-Y6LC33OP-7413ZLGQ},0
{T0I2-Z8WY10ZX-0298HJWP},0
{A9G1-A1ZI43KR-7458KWCZ},0
{V1C2-V7AK78KX-7298SQRG},0
{H9E8-M1FB18FF-1229TDIG},0
{O0A6-U3HF17CX-2258RGCM},0
{L7F0-P8YA78JY-6781RKAJ},0
{F3Q6-Z3TN12UQ-2274QGLB},0
{B2N7-S5ZL41AD-8453YBPK},0
{T2O2-E1JP10LH-1753RSMG},0
{J1B6-M6VK58FS-7101EUKT},0
{Y1E7-C2HA27AA-9031GMVT},0
{J5C5-Z1DY38MB-8594NAGC},0
{O9K4-L8QY87EL-8265RYUH},0
{V2S7-L9TE88DR-9423WQWE},0
{B1P9-C1IG15IA-8511LHZW},0
{K8G9-G8MA65SN-3913VITM},0
{I8R6-K7QD81IP-5198HAAF},0
{K3F0-U7ZM56GW-4134WZDQ},0
{K1K4-U2MI16JP-8369QARF},0
{J3W6-M5DA86TT-5301VKTD},0
{I1G4-N8VK79OZ-3399VAVB},0
{M2C0-B4NS51SS-5036SDPA},0
{V7C7-I1HI79TE-5489OAFU},0
{A1E4-E0GE99LL-4614WVSY},0
{N1E2-U1WH84PM-8476JQKG},0
{M0U0-U7OY06RV-9374BGQE},0
{N0M3-J8XP75HR-4399UERI},0
{Q9J4-J3TH60VX-9817ICAU},0
{Z8E4-F4CW88AW-2948ILFP},0
{K5H0-E5MJ04BQ-4443XRQK},0
{I8J0-K4HF20TB-9821GFJK},0
{I0W4-Q7OG34VK-9007PAQP},0
{U5A5-L5VP01XI-6082FZLZ},0
{R7A7-H2YN33EK-9532TTWE},0
{T7P5-J5UB16FO-1661UNKU},0
{A2K7-D2KH60UR-3485MCGN},0
{O4F4-Q3PW09UW-9230JWQY},0
{E5A7-F6HF84OC-9649HSGW},0
{F5X3-N5BC38AN-3323PHOA},0
{K9F3-I7KE65VL-1966ZBMG},0
{W8K6-F3EW14VA-7227BCRG},0
{R1T0-I6MC70LL-0685YJUI},0
{X8V9-Q4PI98LO-1984ASHM},0
{Z5D8-I3YH08KQ-6754HIEW},0
{U2I3-E0JY40LU-6500LNJU},0
{J4A1-J8JS04VE-6933IPVC},0
{Y7K5-G5JY79UX-3401IFXC},0
{P8C4-Q9PW34XB-2000MHHP},0
{K2F6-O6OD57QU-4440XPKF},0
{Z2V7-E6ZE36BN-3973DIFM},0
{E8V6-J9MG40PJ-0663QYDL},0
{K1I5-I3UM76SP-7788PVXE},0
{C7G4-I5YM03TS-8689YQAJ},0
{M4P1-L7GC87YQ-8031KRQH},0
{J2W5-P6DL11UT-2387JVEM},0
{Y9Y8-N4TV66NH-1924EPXZ},0
{B4Y0-N9FJ04AI-3727WUYZ},0
{W0W8-E2ME71MJ-8889NLOL},0
{S7S5-F1UM25FR-4770ZVBO},0
{B6N2-W8WY04ML-1998DRND},0
{B6Q9-C9QP03PV-4427BMJG},0
{F0N8-V0TP72TN-1224HDDM},0
{D1X8-I9HK19VS-6946GJRH},0
{X2K3-S5EF85RP-3144KRHE},0
{Y4F3-W4XZ75BT-0508JVBQ},0
{O5B5-C0JI50KL-6722WBIP},0
{H1Q2-T1TB76WE-8452KPCS},0
{T0Q5-Q4EN34FI-1881YPQI},0
{B2P8-D3LK55XU-7331RAMH},0
{Y0Y1-A3DV87QL-5546UAHY},0
{Z8E4-X5KP73VQ-7522KNJJ},0
{D7U1-D7GP06NX-2852ELZC},0
{W2T1-N7HK53LF-1856ZGYS},0
{H8F4-G9NN10CU-4985JFAP},0
{Z1Z0-O6MS96KB-4982BBXJ},0
{U9H0-F1WP21MX-4323DWWJ},0
{D0C2-Y3EJ05QZ-5556IBPY},0
{S2Q2-M1UI74MP-9194PNRF},0
{Q2V1-F4SP81NX-4776TCOL},0
{K6K1-O6PU36WR-8347ACML},0
{Z8N3-R8AE40XF-9044MQBP},0
{K2A2-Z9FG89IE-3602PIPY},0
{U1V5-E5JA27HQ-7988ZPXZ},0
{A2I6-C5LP77BL-4157DUTP},0
{H3Z7-K4BE39GS-1651QNOR},0
{F5K3-R1FE58SV-8077YFJI},0
{S0T2-N3XS37TX-1593JTFF},0
{D5T5-E1BC55SJ-2687RWJQ},0
{S8V2-F9DG06FR-9409SGRS},0
{K5T0-S9LC76RR-4170MLEI},0
{M7L2-Y3UF96HG-1696JRZS},0
{Q2J3-G3UO17JE-1498HVPD},0
{T5S8-M4YJ63FV-9997KWZE},0
{X4H0-Q1ZB64PZ-5957KFHK},0
{Y1C4-B1ZN62CS-9517IWMC},0
{K3P2-P9CC87ID-0578FRTR},0
{O2F2-X7BM42YX-0732PJTQ},0
{E0E9-S5UF39EB-8475RZSV},0
{X3W0-B7DI63JL-6024HQSN},0
{M0L7-K3DY98QK-6850RRVB},0
{K0R2-W7MH94AX-5535CSXM},0
{J8A8-F4XL26UA-0122XNVF},0
{G1L2-U2RD56FK-3603NPJU},0
{O4S5-Z3MR23JN-7691OIFB},0
{U7O4-P0DB50CI-9510ITKN},0
{H7V7-T8LX69FO-2941FSBV},0
{D0O7-W0UU07TG-0107FNPQ},0
{Y5J4-D9CF51TW-0795ZAPC},0
{L7A0-M0HN94TC-1038UQKB},0
{D2T9-V5IS05OX-4352FOEF},0
{W5W6-B2CG15SH-1396OWRO},0
{Y9U6-F9FP58CI-5182TCRC},0
{R9P5-B6KD45LX-0704IPVY},0
{I1E4-L9FP24OJ-1166GRHA},0
{Y5T6-G1ZX53VE-7240ZYNB},0
{H8I2-K1PB93VZ-9641HNXA},0
{Q9B9-W9KM28BZ-6606PJSK},0
{L7G3-I5YV69SR-2737JPQM},0
{G5G3-I6WG68TR-8985CJBJ},0
{Q4S7-A7RW34FW-3218ZETU},0
{L4M1-V4EG15IZ-7447MXTV},0
{X8P1-Z4QD80TQ-8539MDPA},0
{W2N9-B1SI65LL-9680IZCB},0
{K4G7-C5OM38CV-8725POSC},0
{I9Q2-L6QE04AQ-6712PFFO},0
{G6G0-L9FW31MM-7949PBXG},0
{U1N5-M3XI21BO-3923VOEM},0
{P1M3-L9LN65UM-5906XTZP},0
{W5G6-Y2RX28XI-0946AGXM},0
{W8V6-H9AU00IJ-1409ZZEE},0
{W8Z7-T3IU88MR-3698FXBA},0
{H4J7-A8UZ04XH-4795RHZW},0
{F0W7-B3FF39UO-9507MWZZ},0
{Y4L9-V1NN41HC-8884EUFM},0
{P6S6-C9UG08LA-8837RTMB},0
{A8N8-L9HN29KK-5424OGJC},0
{C5A9-L3AG68SL-6441BDWB},0
{N7K2-R2KJ63GX-8976NKSN},0
{U6Y4-J6DN38MS-8371BYKZ},0
{A0R2-A5XD06AA-6369UPQM},0
{R4F5-I8WT08DC-3293GGFQ},0
{L5P8-C6UO05HI-4310XMTU},0
{A2Q7-L1RI26QI-6377AVAG},0
{U9B1-W8CG99UD-1702LNVL},0
{O0Z0-U5LP90AQ-4522SSYH},0
{B9M7-P6DH04CJ-8266AATN},0
{O2H7-Q6YC37KZ-2497JGQR},0
{H5K4-F8RY35RA-1287IDOX},0
{B5L0-X0XE47FO-8660IMLY},0
{J4N8-F8HJ71OR-9385GIDN},0
{F9Y1-N4CS94HD-3141FEXI},0
{R6H9-C5BI12OW-8011RWYR},0
{O7P7-T9HP77ZR-1871IUGM},0
{F2Y8-X0ZT39EF-7245KGDX},0
{L1X6-Q3IA42JY-1919YZZA},0
{S0O9-G2PR68PJ-3072EZPD},0
{F9O9-T9FU73FW-2950DCDC},0
{Y9B6-S8FB62FN-2611KJJC},0
{I7M3-X9VS28ZB-1204ZKAP},0
{X9F1-C3CS21RB-1141FCHN},0
{D0Z8-X1WA45FR-5997QFQW},0
{L9P0-C1FS51VM-7451DJTG},0
{G2H5-X9BJ96VK-1487XCFP},0
{A7B4-P6RH99CA-8340FGBG},0
{K4T5-Y0KF63DK-5619MHCK},0
{L2F2-S5PP75AM-0778DCVB},0
{D9E3-E2CQ68ME-5404LXWG},0
{U2A5-J1PU26GA-2030UQQD},0
{Q1V9-X5XZ39VS-4107VSNY},0
{G9G7-E8GO61TL-0783YCSR},0
{Q0O4-O9ZG43LO-2838ENBH},0
{H0S9-V8PF76LV-0777MIGN},0
{U1E0-W3CK90ZV-3225TKJE},0
{O1K3-E5FF46NF-1810IMMK},0
{Q1K1-B2LO36LT-1463RAGG},0
{K6Y5-M7KY04YT-6386WXFR},0
{T3T6-Q3SF31JI-0473CLLF},0
{C5K4-P3CO96WV-7967WNIG},0
{D9R1-I8UA77GV-9567RGGU},0
{M2X6-L1TC07FR-4547RWCS},0
{F3D4-I8MC92WQ-9258BHUW},0
{C3L8-E3MH39CT-3124DWHQ},0
{S2U3-I2NM56RC-4415UHTA},0
{B0R3-D0IC58UD-1770DJBV},0
{A0G9-B6KM21HR-9967NUQU},0
{P4Y4-J1BA66SI-9645PDUS},0
{E4L8-W1VS80ZT-6492HYRZ},0
{U1P3-P8MW19HT-3243HJIT},0
{W2C1-R5VI94YX-7773FLKZ},0
{H8W4-O4RH39RA-7620GKWL},0
{M6L8-H3WE43EY-7204KMCZ},0
{J2R1-C5AT99BC-7929SGTR},0
{W0F6-M8WP85ZZ-3039DNTQ},0
{V8Z6-R5PY15IJ-3829KTLR},0
{D1D9-K3VT66GO-3203BVXJ},0
{J4G2-N8OB96WX-8107FBFI},0
{T3B9-A5DQ49RM-4783DIHD},0
{V0Z9-C0BU05XX-9292YNUE},0
{Q1Y7-W2FU32US-2083JNXB},0
{J0Y6-W3ED52QG-2320ZLRK},0
{S9U4-M2CC99WC-7244MRGU},0
{G1A7-I8CZ06BZ-9412GVFT},0
{K4D0-X7UZ80VI-5779AOSD},0
{O5M6-J2KC65CS-6799XBBK},0
{I4W6-B3TJ27FY-0593KJUY},0
{W9R4-J3XY61XG-9643UPJH},0
{F0L7-L6HJ59KK-8755DHZI},0
{G8Q5-L8DK86QD-4028CAWW},0
{N5L4-U4TS53JG-2670POLQ},0
{D7L2-X2IE26HH-6072IARU},0
{G0F5-C1QV41SG-9637SWGH},0
{P0K0-M6QL31AN-9254YCWD},0
{Y3F8-G9PH07JG-1346SGVJ},0
{K0P5-C5HO10MV-0995ZHQI},0
{C8O8-S5KK43AC-1313MQZD},0
{G7U5-N3MB44CM-2790GSZL},0
{E9Q7-C8AF39WY-1635TDTM},0
{K2I4-D2IC15OR-9234FPNO},0
{R4M8-I2MC25RG-6689GMEC},0
{V1V6-P3AM37KE-8440HBSU},0
{T4S9-T2CP13XA-7715CHNN},0
{S9U8-N7HD69HA-6356TBEW},0
{J8Y6-B5QX75MI-0532BREO},0
{D9B5-H0HD76FO-5143NOAV},0
{Z6T3-D4ZV83OQ-6527TABB},0
{P0V0-T3NO65WD-4428WNMN},0
{Q9I0-N3JK13EZ-2075BBAU},0
{B8T7-Y9LJ44KS-4525QJNV},0
{J4M3-X8LX74VC-1202MQTN},0
{K6J7-F3TR29DJ-0951XUWW},0
{H3R3-H0OK64YE-7765OVJW},0
{C5T3-B8XA62NO-8082FUBD},0
{V8N7-O1GR37ZJ-3251JHHM},0
{P1K9-D9HJ14BU-3753HSLX},0
{B5I7-C9MQ45IY-1283LADT},0
{C3W8-Z8XZ10VX-6444JRHR},0
{I8Z3-Z0VL02LL-7293MCLJ},0
{Q5Q9-T4BE98DI-5035HFSG},0
{B7J6-B4QR01NA-6478RVFC},0
{M8Z9-P7BD31OQ-0223VOLE},0
{I9B5-X4UH62ZP-1752MXNQ},0
{B2S3-U3XU66ZM-3150NVUT},0
{W0P8-P1TB83US-6480KJPY},0
{T2H6-A9CI33UZ-3635YRSN},0
{X2P9-W2ML78TH-0105XTZQ},0
{F1R5-Q3CY53QD-2059IXOL},0
{Z6W6-S0AR36IM-9489BGFR},0
{F1T0-W5JU12FX-0921UBQC},0
{Q6B9-P0CD93JN-6927XHOH},0
{X1O5-S3ED47FP-1479CGRS},0
{N9D3-N9UN50PP-7126HDDI},0
{H9P0-Y0HA14ET-6174LOIK},0
{B7H3-Z2GR14EC-6380KWWL},0
{O1V6-R9QH11CO-7452VGDG},0
{T4T1-Y9UI72YR-2944CIAZ},0
{O2W4-D7WO86OS-1615SNBU},0
{L6O0-B8HV67WD-9500NEHK},0
{R6R6-O5YF84AE-5068FMIW},0
{E2X3-H8JS28EX-9807GKFR},0
{E6M6-V0GI53YZ-7794ZLBW},0
{W5B2-Y4GO98KQ-7881PMHA},0
{Y5E5-O9AN60IU-3775HDZO},0
{R8B6-D0FJ90BC-7573XRZR},0
{R5C6-Y6DC22EK-6642NMFI},0
{T6J8-J1GX15OW-2807VQDU},0
{T0H1-Y7RM37IB-1767AAWR},0
{D5H3-P8NY64ZN-5904ZTPY},0
{D8F2-P4EU29AQ-9902WBIB},0
{V3H1-V1KM54OF-8922UJNJ},0
{D3G0-O8FJ76HH-9364CWES},0
{M7F1-O3BL68ZA-8850OSXO},0
{Z3Q5-V0VE50BZ-9994IHPU},0
{J6B6-D9ER52BD-2345JAKC},0
{B8Q2-C0IB53NQ-8781OJEH},0
{E6R9-V6IV27GH-1410MZQE},0
{N4H5-O2PF26BS-1877VJTG},0
{D1J5-I4DR90NY-3929AATC},0
{F5S9-T3FH04VU-6716IMKP},0
{Y4Y7-J6YU30JS-6675TTIC},0
{R7X3-E1BF77HR-1994QNNX},0
{G1B8-B0SP73NU-3967KPKH},0
{L5V7-F4CV14SY-5466MUCP},0
{R6Q3-E9BK07XE-7984OFCZ},0
{R6M9-K6SL05NN-7888AUPM},0
{J7O9-W1BP02UZ-4636WSXF},0
{U8Z1-G2GB73RI-5117HCQV},0
{E0K8-A4VY34NN-0487VKAY},0
{J0C7-Z8GR56QO-6393FKJE},0
{X6D5-T0FM50CA-3166HCHB},0
{G5Y7-L6QU85OS-3978ANTA},0
{W3J9-A8RU15FT-9470GVMR},0
{U7I1-M7MB13TD-9763GYXU},0
{G6J5-H0AD42JB-9561TZIQ},0
{G9I6-Y1OC13CQ-7188ETEO},0
{H0B3-J9HR02FZ-8867JLPC},0
{U3Z1-U9UV24VA-9565ORLP},0
{Y8A9-C7PZ16UG-0122VTTA},0
{M7R6-H5FK29WU-1444IRXZ},0
{H5L2-D5ZP08DQ-4308QKPK},0
{J0K4-Z1TI10MT-2668CGAQ},0
{O6T7-J6RP47JC-9674WHJO},0
{J8F1-P4YE25SU-0179CZLS},0
{S2M0-S3EL54PP-5337ZNFC},0
{C2Q7-Z2YL46PH-9872YAHT},0
{L0I5-A7ZQ45AG-0014WJPP},0
{E7J9-B9CI56UA-0213MTOX},0
{A2Q0-Y9QP28TU-0917ELPI},0
{H3O9-Q9IK14KU-5435ZQZS},0
{D6D1-G1MK85KK-7301OAKA},0
{O2O8-B0BD13NX-1731IULT},0
{K2X5-K3WY31EQ-7885UIVT},0
{H9Z5-J0RC84FP-3321WUVE},0
{U4J2-K8YE06OV-7771CIJI},0
{K4H2-G4NX91CN-3057VUQP},0
{G3L6-K7KT26WE-5338ROIN},0
{L2L8-P8YC17PE-7506UBCF},0
{Y3V3-N1TS08SG-7421MLMH},0
{I4K4-Y7NH77GG-2259SCPE},0
{F2T3-F9VV91TA-0758ISND},0
{K3Z1-M7EX14DF-6947LWNW},0
{B8U6-R3UX75XP-8174JZFV},0
{E7Y4-O1LV13AR-4468ERRO},0
{O6G6-Z2HQ01DQ-0438IKVE},0
{W3I7-R1VU43LZ-7568WBMZ},0
{X4T7-T1XW60OZ-8394BFKL},0
{P0F5-I5GT92JQ-4727IMFM},0
{W6B8-H3EE22MM-2591ZBHR},0
{Z0D5-M1GX07LX-9794PKMN},0
{E3W0-K6OR59TP-3245LWLW},0
{A1M7-Y3WF47BE-4112SKIS},0
{E8B9-A1UB78DA-9031TXGL},0
{D0B2-N2PV33EL-0698DIHU},0
{W9G9-M1JP65TC-6988TQZK},0
{K8W0-T5LS09ZM-7098SUBV},0
{A6H4-G2TT28YA-7120PPXA},0
{G6E4-N8CY38NL-9919OUIL},0
{W9O7-K6KO56LO-9677KTHW},0
{T2M2-R6HV78KW-7702AHZD},0
{U6P8-Q8WG79GG-5665GEYJ},0
{I6C7-H8VF39YZ-6164QKUH},0
{G0G8-X3LK95QF-1603ERSM},0
{G9W9-N2KS25PO-4702NJVE},0
{N2Y3-C7KI93EE-1274EUBT},0
{R4J6-N8LV14FS-5066XPRJ},0
{G9Q1-A3OK13HU-4614YGWH},0
{L1K1-Z8BW63SU-4048FJRZ},0
{J5P5-V1RG99UY-4091AQJX},0
{T2M9-F8AR75MX-5965KDTD},0
{B0X9-Z6BJ86VO-5629GYTO},0
{G3Y7-G5ZI62JZ-2382ERZW},0
{H8X3-O3SC66ZO-0312QPMW},0
{F5P2-A1FR70RX-1992QTJJ},0
{M6S0-E4YL45KA-4286SVXM},0
{P5W8-Z5CM73GK-1403EOEE},0
{S3D5-R7MD20NC-6449IGAS},0
{Z9U0-K9OH19AW-4400SEII},0
{W8C5-J6QQ71XU-3687IVHR},0
{R0M0-B9AE61VE-7189QDRF},0
{H6K6-V4GH09JE-9581BEJF},0
{B7T2-Z0GE39YC-1761OOJB},0
{J4D2-R9IQ41KC-9895NGZA},0
{E0E8-H1IR17UN-7499QDKA},0
{E5S3-V3WB28IV-8530RMLT},0
{R0X7-K4DC42TP-7799EIZQ},0
{D5B0-R8TQ43BU-2014POZH},0
{I9N2-O4FR81AT-8245IUJX},0
{T9G8-U9YT12SR-3795FSZL},0
{C5L6-B3WX97PZ-7719MAAV},0
{F1W0-H3YJ39OD-0390VQXD},0
{I1Y6-Q2BW72JA-0295NEFA},0
{B5X8-I8EE74IB-5468SXGE},0
{K7M8-R1IQ35AK-9558WDZB},0
{U8P2-O2BF20YE-9216HRZA},0
{O0K1-G1CB86SC-3413KIMR},0
{S1J9-G6ND94BV-1865PINA},0
{L6C1-L5UY01RY-1948IQOL},0
{X7O4-L4HM32RT-3645XLCE},0
{V4W8-B1ZP65UR-5075JWAR},0
{D6Y3-J7NK40EG-4326ANBR},0
{Z7D7-S5YU76OM-6176LIKF},0
{A5F5-D5WZ01XK-2288HVBI},0
{P2V3-O3JC74CL-3740FICL},0
{O1K0-D2SP04VA-6136QGGB},0
{G0M7-W3BV21ZN-6256GVXC},0
{N2F4-R4QO50OB-8217BEEI},0
{Z4N8-M0CV31LT-0181ZIDS},0
{N7V6-F8KI34BE-6923XCIB},0
{X0M1-E6PU75XL-0796RANI},0
{L6L2-D9DL05DJ-5773KWZZ},0
{A7J3-W2UA48ZS-9727STIN},0
{J0F3-K0TI08YJ-0347QBVA},0
{S6V4-J9BG84GU-5441OBXB},0
{E9M6-C0BH50KK-6947GXAA},0
{F4P4-E8TL29AM-8876KITK},0
{N6P0-F0OI19VR-0758RGJS},0
{Y4C8-E9FP32BR-1597PMHG},0
{R1T1-Z7WF10ZZ-0451VCHP},0
{V1F5-A1SC91NN-7253VKDN},0
{V4J2-P2PT16PU-6904EXKS},0
{Q7B0-X6KB36HX-2079PDWL},0
{Q1U5-Q3HD87ZO-6566GUFB},0
{D5W9-Y6WC38NZ-1907OLJW},0
{D3B3-P6UL05PD-0004GFWL},0
{C7S5-Q8QT61HP-5464NMBF},0
{C9L0-O6LS21ZG-6071NBWC},0
{J5I1-O4TI08KD-3514WIJB},0
{M9S1-G0OA18XM-8336BLYR},0
{W6P0-P8OM66MJ-7895CQKJ},0
{O3L6-G4FY24YC-6937QAPO},0
{B0Q6-C1IS42MK-3013WGOY},0
{A6Q7-J4UM68ES-2280INNT},0
{H9N7-Z0GX45DN-3354XPKA},0
{J9A8-C3CX88HO-0121YGNC},0
{J8D0-T2YO62FK-8130RDGF},0
{K2N0-Y9LP79NX-1895VRNG},0
{U6K9-C0CJ50DT-2239KRDN},0
{C9W2-I3YF49FU-1162MUWA},0
{N5G2-N3CY42OX-8943ZGLN},0
{W3M0-L0IC26GV-9258LZXZ},0
{M8P7-M7KN01AI-8669UHRP},0
{D5X3-H9EF55QP-7393XVCW},0
{H2C4-Q7VV91GB-4139XRCL},0
{E4O7-X0NS04IW-3723KQZM},0
{C0A4-M9CD46JQ-8087RHIC},0
{Q5S2-F3MS43ZG-5396IXPX},0
{E7C8-J4SB34KV-8102HDWR},0
{Y9J6-B9ZC27DM-5043TRGK},0
{R4B5-H6VE22ED-5566BILY},0
{S5E7-P5LS56FX-7450MMEH},0
{M0Q6-F7KK13NC-6437VRJD},0
{N2I0-R6CP63HK-3660QUXC},0
{B2Q0-G9RN14XJ-3517PMDK},0
{L7Z5-H2JZ34TZ-1940HGMU},0
{G4Z8-M5UF45IF-3670MAWC},0
{R7Q8-X8GK61AN-1547ADUJ},0
{Y7B8-O2EB03SV-3744ZPVU},0
{I3F1-R3RP38UW-1484FODD},0
{J9M6-Q7PU03MX-9129WOEK},0
{U1R2-E5KA01IE-4700WWVR},0
{K8A0-U0TY66NW-2274EDTM},0
{S4P0-J5US38PB-4643HFRK},0
{X9Z5-P3UB86HK-3205ILZM},0
{P2J8-D1GU13UX-0910QAHM},0
{V6R8-G2KW20NU-2557GUXQ},0
{W0M8-T2DS09QJ-9654EOVC},0
{J9C0-Y4SD37IC-9444AHPX},0
{P2B4-W6AI63MZ-5312UUTW},0
{Q8R7-W3ZW68CQ-1185NAZA},0
{X4S4-P3HI19TF-1366DAWU},0
{J7E6-M1BO54VP-3045SJBY},0
{C1Y2-Y8HE11AF-8588WMQE},0
{G7L4-O9EN12EL-9912WFCW},0
{P8Y3-D2LW15NM-9975AMSR},0
{Q7F1-A1IX99WO-8926GHZO},0
{R6B7-M7EF11DI-5017MFBQ},0
{B6Y8-S0RJ04WU-5165JMUA},0
{G1N6-B4XG81BG-2210UJEZ},0
{I2Y8-X2QD75AX-3065TEGD},0
{A6R5-R2IQ98ZK-1662FQJR},0
{P5U4-T7RW24YE-0165UVWZ},0
{Z5L6-B0NJ26BJ-3057NPUS},0
{F0I4-S7RY38KW-8244ANDF},0
{Z6R3-K4ZY60IS-5907VGYM},0
{W6Z9-B6CU83FO-7916IRET},0
{Q9W4-Q1UR94DJ-7072MKEH},0
{W4I6-G3FN30SP-7840NUCU},0
{N4Q1-F4GV92QE-0050PAWW},0
{A9U9-J2BP40PK-3961TRTO},0
{U4X0-I7NY67RI-7487JPVV},0
{C2N3-L8CV60CR-4680ZFIU},0
{V1B5-X8UF54RC-4796SWXO},0
{C7H6-O0QV25MT-0704TART},0
{Q8C0-S1NH67YR-9856BFCT},0
{E2P7-G5HI63WJ-6307ZYID},0
{L6C5-I8QU97HY-4572WIVP},0
{C5O7-U3HM44VJ-7358HDBP},0
{Z8N4-Q3XA96SV-7151LZZL},0
{O3C0-M2ZG84TF-2331IGWX},0
{G9P5-V0YH41JD-7857ZQHI},0
{R1C5-H4JC11NS-1484EAMZ},0
{K9W2-B1UE04YD-1330IGYF},0
{S2R6-M7HU84IS-4504DFTH},0
{G8A3-Z8DG15KF-9212BEAU},0
{P0B8-P9SP76NW-6710HMCP},0
{E1B4-B0RW05DU-8246NDLY},0
{S7W9-L3LC79BA-7016GNAQ},0
{Z2J9-M3YB89RL-2823QMZI},0
{F1J0-Z6KS52YT-8785KJIB},0
{C4H2-J9HL85CP-5739HFWZ},0
{E9G8-G5QV61JZ-4868KFYF},0
{R1K4-E0DU67ZW-2515VMPS},0
{N0D6-G3QS48SO-3436JWAQ},0
{Z6B3-B7MR62GO-1606DBVR},0
{J8B7-S9JQ30RH-5405GAVQ},0
{W5B4-Z5WW76IM-4678UFDZ},0
{G3H6-O3OA48OX-5360RJSI},0
{X8A0-I4UY44EP-4178BMSF},0
{Y5A8-E2OI92YI-8830VHRV},0
{M7F7-K1DL07CW-9548GJYV},0
{X9J4-Z8SU60GT-1258OOWP},0
{M4V0-H5MI57LX-7579QXJS},0
{V7U3-I2UW20ZO-5811MCBW},0
{N6J0-Y0YZ52XP-9641NBRI},0
{V5J8-S9YB89VP-2645QPMG},0
{X5K5-F4NA34DR-6707NDPY},0
{J2O9-V2TR55RB-6430NRYH},0
{H1P0-K2BI79VE-6910ZPUX},0
{M7W0-B7DS21QA-8228MHDG},0
{L1K8-V7CS09LN-0154NJUB},0
{Y3H8-M1SC54ZE-8566XVWQ},0
{N0L9-R3SF73OU-0542JMNR},0
{C4G1-K9FI23UN-5038GKOU},0
{O3O2-T8YT37ZB-0160KEQK},0
{B1P3-I6ER42TK-5115QGTQ},0
{Y7J3-R3OW53RR-4238JCCX},0
{R3A5-T1LW85PQ-9949BLNN},0
{V4H9-Y0EX86WD-4064JTMN},0
{L6T5-R6ET43AQ-4070WORY},0
{Q9T5-F0YN55UK-7450OBMZ},0
{C9F6-V9WR20QK-2386KKGU},0
{H8O6-D9SO03BJ-4719SKYX},0
{T0N6-S1EN75VT-8746ZODH},0
{E9J8-C6XF58YN-7269EPKZ},0
{G4K6-A0CD75FY-9040CUII},0
{U9W1-W9AT91YX-8132ERTS},0
{O8O2-E4VM82ON-6600HAAQ},0
{D0T2-V5BO14LM-0325GVLP},0
{J1R3-Q7SM27PI-4204NOZS},0
{O9J5-G7GO53HF-6922FHLH},0
{S0N9-Z0TU85KG-7878IJHM},0
{V5L8-M3XD22XR-5951DRHA},0
{L8R6-O4DS27NV-6354HZTA},0
{P1S1-X8IA34IX-8150YVOT},0
{V9U9-X4RJ96SI-6106CYSE},0
{Q6X6-V9WQ62EX-7329REIT},0
{M5N6-L8QX56ZG-3654DIDZ},0
{L8M0-A7SC37XK-5098EOFB},0
{E8A5-V6MU94UZ-5254RGVE},0
{N6Z0-N3TA66MD-1816IYPD},0
{M0N9-I1EK83PT-7590KFHL},0
{F3M1-V0TV62QD-5332GEHH},0
{W2H7-T1OI83AA-6298OUHB},0
{Y2W2-I0BX76LH-3945TPCB},0
{P8W7-N1OH99QU-7545AQWM},0
{Q8O7-P4ZO26CA-5353QSQT},0
{H0G1-K0NQ11FV-4422AXYR},0
{N8V0-B3GE67SR-9444KBKG},0
{A3L8-D2IQ47JO-5211CFSQ},0
{F6E1-L1AN28CD-1729ONZK},0
{I1L7-E8KX12RY-3253EKLN},0
{Y9W7-G2OH72PT-6085URMC},0
{Q9N9-C0AJ14KN-3293RQJU},0
{L6S1-N4FJ01YJ-2346CBJV},0
{X4A0-U1UU79RO-9255ROLQ},0
{N7A1-R1SL12FW-5726VLAI},0
{X8M8-M9ND50TM-4254NNBX},0
{E8P0-K7FX37FR-3889JQOO},0
{W7I1-S7TP36MU-7688PDWM},0
{L2T7-Q8GV30DN-6643IOEY},0
{R4C9-G2VS02XB-2742KBGF},0
{U1V6-Y5UH74GB-1172PEGF},0
{B1H5-H9WG09DT-1460JKKZ},0
{A6J8-R9SI86XU-0573EDEN},0
{U6P0-M9VZ28OY-0750UOVJ},0
{N4Q2-X1FO10KW-0468LMUA},0
{T3J7-M0KO47GE-7668RWLQ},0
{T0C4-P8BZ93KY-8758GTZM},0
{K2T7-R7WU52NF-3579OWRV},0
{Y9N2-H1PT36HR-0917KEGP},0
{C9I9-M8RJ83ML-0167ASQV},0
{F7U0-Z2GL20JI-2887PSBU},0
{D4N6-I1TH38CI-7595LLRR},0
{G3Q9-D5AL97JN-0243MLJU},0
{T1D6-B5QN74GD-1196KSCS},0
{G2J7-T2UW55GG-2419MVSA},0
{P7B8-D2RH49OT-9767ZRWF},0
{E0Q8-Q3FG30FE-2517ZXAA},0
{W3P6-U7QE15BH-8927DFEY},0
{O4S6-P7LK21VY-6152PAIK},0
{C2E6-W4DC56VH-0053JBHU},0
{X5M2-G4WX46IA-8262RLFK},0
{B7U4-H7FN92AY-9780HAAB},0
{H5F9-M0AM06LZ-2799HTTM},0
{A1Z0-V3VL50YN-6009HDDL},0
{B5C3-R5JF81QK-1039KIBT},0
{Q5Q2-B5UZ98KI-5235DXGJ},0
{I9F0-G5KR70OC-4239WOTK},0
{G1J1-Q7JD40IB-5171ZNOZ},0
{T2Y9-S3DS95TO-3036FPJW},0
{F9R4-N6LS50AF-4045VBAW},0
{T7Y3-N1NT17TH-6199YKMA},0
{D7Q7-U3FZ95WD-9719HOZO},0
{U4X5-M7NB45MO-9401NPZH},0
{S1F7-M7KN49UA-9211OGBJ},0
{T8D2-V8NI29ZU-4713ACOJ},0
{O6Y0-G7JO04PC-7058NAAQ},0
{Y4R8-A2BY11BC-8275KUOU},0
{Q2F4-O1ED62NH-6235XGHV},0
{K7R0-P4ON95RD-5628TPLP},0
{Y6K2-K1MP52KT-7134FIEV},0
{D9K5-B0PY93LL-0862QZPL},0
{G1L0-G2HL57FK-9858ZWSE},0
{M5M5-I5WB67MZ-2688VSUX},0
{J3K8-B3UH04KR-4504SXTU},0
{U2N4-E3AF20BO-7998LYVI},0
{R4T6-W9ZZ03YE-5477FKZV},0
{T7K5-Z8GQ82KW-9132NVMJ},0
{M4D6-V7UK27UY-8785XFMR},0
{Y8W1-H7SV57VT-0376EKDT},0
{L9P1-C2TG19AL-9357QSCD},0
{R5V4-Q3ZH79ZZ-3089ULLB},0
{H7G6-Q3FU95IR-4441SXAV},0
{H0S8-F6ED84VK-3670BYQT},0
{L2S1-K1ZP48DE-3942ZUIS},0
{G6Y2-R5HI98SA-6830TXTN},0
{A6C1-L1JM03SL-2714SQIJ},0
{X4V2-C9VF87TM-4887LGRV},0
{V3M6-K7OS51LC-4364NIZN},0
{S5Z4-T4UL03JM-6036MMBH},0
{B0U8-F4RW79HQ-3008ESNV},0
{J9O2-T1VE64NF-6107RZQC},0
{N6J5-V7RJ17UK-7592GNRQ},0
{M8M4-I4EE36QZ-0395FKUX},0
{K8F7-Q4LY62BI-8068TGIJ},0
{R0U5-O5PY06GA-4251VSJI},0
{K7Q1-G4LW09YX-1878AEIN},0
{C2M0-Z6JA05FJ-5141TPFE},0
{B4H0-E6NB04EC-6326NQXF},0
{G9E8-T1KS00NN-9616LAFA},0
{W9U1-I8MQ53JX-6616APAF},0
{L9F2-Q5PU85FX-2926DTJS},0
{O8J2-W4PZ44GO-3047BTEI},0
{U5C2-V2BW35QW-3048MIGJ},0
{Y1T0-A8AW21RQ-8350SNQK},0
{I5B2-D3BO17ZQ-3940MOFG},0
{X0S1-I3EP18QA-0448BOCH},0
{I5Y0-B0NX82LF-2625YVAC},0
{V5J2-S1XE51SF-3365KUCZ},0
{A0M0-N1AK09TA-7397UYGI},0
{M9D7-P5PA10NZ-5956ZCNN},0
{L2M9-T0SG81DA-3926GQZV},0
{F9G0-U6NA52TV-8033RPHD},0
{T1V9-L3HW35RR-2337IKWZ},0
{B7M1-P0RG94TY-6164DPWN},0
{M5Z7-E8BZ41UG-4209QGEX},0
{X1F1-N0OJ76UI-6446QGXM},0
{X1W6-E1DJ63OI-8141PKLQ},0
{Q7K9-G0ML32PF-5892NKKL},0
{B7X6-U0MS86MZ-5948LCRM},0
{S3X4-Q6BK27XL-2339PPEB},0
{M3L8-L3KX08OI-1112NBGO},0
{G1S2-X8ZJ77AT-1141MYXE},0
{O8L8-W2HA69IH-8328DAVG},0
{X5B4-M3WZ63RA-1259SXWW},0
{C8I6-D1FF64BV-9349TGQY},0
{C2Z8-S5LS89TE-9248ONVZ},0
{J7B5-D0VX60WH-6527ONBA},0
{P3K0-S0HL63YA-6812IQFL},0
{S9G5-Y1KN85AB-2788VLUD},0
{T0A8-I5IM61EM-1862OFLP},0
{F7P0-B4LK01DX-1618DTJQ},0
{M5E7-R1AB91FQ-5989QIOS},0
{P6U8-X7CO73LN-2549NSZA},0
{L3T5-G3MJ29RM-3254BSKJ},0
{T9V7-N4TS60XL-1504XXIK},0
{B1O7-H2OU49FL-1971ODYO},0
{S4B2-C9XC12WQ-2305HDUI},0
{V1D2-X5KH06NH-9403ZAWR},0
{F4P5-T3EF12OL-8070OAII},0
{T8T7-J2FS02FQ-6437GFTJ},0
{C1A4-Y4NK05NA-3193LOSQ},0
{Z5X8-B7VG82NQ-3510AHOH},0
{E9G6-Y8OF78QF-7546FHNY},0
{R3L9-V1GD15GR-9304VTQH},0
{G4X3-J1YV33CE-4795WVLF},0
{E8O9-G4GO39SH-1016GUUD},0
{A4L8-U6CU19NE-1306RNDE},0
{D8D2-N9GF88EX-7817WSTC},0
{Y2N1-V4AP92OP-8548UTSV},0
{B5O0-N8XM04MJ-0902HJLF},0
{Y0W7-Z7HR35PY-6728KSNL},0
{E6F7-F4UD80KL-3167PNOP},0
{A7C2-I2GD18MA-7063YWCW},0
{Q0F5-R9SR85AK-0095YEXV},0
{D5K9-Z6QI58XM-0938RPFA},0
{H8S7-X2KO30CK-3316DHIN},0
{X2Z9-D2OY41EJ-6415PZPE},0
{M2S9-R3SX84QO-7435AKLJ},0
{F2T8-T1GT70GS-0376PQRV},0
{B4B5-R3WL71IV-2339ILJX},0
{D1A0-Y1BK19VT-7743RUJA},0
{O5W6-D2HP93WK-1465NVTL},0
{W3H8-W8OO19HL-9811QHUS},0
{E7E9-R1CQ50ZR-9407KWIH},0
{W2M3-Q4NW46JG-0083CXVJ},0
{N0S7-N2EZ08WX-5457QMGW},0
{J7D6-U7JO12RK-7592VIXU},0
{A9O2-I5ZS05AD-5171HZQS},0
{E2O5-Y6AE62UC-3631RHCY},0
{S6V8-H0VA10PM-0821OPPJ},0
{O7E1-F2KB69YG-7749YKWB},0
{U0Q2-D0SR31NL-3849WACG},0
{Y5C0-C6WQ93YR-0687MGWK},0
{R8D2-H0XE90UD-9128XXQW},0
{T7V5-Z0IR33TU-0189EGPR},0
{A2D9-K2LB80EM-1166CCNT},0
{I1L6-Z4RI23OG-6410RAVI},0
{I5P7-P7FA37LR-3946VFON},0
{O0H8-O8DS55AB-0577ARZH},0
{S0E1-Y9ZW42TR-1196HDLC},0
{Q6V9-Q4YV21YO-1060AYFL},0
{G6F1-M4VC31IT-8788JTJV},0
{G2E6-D8LP06OR-8337WUBH},0
{E1K0-P6HI22RE-1627RLQQ},0
{G5L5-P2KU29RR-9306ZWPR},0
{Z2I5-M3PR75ZU-4931MQLM},0
{K7H4-S7GQ73US-8445SJUH},0
{E6J2-T7SB58TL-7961NYJH},0
{Y7X4-J3MD82CG-2886IBML},0
{P0E8-L5JE96SY-2384GFJQ},0
{I1D0-T7SS95LQ-2257XKQM},0
{F4J4-H0YC25EO-8013XEGV},0
{B6V9-M3VL98UD-9310RNMB},0
{W6C1-K0VF13QS-4358ZOFN},0
{T9O5-S2QC01SS-5157KKAB},0
{S4T9-C7UC39MW-4725UXTS},0
{D6B0-O9IZ36DJ-1150JREG},0
{P2Q9-Z0CV02GY-8661SLKL},0
{H6X6-Z2DV04LO-5189ISUH},0
{A6X9-Q0BB68SO-3209RYHB},0
{A6R9-N2XJ84JY-5277HIUI},0
{O8N5-Y4DT84PS-4985QDCB},0
{H4T5-V7MB93YJ-9603ZJDQ},0
{E6Q2-R5IZ28SK-0932EXRA},0
{R2Y0-P7MX70YA-9041QZWD},0
{V7W9-X4RZ69NI-6854KFRM},0
{W0M9-D9CM20WR-8521CQZR},0
{T0V2-I0OM86SQ-9963JCEW},0
{A1W6-R4UI23PF-7022NZWT},0
{K9L0-U9WY73OA-8728MYLD},0
{A3A8-B3AN42SL-9968FBVN},0
{T4U1-H9JH89DL-4604MVRX},0
{I8D0-B1VM64EH-0764HXIS},0
{Q9W0-N9ZD98SJ-1740CKXW},0
{E5L8-L1OH08KS-0412HVBR},0
{K0H9-U5HS21GL-7648THYZ},0
{B8P3-H9VN56OL-3426SCMO},0
{M4D3-U7GM63HO-6075CKYB},0
{W2T9-V4XM52YI-6520CMDM},0
{C9L3-W0BC26PV-5382UGYB},0
{P1K4-G9NT10KH-5777TQFQ},0
{S6H3-C3BN54ZT-9816TQTI},0
{Z0P2-L7IP63LY-7468LYKS},0
{H3Q5-Z2IF68VR-4555FSNG},0
{W1C8-P2VV01YP-7439NFOO},0
{W3N4-F4VI80OG-2499QXPH},0
{B7F5-J1YF59EW-6152ZAZO},0
{Q9F4-F5PI25XY-4013OJZF},0
{N7A0-E9BU23GT-2946LPHV},0
{J6J1-J8GH96XW-9549VYNN},0
{S7W1-K3AE50XZ-2008PUKN},0
{B6T3-G4HS30SK-1713UOFD},0
{H3E6-S0TT75VZ-8596QHJS},0
{D3G9-Y1CW42RW-0895SDIR},0
{X9A6-Q6VP74JF-1911TYAD},0
{G6M6-J9SJ66IP-2737WNMD},0
{B6G7-D0WT93OH-5804XSTA},0
{H6D2-Y0XV41PA-8861PEFE},0
{X0F5-G9GG55IV-5730ADYJ},0
{Q9R0-O0OP05WM-4767WHZU},0
{G6S6-I2FC67TD-9082CUXG},0
{T8D0-D6LR43RW-5117CFWT},0
{S5O1-L5EE59EF-9859YEXX},0
{R2H4-S7JY17NT-2270TOMG},0
{H7S1-K9KY07SA-7906KYCC},0
{H9P7-L3MC14KJ-4777KGHY},0
{E4I3-D9SF57JH-3608AITV},0
{V3N0-M8GK11TU-8236AWMS},0
{D7N0-S0FE25RC-4317FCJX},0
{T1K6-E3ZV01NA-4778RKVL},0
{X2V4-Y6KJ25MT-7561RYRP},0
{P7O6-Z5NP47OS-0965ORIP},0
{L0A3-A2RZ74EG-1994GEWU},0
{K9A5-L3WS73WS-2779VBKN},0
{L2C8-R2IC48GY-2849BMAM},0
{C3K5-U9YU33IV-6582MEPD},0
{J5A3-X7UB59TN-3007LHUP},0
{D1L4-R2UQ57LM-3820VQKC},0
{X1Y9-Y7VC58IU-4785ILAC},0
{R0O0-D0KL11BD-1943TINW},0
{X4H3-Z6II99AL-9000MPGJ},0
{P1L7-C8HP95CF-2894UXAP},0
{U5J1-Z6AN53UY-1811UMSE},0
{L6G5-Y0UO40GL-6605DAHD},0
{R2E8-H6QG06ER-4277CHTJ},0
{M5E0-L7FE76PY-4233IJEB},0
{I6U3-Q1LI15HY-0249SKBQ},0
{K4I6-Z3QU35JC-3213LCJJ},0
{K3Q0-S9BL24TH-9835ZAEX},0
{P2A3-J7PZ41XH-0405DQKZ},0
{X3X6-Y4ZI15RY-9462IGIO},0
{H8S1-K8XQ65TL-1064FHCV},0
{O3C0-C2XU99QL-2553DUBF},0
{P0C8-M3BQ11FD-3453ADSO},0
{L8P8-P1XU87PS-7818ZYEG},0
{O9A6-D4EK65MQ-6238GIUT},0
{L8I9-X8AX94HW-4321YLXN},0
{G1M2-K2SR49FB-7075VRZU},0
{D3D5-E6CA61ZI-1458HQVC},0
{Q9V0-P5SQ85TB-0143QGXB},0
{A4F5-Q6XQ96SX-8884CDDA},0
{G3R5-M9HQ77ES-3204CJBN},0
{K6L2-W3QF28BL-3003KMHG},0
{F2I4-G8WM67NM-2501OUSJ},0
{D8S3-T0DT56YW-2546ASXN},0
{Q8M9-M0XF66QR-2835HZSL},0
{K2H5-B1WS75XD-6961CUXI},0
{D3W6-S5ZO04NG-0218IGMN},0
{E3I0-J2PX03FE-3493DCUY},0
{X7E5-Q8HF81NB-9723TPTL},0
{G4G5-O6AS84GG-5743PXJY},0
{K5Z6-U6RJ00PB-3069PMRC},0
{Z7B8-W8JS85OK-7632NKBM},0
{X8Q6-Y4FW51MB-8444PJWP},0
{F4U1-F0NC34EJ-1134RTLX},0
{I5L3-I6IJ21HB-0124DLOD},0
{A5A6-C9GN91JN-1028AWHU},0
{M5R1-I2YI49JL-1288GCLG},0
{G5S2-O4HI60MJ-7420YWUW},0
{U5G9-B4JY66LS-5669MCJA},0
{O4Q4-D3PB90DS-9089QGUT},0
{K7I3-B6YT78MM-5119HXWT},0
{R0G9-Q9SE49JV-3008FFND},0
{H7E6-U7SW98OI-2269DLSM},0
{Z4Z3-E2AV82BH-8560CLGZ},0
{X3C7-L5GT64VF-3212HPBG},0
{A7N9-O1HD46MU-3121IFLX},0
{P4Q3-N6GC47GV-4608HONB},0
{Y4H8-D8KB48RQ-3330WPLI},0
{X0L4-H8UB68PT-0646MIDG},0
{I8A3-Y6BJ84ZP-4618LWSW},0
{W4F9-Z7IK53KB-1124BQOK},0
{E9P2-E9JK01LK-7789WKKT},0
{Y9Q3-U3ZC82WG-9111XLTT},0
{J6Y0-F2EV53DY-5924TLIV},0
{Z4F7-D6MW07JV-7639KVQY},0
{G9L3-C0LQ96WF-6825DQVP},0
{E6B2-E6RC57JG-2221BWJU},0
{D6S9-M5UE62KC-2958XWQA},0
{G7L6-T1MR29QL-1480KKAM},0
{Z2J3-J1SB66FC-1649LYMQ},0
{W5W6-V0VG13ED-2462RVCP},0
{O7Y7-Z7BL81RN-3581RRUS},0
{V3C2-Q9XY63KS-3173NGLN},0
{B0F6-O1XX43SJ-3514XGPE},0
{B2V5-P4JA26OT-8851OULM},0
{A9X6-S5WQ88LA-8527JRLF},0
{L5P9-H4UY62QX-6347SFAV},0
{Z3C3-D9IW83RT-8387ZYXS},0
{K4P6-S6EA99EY-0338PAFQ},0
{E8S3-E7JH89AS-0576CDNF},0
{Y8R0-E8NR01CM-2624SVMQ},0
{F1P9-F5ZC63BY-1007SDJP},0
{P5S8-L8XV92WZ-7548VEFK},0
{H7P6-T7SU25OY-3987GXCJ},0
{W4S3-G6UD80OU-6583ILEP},0
{E8K3-M5JF75CE-6095WPPV},0
{M9T9-Q5FI07QX-9230XTDN},0
{F0D3-Y2IZ19RI-4913WQWK},0
{H1X4-O7BW98IZ-9878LIRT},0
{D4Y9-H0ED89VV-2872OBQP},0
{N1G9-E1HO27WZ-3955UXSS},0
{N9X7-C1RN97CD-8881PDWJ},0
{N3U6-L1KZ65CH-3392OWNI},0
{T4J6-E6GY81LD-0112QQLK},0
{L1T6-Y2YS90IX-2921APNR},0
{N2B6-P6KQ47MA-5720PULC},0
{L8E0-V4WW86JG-7247XTHP},0
{R1D6-H2AB34EQ-6042SRQW},0
{Z7O8-Y1TF46UJ-1489HSTT},0
{P1P9-F4DT60DO-7469FYAI},0
{X4F1-T7JR05MH-6629KDWM},0
{E6P9-U4GK71RC-7853CWRY},0
{T1Y4-N6BJ11IK-7136QJQK},0
{S7A5-R5DK95QA-4403RXKB},0
{H7D6-E3CB14YL-6450RKBJ},0
{D0E7-O1BF40FY-9135ZNJW},0
{C4K4-Q9YN41AU-1544LSRS},0
{L8P0-Q8IV39CP-8219IOOF},0
{C0O5-C6IW35DA-8325HRGI},0
{A4J7-O7WH74ZG-6232KBEA},0
{O4A3-O7PJ81BT-5508BEOK},0
{G2I3-D3LT13JK-4464ROAI},0
{N2H4-J1CR42KW-4364QUVX},0
{P7C5-Q0ON67PZ-8731BSXM},0
{W3D9-W1CN04XB-4031CQDD},0
{G0J5-Q8QI34DA-4780XRWZ},0
{K0P6-W1QE22BR-7363QSUO},0
{V6G4-Z5GR08OJ-6377WOLC},0
{S8F1-W6OX90EW-9698LZRL},0
{K3Q8-Y6FI37GR-2523DQGK},0
{Q5B6-L6SV29ZD-8293YFUC},0
{F9T1-V4VI09OH-3209KWTL},0
{R3O7-O6SH78CC-7353AXFR},0
{N7V6-K5QU41HS-1828UJCM},0
{Z8Z0-W9XY51YK-0912XXZW},0
{O5D9-P1PY85AM-3103WYPY},0
{G2V4-S7XM04IA-1424TDPQ},0
{Q7O3-G9FC67GL-1021PASZ},0
{M6I1-D6LA36CF-7648AATI},0
{T3Y6-Q6FH14IZ-7820OFJM},0
{D0Y3-I1WC65ZF-5340YYZB},0
{M9X8-T2BF67DX-8624ANKR},0
{D8T6-F6TO26VT-0807WNRO},0
{R7N2-C4EZ30BJ-0470INSQ},0
{D5W4-C2TL68KE-9739CQPN},0
{J9L8-Q7XD57MO-3162TWPE},0
{N3V8-B9PC56KR-6684BPTB},0
{S4U0-P0SX18CY-4167AKKC},0
{V4G8-K2GB94MM-3799AAXZ},0
{Z3V0-B7MR72HF-2724KASP},0
{Z6L3-Y7EW16KL-8135PQIJ},0
{D5G9-P1TN13GB-8443DGRI},0
{M6Z7-R3UD33GF-7204QQUN},0
{F2U9-W9AS93QD-3723XHCT},0
{E3M6-Z3RL67EA-0741TKTW},0
{E4D1-R2ER26YR-5104FVZU},0
{D0C9-U9GA54MI-6528HHTF},0
{M9H0-P5FU48VL-1784VAMX},0
{H0A9-F8HD15VN-1686NYMZ},0
{T4Y1-J3YK89BC-9185MRRW},0
{X9U7-S5QK62GH-8583KPNU},0
{R1J5-S8QY18FL-5575WEMG},0
{H9T8-F1AL32BB-6080XQPU},0
{R7A6-X1AO59ZH-7036GPIO},0
{X1I3-Q6DQ47XG-1301EWYF},0
{B1B7-P9LX23CK-1144HYJH},0
{B4V9-K3XD86CV-1762ZHVY},0
{R9R6-D0US13MU-8580IWPX},0
{H3A9-J6VH97RJ-6570GBGA},0
{V3Z7-B0GB84PM-7250YXEH},0
{R8X9-V3GA97ZJ-7835QXRW},0
{U0V9-R8SY24OL-9005FVUF},0
{E9P7-T9WZ28ES-7535CAHJ},0
{R0Q8-S7HU29RQ-8364XJFM},0
{E2C0-M9JS61UC-6226CZDO},0
{Q3E6-J3WJ19MV-2510XZAS},0
{F4Y8-K7UB79EU-3396IVYR},0
{N2S4-A0YT10EI-1840UEGI},0
{Q1D9-S3HN55UY-8162JDZC},0
{C7B3-H3IO99IJ-7453AGTG},0
{O9J4-U0CN73UL-7573YFRJ},0
{Z3L4-R4IL68PI-8084DOLM},0
{R2J9-B9GK55AB-4766YLFO},0
{M9T0-C4ZM82CK-5832AACH},0
{W3R6-Q1JT49MH-3037WXRO},0
{L8U5-C3OJ15GE-8948SSPY},0
{C1B8-Z8ZS41WZ-6773UMRC},0
{A9B6-R8XW38QR-5064XLAJ},0
{C1F5-U4WQ88KQ-6000WIVB},0
{M3J6-H3YW78BT-2846NYYS},0
{U7O4-I5HG48CZ-5003BLAC},0
{O9R3-G8XI24UT-1787ISLM},0
{Q5P1-U7GJ53MG-0196MYSU},0
{S3S4-I3DB04CM-0274SEUZ},0
{U9U6-F9KK17BC-1495YOYW},0
{D6R0-P8FJ66OG-0067IHHO},0
{H5U0-S9NH23UE-8947QHNG},0
{U9E3-I4YB33ZY-7232ESEG},0
{V0D0-N8AE00IL-3787NPCI},0
{T3G2-M8HJ45ST-4502KDSH},0
{I4N9-J5JM52FC-8732ZGAB},0
{S5V5-T1UR51PD-7740KOSE},0
{Y4Z7-I0EU56TD-1585YLXB},0
{C3G9-T2HH01IF-2118DIZG},0
{V8L1-O7GE89EE-5645NXIS},0
{W0X8-G7AP34IF-2016UJPQ},0
{N8G9-T1QN44GB-4799UXDE},0
{M9N2-O7RR46MJ-7702XNKY},0
{Z9S4-V0YN75TR-2282KGBD},0
{R8O4-J9YY36TL-7930RKNF},0
{C6E1-V3LS39SY-9207XCTA},0
{Z7E5-X0CR11PT-2636HFUE},0
{P9U0-L9UU03FI-9719FRRB},0
{I5C7-Z5PL89FC-1654AJUX},0
{Y0P3-P0RB19RO-4383PZPQ},0
{V3U6-Z6SZ06FP-5015MNKW},0
{M7W7-C1OT93AL-2437WGWK},0
{J1V0-A3JF90OQ-2650TKBJ},0
{D3Q4-Q2HP36PI-1368DLPD},0
{Y2C5-V8FN06OL-4608PETX},0
{K6T7-M9ZO09HG-0428TPSF},0
{I3G5-H3CI03MW-9962YYJB},0
{F9P5-R5RE68AH-1179IULH},0
{R4K2-J8DP15MZ-1432IRSY},0
{Y3K5-S9PP08MV-8844KNHM},0
{X2G4-M2NO20KF-8492TUCY},0
{T2I2-Y6JH32XU-7489OYJD},0
{M7H9-X4DU44RB-5178NTIN},0
{R1Y9-O1GC53ZU-0694XRAD},0
{W3Z1-V9IJ17FU-0337DJUI},0
{V4T5-M5XE42BL-9602FTIU},0
{T1L9-H7TS39AA-1432AVLQ},0
{K5T3-W9VB29NE-0325PNWL},0
{J7N5-Y4WJ31OY-8860OVSW},0
{S1W3-U1IC35ZX-5078DOPH},0
{Z1J0-G2NX85QZ-6082FVTW},0
{Z3U8-O7UR30FV-9754RHUM},0
{M4Q0-E4EY73RA-0196BWRI},0
{M0U9-L3NJ49XL-3444OGBP},0
{Q5B3-P8HS93ER-5605QXKP},0
{O4M8-I4RX70CI-7162YMUK},0
{A8N5-I2VG77VI-9707POGZ},0
{P7C7-K7XV49MU-6355BNMU},0
{A2Z3-H6BV57LA-3957JVCB},0
{B8Q8-Y7PL29ZS-5133HNLO},0
{C8M6-E8AW44QH-7818ELJZ},0
{M2S8-M2XZ94OI-0595WNPD},0
{Y3Y1-X5NQ28WX-1107YSOM},0
{T1S8-Z2QA49UL-8609RSIO},0
{F7L5-I6TL18CD-4207XJUB},0
{H0E1-M6EY44VC-1834HCMD},0
{W0K1-T1ZX71HI-1623AEEZ},0
{T1G4-T4DR08FA-9766IKXA},0
{T2V4-J6VU92AO-8521UIXN},0
{S4Q4-U3QK98ZM-9081MXVD},0
{K0X8-U7BX93PZ-9348OEAK},0
{Q7F7-X0NI45BT-2746TNJZ},0
{R8O7-U0YY77EO-8372KSWA},0
{N4S0-E3WC56OT-1342QKWL},0
{U1T6-C3JL05TZ-8184NYYN},0
{Y8O9-T7VH43SS-3858MZIC},0
{T2A5-T5CJ58XS-9820LQRB},0
{Y1F4-A9HR89DP-3422VWFV},0
{V0V5-H8YP28CI-2372PXSJ},0
{T4P0-B1ZW79YN-7430ZPKN},0
{Z9A0-Z2RF65DQ-6277WYIS},0
{M2V4-U4II28SG-5402AVTD},0
{H9K9-F5RP17SB-0328JFGZ},0
{E1B0-T8CM23JY-1351RPJG},0
{S9P5-F1LE73MV-2136UETN},0
{N1V7-I0JV43PS-0523JCCO},0
{Y2I4-U8CR53KG-9825MCAP},0
{K8I6-Z8QC98JT-8657IJMN},0
{W7A6-V9YH58LK-4101RRTJ},0
{M4U2-L2CB56ZH-2650BQEC},0
{N5L5-C8ED05RK-5202ZKNC},0
{U5G9-C9KW37OZ-7511TCLB},0
{M7X0-Q1DD31PL-7695NPKX},0
{T0P7-C1MN04RX-1077UAMC},0
{T5N1-L2AP36OQ-7168WIBW},0
{I3W6-B6GJ28PA-5949XMSH},0
{O2C9-L9IU37BN-1447XSNU},0
{E8L5-M9YC37ZE-9409BKGO},0
{C3C0-E5WY96AK-9929HYPB},0
{T4A4-M0XV05DW-4053FCNB},0
{Q2T0-V5AO24IU-0604IMUL},0
{V5R4-D1CA17LQ-2109WYFF},0
{Y1W2-X7RZ47RL-5511ENRU},0
{W0J2-F3GU10EN-8480JNWH},0
{M4B7-K7PO39PS-8390NGUM},0
{S8A8-V3VM38DG-6153ZBGH},0
{O6P4-Q9ZC81TE-2874FAMF},0
{W4S6-Q4CM25UW-3652OTAF},0
{V4Q4-D1NC52IX-7771UBPG},0
{L4S7-Q6JP78DL-8244BJSO},0
{U2G6-Q0IG67YV-5881WZKN},0
{D8D2-B2JL16WQ-6544JXFU},0
{I6H2-T9VZ79AU-4016SXTE},0
{J8J4-F1IY92SD-2775PYQT},0
{A0O1-Q8CR97MF-4957XMGN},0
{S4W9-G6VP12QR-9031NVMC},0
{Z5M5-Q7HA72JH-2601CLDR},0
{Q0T5-G1XG02YJ-1885WEWH},0
{V5N9-V2SC68RU-0439ORKC},0
{D7D1-E5EA21LL-0699LISM},0
{N8Y9-F8ZA36OX-9936PAWN},0
{A2T5-D2CX48AI-9832AGAN},0
{J0L0-Y6TD12UJ-3490FKRF},0
{D5I6-X7LD64GV-1810MZSZ},0
{U3M5-Y6NE30RN-9437ZROX},0
{D0Q3-Q3SH13EK-0725LUKO},0
{I5A2-O3DM32ZC-2727VXXL},0
{Q2S6-X8AK40LG-1156FSFD},0
{F6W3-M5UE82ZE-4045VZSL},0
{M0G8-I2DE42OM-2637AMTN},0
{P9D7-M3OF05ZN-3759MZQX},0
{N7L2-I1EG51UJ-1507HNSF},0
{M5I3-Q4ZY98WB-6799WOYU},0
{V5O1-G7LK80JN-0725UWNU},0
{Q3B7-K1YF89MD-8365WCSF},0
{W9P0-I1LK48ZL-8277WZPD},0
{H6A9-C3FD00OY-3441IWHS},0
{U8W1-M1IO01GA-8269OUJM},0
{Y8T8-L4CO88TN-7622BSFI},0
{I7E3-G9XN88DT-1618APIZ},0
{N1M7-J2DU05WI-8464MSQW},0
{K2C8-U4DL11YG-9515KLHK},0
{P7D0-K0EV67KJ-8531WTKS},0
{T3B3-B8GL20LL-2121NYSH},0
{W1I0-H8WQ06LU-0242DTHD},0
{E3N3-C3FQ58DS-0711SCTY},0
{P9G4-V2DZ44VS-2381UMIQ},0
{S6J6-Y6AX31PR-5046CZGJ},0
{A0G5-A8QP83NS-8839VYDW},0
{B5D7-I7BV06RB-1316MYLA},0
{J2Y4-N2PT34EO-2320RKJG},0
{Z2K0-P6YW40SF-4980DYKO},0
{N6I3-A7IQ35BR-8967TOTF},0
{N2T0-A7BE15GK-8560VOQF},0
{U0Z6-G2YJ20GT-0701WMBD},0
{P2M2-V1GL79IS-0314BIWG},0
{I8E4-I0DS02LI-2745GBEJ},0
{Y5F2-C7KI84HD-4727LWZT},0
{Y8U4-N7NE40IS-0061XMXE},0
{Z8W5-Z6XX82ED-7636DLCD},0
{A8B9-I1NI38PZ-5587UOAF},0
{A0H0-T8QX59IQ-3909CYMO},0
{V0Q8-R8RA23VP-0983EWJA},0
{T1H6-X7MW22VA-9076FKQS},0
{X6E9-T5KD14AF-6593PMOS},0
{G5N8-X1TG95SI-9178QHJU},0
{K5Z4-Q1IO36JW-9198XWRH},0
{C9P1-X6KM19VW-4055WBRX},0
{K0P4-W2LZ03VP-0178DWNU},0
{M2T9-B9CV99TB-1785PVZW},0
{W8Z4-I4EM86XN-9961OOFC},0
{D6A9-O8XG54BG-6525THZV},0
{Z2S6-C8FX51OQ-4720PQNT},0
{G4R2-T2AZ95QM-1857FANW},0
{C9Z3-J9RV51TG-9765PSVN},0
{H8F7-I2WY67XU-9609CIPT},0
{Z3R1-S4ZA17YA-7818VDIV},0
{O7A9-S4OF66TM-2753OXFN},0
{U5C2-J5FV44MN-8468OYQE},0
{S6L7-E0VR20CF-2844WYNS},0
{K4O4-A2ZR08JU-0820USWK},0
{Y6I0-E5FU30MP-4145OMVH},0
{J2M8-X9ND71UW-6710MYKI},0
{N4G0-Z0JC10XO-3466XOEF},0
{T3S3-Y4UR55MD-4949NJTQ},0
{E0H0-R3CN54LG-3071UNON},0
{G2C6-F2WR32IS-8495INJI},0
{T6N3-Q8SM34XD-1662GZBI},0
{Q9K2-T8DJ75GD-5330MZSX},0
{L7D1-Z4NF01BV-7397JUXD},0
{I6Z5-C2ZC26YW-4036NVHP},0
{S0Z9-V0NG60UG-0047YPDJ},0
{R6P4-T8OZ62SV-2385TXYR},0
{C1M8-Y6AT42IW-8864LSWQ},0
{N8A5-U9RE54WK-5653VFAU},0
{U5V3-G8PR82EI-8250TZYT},0
{P5G7-G9TC30SP-5294IRPT},0
{Z0X4-M3JE43UV-6560HKQY},0
{K4W0-D6EH06RY-7693VRMH},0
{U0S8-H3EE58HR-0567KQVQ},0
{C0E8-O0VO39NC-5359DXGM},0
{E4R4-N0YG15OQ-4827MSUD},0
{X1G5-I8XY26ZM-3016ZZUE},0
{V1S4-Q0KX83SH-2216OUYS},0
{A9Y9-H7OL42QJ-6709KZOA},0
{S3U3-O1VR42RO-4917DASC},0
{N0S4-F2ES17TP-0139GTCH},0
{R4L5-H9XJ57YD-1158FRAR},0
{I2S4-H1FP42NW-9302TVUW},0
{X0P2-T6DS35GR-4436SENQ},0
{N2A1-A5SJ92GK-8157XVZY},0
{W5Q0-G5AA34RX-6314XWVC},0
{J4J0-N7JL79UD-6823DGAH},0
{P7A8-Y2RE62RU-8698POCU},0
{R1I7-E3UH52ZH-9513PAJS},0
{K4M5-Q0YY09UA-8436XSAU},0
{O6Z2-T3YY80TB-7625TMQV},0
{N2W5-A7NM39UC-3653EQDZ},0
{A3C1-P3WB18IR-6602IKZZ},0
{X4B8-F4TW40BO-6651GCHI},0
{D8Z8-G7AZ97FS-3418GCOW},0
{M2A2-F1LY52RF-5612DQWE},0
{S0Z9-P5LO68VB-8570KKJS},0
{O7M9-D8ON01US-8937PKUB},0
{Z9E7-P5PO52SV-5475MCGF},0
{R9D2-G6CR26QA-7980HINP},0
{E6N2-H4YV53HB-0628ZYMS},0
{I1I7-Q6GZ02NE-2492FBMJ},0
{N7N8-K3NG09DY-9828FTTY},0
{L4W7-R2KT43GY-8783HOMY},0
{I3K2-R3XU56QL-1304OGJX},0
{I3B7-U2HB23FB-2747MENG},0
{J1I4-F7JX01MH-3097TPCH},0
{M5M4-A3ZG49JQ-2420CAUI},0
{B2M7-M9NI20SF-7412OGYR},0
{J1B7-A8IQ09QQ-0222DUZK},0
{Q5Z5-I9TG55LJ-8999AEPZ},0
{L5H6-M0GP58UP-9472HOGF},0
{H6G4-Y9HX41LD-8747TRWF},0
{T0X0-R1LK43RJ-6485NZAK},0
{N7B4-B0DE91UH-9853ZSFQ},0
{X6F0-E3WA86TS-2091UYVE},0
{G5R3-O7BX55UW-1890UKRR},0
{Y6B3-M1PK40FX-1264YVXC},0
{J4C8-D3NX24UY-5928WTXA},0
{D0S8-L3WA16UF-4720EYFO},0
{Y5U0-E2PC98CE-5400MDDT},0
{P0B9-Q8SW93CH-1849ZSAF},0
{C9E5-P8LT62EK-7868DYAI},0
{O8Z4-M7SC47ME-6316VVLX},0
{A0Z4-Z8GQ27CV-7352PODC},0
{V5Z2-O8NX71GN-0340MBTY},0
{Y2Z5-E9WT21PE-4307KUTV},0
{R3P4-V2EF54WS-9352YKHC},0
{O1X6-V5RM00XF-3823ZNDL},0
{B4K2-V4EK78GH-0532IOPT},0
{A5H3-J9II03DY-0386AUAT},0
{M4F9-E8KL45JN-7640MHRF},0
{O6O6-X3JR18GM-2534QTIU},0
{W4P1-E8HW89UK-5495EFMK},0
{E8C5-R4PC17US-5837ESRV},0
{H6F5-V0SP62CN-4369RKQF},0
{R4J4-Q4UJ48RU-4736BZPL},0
{H7G7-C3AC59JA-5497YKTQ},0
{V4K5-K2AJ57XA-5157BHFE},0
{S3C1-R5HE51XN-7307UXAI},0
{W8H8-X5GD30NB-2207TCHV},0
{Z8M1-D2HI98XU-3473IMST},0
{U2U6-L6JN76KL-5778DGZB},0
{H3U6-J2MP51XD-5536EUHX},0
{F2B5-D9DH60ID-5545WBBE},0
{A0X9-M8LI06XQ-5680QYHM},0
{L8U5-M1MP26WE-1625AYYE},0
{Z5H4-P5BC58KM-8322CVVE},0
{P1H1-K5RJ83HM-6071LCHJ},0
{T6E2-L9JC73CG-9844SBMP},0
{K0U8-R5AM20DH-3149LQDU},0
{F6Y6-V5ZE33HP-3241PYYD},0
{R5E8-M7DB38XO-8062MFMR},0
{F4X4-C7VP66UW-9410EVBJ},0
{X5U2-V0AH99RV-4688XSLB},0
{B8S0-B8KP34CS-7357HCWY},0
{R9Z2-Z0OJ82VY-1521SHSG},0
{U2N1-O9SH58TW-8169VZLO},0
{R9E6-Y0BF36YS-4582USRK},0
{N0O8-J0QH41XH-6900ZSUK},0
{Q3R9-J3HW13ZP-7879ZXUV},0
{P7S5-Z2HF08AF-9130CFCN},0
{V0T2-M3VW77TX-7437QWZT},0
{C8V8-M0WB53EB-0633EDZV},0
{K9G4-L5MV30GI-6358LOJJ},0
{C7X5-A5JG75PR-7969OSYH},0
{Q6M2-U2CT20QE-3891RTFD},0
{O6F2-N3CE93UL-6439IYQL},0
{N1R3-I7GH76FQ-7458VHMF},0
{Y1F1-N3XR65NN-5376OPFS},0
{S8K8-U1AH88TH-1301PHWK},0
{E6P6-L8LB05UM-4916ROHV},0
{C5F3-B7EY85UM-3663WOMI},0
{O0G8-S3UZ32PP-0841JIVV},0
{V1M3-C2BM39DJ-7167VAUI},0
{Y2B3-Q4AQ48QI-8480WCNH},0
{W3K1-J5FJ15WT-6326DHIC},0
{F8H2-O7DH85EX-7213VRSH},0
{A4N7-T2QM94XU-4022SWMP},0
{Y3B8-S5HD04NZ-1612FCBZ},0
{R7C8-Q3CJ53UZ-0469UKOC},0
{U0C6-B5XT77TQ-4097WNWB},0
{D9C4-I6TW78BG-5353LOBV},0
{V5P1-H4QO78ZN-8341ASIB},0
{Y8B5-H7MA17HM-9358PRXP},0
{K2R7-G5JU16HA-7471LHGQ},0
{X3Q4-Z8XL80ND-2122DNBB},0
{P6L3-N9OI75FE-6245YZRH},0
{B5C2-F3JS56LN-8283GTXB},0
{I8U2-X7GP93XL-4202UOQY},0
{L5F6-B4EZ46RZ-1318YZTW},0
{C1A4-M6QL03OL-4848GSIS},0
{Q8P6-N2KV45YK-6169JCTC},0
{Z2Y9-O8LK29MS-4104ZORJ},0
{N5F6-U5JU65VG-3037YZPL},0
{M0G9-A6PA64ZE-8324IPSB},0
{Z2J9-W4AC16QC-6477VJKT},0
{T8W9-D1GY68DJ-8696ZJML},0
{C4D4-Q6OR45AT-3051RPKL},0
{O7S8-U2UW31YK-3318IZJL},0
{L8S6-P8ZC34UZ-0548VMPM},0
{Y2Q5-C0BT16LC-6146WDAW},0
{L0F8-A9ZK31ZR-4019QWNH},0
{H9O1-C0GT76LS-4044NRPC},0
{X7W7-O8PE93PW-4256ZEIL},0
{Z1I8-Q0PR40FH-1726UJCY},0
{T0A5-V4NF61GG-2365NMKP},0
{P4Z4-C4SM85CM-4474NCCT},0
{E8O5-W2JV00ER-5475SYTG},0
{H1Y6-B6LH99HF-5347UHYC},0
{Z0P0-G3HE51KY-5178QZBG},0
{X4C5-R8PC78SJ-3104ZWPF},0
{L6N0-J9RC49IU-0457ZHSG},0
{M1Y3-C2MF90IQ-9595UEUU},0
{I8Q8-T3NP28FU-5358SPSJ},0
{K5M3-C6PO23WI-8515PYZP},0
{G8V6-V0CG15TO-5233LJBD},0
{Y9J4-V1PI25HJ-4956CYSL},0
{G6Q8-K8GE79EM-8781QMYT},0
{M0P1-M3MW79AB-4059WWLO},0
{T9C4-U0NC19RC-6695EOYD},0
{E2J5-U8BR73IJ-8553APQB},0
{O8H3-A5PW09KH-5887WVSV},0
{G6S7-Z6SS31GI-9768IGLG},0
{N0K5-T0VA28AH-3074LCLH},0
{N2J5-I9MB44LY-3008VZMT},0
{P4V7-P6BW81KN-2861QEUE},0
{D4V6-N1NT21RG-4943KHOV},0
{K6O9-X7SJ85LN-2539RTWW},0
{L3R1-U2JV33SP-4159ZAVZ},0
{C4F1-K6PH43XC-2492XECC},0
{D6P7-E1QT99OR-1931NKZX},0
{W2J8-E0NB02VC-8113OKYC},0
{S8W7-M4WN98CT-4473LLZR},0
{S1A6-J8FO81GG-2540XBCS},0
{M8D8-Z5DA17GG-0006AUYA},0
{M3A8-U5OW53OX-4923ZGAA},0
{G2X7-V5GQ37LM-9057AQPB},0
{M2W6-L5CT17QB-3915HDXC},0
{M5J5-W2TL27EU-3029XDHM},0
{W2I5-Q3VG26NU-3494YTWG},0
{C3A1-E3IF48UH-4271SMII},0
{C8C3-M9WT01UY-7217SOHG},0
{T5Y4-D2FL38TH-4984CWHO},0
{R0C3-K8CD90AR-9256VBEU},0
{Q9K1-W6PO71MY-4282TQNM},0
{Q8Y7-G5OS60VA-9765CCCR},0
{Z8X0-Y1LP64VW-8907XRSE},0
{R8K7-I8BV54WX-1631BBBY},0
{D9F2-V9AV05GZ-8758MNAR},0
{D9G3-D4BM01ZA-9471PXBT},0
{L6R4-X4VN51EQ-2153YBKH},0
{U8F7-X1KA62ZJ-9610GSFP},0
{Z8Z9-N3AL33XI-3105PLXI},0
{W3M5-F0OK12AD-9698VOBJ},0
{U4F8-H4XB78JX-1500XJUB},0
{R0G1-E4PD37UW-1827UMYG},0
{K0T3-T1IQ89ES-1885NOKM},0
{H8F0-V4PN69RR-4926WUAF},0
{Z9D8-Z5DV36YE-1236AKKX},0
{U6W3-I7TW35KQ-7467MNQI},0
{H5K3-F7AY41CW-6647HBSH},0
{D9J1-I4YF46AZ-4414SIJB},0
{H6T5-H2WS51RP-6452TPPG},0
{M5P9-Y1TU31SN-1324YIDC},0
{R7K0-C0EP23KH-1141TXRO},0
{W2B1-W1RA83UL-8146DKRA},0
{D1F4-F7ND33IP-8922WEKX},0
{C7H2-U7PH81PT-6086QVVI},0
{Q7H8-D6ME07NN-4323LEJD},0
{N1M1-I0UY70TG-8962FIKP},0
{L7D3-Z2NJ89NO-0926WOUZ},0
{K3N4-F3TL14XL-6832YCJI},0
{D5R2-C9LR95DP-2765UWTE},0
{L8J0-J1QF66QP-2434NDTX},0
{S3D8-K7MW94QH-4276YAUA},0
{B4Q5-W2FL28KS-1290KEBC},0
{O1Z1-E0NZ30UD-3581IYBR},0
{V9Y9-U6EZ06PF-5963GBPY},0
{K6C0-L5VS85JP-5428UXSZ},0
{D1O9-N8KW17TI-9991YVSF},0
{Y5R3-E8SR16UW-5400VUWB},0
{O8H9-W1OR09SM-7064WBYM},0
{A7X8-X3UL52JO-9154ROBU},0
{D7U6-B4WZ13LH-0305JSGK},0
{V3S3-N1XU52JO-3066TYEM},0
{U9M7-P6IZ99MD-0611ABTE},0
{K5J2-W9EB94CH-1649MLBN},0
{G9U3-L6RQ24RE-6453TNHB},0
{D8J0-W6FH21GX-0575SPGS},0
{C5K1-Q6XQ75SG-0924IGVZ},0
{W5G8-C2ES90GW-8642TQUC},0
{V4K8-Q5TU05EV-0433VUUQ},0
{W4B3-X5YV66SH-9763IMJI},0
{H5F2-Z3RL49UZ-5146MTOC},0
{G1H7-T1HK46MK-5352AZTH},0
{K2R6-K3BR66TY-2950UEQH},0
{G2A5-I2XD21BN-0808JKUX},0
{H1Z9-C5WL22WA-4451WWIL},0
{N9N3-H5BZ78XR-6416PRTB},0
{O8M6-H9IY62WT-3263BVKJ},0
{U8B5-Y3VX70QM-6715LOSB},0
{H4M7-N8EC78OA-5587BYNT},0
{L4J5-M8PA98AD-0472PDWH},0
{F0I3-K6TV65PH-3730HNUC},0
{M6Z9-E9JX88RB-1298XZPI},0
{I0A9-R3IL39SM-8526KNYM},0
{V4O2-W4MR55JC-7799WEDV},0
{N2I5-D3GA12EK-1286RZLK},0
{W9Y0-R2XD03TR-7550RWVK},0
{O6Z6-W0PZ29SR-4737LMCM},0
{V4K4-P4PI77JF-5880BWJJ},0
{C1W4-X1JD23IC-5378MOUI},0
