id,label
{S7A7-Y8QZ65MW-8738SAZP},0
{G7A8-G1OB94NR-3006NTXH},0
{R3L8-N0LW95FR-8358LLXS},0
{I2F1-B5FB51FL-3128HBUL},0
{P7R6-C5TV18CT-1677DWWM},0
{K5Q6-F1AC50QP-3788PDUC},0
{M0F6-O2FY64UM-9526UMPP},0
{F5H8-O7QK60SE-4347ESVI},0
{C2M6-A5GC40PF-4088NJRX},0
{L3M7-Z9BL18KF-1387XAMK},0
{A8I5-F8FO49AQ-4726BXKP},0
{R1I2-X4AG89EH-2412NNLL},0
{R3C4-B1YX79FG-7714SQSG},0
{Z1J6-D5XS29NX-0162ZKAY},0
{N3H6-P6MN12KM-3372QANC},0
{G7U6-E1JC41II-0811ZBMF},0
{A2E1-R2KS86KQ-5486MARC},0
{O2W8-X6QZ35YC-1006TYAF},0
{U8U5-J0MM57ZW-0338DHKH},0
{C3N2-R5RV93VP-1177BSIS},0
{T2B1-F7IG00PL-6808WVFW},0
{C5K8-X7JE47CG-4946ZQLL},0
{D8K8-U5MV93NZ-5230VQGR},0
{W9A3-T7UH38GU-9008UGDF},0
{T4T2-P5DU98YI-3944INJX},0
{F4V0-C1JY57KM-4456VWLD},0
{Z4Z8-V1WH61QC-4952SEMB},0
{H0Y7-T3MP38OO-7150YEPM},0
{I3U1-F7XR11HT-3968TSLS},0
{X9B7-E5WE00TI-6386EKUG},0
{C6K6-N7MO45KF-6878TTQM},0
{K4G2-W0DL56OV-8971UYVR},0
{P9M0-P7QR63FE-6901WOMG},0
{W3A6-J9DX69PL-9728DUZZ},0
{U1P5-V5YK40CX-2773ASZT},0
{H4A4-D0SI78DP-2779PPMB},0
{N0F2-O6ST15FU-5309BSSO},0
{A7P1-O0IY44NE-5771HWRR},0
{E8G8-P6KW75CZ-3436WBBF},0
{S9A9-O9ET92GT-5933VSWZ},0
{O3H9-P9AG29PU-1775YSXJ},0
{K9N2-Q2OH86NM-9088NJDK},0
{I1V2-O7KB65VH-2027ZGLT},0
{B9U9-V9QF50KQ-5765DWBW},0
{U0E7-E0SZ93LD-8215JHEE},0
{A9Z3-X2ZT77RA-1517QBMP},0
{Y7B7-J6GU90YB-2936YMII},0
{Y8O8-P1RA06MR-0066EEJZ},0
{M4V7-Z8YX65GN-5137NDIL},0
{Z0H5-E7IA80CY-0824YVRG},0
{H8E8-F0AV41YH-6569KKXF},0
{F0S2-W3JE09YB-7989DUED},0
{F6S1-U7UM12WM-6110LIAE},0
{Q9C9-G7OC47FS-6846BISV},0
{E5T2-G7FT57UL-2548ODTA},0
{D3V3-E9KB08PY-8139HJVD},0
{P7F4-V5EH64FK-6156VVDC},0
{I6P5-V6KN90BF-2902IZTV},0
{L1B0-Q3JG26TC-5647YUEI},0
{X8S5-L7MF30BE-1136TWWK},0
{R9L5-O0QO02MW-3582FLNN},0
{B7X3-W1XM86CY-6329GABR},0
{B6D5-G1UV49WD-7087YELU},0
{Y4P6-G7NV12NO-6377LAYE},0
{Z2E8-N5XW71ZP-5705MICU},0
{D4F1-Z9ZW95TR-1171YYKI},0
{F1O4-B8NQ96QF-5477GTEL},0
{Z4C4-U3FS09EM-1886CJEF},0
{G6B2-B9TM00BP-4277KZNE},0
{V9X0-J5MZ92NE-5410EUMO},0
{S7N1-G0RY04PM-2530REQD},0
{T8O2-L9OB10MJ-4206MSJV},0
{W9S1-C1OD80XP-4703LFGM},0
{A3U7-T3JL71JL-8140AANL},0
{N6W5-D1BI38CO-6294MPGQ},0
{Z4K3-Z6JY07GN-0671CKMX},0
{M2A3-T3OT43ID-1258HLFJ},0
{Z3E0-F7TY30HF-8916ZBHZ},0
{I0J8-Z4ST81AS-8933MOBK},0
{D1G8-T1IT42OE-5175XFJY},0
{R4B7-M6RQ54UM-7055JKLS},0
{I7I2-B3JN53XM-2048AKVP},0
{M2S7-G1ZG91KR-1111TUIF},0
{E8J5-E5SK57FQ-0460VZMX},0
{T8Y0-D5OH88DC-0513IESJ},0
{V3R2-C3LN15JJ-7462VYUL},0
{Z9F5-G8FJ57DV-8767JDUD},0
{U6P0-W1MV66ZX-9801OSFI},0
{Y7Y5-T1NT75ZW-2071FXHT},0
{E3L9-O1VW04YP-5829MXSM},0
{K5Y3-J6JA26KL-7175BEOJ},0
{D7L7-V8BG36DI-4639WLBT},0
{Y8Z3-U7MM64SR-1595SQVK},0
{P2C4-Q9QD38DE-1323HJSB},0
{Q7I1-E7JC47AT-3496UVQC},0
{U3C3-X2TS27NY-4511VQNR},0
{C2X0-B6LK36KT-6315IOTZ},0
{K7H9-A4ES86VL-8807LFXM},0
{U8G9-G7JR94TJ-4795KJMI},0
{V6H4-Q6UU96HQ-7350KTSP},0
{V3V3-M4FS79RM-3426KZQI},0
{R4U1-A6AU80YD-0553FDBM},0
{P9T6-B7US97EH-1117ZSUA},0
{T8N8-I8EM37JG-2361EXLI},0
{V1F1-R4GN79KQ-7853TJMW},0
{J6Y3-V8VG15MF-5991TRRZ},0
{E3L8-W5PV03GT-9808QJPD},0
{Q4A3-E7FL90PL-7980GTAH},0
{S4P9-H4HU00DJ-3384IRRK},0
{M4N7-I5FH88XL-4521OECF},0
{Y3N8-G7MN22AB-9997GIHO},0
{Y2Y9-H6YZ73SP-5384AUFW},0
{S6E3-B8IJ51MQ-6628FYTL},0
{F2J2-Z1ND19JN-0058ZCFU},0
{W7B0-E4UK50GU-4821JRSF},0
{Q0L7-X2TH84GT-7893AYCV},0
{S9H9-D2HF69WA-4421EGWT},0
{K7K2-I8WT67IL-1121RZFB},0
{Z9I8-W0NV16GD-9163SMPK},0
{P5V7-V3MC39UY-1891IUEX},0
{G8T5-R3RD00MO-6135VQBK},0
{N7P6-K9ZQ08RX-5205OBNM},0
{S5F7-U9BY85PP-2716OMMJ},0
{E7F1-M7YR38PK-2293HFPW},0
{G8J2-C3RL83QD-7382FHFT},0
{G3F9-A9VR56EU-3416CAOW},0
{S7U0-M6BQ87WE-3081HGRB},0
{A4C9-N0TJ70YA-1945SEIX},0
{L6O9-G6EL65OK-8150FJBZ},0
{V8H6-I6RF08PB-1779FURU},0
{G7I2-N2CQ16LF-3703BVJR},0
{U3A6-B4TO53EX-7509PDUO},0
{P5O0-L6UX75HO-3554NWCG},0
{E1Q8-W7FB63EU-7143VFCE},0
{W0D8-U1SI51EW-3911YIAL},0
{B8O1-T5QL88ZV-8496IKLT},0
{Z8J5-S0CZ03OS-8394JAQM},0
{W3C4-X6VC70AV-9357BLHC},0
{G6N8-Z4FS34CQ-8833SBXM},0
{I1Q8-Q0LN71QO-0332RMKE},0
{I6P4-J9QM51TI-6114HWDG},0
{W0M9-F3TZ56IY-1029CTHH},0
{M1X3-D6TR80KP-7692JAWA},0
{Y9U1-L7PY15HJ-2379TTZX},0
{R1S7-A3YG87QF-9462ZJAX},0
{U1D6-C2MR92FT-7306IMFD},0
{W6J8-K3BA20OC-3993RMCH},0
{U6P5-S8YX76GW-6875XUOK},0
{P4L6-Y7BE54HB-1666KDJB},0
{R2U7-V2ZG96OQ-3356GRYE},0
{U1X4-L8JJ48JD-5659JKVE},0
{N5W2-F7ZG76LK-3206AABD},0
{N5O0-T0XR66AN-4091GXWY},0
{Y0Q9-A8HQ46TU-6361FIVI},0
{K5Q2-Q9XE15JW-4811GSHY},0
{L5M2-W6WM42HF-0053OIWD},0
{U8F8-O7RA70LI-2660OYOD},0
{N3W5-K1CH94OE-1897AHIH},0
{Q3L0-H0GG87XB-3684IYRI},0
{K5I4-A3PW08IV-9423IRTY},0
{U5D9-M9SI58WM-0223ELMR},0
{X1K5-Q1WL01FE-4210CRCD},0
{O6L4-M0OF64DU-3520DCSP},0
{M1K6-R2OW82RG-9457VYOA},0
{I2Q9-A2LO66OR-2467JMSA},0
{X3L5-N0MN34CB-5500HXDK},0
{O3R4-I1AE59QQ-5882NFQD},0
{O3Z7-E5GI14EN-9311UGRK},0
{F2N7-N4JC30ET-8225FZZM},0
{Y3S3-Y5ZC13BQ-5563XBSC},0
{P0D9-A0HI36QI-3051OQAA},0
{Q4Z6-K6UC02PV-0647UCKG},0
{O5Y4-V6XK28ZN-9914FOYJ},0
{H1Z3-J1FV58PY-6205GYMF},0
{M2F7-F6DF54WL-0240YAOU},0
{E6N7-A5ES23JG-3126YVON},0
{Z7W6-N4NP95QT-4655SUMF},0
{R1Q8-G7XQ69YS-2738MBRE},0
{P9X7-Z6GZ65LV-7093BAPS},0
{R7O4-N0FR01UJ-2972ZRVG},0
{C2N6-S5HD66DD-2793MEMM},0
{A2L4-R9PN29LR-8904UVGP},0
{Q3G9-E1BV38TT-6446SUXD},0
{X0X0-N0WG09MM-3514PSYS},0
{B5H0-N5TB86SE-5250JCBD},0
{B0P0-W8XR71ID-1881QNBJ},0
{T5T1-B5IE85XJ-5061EZZW},0
{X6R0-Y4OL75TB-5507TPCZ},0
{K5W1-U7CN77EM-7749JCFE},0
{B1I5-Q7MC99EN-8535GGQL},0
{Q9V5-K9WL63DC-9655ECKU},0
{I6A2-G3UE77MA-7402SPEN},0
{D9A9-F1GM06HV-7040RICE},0
{K7C3-G0WT93CQ-8087EROY},0
{I8R7-T6SC06LF-6125DHEF},0
{Z5W0-S8FA75IH-2544ENPA},0
{L5T2-M0FP36RX-7496TURX},0
{M8V8-X0IE73VU-7037NCIS},0
{P7M6-W2CZ92MF-9139WASN},0
{I0P9-A9AN27EB-1420BFHT},0
{U7N6-V4KF49HZ-8480MHQH},0
{H3J9-H8VD41WU-3863JBKH},0
{V1L9-V3PN78JZ-8911PLAJ},0
{A1O0-T2PX71WE-3984YLKJ},0
{F4X3-R5ZM65TP-5076PWQD},0
{I1B6-O6DL63CN-1254LEEA},0
{I3Q6-E4QV91OP-9082LQJQ},0
{N9D2-A1EI06KF-0936CPZM},0
{K9R0-I9PD90PS-3226SKDI},0
{W7Y5-N4BB57VG-7453OZKT},0
{Y3N5-E7TH01WJ-4813JQWQ},0
{N2R8-K9VK51VO-7500EEHY},0
{Y3O7-X8BS47EZ-8054QNEX},0
{P2Q3-R1WP06GR-1866SRVD},0
{C4Q7-F3UR10FS-4193LUGF},0
{D6Q9-N8YR33SX-8934HNSY},0
{G9V0-R4LB45HJ-9220JBUR},0
{E5Z4-Z4SB76TI-5671DKYR},0
{C5B8-U2CF65ED-8013WWNH},0
{P5M2-E5XA52FO-5875ICVL},0
{H1V9-X6JY27JM-8290OYFL},0
{T6B2-C9XR54OA-1521PULR},0
{N4V3-X3YO25YO-9021XRJJ},0
{T1P6-G2NT42GA-1907MFVY},0
{P8C9-U8TL28AP-2242JYDL},0
{F3O1-C7KA46TF-9236YFHC},0
{Y9K9-G7WP87OM-9492VSBO},0
{R4P4-I4PK77ZJ-1627BWGT},0
{L6H4-O5DJ94PR-8133LMAT},0
{T7P3-J6TI13ZA-9171NBUI},0
{K9R4-Y2GC61QA-2831AXEE},0
{L2S1-Q8NC33BV-8394FAPU},0
{G4B0-Z0BE37EK-8159XKIA},0
{E7H3-L0HC75LW-3466AYIP},0
{X0J5-I6NO12CG-8899NSQA},0
{D5U8-M8BA54AB-8117BSDK},0
{Z0C0-B8SA52LX-1294FYTQ},0
{K4J1-Q1DG10NE-0512URYN},0
{R1S4-S4VE90IW-3560SENW},0
{P4K0-S5UI91KA-2238SCUP},0
{L1H6-K0NC93TK-2781RVFK},0
{H6R9-K0VT95BN-2378VBVL},0
{N6O4-Q4CL34TR-3378WAHT},0
{C7W0-M9QB08BT-9717ALDH},0
{U6F1-S4ZM98OI-3256CJJM},0
{F2E2-P5KQ52TH-9001PLMR},0
{X9K4-K9SQ41OP-6006QVQK},0
{Y8N6-J2OE94PI-5370GJTB},0
{T4R4-S3HD13MA-9197ATHW},0
{H3K1-A6LE24XK-6404URXD},0
{E6B4-B1LD06AZ-1560WRBU},0
{O6S7-R3DP60UP-0001QGTG},0
{H1X1-Z0VE22BO-5822IUBR},0
{E0U4-H5AP83FP-8273FYIJ},0
{G7Z5-T6TR76BI-0435WTCU},0
{M6N8-R2XZ57AH-6761HIBQ},0
{C4V2-P7ZW26PE-3327YJLW},0
{B6L9-C1YA69BE-3394TKOF},0
{C6I3-E6YZ78QC-8080GTBG},0
{K9Z3-R7AG83RE-1748AOGS},0
{I5Z5-F0WS67DV-9017QCAM},0
{Z9N3-Y3DJ48SD-8084JITC},0
{F4C3-X6TW06FR-6690VKJK},0
{W2C2-I0BQ51MD-1044DGPT},0
{I6U9-J8BE71YQ-4578YDYT},0
{N7F0-M5CD93IS-0804GCVB},0
{P6E0-M6IT88KC-8710AOMG},0
{S5F5-U6BR03XN-0844ZPQQ},0
{I8N3-F0SU44BQ-4288GXSV},0
{L1A8-D9RB35UJ-8583WDCV},0
{V5P9-E9IL58YU-0144WNVP},0
{I2V0-O5BM07TK-5754YPVU},0
{O3A7-W2MI13IU-8961IGNU},0
{K1A9-F5PK61OZ-1268FSUG},0
{J8U2-K8VQ80FR-0271ZDII},0
{I9C2-Y8SV79AX-6088DIXI},0
{N6Q3-M7AI84WY-8318GJFN},0
{Z1O2-I6SD86QM-9534ZKKS},0
{Z1A0-L0LI52UY-5401EJWU},0
{J0H9-G9GE31AE-7137LRNX},0
{O2K5-I0LY80UR-2637DGRY},0
{I0P2-M8HQ66NP-3229HSSE},0
{A2N7-A8NS27GW-8406KEGZ},0
{R4I0-V6HL19NE-3972MTDK},0
{C2B4-A2TZ61CI-0939ZNCR},0
{A2O9-Y0II23PS-8723PZEP},0
{P4V0-W2CI23QT-0575XQHV},0
{B0G7-Z9AM79FZ-9175UFPC},0
{W1Y2-E2TY74QJ-6755PTYX},0
{F7Y4-K1YF64NS-5422OZJD},0
{B5I3-X0PV92AD-0122XWQL},0
{X5Y4-P4NK97YQ-9443VXZA},0
{Z5X7-B0BZ70ZQ-8860QQRJ},0
{C4X7-I1OF95MB-5006TCKG},0
{J7P8-V6IY93EG-5305XHJC},0
{D8O1-J6YO42ZV-8254DLGW},0
{L5G6-Y5TZ61VK-5500FEVP},0
{J5S2-U4HG05YY-7475WCMM},0
{E7Q6-Y4YQ91KL-6886VDRN},0
{L0C0-C5BN62MM-5587GRQD},0
{Q0Q0-H2IN25XN-5396XLZK},0
{K6G9-J1HX95IC-9195QIDY},0
{F6V5-I9KR97SO-4478JRBB},0
{N9E3-Z9RP83JZ-7268VURE},0
{W5X7-F8WP69WV-7856PJIU},0
{F3O4-J0HX10ZF-3810RPLV},0
{L9E4-A7JV51DI-5387HERM},0
{Q6R1-L1DP63WT-6701FXJN},0
{Z9M9-J5ZX27UG-0252IRDL},0
{Y6A4-Y0CP13PY-0580IYRC},0
{U7O5-Z7ES99WC-3228PRBX},0
{Z3B5-G8NO89NS-8978HRXZ},0
{N7V6-Z3JI63BJ-0856CNIO},0
{E1N6-W8GZ35LW-3671JAMI},0
{S8E3-P0JR32VH-4488FAOB},0
{W7I5-P7MV56YY-5219TMUH},0
{R9R9-L8YR05HE-7011AFWG},0
{Y7J0-J9BB24BF-5203CUJA},0
{R2B0-A1NE21UQ-8519YWHG},0
{U2K9-A7XC81IA-8520KDFJ},0
{Q1B5-V5GF32ZT-7714UESZ},0
{Z2Y8-A7OF69IZ-9881YNHO},0
{G6P0-I0AX88JP-1027SGUT},0
{X8V5-E8BB82VC-3593NOUG},0
{W7A3-T2UY17OI-0963TDBD},0
{C0N2-K4RW07DD-1529MZWL},0
{Q4F4-V6YM09ZN-7650TSCU},0
{R6J3-M0NM68NX-0135SJRM},0
{J4K1-H2GQ46RU-0147MEQI},0
{T0S7-S0QS09BU-1261LLFN},0
{O8T0-E5MO67BN-6912UXJR},0
{U1A8-O7GS78GF-9902DGAU},0
{H0Q4-I8OJ73UB-8860KGRV},0
{X3M0-N9WQ14UL-5475EHNW},0
{P1U2-N6AP17CI-3920HKFQ},0
{B4E5-O6LW48ZH-9179WCDL},0
{L4C5-D6IG08YL-7363FWHR},0
{F9S9-Z3DA15JU-2151PQAK},0
{J9G7-H9SD01FY-2857MMGO},0
{Y4C1-R6DD59XZ-5490WRHD},0
{H4G8-S7HI67FS-9926YALQ},0
{F7J4-D0MF18WR-7188USLG},0
{D2Q1-V3WR56CF-0182UYRE},0
{A5D2-N0YF43KO-5074ATSN},0
{I3Z3-V8ZZ35NU-7432HQTT},0
{V7K8-G8QN92NC-5988WQSP},0
{Z9P1-J5LT73SY-0188PCGM},0
{T7C8-K7UD24BO-3793ELAM},0
{H3L2-F0QV53NR-4272VRWC},0
{X4Y1-W2DR87LE-6773HZFM},0
{X2Z0-H8WR36PF-7525YQUE},0
{Z5T8-R4JU49UY-6817XJDR},0
{W7D3-V9MQ82TQ-2384SHDU},0
{F6A3-I3UF83YB-2640LBTK},0
{U4G4-X0IE26SC-8083CSYO},0
{F2N9-Y8QU14ZC-8820JTNG},0
{V2W9-W8FP60DC-7886CPFL},0
{R3F9-C8GW19UT-4426IQXP},0
{H6Z3-C6EP54JB-1125APKD},0
{V9M5-D6MX51WE-3530OJVT},0
{S7K3-U5GV52UV-8369QNLB},0
{H5Y4-R3RQ08QW-8116JAYK},0
{Q3D5-R6YZ45SZ-8622GDYM},0
{G2T9-X0BG93LN-3279SNJF},0
{G9Z1-T7WP00MS-3977GOXE},0
{I5K8-J3OP69VZ-4330IMFX},0
{G0Q8-E5JT87DG-2264ZJOU},0
{M5T3-M4WG82HJ-5830BNWF},0
{Z9X1-C9AU55SH-1149DTSE},0
{P3Y6-D3BY80VV-0060MYEJ},0
{B5T3-U0GC46FB-6112WXMY},0
{Q7Z5-Q0JR68BW-3163CIYH},0
{T8P2-L6LQ92BY-8605URFF},0
{L3M2-V8JW30JY-6647BQPV},0
{A8U1-U4CS78PY-8964TYNR},0
{U7U4-A0XZ78DS-7757LDHO},0
{D5J1-X0OV53MY-7995VCPU},0
{L9S6-F8UP06PS-5907RSNV},0
{C0T7-S0QB44HL-1991FSCT},0
{J1C5-J2HO99PJ-9480XUUH},0
{L5Q3-D2KE31QQ-6727UTPA},0
{K9G6-C0GO70MR-6571PXTS},0
{I9Z5-S1VQ74NJ-2440DVED},0
{X3I9-F8PQ41AY-0329YBKN},0
{R3Z4-J4XE95BM-7839IVME},0
{F6R8-L0VM11CP-3633WTUH},0
{U8A3-V2JL54GA-0736JRZP},0
{I0Z2-Y4DU83RY-4247ZRXG},0
{M9L3-T3NQ63VX-8885KIPP},0
{V8B9-A1XH34YS-0070VBFT},0
{N3L9-F9WC92RV-1607QKMA},0
{P0I0-W1DA44GD-7744NMWA},0
{Y9B3-T0MI93DY-0360KCPQ},0
{I6T4-I7DT89EG-0920HJIQ},0
{W6G4-Q7FC61IO-0529BAMV},0
{O0L8-N2IR40CJ-2925WTKO},0
{N3I0-S3AS91KZ-1765TAMR},0
{L4W0-J0LN60IH-6016KYXZ},0
{W4K7-P6AC96DL-1038BXUP},0
{Q3G9-C6ZA55XB-5951OTEV},0
{P2U9-J5VE78UZ-0147GGZF},0
{H4E2-F9SR31ET-8363BAYR},0
{W4B1-E0JI15WN-1341YEZF},0
{P2L3-J2RJ84UK-5034PLQR},0
{E8D5-C4DW66OE-1074MHNA},0
{S5J0-U4VF49MO-9427JEHD},0
{E2C1-Y8TX31SP-2157MYUC},0
{H7I6-R5BU15UC-5154KXRN},0
{X5T0-H7EO83EA-2950IYDK},0
{M0L9-T9AA08HK-6341ZAYF},0
{K9D6-M3IX33GO-4946ESXX},0
{V9Q9-X8VV61GC-7235RTGN},0
{S7H2-U3VS88ZK-2830LNDT},0
{W0L8-B7EI91FN-8930MVPI},0
{V3G1-N4FT47YI-9334TAFQ},0
{C0W4-N3JN38RB-3406IDFB},0
{T3H4-U7NV54QD-6508FLLV},0
{G4J6-U3EW90JO-6188IAVN},0
{V2P5-M4BO65WT-3919QYJK},0
{M0Q4-P9HL76VH-8384KHRO},0
{A3R8-O1RQ38NV-4846GQUJ},0
{A2B5-R0UA44YS-8210EGDU},0
{V8O0-V0QW33MJ-3670PXBL},0
{H3K7-G1LL91PB-4098VVIJ},0
{K2T5-S1XM56PG-2424QXTQ},0
{J2O6-B7HA31EG-0667TCKB},0
{R2E9-O1JU97UP-2120DPTT},0
{T0S4-C2TS65JW-4771FYTK},0
{E0R7-O7XL35HS-8503FVDQ},0
{I3P9-L2BO47OQ-0866LXAF},0
{O0A2-L1BB81QC-8628ILJF},0
{H1Z4-A0WE70YT-9507VCYJ},0
{C5R6-U5NW45EW-7204ZHOZ},0
{C9R8-C6CG03JP-4874WLJI},0
{H8B5-K9YX12VR-2035JTCX},0
{W3T2-C9FL44GR-1543ZTRZ},0
{T7K6-Y4VH83TK-8482BAKP},0
{X6I4-Y2GP41LZ-3527TRGO},0
{T7X4-R2XQ18PN-9640SOPY},0
{V9R9-F0BJ75SM-1026NKJJ},0
{V6G7-A9XG26BU-1501ESDE},0
{D0A0-T7FR11YZ-3812LZXN},0
{P4S3-C3JO42VM-9210IQBV},0
{C4G3-W8RF70SM-5264LSGS},0
{K8Y4-R6NM85RH-6977JJJF},0
{D7G9-U0JD23ES-2986WRPT},0
{B2O6-D5SL62JQ-4681BMQC},0
{R6F4-W4CU54RR-7134ZHBD},0
{Q5W6-Q4XO47LO-6299FNGE},0
{K8X2-Y0QY55JP-3654CMSB},0
{L4S9-A5SV51XV-0573BUCN},0
{N4T9-X5MW77FS-0265JOWL},0
{D2V5-R5ZP28BQ-9030KEXP},0
{Z6Y0-S2IO46BO-4856YFAG},0
{U5V2-F7AB35YM-6635NFSI},0
{R6I9-X5JI82LE-1573ASDK},0
{P6R4-O8ZL61PO-5535XBFV},0
{R5W3-P4ZG59GP-1592MTHT},0
{O1E2-N0WI24NA-0076GKNE},0
{V6F5-A1UA16VI-5400ARRD},0
{P4X4-F8SO43MZ-8870SDJY},0
{S2W2-Y1KO52DC-7029DWSG},0
{N9O6-T9JI87DD-4664UXMK},0
{S8O3-H5TY71MD-3574NPYN},0
{T4U5-G5YT49RK-1355HDJK},0
{J1K8-I8MJ96UR-2185CUOO},0
{R8B4-C4QE81TI-4575YSEQ},0
{Z6B0-S2JC89PI-3176HGPH},0
{T2G1-U7GD68OX-7373LJDQ},0
{R6F9-D0PD39SG-8812PNLR},0
{A6E1-E4JG91TG-0622QHVT},0
{T0S4-B8DG16WP-2994CLOB},0
{S7A7-X0NW96HV-1066HTDP},0
{P0C8-Y1ZH29ED-2098IOFH},0
{K2Z0-E3AG42WN-8307DCAJ},0
{O9L3-W4UF04CS-4515HADY},0
{C8D8-J1PF55DJ-0194PACC},0
{H8V7-O0AI69YN-9187CBHH},0
{C8O2-L2BW92FC-6535DUCJ},0
{J7I8-K9OI31FL-7873USHL},0
{K9M6-H8BQ51TA-8064ZYNV},0
{W0F2-K5ZP90CM-8236DGXU},0
{J3N6-K1IS78BM-5083CGFT},0
{G0R5-D0KW16CY-6647ZBXU},0
{B2W8-M4BI96HU-1286EKZG},0
{Y4I7-A0LD22UN-7647ACPE},0
{Y1R0-K1YG77QW-5501QKSD},0
{A7T4-F2MI52DH-4691ERBM},0
{W5G7-I9LV29VK-4099GLGZ},0
{G9P8-O2DD73NL-5839QPFQ},0
{F3T0-R5XX90QE-4762LUGJ},0
{Q6N5-H7AM81FH-8227NBCB},0
{L5A6-I0QM57XF-3561HAXT},0
{V2T3-W3FC64UF-9811WVXA},0
{B6D6-K2SE68RI-9751BTNI},0
{X3K9-M7YL26GR-8053PBRJ},0
{J9D0-K3BM25OZ-2212BGPL},0
{A8K7-I6SA62XN-1277EVWD},0
{B5Z9-M0RR23UT-8840UUKM},0
{U5W5-H4EQ10FL-1797LOIL},0
{P9A4-E1ED00YW-7409JSYJ},0
{S5Z5-I1ZR16TR-0467IYFL},0
{V2H8-E5AJ82EE-3597NYJD},0
{W2T3-G2WY03OD-7034UAKY},0
{Z7R1-T8OQ39JW-9522PLTG},0
{B0R7-X6FV03CU-0790YFTK},0
{G2L9-C1RS74JZ-9279RFNM},0
{M9D4-N6EQ63EN-6493DEQS},0
{G4R8-T2AB47TC-8087ITLF},0
{Q3R0-L9VO36LF-0686DEKZ},0
{T0K4-I2JF28OT-9860OZQA},0
{S9D3-H7HO92OS-6420MXJK},0
{Z9G8-G0KV44RP-9254TSVY},0
{H8Q1-D2YB38DN-6390EHYI},0
{M0L5-M7WW86GP-1382DADU},0
{D7E0-D1AB59YD-3476CRSR},0
{D6T9-K8SC23JJ-4005WGEP},0
{W3I1-O7IG65TD-8478TEWW},0
{Y9Y5-F0LM56EB-0414ERVT},0
{I0X6-S0YE35DM-2887CQIJ},0
{A1F0-H8GQ18JK-9092MCXE},0
{F3H5-V1OP30PA-0843KVRX},0
{Y7M2-Q2SP68KY-4839TNQS},0
{R9P5-Q4RK26ZR-1749AUSQ},0
{T7L8-T5HB39TY-4420BJWI},0
{Z1V4-S6PP57ZG-9093XDZO},0
{S2Z2-V1MY84KS-3307UMRM},0
{W6Z1-F4VK72HP-0997UQMI},0
{D3D1-G8EZ63SF-2069HEIL},0
{I8D9-V4CP14PI-4243THDW},0
{K2G9-A6GA81OX-9465DWXH},0
{X9B8-V4TA01TK-9706ZSBK},0
{X7I0-P7XZ89UH-6138VUII},0
{F6T2-X4VB20GB-7375CXXG},0
{B7W3-B6PP07NG-4351FYRO},0
{G8A9-U9TM26XY-1130SIVK},0
{H8I6-T2MN03NT-7040FXYO},0
{O0V5-T3NG50OW-7337EQMA},0
{S0U7-L5QH14AE-7362AMJS},0
{G0M2-U6FZ26FQ-6249LHJH},0
{O5B3-N6NJ12OI-5995UTFG},0
{Q1I1-Q4GQ85JS-3029IRME},0
{U8I3-A0GO88BD-8464HRXI},0
{F3N0-G2BU27TT-7376JNUE},0
{P1O0-H0OO57YU-6583MAPM},0
{S4L2-P2YX36CR-2035KAJL},0
{J5D5-E5NV45DD-2683BZHW},0
{X8V0-Z5YY98AO-1606EUJU},0
{U0U5-N6BZ49DP-4889UITU},0
{H8E5-E6BN25DI-2169YBAY},0
{F1F8-G0RA89HU-6868KOBY},0
{P7V9-C9UC79PL-3161MLQZ},0
{J0C8-C1DZ35SZ-8862ZWNJ},0
{A2R9-S2UK07UX-6259AWVE},0
{Q7B4-O0PC45PJ-4343TSAP},0
{X3B0-P1YI59AZ-0860XFUR},0
{D0O7-A5RQ34KC-1409XFXS},0
{D8D8-R9MJ50JU-4125VTHG},0
{M4V5-T2BC52RJ-5293TOUP},0
{B1W4-U8FV84LG-5595EFDT},0
{Z3V2-O1NX07JB-3202DDEM},0
{C6K2-L4TG61IK-2036AKTM},0
{F3S5-J2YO75QK-9433FMOW},0
{T4P5-U3VG37IU-5393IUUX},0
{B5R6-J9PG30YF-5930NZET},0
{N7D6-J3WO58OE-6010UJMB},0
{Z1M7-Y8DS38JS-8534EEQK},0
{T1R2-Q0JH57YF-7005KLRE},0
{C8G5-U2XG81KE-2445MHFS},0
{S9E1-Q7IC12CT-7522EYPD},0
{K8R7-J8ZR14FW-5611KFQB},0
{N1W0-J1NG05RR-1241RFFA},0
{B1E0-Y5QM65JM-9120IDKC},0
{K3D9-D1HU79KZ-9544JPWW},0
{X6L1-G1TG61MW-6540NILU},0
{A1N7-R0EE04SC-8647DLGP},0
{Y5O7-F9DA51IK-8605KPGO},0
{Z4T7-R3KT65WO-2755ETEU},0
{Y0Y7-C9MU33QO-2128UVNX},0
{F7X2-I9FJ80FQ-0879GDNK},0
{L8I9-Y7AL92VA-8319PYLS},0
{Z4T1-K7QZ19FI-2984DSPN},0
{V8R7-B1FV82UW-5415NSJY},0
{T9H9-R6YX03QF-7831FNNM},0
{U2M3-I9ZA20CJ-1534XWKV},0
{N1P7-X7VL17TX-8070NDAY},0
{D9N0-S8TE03SN-4008DVSZ},0
{M9N6-U4NL60FM-9181VKGT},0
{L7H4-S8ZT07SJ-1724PQCL},0
{R9J3-T4AK39HE-3819AQNX},0
{J6Y4-E3PA87RD-2378XUVD},0
{F8C5-V1NX10JP-7845VYES},0
{F1I9-M3HW39NW-5650CCKP},0
{M7Y3-O8YZ80ZW-6070OZZK},0
{B7F8-L2LJ38LX-1636GUYJ},0
{R4A7-Q5EA54WN-7357VEQV},0
{F6G7-A2XI14QT-9280SGZN},0
{K0K8-P2FH52GG-9919TLNY},0
{S4F9-P2UJ20SB-6438WVZE},0
{P9T8-J3YG36VZ-5482YALZ},0
{S3O9-I5PY96XQ-9699QYOU},0
{P6A4-K2HM48CA-4322XRMP},0
{O8V3-M0FQ46IC-6338RZQG},0
{V7O9-V6TS70OE-0408GNSS},0
{C9X6-R0ZR31NF-6155FHXC},0
{L4V9-R1EX73PK-0884LNBB},0
{Z8N0-Y4AU43DW-3233IDWL},0
{Y9Y0-T5QU77FA-6141CJMH},0
{J4E0-Z1XP60JA-7971JZVY},0
{M4S9-H2UP24EH-0128XKUI},0
{P2Z9-N3RR44FH-1163BMQB},0
{X1E1-U8SW22OR-7884LZIF},0
{N2L3-E6RY71OP-2002MBPM},0
{H3X6-M6WZ11ZL-8563RXCR},0
{V4C9-G4PX32UT-9934QFAA},0
{K5W9-U7LL72PB-5452JPZY},0
{Y8Q6-U8YE20IU-9851NNOJ},0
{Q3X5-K5RE99LP-9957IEHQ},0
{E3Q3-X0VV06FT-0929MWJQ},0
{N3E5-D7AC65BW-2123OOYX},0
{R6T5-T5US81GV-2150MHAH},0
{D6A6-K7AG15SJ-8665KQKD},0
{J2K1-B4WX24NO-5029BXBP},0
{I1B8-H6RS18GU-7415PXTG},0
{G6Z0-Y0RJ70NP-4077CRUW},0
{K3H8-Y8PK44IP-1722WDCR},0
{H4V9-M4WO45BO-6599SQXV},0
{E9H6-J6HU38WC-0228WLIK},0
{G1A4-N3ZA37QU-8545XIQA},0
{P1O4-O7YQ85RD-1038ACZC},0
{P0L4-Y1TA66TY-7181OBSK},0
{R5O2-X8LK66NR-2417PRVH},0
{B4I4-F2VG28GO-3627XXNQ},0
{D1N2-Q3UW43KM-2984ICZD},0
{V6N5-S8KK95ET-4920IUGX},0
{M9V3-I2LT72WJ-9222DOFT},0
{U5T1-D9KA04FJ-7395GVQZ},0
{V1L8-K8BJ85HH-2140TSGT},0
{J6N5-P7PW19VO-2356NFEW},0
{G6X9-W5IH28DO-8928JRAZ},0
{B3N0-G5HM67IH-5444JHVH},0
{L3S3-B3HQ59JV-6750DGTL},0
{I9W3-C6NR98BE-6718ZBCS},0
{M8Q2-V5FE10MF-1791BVAZ},0
{L0L3-V2EA96GL-9432TWFU},0
{D5P4-I3QL94BX-1497TLEC},0
{G9C8-I2MF34EB-4460SMMN},0
{V0H3-O0BM78OA-0643YFBF},0
{Z8M9-E9MN33FX-8065TDEE},0
{N6K3-Y8EK34AF-4345UUUV},0
{R9V8-W6PN55MI-7631UYVL},0
{G9X7-C9RP52ED-3376GJCC},0
{C4H2-I5VF74MK-6528HPTV},0
{Y2O1-K8GX11NS-9865WHXF},0
{T4K0-G6JB12RI-8116BQNM},0
{B8C7-P1HL07EQ-4737CHUV},0
{O2R5-H9YN14FE-4293EWYH},0
{W5C5-X7QM47CN-4547VDHV},0
{I9K4-U6BC24ZP-4771TXRP},0
{H9H8-T7OL52MW-9915HPHX},0
{A2D9-H8KO49DP-6820QVJR},0
{B9V9-R2IB03NH-6192QAUA},0
{D2B2-E1KF75SS-1339SZNF},0
{R5U8-V5LE84CE-9020AQBT},0
{I7D4-R8DO78XG-0059GJUS},0
{A3F0-R1FJ52DB-4584QTEZ},0
{V9F6-N7UN90DR-7838YKII},0
{X3T4-H5CB23DX-4451RHFK},0
{E5X5-P8TD93JO-3169ICGT},0
{Y1T8-O6IA15KP-0843EPTO},0
{X7G3-J5WO05JZ-3403VLSC},0
{D9X2-F7RP62MC-3917PXJE},0
{O1K0-Y2VR55ZN-4341UTSL},0
{V9F3-J7GB66ZJ-4443CMCI},0
{E4U1-X4BF93OL-1579BEFR},0
{K6O5-W0MQ84IH-5231SGTQ},0
{M4C2-C9AY81ZG-1226YXKA},0
{E6P0-S2CK43ZB-1178EFKY},0
{P0U8-K7PL69DF-5976USIL},0
{S3A8-D9SV37ML-9522OTSJ},0
{P9A2-G1RT44VM-6887DWOW},0
{I9J5-W8MW33AR-8858DSHO},0
{G9U7-R2KR15BV-0833GRAF},0
{D6O8-W6JX15HF-8447JEXA},0
{S3E4-H8WL84TJ-1335KAIN},0
{O5K5-Y5IS33ZT-6220DWZO},0
{D5M0-L4EU55OC-5784VSLF},0
{T6K5-K9CY67AS-6893KMDN},0
{G7J5-T0DQ40RU-6703JAPH},0
{A3H2-F6QG44QI-8444ZXAQ},0
{U5J1-K2IQ31SF-0988GAVX},0
{B1I2-K8GX09TL-4173XBWE},0
{D4M2-K9PW45HY-8565UCNE},0
{E1G2-M5IK63LU-4245JKSZ},0
{D9H4-P3XR56OU-6487THXQ},0
{F5X1-G5CN92SQ-6416AOBL},0
{P1R0-U0AT08BK-2276IZGY},0
{W2X8-D3TD19HA-9405XKNQ},0
{O9I3-A6ZI62HM-7688CKZC},0
{T5B4-I5IO75TW-9488ZFBT},0
{C2P6-P0NS69YW-2194WMDE},0
{E8Y1-X3NZ02XX-4694TICS},0
{L6Y3-P7XW57CN-2647XHPG},0
{Y3W8-W2QC56QD-1776VGCG},0
{B7T2-N4ZI76LT-8627SXHF},0
{F2F8-V0CM86PL-3131SLKW},0
{Q9U7-V5BB99DV-9457CZQD},0
{U4I0-V4YF08SS-8541KMVH},0
{V1S4-I4CZ64BU-4611PSZL},0
{A5O5-R6TZ75ST-4807LPSW},0
{E1X1-E5SF77AI-7117BSCY},0
{S8E4-E2WQ64ET-6664MWUW},0
{P5F6-P6LK18OV-9725DTQH},0
{H5G1-S8UL61OC-1257CPAH},0
{A8U2-O8QB03JP-3769PTGZ},0
{I5T5-K2HW98RA-0918HZKL},0
{D1C8-K4UK22IB-9126QRWT},0
{P1A6-R4XX06LJ-9111RFTD},0
{T3R7-A0AV10FQ-0514BMLF},0
{L3Z3-V9LZ61PC-6350DCEB},0
{L2Z5-A7ZL66ER-6606QNRC},0
{V6L3-H3JK75RY-1791WNDZ},0
{C5Z7-U0HJ63QL-3522FGZI},0
{D8S5-A2VK64SS-5325ACKU},0
{F5D5-B0PL91TF-6827YFYT},0
{M1W3-V1FC84CX-2361MZLK},0
{M0L8-O0SL60WU-4710DRPE},0
{J2U5-B7OW11EE-7382FTUA},0
{K4V4-F3DF06ZN-0529MUJW},0
{M9H1-S1RW00YQ-5570MVJI},0
{E5J9-P1SB23PE-1012NUQM},0
{T5W5-Y2WQ04GK-0440PBEK},0
{T9Y9-M4QY26IL-8470RBUC},0
{R1H0-C6DP63RR-0132VNML},0
{Q7B2-E8NZ67VB-6139ZWMD},0
{A9G7-M7DQ74QW-1167DCVX},0
{V8B4-R5ZJ02OT-9384KWCC},0
{D5X8-X9GF78HT-8580XIRC},0
{E7K0-J6LB91SP-9520HBSN},0
{Z6M8-L8RG62LH-6770RFAK},0
{Q4J8-K8PP73TU-3095FZBE},0
{X4A8-D6IX58SS-6922YMIZ},0
{D8S2-X5OR40ST-4161IHFR},0
{O4S6-L4AZ09YR-8587XAYR},0
{E3T1-K3RB31MK-8454HQVG},0
{H4C9-A9ET46KZ-8509VXKC},0
{L2W4-X7XO84KE-8091AOXK},0
{O7I9-T2UZ74JJ-5477WPTC},0
{Q9X5-X7OC18UV-1944BTYW},0
{U3Y4-I9ZD01DL-6747OMCM},0
{U1F1-I1HP21SK-6540OYXE},0
{R2A8-C7AE76TV-8497HCPL},0
{C9M2-D0HF51ZN-1942VIBF},0
{U1U0-M7KT83VB-0663GYZM},0
{J9Z4-R9LC35IW-0477GGTY},0
{Q2A0-J8ZM50HX-5645GVGF},0
{F4N0-J5VK70GA-0395OGGE},0
{G1S3-B6UV19PV-5949ENKA},0
{M1I4-K9WW28RW-8292PLIY},0
{B1B0-T1SV51II-1442PEBT},0
{Z2U0-D0HE89HO-6560PMAL},0
{D8D0-V7OH90KX-4393QECL},0
{I4S5-E1JG26QH-7752UEPB},0
{C9Z3-O1AI55SS-2142HBLI},0
{Q1I5-V9MN98DM-8767YCSH},0
{O9Z8-L4UN27ZN-7260GQAQ},0
{F0V3-V6UR19RU-0830THMX},0
{T3T5-Q9FG50TK-3984WWOK},0
{M1C4-I0BT66MT-5641NFEX},0
{T5Z9-Z7YG33HA-0439NVFD},0
{W5D5-F6QS44TB-3313KSMJ},0
{C8A0-K6MR71US-2812XFGM},0
{K7L9-F0ZM87IE-2715ZHIH},0
{W5T2-S8DE62US-2802DCYH},0
{J7S0-C7VZ32RN-0643CHGV},0
{I7D2-E5XP26XK-3363JBMB},0
{C7N2-F1IT54TD-2853ZDKW},0
{W5U3-E6UX45RO-2887AADN},0
{R4W3-P0OK55EE-2113KSTQ},0
{E9H5-X2HJ01LX-1572NBAC},0
{Y3Z2-G6FH27WU-1756UFTL},0
{W2D8-Z5BX21ZQ-5054JTMI},0
{Q4C4-D3QS47IE-8349LHUA},0
{A3B3-D4RH70DT-8331XQZO},0
{O2T0-X4CE66KH-4682WLIF},0
{X0A1-A7MY17RP-8660KHMO},0
{S0G9-G8JU38XB-4537JIZV},0
{G7W6-A1HI75QR-2721XBZV},0
{R9G8-R2OZ51ZQ-1097CQQD},0
{P5O9-L4ZY60KF-5576NMOF},0
{I7X2-F8TS96YG-7287YEUD},0
{M7N9-N8JR92DV-9878XCFI},0
{A7Y9-O2XS08EG-3196TLNO},0
{X1D7-M0CA90PC-8512UERV},0
{N1U1-B8GF31CF-6878HKCY},0
{C5G2-M8PG56KY-1816SGIT},0
{Y5D2-D4CH59OZ-3586PLPZ},0
{K3J3-M7IQ67SY-6301NFJT},0
{V0R2-H4OD74UU-6039JGXT},0
{X5U4-Q7YN26KW-2463PQBD},0
{S9Z8-S4BM45YS-6422FNDR},0
{X1E4-I9HR87KK-1966VRZW},0
{T4C3-J5HX18VN-0407AMVI},0
{X8V1-F1UV34WV-0378IKSJ},0
{Z8B2-P3OB25FA-6694WQQP},0
{A1X4-A4SZ20GP-5210SRFG},0
{Q6P1-F3NF04KP-5760NYBQ},0
{H5A8-K9AU32BO-2638ZBIM},0
{X2X0-A4RV12TW-0504GMIP},0
{T2Y8-M7EY74SG-3467SVVM},0
{N3S6-N4TM54LN-7868BWPW},0
{U2V2-S9WE12ZS-2491CUMO},0
{U9O4-X9GM35JB-2621MFIZ},0
{T4R4-J0VX72OM-2617NITL},0
{D3G4-T7AZ41JZ-4575HSBQ},0
{N1K8-V9TT93BH-6174EPAJ},0
{P2K3-W0FA57LB-3202VYZD},0
{E3L2-W1UV31CW-1811HFUI},0
{G7E5-K0YA85FU-0678SZYS},0
{F2H5-Q2TP40VQ-0727QQEO},0
{Z8T2-T9JR30RN-3407HFOI},0
{K4W3-D4JQ82BQ-8996YVAZ},0
{A8Z8-X1DL57ZX-3300IXRE},0
{E7F2-C5PD60VA-1741KLCJ},0
{B8L0-B8MP42QY-4235XVGA},0
{V7L3-L4XV98LM-3629PESD},0
{X8K7-W5JE26BF-2246LUGO},0
{B2F8-D8IH75UI-5898WBCC},0
{K1D3-P2DF23NO-3448NILJ},0
{V4S2-V8RS59HP-0912NAFD},0
{Y0H5-L4TO60GM-4425LIBJ},0
{O4V4-S1JV44KH-3292MQMJ},0
{C0T9-L3VF29FS-6579SWTN},0
{L7V5-B6HM55EM-7165NQDY},0
{Y5M9-Y8BD76FK-6659YYMT},0
{A6K2-F5WD08CJ-5742MAQG},0
{J6C4-R5PR34KX-1908BYNJ},0
{M4Z1-G9CA27SU-4189WGGH},0
{K7R2-B1KL63CI-1064FGKF},0
{R6B7-K3BE65LN-1260POLR},0
{T0R1-I3OQ97ZB-1848YRKF},0
{J9A6-H2DM14UL-7087FRLM},0
{T5V7-V7ND37NI-6043JLHD},0
{T5K0-I4VN76DY-3227NZRU},0
{Z9B0-Q5EK85MM-5855XZJJ},0
{U0N0-J6EA59IZ-9778TOEA},0
{B7L2-Q2TE47OJ-4930SBBZ},0
{D1Y7-L6MR61FE-8294BMPO},0
{T6M0-F1JV52QP-7942ADEB},0
{C1T7-E2WR69QG-5994JUGX},0
{V6Q1-W1YE73PG-9715EXGG},0
{D5V6-Z4VT06KF-1847JMWM},0
{Z9T7-R1PN23ER-8461ESAC},0
{U3C5-T4RU33UY-3721VHDL},0
{M4S7-A6LT85XU-4148QHOU},0
{X4Y5-H2FB65YZ-3990ZVOS},0
{M0S3-T5JX75ZE-7022ZAFF},0
{D0Y0-M6BD31LR-5099ZSFO},0
{V9M4-Q3HS49GP-8764OQJA},0
{C1G7-Z7RN19RG-0207EQEK},0
{I6I0-N6IT87OK-2962GCEH},0
{N1I4-H4WK83ZV-4708HNHN},0
{P4W6-I4DR71XJ-6423BTIH},0
{K9K6-I8IZ66FY-2603SZXS},0
{D1G0-Q3BT83EA-1863LJOJ},0
{G7H7-B8VI65LM-3987DOZX},0
{D5M8-J0WG99VK-8249PARD},0
{A4M0-U1PM66NO-0160VXGF},0
{K7T0-C3QR00XF-5090QWRL},0
{D4A3-U2BU97IX-2059GKGH},0
{A4O5-Z8QW03DT-0221QTCR},0
{B0M0-Y4PS08WK-9704IIVP},0
{Z5F6-J0WP61ZE-1727VCMN},0
{G6V7-U6KF39PL-5599EWSH},0
{H0L8-A1ZI73NV-2863PVRR},0
{L5K9-K5HD00IQ-0054BFDQ},0
{Y1J6-D5VY64HS-0293TSWH},0
{F5O3-V5PJ04EO-6885JNKA},0
{O3F4-S0CM63HQ-4419OFJS},0
{L8D0-J1OW76VO-2485GTQD},0
{F9R2-A5GB59OV-5212VMDE},0
{Q7X6-O7ER71IW-7274QHRB},0
{A9T2-N3TL59UX-8142HYNE},0
{V8U3-B0OX83AT-2553ILFD},0
{W4N6-A2TT77JI-9291KOYQ},0
{Y5O2-U1CA76TQ-4478VGKK},0
{K1S2-J9ET90NI-6302BLQG},0
{C6F5-I5ZR66RS-5630SYRD},0
{R2A2-Y6AS03SA-9643ABYK},0
{G9D7-J2LV93JA-0965KWMD},0
{D5J2-O5HV22FA-2126QSBE},0
{R5U6-K9QB50CK-5449OLQL},0
{Z3R8-V1MV58FA-4490VXLP},0
{T4V8-S6HT29CM-1522LZTQ},0
{E5F3-Z6BI80VQ-9104MWAE},0
{O8U2-Q6UU41TR-0433NKFB},0
{P6J2-T2TK01RE-2692ZXGE},0
{U5W1-B7PN85SA-7020MRBH},0
{V1C2-T0HX15DD-6734AETK},0
{V3H8-S1EQ72JU-3263PQCJ},0
{Z9L8-W7VJ25ZX-2245EXXQ},0
{D4J8-M1SD50GE-6625GTAM},0
{S9A6-C9MV18CA-7182YGSK},0
{H0U2-D4OE16OD-6924ZUGM},0
{D2G3-N7TT90NW-5918GUAS},0
{P6R1-N9RW90BC-6284IMNE},0
{P4O5-A0TZ68RE-0848GRWV},0
{L4D3-B7XU03IE-1651KESI},0
{U8A2-F7ZU70BH-0982EBII},0
{S9X9-P4VX46JN-1329AOES},0
{I7K9-C1MY86EZ-8879GDSZ},0
{B1G8-P9TR39JM-4538KELH},0
{C2T8-L4UX54KZ-3542ARIT},0
{T6C1-U2JA63TF-3899EWEE},0
{Y3Y9-U5XI10QS-9465XPJW},0
{T5E1-X7NY71RV-6352KSCU},0
{Y7J4-F1RL24XW-9423JJQS},0
{F0L1-M1RE66BP-3937STIZ},0
{R0D1-U5UT14YZ-0715YSHK},0
{H8I8-N1IJ73ZI-7019SJSO},0
{H2K6-F6HG47EX-5475ZYEJ},0
{O0X9-G9FV50YM-1030HZJC},0
{N2X1-F0CX68SJ-5209HBHJ},0
{M8W9-F3RW04KJ-9712SIYQ},0
{B5K5-G6PO65SD-2003ABDD},0
{Y7Q4-E7KI94TQ-4934BUSR},0
{K4Z0-H9GE68PU-4009TNKX},0
{R5O8-U0ZI57CW-7728SYYA},0
{J4M8-V7XW19ZQ-8514WNXK},0
{S0J1-G0GR19FP-1396OEFB},0
{H7D4-D7ZE50GV-5414KKNQ},0
{B5I2-B9AC69YI-3567SRRP},0
{Y8Z1-B0CP21GH-4079RQNF},0
{P4Y6-T4HP95QG-7691UAVA},0
{I3O1-A4XD24HD-4767UNFO},0
{N3U9-Q0DM02OJ-3504RJLL},0
{X9O2-N6ZF11KJ-4133ELGD},0
{R5K6-B8PY66PO-4205JJLM},0
{T7I1-U7IS68CP-5415LDUA},0
{L3P6-J2XO51JO-3588PLTI},0
{G1A8-E3OI56RJ-9760NBKY},0
{S2C4-N1KW24ID-1152WWXP},0
{U5Z0-B9YB09JG-8617JQPN},0
{M3Q5-L0QV44QT-5759SLVV},0
{H1U7-X5JB96BW-2355CDFC},0
{V8U5-X2VA41JN-7131PPJJ},0
{E6X5-S6BL90FN-8450EUZU},0
{N1X0-O8XO83PP-2297BQGM},0
{Z7T1-J0UK38ME-2159ELMF},0
{U3W6-L6OZ29VR-4540BYCP},0
{V0D5-Z3KO26EX-5146DRRO},0
{K9L0-X3GI53QP-2359IBRQ},0
{A6C1-U7OU19ZX-6991KKCL},0
{D6L1-S4YR25NU-1192BLWV},0
{M0D1-K3PA87GZ-6617BIWP},0
{U8C0-M1LJ95RS-2751NMDW},0
{F4D2-T2IZ28DA-1606PAJE},0
{I2J8-W5JT14SV-0824PFDD},0
{N1I5-V5NF50QR-2244AUEV},0
{M0M7-X0VT96ED-3449DAUJ},0
{M3K1-J2CO77EG-8502BJSB},0
{V1A9-Q9YX15AY-5358HWWH},0
{G3P5-P6VG84JY-7120XQUO},0
{I4E5-S5WP59IQ-0858ACYK},0
{Q5Z4-U6VM25MH-5612YHLL},0
{V9A5-I9WU91DP-4367QSDH},0
{S7C9-Y2HR48SM-0231JDBA},0
{R1U8-X1KC43ZW-5625TPOM},0
{R5N4-S7JE98CD-4683EXIU},0
{U6Q3-N4VT82VI-2983ORBP},0
{R4H5-V7GA47AD-1247IAIG},0
{L6Y1-E0KI22SZ-0490SYZE},0
{Q7W3-Y8TT99TN-8421PEZC},0
{M5R4-E1OZ20ZR-7661PBHO},0
{H5L1-N6OB18QO-2687TMXW},0
{E4U6-U3GL16BE-1466PUTS},0
{U6Z9-R1EE28YP-2478UHZX},0
{J0M9-B0VB87LL-5473CPIK},0
{D8D5-U3AQ79NW-9974KNCC},0
{C0C5-E4MN43XJ-5306GZPZ},0
{K0K3-K6VL23FC-2157EEBL},0
{R5B2-V6CL01DW-7124AJMP},0
{L2T5-L4MV40UX-3603XRHF},0
{M4W1-O2EN39JH-2767CRWV},0
{F2Y7-R8CA60DA-3598ISXY},0
{W3Y0-O4QZ51NJ-5079IOJK},0
{Q3R8-L9SS39JL-3525MBFC},0
{X8B5-D0RH08LL-0146TFGC},0
{S8M3-X1VK77HY-9927FQOB},0
{X5Z7-V0GH75NS-2569INJN},0
{H3M1-D1HJ73OA-6343BWON},0
{L1I8-M1SE54XU-0814RXHM},0
{Q3S7-K1MF39PE-7789VKBP},0
{U6Q4-R8YC56RG-5145FEQH},0
{S3I9-L7ED06BY-9460RMVK},0
{Y2Z6-S3BV67MD-4672RZTR},0
{G5Q8-B4BL73BX-8970DNYT},0
{Y4Y2-U8UO01KX-1646FXTY},0
{J5P8-C6AZ60QE-4450PKDY},0
{Z0A7-E5VP28IX-7258SLJL},0
{R7C6-B2UN07IQ-9589ILSJ},0
{X1N8-V5FJ78EV-8601KITA},0
{N9A5-G7YE88PJ-7593VNWH},0
{M8D0-D0GA38XX-8031CXQO},0
{N9T0-W5MQ49DF-0390PREO},0
{S4X2-T1AK91BK-6584LSTF},0
{U9G7-D4EQ38CL-4946CNNV},0
{Q4D9-E2QL34WK-4321DFZK},0
{L6Y6-C1XE69HW-8268JCJP},0
{B1S0-Z0BP52EE-5689FEJZ},0
{E2W8-D9OD82LU-4445ZILB},0
{S1Q3-M6XX61BI-3840UVNW},0
{M5O1-R9OP89HV-1294DEDH},0
{X4C6-A9FW39YX-7790ZBJY},0
{J2W9-R6FS16QC-8391GPNQ},0
{A3E2-S3MF74AI-2158YFUN},0
{X8N4-B5MT78LO-2072SZEH},0
{V7S1-A2ES45TD-3043KHZK},0
{M9T5-U0OJ89LQ-2762GCCV},0
{V2J3-X7RY04TE-2630SZGP},0
{S2Z0-P8CM18HZ-9053CTFZ},0
{J4V9-R7YI29VP-8679XIRB},0
{K9D6-S2AU65ZT-3129XMMN},0
{V6I4-W5LN64CJ-3864QERI},0
{Q2L5-V3XV57AD-0101DTWX},0
{V9P0-O7NT29ZZ-1493VAPH},0
{K9F9-X1ZO18HK-3525JPRC},0
{N4D6-O8YJ18RP-3994GWQQ},0
{B0R9-A8PA44HK-3147DYVJ},0
{Q3S6-W3WP25FI-0709AMAC},0
{L3C0-R2WF47NZ-0756YYBP},0
{C8T9-C1AY32TF-5454ZIUH},0
{M6C6-P3HY04MZ-0962XBKG},0
{E2Z7-Y7ZI39MH-3792SIPZ},0
{N4W8-X3HY63HK-8045VCFV},0
{Z8F9-R5XG60LT-4032URFP},0
{Q8B3-G1RD84ST-9800ZJWB},0
{L2R2-X4CF13ZE-1796YJLT},0
{N7L5-A9PH92QV-3273NUDT},0
{G7H2-D3ZK25NL-1574WFAC},0
{E0G0-Q8SU28FN-1942AHIS},0
{T9J6-L4GK95QL-8800SEMV},0
{W1P5-X4WB95IB-6973YXHI},0
{T4J9-T2IT57MY-3398KWJE},0
{W9E6-D4GD98ST-8960WPNI},0
{D4M5-V4LT33GX-6232TXXX},0
{F5U3-V6OX33AG-5768HNVJ},0
{P2W2-G3RW94PO-0530PMSE},0
{J8L4-J1HQ95BB-0368TZTB},0
{G6K9-V4NA07DS-4083WXLF},0
{X6V5-H1VX93IH-0016MMZJ},0
{X9I4-T9JN14CN-2910GJNB},0
{Z4M8-V1RF96VB-9729QCSY},0
{G6V5-N3LG62GG-6870WENF},0
{I1P4-F5FV60RK-2662AKTW},0
{P9C0-V4VM52WP-2470JNNM},0
{K4N6-X4WV30TW-6789JQNE},0
{D8S3-G3FA39RB-3268QMJQ},0
{N1S0-Q1BV49VM-7336NNQU},0
{I3Q4-X3WT13UR-6315CMWY},0
{Q6V0-M3PI38VB-1464UQPW},0
{G9O3-K1GC13EM-6738UGUX},0
{Q7S1-D5TD29ZS-6643SAGG},0
{R8D3-C4BC50KY-8491QYTY},0
{R7Z2-Z5QM94UU-8220HRST},0
{M9A2-S3DF42FT-0134YHRO},0
{W1K2-X8IL22WB-0070FIZB},0
{J4M2-Y6VR39FL-8144ONGS},0
{B9H2-G8PM09IQ-6518HMXO},0
{D6V1-D7GA69SN-4009XWXC},0
{A6O4-I0UK30BO-8800XCVE},0
{P2X8-V6US83KC-0637URHK},0
{J9I3-E3BU30VU-2341HPKT},0
{T0I3-T9UK13WH-8588XEMG},0
{V4K6-H9LM38CW-3596DAKR},0
{P8L1-H8AN20TK-8507QAST},0
{V6K0-I3QG65PM-3465VCJQ},0
{S9E3-T3OA63FZ-2976PJYU},0
{I2L6-C3VU09XI-3617GIGX},0
{G5B8-A9NY80AU-9887ECSF},0
{S7N4-I4MA03XC-8071RPYY},0
{R9B4-T9IL37UY-1042GGOD},0
{N7O3-V6TF55SJ-6237CAQQ},0
{O7D0-Y4HF41WK-7147IAKN},0
{I1H7-T5JI89YP-4825HXTU},0
{N5Q4-X4KD01ZF-1805JJWF},0
{M8S6-X4NW48UH-8130YLCB},0
{A7F1-E0QK48MW-8598QXQS},0
{L9S4-I6CV48JJ-5802JHZV},0
{V6K0-T8LF64JH-3879NAZA},0
{C2A6-T9UW59LI-7821VDNU},0
{T6Y9-Q9DW21YJ-0909CEOT},0
{X3D8-Q0DQ62VT-3437BLNO},0
{T9X9-Q0ED67BR-8082GUGY},0
{V5S0-S5PU94AV-4348NUPU},0
{F6G6-Q7AN09WQ-4470SGRY},0
{T3F4-R3TE25QY-6138COZQ},0
{O0P4-Q2MW23YS-3073QKFV},0
{I1C3-F9PE95AA-9174TCUY},0
{K5F1-C7KH85MA-0113DXLJ},0
{T6V7-G0KP33MI-4292PJHY},0
{H1W7-T5CJ27TY-3712DYTI},0
{R2P4-B2ZG25TP-0994LQDJ},0
{B0B9-N2EY39SB-5238VYGF},0
{N1H8-M7FP91SZ-5145DAFX},0
{I7K9-H4LQ86MM-0970LQLU},0
{M4M8-R1DA43OX-9290VIUK},0
{N3U8-M3QX65DU-3957ATQA},0
{Y7N6-K4ZI18NO-1718WBVZ},0
{E8G5-S3PH97YE-9142HUOF},0
{X3K1-Y8SU78FV-6692TMNE},0
{Z1F5-K1VL90RS-0908ZOUK},0
{M7G3-P9GV04WB-4420BURT},0
{G3R6-I0AN43EC-0601DORM},0
{P5X9-R8VM87BY-9751NXWC},0
{H5X6-G5TU93OP-4301NUTF},0
{H7N9-N1SD68BT-7398WYSP},0
{B1X8-N4YL05TF-3356GWCO},0
{M6Y4-F6PY94IB-0648EEDD},0
{M2V7-Q1ID02YD-9416LRBN},0
{A5N7-B2JW65DM-7896ISPS},0
{I6F1-O0FU89GK-0580IOFC},0
{X8F5-O8SE80KW-9845QGQC},0
{Y1O6-G0YZ24TS-6284MMCJ},0
{W1C6-D9TR59DM-5330HXFA},0
{W4M8-B0HZ31EK-7435PMOR},0
{T8W3-W1ND51QD-8561HYOL},0
{K9H4-H0XM04CS-5895HOKH},0
{H2P5-M2UG82TV-8520XZVX},0
{I8F7-H1QG74GS-9704IGUP},0
{H5O7-D2UL48WC-9807STYF},0
{V6U9-X4OO39ZU-6515UJHP},0
{C4F2-X8KB73GN-4092XZWR},0
{T9P5-P0EO01DQ-1467TUKH},0
{E7O3-O5LR31ZA-3473KANZ},0
{A5S3-E8KA24YM-7856QIBN},0
{Z5Q5-E6OW31UL-1379UIGE},0
{A4H0-V1PY49CR-9267STLH},0
{Z3D2-Z6BF84XH-1708HRPH},0
{F8C5-W1YN81EQ-7892CCFA},0
{U6N7-V5LW01AZ-3537HMKB},0
{L3D9-X3BQ53OX-9420LAAL},0
{J6G8-N7BR85MZ-8602LMWJ},0
{K0D8-C0JE04ER-1523DCHS},0
{G8N7-M7NV31GB-2019XDTJ},0
{W9P1-R4FR01YT-0153VLAV},0
{C1X2-J5HL29HA-4707SWYQ},0
{M6B3-N3IG94FP-0223HTDD},0
{M8N4-A1IA33WB-6876JJAF},0
{U2D0-B0KW91OW-3707CZDX},0
{Z0R9-A7BN85HE-0631DLFE},0
{S4G4-B3JF83DZ-8315ONWQ},0
{G5J3-K5ME09VM-2667LCHI},0
{Q8S8-O5FW47BI-4476XWFM},0
{G4O3-Q4NQ85HS-2349BOPV},0
{F4Z4-C9YU18IC-7804CHQL},0
{J0K7-P0PG75WI-1838PRKZ},0
{S3R2-U2FD25VO-2722PBNF},0
{H3Z1-D0RZ64OB-6126PAUL},0
{A7B6-R9GA97ZJ-0133WEWK},0
{D6X5-O6AR83ZZ-9765KRAI},0
{O7B2-A2SI11OG-4500QBHH},0
{Z7N9-F3PZ67KT-1253RTFK},0
{A3Q0-L8EE67YQ-6045TMKU},0
{K2O0-S9TU51IE-3616KNLI},0
{F1E3-O4GY59OK-5279OEHE},0
{Y9B6-O3TF56XI-1623TYFY},0
{M4R1-R8MH14NI-6019XCLN},0
{M9L6-I1IK31HY-0398IKNI},0
{D2C2-N6FJ40YB-8021POPN},0
{W2I7-L4MP01HC-1507KVON},0
{P6N7-S6NL46NC-2238MTFW},0
{U9X8-Z0OL55JC-8455NBRZ},0
{I7J0-M3PW31TW-2627MBUD},0
{U1Q8-R2TQ80UH-4903TIXJ},0
{I9G6-H7VD99CF-1129UOYB},0
{E7E6-E4NV63BC-4254TCSI},0
{H2D2-Y4NU97DA-7953SNPM},0
{O3T1-Z2FF25DH-2725QDXA},0
{J2G7-A4RP72KJ-2178HJCW},0
{B4I9-T9GR61IP-4175TWPU},0
{P9F9-O6QA83WO-1401WKGI},0
{Y4Z7-F9EC12HT-7686WRHY},0
{H4L8-M6IK46JJ-7201IQQU},0
{J8H8-T3QS14IC-7087WSDZ},0
{A7V9-Z0RD14MK-6902ZLMZ},0
{S2D7-C6RY32JC-6002TNJG},0
{U2W6-E6FQ32CG-1426ZUKS},0
{S1R6-T6NZ44IQ-2391MTVQ},0
{T8N3-P8LS40EL-3108NUIK},0
{U4O3-P1FM41ZQ-3160QEZR},0
{H9V0-M7ET54LH-0045ROUB},0
{S4U6-A6MK53QP-0382LHVD},0
{G5J0-V5FZ71MO-1432ZTNC},0
{Q9A8-K5BT73NQ-5762EAJM},0
{U9S4-J0MX16WS-6511FVXP},0
{F4V7-B7RM11CM-9616NJSK},0
{K8V2-J7TN76TP-8181DTIK},0
{N2N4-D2KX11GT-5407KFEA},0
{R8O6-Z1HC59MY-5623AUAZ},0
{Y4D7-U4VY45AM-5318RFXT},0
{K4T9-P2PQ72VG-4656MGXR},0
{Y3K9-U6QG03GL-0832KBBG},0
{B5M2-D4SU60QW-9151BENW},0
{E2L9-O2NJ29RS-6189NELS},0
{G3W9-X9MB83CM-5196CJMM},0
{D6C6-E5SG63LS-8142YRHB},0
{B5P0-Y4NJ89NC-9409KYKK},0
{R8G2-R9OP33XV-8520IGUB},0
{R6N1-C9UZ06XW-5416VYLH},0
{I8N3-Y6OL47CC-9350QMJD},0
{Z4P0-X2CC18KI-3811IWDR},0
{Z0U8-W5EC48MQ-5770MBPQ},0
{P0W2-C1FC46SX-7851LOUU},0
{S8O5-V9MB74ME-4737XYZE},0
{V8O9-J3UC95ZL-0416DWMM},0
{W1F2-H4HG95CG-2240YQQG},0
{N0F9-U0RJ88CN-9024JLLJ},0
{G9H3-T8PA91HO-7558LCXW},0
{K1C5-O4MU08QO-9758KPRD},0
{X4T5-Y0RK91EH-7348PGYQ},0
{Y6S7-L8ZP04BW-6911RIDX},0
{E9T0-X7CW31OJ-0801PFIL},0
{M8B3-L9TH25OL-0792EZIO},0
{I8O0-L5VO59EN-3168QSNU},0
{F2W5-H6PL58GD-2845RIJS},0
{P3R6-B7JB49XT-5606JZOD},0
{B7W9-U6VS09PQ-1971QBOL},0
{C6Y6-Q2BN93MA-7160SSAU},0
{O2S1-L3TB49OB-7186RCJM},0
{X8D8-E2SR54CR-9806JNUE},0
{L4Y4-H4YR05QO-2162MXBD},0
{K8K7-Q3ZX44ZN-2946MGZX},0
{C6U2-R9ZZ29NT-6909KCAI},0
{V9W4-R6EI12PN-6271TLUY},0
{I2Q9-U2LJ47TS-4464UROG},0
{G2D6-E6ST77SG-8917OCLV},0
{X3K1-A7WB56IC-3337SOBE},0
{K2H5-Z7GC80ZW-5583EDSB},0
{L9Z4-W5KY84TP-2863GNBI},0
{K4J8-Q7QK74SZ-2316CLHQ},0
{M4P5-K9GN19IX-5397UYGD},0
{M2O4-V1UX46UI-8538WWQF},0
{M3V4-C7MC45DE-4308WUII},0
{U3B2-J3WY60KB-9706GJKQ},0
{R0Q8-G7XF23YH-0981QGSO},0
{A1M6-F2XP56PO-2956EKZG},0
{Q2I4-A5UQ40IP-8785RNAV},0
{P3Z5-J4ZE83DV-6618TYIH},0
{P6T9-W1JT72QH-4359PAFS},0
{G7S8-C4VR79ZW-3879QTWX},0
{F5V5-O8ZV05RH-4000WACQ},0
{R0I0-H4KJ19WZ-7776VRJJ},0
{J8R8-B5JV12IL-9395ZQKN},0
{Y0Y5-R9FP61KQ-6825VSXL},0
{N8J2-H8OC11NA-5218ALUV},0
{A5F3-O3UD43ID-4997JYHS},0
{P2R8-H1GE33KC-0038CLHG},0
{Z6V5-Y2VN30KC-8741TQMP},0
{L0J3-V5RP27JI-3360GAWA},0
{N2S6-W2YV48KG-7939FKAT},0
{K0H6-C1GC51NY-7299RDFF},0
{Z4F5-C0EW18HN-3414LEJP},0
{V0L8-Y5NR62YS-3226VBAV},0
{I0O4-Z9IR74CR-5482GBVA},0
{O3T2-J9LB23SS-1384KZLW},0
{T9Y4-B4SA81VC-5522JOZM},0
{S1W0-G6AG64OD-0942UMGI},0
{Q4D1-F9ZD14VN-7904RJPW},0
{A2R6-D3FM13EQ-4750BVPF},0
{H9Z4-E3HL21PJ-7883CXWR},0
{A4V5-C4CQ62IA-3525MDTH},0
{P8Q0-L5OI80DV-9770CVZM},0
{V3I1-W8RR94BV-9069DFBT},0
{R8B4-N1LD00HJ-4047OMAV},0
{Q4L2-J5RC78XO-8810VPCL},0
{C9K6-M0OU45DA-7143AEZE},0
{Y3Q1-Y2GP14GS-8920ZVJE},0
{R1F6-W7MX65NE-9767DVQN},0
{U7P2-O0DK20YT-0773YDDN},0
{R7Q2-Z9GE88JL-7618TRUX},0
{R0F4-H2YS34PJ-6410YTJP},0
{Y0G2-B5ZK57KL-2215YKVV},0
{E2L7-X1JW72XH-4762IIXN},0
{Q1U0-Q9IR55DO-0518YINK},0
{K3K9-I0EW67DG-7370FZOI},0
{M3V5-K7CG41OP-3679SLMP},0
{S0F3-L0YQ26DU-3238DYJQ},0
{V8X9-W6IM02QI-7619QLSQ},0
{C1H0-Z2WH46XQ-9757OGAP},0
{F2I0-X1RF55OP-0210LQGH},0
{I8D2-V5BR65TA-4120GLHF},0
{S8T4-T7KM49EF-3581RSTZ},0
{Q6E6-J8BE61XG-8355OUIH},0
{T9F6-S3AQ80SU-5570EYTP},0
{D2R7-A3PJ66PG-0937NHSA},0
{I1P5-U8RU65GV-2096FJMB},0
{W3B0-E0DD14EN-9359WPAV},0
{M5F7-B2QX10KG-3523PFVF},0
{H5V4-D3KV17GQ-8686LQNQ},0
{P9D4-P4OB47WG-8781PPQK},0
{H9C7-R5TB39VE-5587SMDX},0
{C0I1-W6GT81XD-3274FOQF},0
{W0E0-M3LE80BF-4825USMO},0
{J6S7-L2HD64SS-8885VCZB},0
{G2P4-U0DB68AV-1703QMBA},0
{H5C5-W5VB60EE-2218WHGO},0
{H8F7-B5EE88IF-2672VZJR},0
{O6Q2-J9RB95YE-0122CMYT},0
{O6E2-Q5PB12DJ-3073HCAL},0
{Q4C1-C2JX05FU-6210NHAB},0
{I9R5-R1AG63HS-9697CYWX},0
{G9C9-W0EG18EB-2463YIXY},0
{M8T1-N3KS09RS-0032TXVJ},0
{G0A9-I6IN18LZ-9487BVEN},0
{J6W4-C5UQ10UN-0689XUVQ},0
{F6P9-W1FR25XA-5959FLSS},0
{N5W3-H8AE47GC-1660YDTV},0
{W0L7-R1CF44LF-9482ZWKO},0
{G6K5-H5CW11DT-6087JXMF},0
{C1Y5-C5HU06CQ-9844TLFE},0
{W9X7-D6WY00ZJ-8552SHWC},0
{L8J0-L8GH64MA-0449LCRA},0
{Y4T4-X2OI33NP-6990FVBM},0
{A9D4-I9UR74ZV-6455UQFE},0
{D3Y5-P3JZ20ZV-0406VSUK},0
{B2S5-F2DI56QE-5275FIXV},0
{T5Z6-T2IP65LI-5606FEYZ},0
{V1K8-Y2HX24BV-1103BAAE},0
{E2Z2-Q2TB91QT-1831FSWW},0
{P7F6-D2LT08CG-8230USOK},0
{Q9C9-O4EW04TW-9751ISHC},0
{T9U6-D1AV73LB-4771PCJU},0
{L7J6-R3EY01FR-7671KOWG},0
{L5X2-J1NK56SK-1980FLOJ},0
{V3Y0-D0PD66KV-9731GBTE},0
{F3V8-W0GV42WD-2131TSTU},0
{C4Q3-W3UQ81TI-8401ZFRM},0
{K7A8-E5KK10UU-5920RAQK},0
{J0G0-B8EO19OD-8965RYBX},0
{L6G3-A1XG02ZM-6688AYSR},0
{S1O7-U2KV59SX-9586JEIZ},0
{S2T6-Z2MB47EF-0494UFKY},0
{M9D4-V9MN86VY-3368ICSK},0
{W1V2-P2MS41ZY-1000VGXM},0
{F0B4-T5HK42GC-5883JLSV},0
{K5N5-H0TO48MJ-3772YCGX},0
{S3A1-W7QU42CN-7090TOCR},0
{G2S4-H8PN87VW-1413IKLU},0
{M1C7-L0RW48VR-7892ZZTL},0
{X3O6-H8WY27ZI-8649NDPE},0
{I8N4-L0ZU69WR-6362FTLX},0
{M5I2-E1SK79KQ-4189RUES},0
{H0M1-B9NN34VA-0158QQMB},0
{D0E1-S7NK10ZP-5915IPDS},0
{H1O1-O4JJ47FO-7147FAYS},0
{L4M4-Q8LF24LQ-0422FJBW},0
{L8B1-Z7YR29QZ-6174CFRD},0
{B9M2-C0YI21YM-2988MQOJ},0
{E3B4-O2VV67LQ-9377ARIA},0
{Z5B0-Z7OM66UT-4029JHTW},0
{R2A5-J1CJ71CH-7045KINH},0
{G0Y3-G6DH20OH-6803QBIH},0
{J1I7-Q7IJ65XS-8881OOOI},0
{Z8C8-R0DH85SC-0414TFXT},0
{C4I0-T4MP36DL-0862ZMEN},0
{J2M3-Y7UD27WO-4600NXVJ},0
{T6N3-E7IX94IV-0519ZOMS},0
{P6O2-Q3PN27CN-3579ZOIK},0
{I1W9-R9MG06XT-2317YKWY},0
{O3L7-G8ML93UP-5570EQLX},0
{H6L1-O1IN19GC-8903ZSFQ},0
{U8T7-W2FY77YS-2554QJNB},0
{X0S7-G4KY15GA-5403ZURW},0
{T9F6-F3WQ39IQ-5183OXLM},0
{P5M2-O9US72MC-9329RMIK},0
{O6G2-L2SF59FQ-3436FMUG},0
{X7V5-E1FU04JJ-5585GBRG},0
{F1L6-S0KH45SO-2368OMWD},0
{X6N2-A6NK25KF-6275YCYI},0
{J9Y1-O3QZ06DD-2246EMLX},0
{T0I8-R4LQ61WC-7865MFEX},0
{J0E7-X8HL70GE-4812KCGA},0
{R7S3-E7ZK29LP-5790SAGI},0
{S6L2-T9BB00EX-0055KOCW},0
{I0U2-R6RL81UH-3899TZKU},0
{V3R5-J8CW23AQ-5210MDUY},0
{Z7R8-R3ZE05YJ-5352IYNY},0
{L0A5-G3KL49FQ-5739FMQA},0
{X0J0-L7CO20TQ-6844NFOF},0
{V8U6-L4EQ34MC-9149ICKJ},0
{R0B9-O0CC43RO-7755XQGU},0
{D5L2-S6KT41EY-7173GAPP},0
{A1Y4-J4NW00EL-8181UBLE},0
{Q8O3-X7GL56ZI-2538NKZR},0
{X5O0-R0YP28IX-6266QEDK},0
{W2A5-Y0XO12XN-6215GMJZ},0
{F7N3-Z9JO42GF-9427MMHH},0
{U1M9-N6OM16LV-7044ARJI},0
{B9F1-M1XT10NT-1219GPUF},0
{Z1T7-P3EC78HR-1804GJWF},0
{X4M6-C0WJ76FS-1555GKXK},0
{F2I4-J3YG63MT-7373IOYF},0
{Q6X3-P9WA19ID-8201JPHS},0
{B9Y0-K7PU24WC-2490ZIKZ},0
{D7N0-Q6CK79GS-6341HBGS},0
{T4L4-E2CE93AA-4623FYPY},0
{X8M6-H0SF55LQ-7170TMAD},0
{Y4G9-M4VN19MN-7136AHHB},0
{O9G2-K0BV22HR-3367QSOG},0
{F2M3-Q6PI03KB-3335PFRZ},0
{Q1A3-D5KE58TM-0461NOMZ},0
{Y6G3-E2CQ15AX-4562FUUK},0
{R5C6-R5LR41LQ-0610SRUR},0
{O4O5-Y0LJ96YM-0084XNEK},0
{G2F1-B1SF44WM-8995HSOB},0
{X5P8-C4GH92LP-8954KYXX},0
{L1V5-M5IO24MV-4841HIMV},0
{U7K5-M0LW67SY-4912SSVL},0
{Q5A9-K1IF42XP-7982FSNX},0
{U2K3-M9MJ17BT-9573CAGJ},0
{P2W0-Z3WS55EM-7537FPDP},0
{W9G1-E6YY32PY-5889TSEF},0
{A6O1-E2EI77OJ-9007JGXW},0
{Z9F5-Y3LH06TP-0373EFUQ},0
{K6W4-W8AO31DK-7296HYGD},0
{D7S5-D8UF76JR-6497FYOL},0
{R5R7-Z3XB63WQ-7739HCWY},0
{B8A5-V9BY92DM-2505OZWY},0
{V5U6-S5BD02MR-3906FGTX},0
{U1V7-T9EJ65KG-8104VFDQ},0
{E9Y1-I1IC24SS-2644NOOW},0
{E0N9-L0IP34YC-8445CEXS},0
{P0I0-N7AU73MA-0425FNNF},0
{M1X6-A5CD61TN-3194HWWK},0
{W8P9-E3FK16YB-6064HTAD},0
{I9O2-X1TE41GW-8140RJQW},0
{E1K9-U6YH63TJ-3949QUHO},0
{A1W8-I5JQ10MQ-0360XTFP},0
{N0S7-C4GL28SL-5263OTWU},0
{N6P4-X8FF04PM-2265BIRP},0
{L6Z7-B1AF23NO-7400LDVA},0
{A0K5-E4IY87TD-8745UOTR},0
{W2X9-P1XJ11IF-3708FPAO},0
{L2I6-Y2MD05DM-0738OPZM},0
{L4F2-Z3FR17SQ-6037IEIW},0
{K5R8-V5PM38NV-0032IIBY},0
{X3H8-R2TF20FI-8717MYSO},0
{E3T0-B9BS01QH-9899IVKO},0
{O3B2-K5GF12OO-9938AHDI},0
{N5B6-V9DF21PR-7481SXOX},0
{C2U0-P8WX30DQ-1796BTNG},0
{J7T7-G4QH02QA-6848SCYH},0
{N0F7-C1UZ31RJ-4689DJPW},0
{M9E3-R4XI97KC-3979DKPJ},0
{S3C1-H2JQ35UK-1486GXTN},0
{M9T4-T0IR65PQ-9334CVGC},0
{U5V4-D7OV50GN-9646KNYA},0
{U0H5-Y6BD78IL-6705BWCM},0
{M3M3-Y6SW91JB-8774ZBUR},0
{U4E9-M2UB65VO-2733GSPV},0
{H3K1-L0IW26EE-5009EPPV},0
{R3Y5-G6OR27KL-9077YIZQ},0
{Z1F0-H3JD87MK-8209DHTV},0
{A1J8-U4PJ70LP-4977AFHT},0
{S1H0-E1ZS98OW-7560ZMAV},0
{K1M9-G7LW93TX-5253RKLK},0
{A6J8-N4GU85WL-4684TDGZ},0
{H0K2-T6NS87HS-4285PEJQ},0
{U8N4-O8OI83SK-4446LRGB},0
{D5P0-G0LS03NB-1274TKLI},0
{A5S2-X9WY84TR-1383PNHJ},0
{G2G1-C2EO60WH-5347NEEQ},0
{V2C8-Y9VF11SC-3682VKCC},0
{T6A6-F5IB45RT-5678LCFH},0
{K3D3-Q4EW97PA-5944VQQP},0
{I1X7-W4SL03FA-0095RTFS},0
{L7D6-J4OD09YQ-4714CFZK},0
{K5N9-A7WO03FJ-9155EJBA},0
{M2B2-C1WV47XE-8220QIAQ},0
{V4D1-V1WI92BA-3478ROQJ},0
{S9X4-G0ZA55CV-3621UBTE},0
{D7Z6-J0JZ42AT-2970SESH},0
{I7Q1-Y1RS30BD-8275CSXC},0
{A8L5-C7BF08BW-4513RMUN},0
{K3Y8-D8LO58PD-9027DIPM},0
{L6K9-V7VV17CF-5026RXGV},0
{G8Z4-U3JU24PZ-3069YDFD},0
{B0O8-O2IO21VL-1842NQTZ},0
{L2V4-U5HJ35MP-5795KNCY},0
{L8H0-V7NX70YF-4243GDRE},0
{C2V3-A0ZJ99FY-6679CJPS},0
{Y2E3-A8XF59RG-3516HKNH},0
{D2M2-P9RA92PR-8419CQVC},0
{B7B5-Z2GQ11MJ-8149XOPH},0
{U1Q5-M5TE54RG-3948RGIO},0
{N2D4-O7MQ77VJ-2264UNRC},0
{J5H3-T2ZJ23BA-4933PVLO},0
{O4M1-P6JW49QW-5172AMOR},0
{N6I6-P0ZD16MK-2095EQFG},0
{J8X7-H8JN90HT-3892YHGL},0
{Y4O1-C6DV89TO-2565CUEJ},0
{F9I7-V9TR43PV-3605KWQR},0
{P9Y6-Z5FA41JS-4975YZSM},0
{W1Q0-W4TG46CA-0695QKIZ},0
{Q1M3-E2JG55JO-7356HRVD},0
{I6C9-H1YR35EE-1794EZIT},0
{S3E6-W3QY89TE-2622ZEXZ},0
{A0W6-P0ZB86QF-0757WVMS},0
{Z6U0-H5LT46SS-1520HMYF},0
{C4K6-L4LK33IX-7131ZYBR},0
{M1X1-I3ZV19AL-6123HOCV},0
{X8C2-A0IY32NZ-9509ZTOU},0
{H4K7-P0GA91UT-5982OMNN},0
{V2V4-Q7TH87SN-5286VJHK},0
{D5C3-Q2KQ99CW-8129ZCOJ},0
{W9D1-N5IL74SC-7698KOMG},0
{P2D0-Y6TR61KW-2937MUKB},0
{B2W4-U3WX06AE-1920JJKB},0
{Q1B0-N7RT88LA-2923XBXX},0
{K6J5-Q7DD31AV-8092PTBM},0
{A1N8-N9FH11WG-4282AXHO},0
{S8Q8-J2XC04DO-8943HRVJ},0
{F8F2-X1BE11TO-4727LDVL},0
{I4H4-M7CK89VU-6457VEXW},0
{W1I9-C0VV19QO-1100TGKA},0
{J1Y8-Z7BO16IM-2429GTWU},0
{V0S7-Y0IK40TD-6222JUWB},0
{F9J9-G1JT60RO-3491OOUE},0
{Q9I4-Z8JN05NR-0728BMLZ},0
{V7N3-Y0CH06AQ-1275UVYE},0
{O7X2-Z0DU19BP-1987WTKA},0
{R7L7-M4RT86KO-2158AFFO},0
{M9U2-J2EK30BV-7703GZXY},0
{S0P8-L0YG00PN-2028AZKO},0
{B4Y5-B4WC40SB-0426ZZEW},0
{E3U5-H6MB22JX-6800MNYR},0
{W2L0-T1EF73YL-0286BJGP},0
{O7Q2-C6WU04ZN-8395TVTW},0
{G1O4-X0TA05LU-2330UOHE},0
{G1P0-W9YX48XJ-4894YXZR},0
{H5L8-W2RC46FD-3055EKQS},0
{X6N1-O4OZ82HT-9359FJYV},0
{K9B8-Z1DK21SV-3351QKCT},0
{S9M2-I3UL15MS-4079KBKW},0
{A1Y4-D5CK93QK-8245XWAI},0
{F0D8-L1BX31DM-5456JUZL},0
{C1V2-A2KP52GN-8495FSFM},0
{V5Z6-I7NY62OS-5406VEMK},0
{W9R1-Z3HB42MP-0014RKZW},0
{E5R4-K2VG58HX-7609PCLR},0
{Y7L4-H2JA82HB-4797HUAP},0
{O2G1-G3MP08VP-3171QAHR},0
{Z3V6-L0MV99PI-3765FLYR},0
{E0E2-T5NT34UU-5681NXWY},0
{X9I9-J5SV15JX-8308HWLZ},0
{M5S1-L0AG26QF-9136LKNE},0
{J9G1-B6UV81IC-4307RGFK},0
{D2Y5-P9WA23MH-4126FHRZ},0
{Y0T3-C9NB75FQ-6964QJFS},0
{I4B5-F7GG52ZF-1270EDDD},0
{C4O4-E7FM60NW-6557VRHW},0
{F3Z0-A2BG01YR-9353SKAZ},0
{I9U8-V1II93JU-0245UWHI},0
{E4I1-H3DF69HG-7291OURX},0
{I1J9-H6TM07UW-5469IZCL},0
{M8Y9-N5PM24EJ-1576SSFB},0
{I8T8-P8OX85LY-8787MLRX},0
{A7L6-Z3SB69OX-3522EEVC},0
{W2S9-U8OE42GF-7925SZFU},0
{O9O6-G7GF55EY-4202WODX},0
{T8W8-W7MO78UH-7854KAHD},0
{C1C5-P1CM36RY-6226BRTG},0
{R6T9-R8LY95DM-3852UUHG},0
{F6I3-I9BA40AV-6818MJKB},0
{Z7Z1-S7EA32MJ-5684OUMD},0
{B1Q9-U8EW03PP-7755MMCM},0
{Z9Z2-G7FI64OF-5345RKWL},0
{V9F8-O4AW94KL-6302DLQM},0
{D3U4-G6DN47LC-6332KLYH},0
{Q6U9-U7HA13CU-8389QZCH},0
{H5Z0-O9LA86QL-3603JLXG},0
{T5R6-F8DD92FH-1114LDBG},0
{X5Q7-S9NC41FV-6472OFZR},0
{E2G3-T3SW62BD-2211HXDL},0
{Q2U0-Q0CU22GR-1493XZIO},0
{W9K0-Q2KO71RU-6849ZGVF},0
{X8Y7-C2MU91WT-8254XHRA},0
{G2I6-B0IZ82PD-1112UTER},0
{L1G2-L4CV74ZK-9664PSXA},0
{K7P1-L6KV33SD-5779HSGF},0
{Y9C2-A7XS58SP-6793DNQJ},0
{Z5V3-P9WQ30DV-0906PTWQ},0
{Q8K9-Z2WT71KI-9063TSOM},0
{T8L8-C2RL87KF-7692REVW},0
{L1Z9-M1JN68FW-5245ZKAM},0
{X0W8-C0CW36EI-7132CXNE},0
{K7U7-C2VA62EQ-7679VODR},0
{Y1O9-O3OY20NQ-3139AOTH},0
{D4Q2-Q1BN40TK-1597FNQN},0
{E4N1-T7IC18RW-2391JDFK},0
{A8H6-D7SE92UG-1429JSKM},0
{I5B1-O2PW37HQ-3102AYVM},0
{U5A8-Q4NB06JH-6384WBDS},0
{W5V0-D7GO40WB-4286YYMZ},0
{S7S8-D7UN08WV-2264ICQY},0
{M6O1-R7MX48MF-2146TPDA},0
{A3G9-T2GP19DC-1409THBA},0
{M1P1-H4FC68YE-5001ZTMX},0
{B0Y0-N5RU94AX-3330BPPM},0
{Z5G4-C0EO60YV-3588OFNO},0
{O9Q5-P7PF65UJ-0694GSWJ},0
{X0C7-H2CV22ND-7661NCWW},0
{U7M8-Y0UZ04LC-0739XADO},0
{H3B9-H1RN14LG-5101YIDS},0
{F3C5-R1HO66ZC-8823QKXC},0
{Z2Z3-I0IU19EQ-3814SAJL},0
{B2Q1-S7KM57XJ-7306PKTE},0
{A6N2-V5JV57BQ-9334XZFV},0
{U3K8-U3LP14VB-5878QLYN},0
{G2Z3-V3AU79BB-9010KMAZ},0
{E3J2-J5KA67RL-8450KVSG},0
{T7A9-I6QP59CP-4811JMTF},0
{A5F3-Z4UF12ZK-4545NNXW},0
{B7A5-T1BU47OL-4621TAEC},0
{S3L0-C4XB91JQ-1919EBHI},0
{X9K7-Z5DP52XW-5560EFUQ},0
{H4N1-P8XU25NZ-0853SUAZ},0
{D6C5-N8FH59YO-7026AZHY},0
{N1M5-X1KC76AQ-8377SEUE},0
{J5J4-E2MQ75LX-8488VTKH},0
{M0C4-V8XG31VJ-3444ZUST},0
{N9G8-X4GQ05GB-9136SLIO},0
{W4M3-N7NG51PY-5393SSFU},0
{S8M0-T0CN29WP-9704JHUJ},0
{C1L8-H4AZ99ZE-4764TCBD},0
{K2D2-T7ZN34UU-2152DYVF},0
{J8S2-Y1OX33ME-1782KBOR},0
{D9D5-C0BN61DH-7840MCFO},0
{F8U2-C8LZ53PQ-5597DOAH},0
{H3J2-D0SQ15BR-1948BFZA},0
{P9E6-L7CJ95PX-8709KFZQ},0
{P8U3-P1FI72PK-1238IMKZ},0
{A8L6-I9II44TR-1272IBDH},0
{S8G2-C2JY64MD-7991FGGJ},0
{I3D3-C0JU99US-6666LYFI},0
{G9U0-Z4US16OZ-4424ELKS},0
{A2D7-Y9TJ25CK-1070DXSP},0
{F4P0-U1NT16YW-9633NAWJ},0
{J2U7-F9QR22QL-7202FMLD},0
{K2Q3-A4KS48BY-9237XDJX},0
{Q1A5-A0KN49FO-7429SUQZ},0
{K6S6-F0IG33GS-9276HQNU},0
{G1U7-J6LF52SQ-1808WOHX},0
{P2F0-M9CN51VO-5995NFAO},0
{Y3B3-Q7UP24AF-8937TFJK},0
{V5C1-Z1QK96UY-9898CCSR},0
{R9Y4-H1PI74MU-1060CSFZ},0
{O2T3-A2TX60KN-7225ATKH},0
{G6L9-M6ES66QW-8755JYHB},0
{J5K9-P1UN87GM-1291PIQE},0
{J3S8-R7JH29CF-6405TMVJ},0
{O3D7-H3MN59OO-5622VTKX},0
{N7A9-A3ME39WL-5883WBAF},0
{K9R1-X3EJ45LR-1748XUKW},0
{Q8P6-L7QK01WZ-5999JZOY},0
{L8R5-Q5OA21FD-8210RGVC},0
{G6H3-G4LT59PM-8228UIKN},0
{M3G9-C2CG42DO-0229OPMF},0
{X1I8-V6GC07QW-4473RKLV},0
{T8Z1-Z7VP92IL-9675WQBH},0
{I2D0-Z0WI27QP-4419SKHD},0
{W2W7-O5PY98YL-6032SMVH},0
{Y8N1-J2IT89QG-9383CABH},0
{R1S0-U8QK53HP-1152HZMJ},0
{F7T8-H1SW49YE-4815FLJS},0
{K5T1-U1PJ04RY-1238FDYE},0
{N0Z2-V6OZ64UP-1889IMSK},0
{H7X7-X6EL89AW-9166EQYK},0
{H9P1-H4AW86WX-0976XMWS},0
{U7A3-B5OP42MW-6063TJPU},0
{I0F8-V1CK33BD-4624HUVC},0
{Y1V7-R0SB04XA-2290USMS},0
{Z4Y4-P5PD03UC-9964GZNM},0
{W7A5-P2CD29DR-9820HOUL},0
{A3O5-L5EN19ZH-0102WCYJ},0
{T5T6-N7KB81ZY-5996XJFD},0
{P3L9-C5MF79PG-0223MJKQ},0
{D1C7-R0WN52WN-3208QDGX},0
{W8S4-Q6YB34KG-9099CNOL},0
{O3O5-W1JX58CQ-8903NFNZ},0
{Y7R0-Y5KO71JT-3949UVPA},0
{E8E4-D7JT74JD-8894YVQY},0
{N6R2-I7TC03HP-4016UWZC},0
{L4A2-M3HV83KF-1394JDHL},0
{P3C4-U0WO60DL-3253GYEA},0
{O3P7-F5KE51ON-6202BQIJ},0
{Q0H3-U4WE18AO-2282NCFE},0
{A5S8-Q7IJ62VV-5872KPKN},0
{N9K2-F5LK61OK-4228SMGF},0
{L2F7-P1BF43CY-8825EQFJ},0
{S8Q6-J0SB78WL-8066AKGN},0
{K6P1-Q5LB01XZ-4656ETSO},0
{H7M4-H4CY47YK-8841CHPP},0
{M0Y4-F5RH58VK-1736BHSJ},0
{A1G1-H8UE77AU-0252GAEM},0
{E3P0-B3MP49ZS-9189MXCF},0
{R0R6-G8NT81OV-1156XFNK},0
{I8K9-R0ZN80RT-4053DVYY},0
{Y3P4-Y5IQ35YP-2817SGZD},0
{U0F6-M3YZ06NU-6141TOJY},0
{R4E8-A3BA34QD-0910AVHY},0
{K0Q2-U6ZV84LS-2430ETNM},0
{X0L0-M5BT91ON-0667OCIF},0
{J7Z6-E2NB18EK-2954WYKJ},0
{F9E1-I0SS66NW-6458GSEV},0
{L1F4-E1WF88TW-5819EJCN},0
{J2W3-L6CH44RF-3835ECDP},0
{Q0A4-H3VE01FX-6948MBKK},0
{R9H8-L9IW57TH-6084UTKR},0
{M9F8-V9GC61OX-9385IRUZ},0
{H3T6-P7LF79IG-2169MOGJ},0
{P5I2-X7YG80KF-2803TRMK},0
{C5X5-M0ZH53XP-4472RCFG},0
{T4R8-T1NO79AW-7040QNQV},0
{Z8O1-V0PB42II-6201SDGV},0
{J0O0-M4XN50SR-9170RBEZ},0
{Q8U2-Y4TW57JH-8728JUZS},0
{A6G7-B3ZG74ZE-9689FHTB},0
{O4T9-Z2PK93VB-0037IYLC},0
{N5U2-Y8EU37CS-6306BDJO},0
{H7W6-C5PI23DS-2285ZQDV},0
{C3E5-I5LL32RP-4646DUHO},0
{D9B9-L1ET18VG-1047LWTF},0
{M5F9-A5SB88JY-5259MBUJ},0
{G3Z5-J5EB87NR-6686RESW},0
{D6E7-M5RV02XF-6812TQJH},0
{S2O7-E7MY77SL-2462ETLA},0
{W8W7-J4ZK61TR-2527PLCJ},0
{Y6V3-I3CS08KL-2482STVQ},0
{U6N0-F5HP10UE-6411ZPZV},0
{C8R7-A2XQ97VL-8319YLPF},0
{A3U6-Z9HY07QE-3684UCRK},0
{T4P8-P8QX99XB-3807BPVA},0
{E4T0-D2TW43LE-5000LNLN},0
{Y9B2-I6LX22MA-3790NRRK},0
{F7M3-G5UR74GT-9646GAQF},0
{V8E2-B3FU04EO-5056RQYN},0
{D0G0-J4VD47XL-6682FBDP},0
{F7R9-D6RW30FE-0685YODB},0
{N3P1-A5EW15TL-6742QSPX},0
{E0F7-K6CL25HQ-7938IOBU},0
{Q3K1-T9DK58SR-5078YVAF},0
{D3C6-O5ZG54ZA-2381POZN},0
{X2N1-F6SB88TI-3598SUQF},0
{J3D9-M2PH93JP-9530KLAB},0
{X2N4-B6YC57YZ-0786SNUR},0
{Y2C1-E0JG82YJ-5316DNEF},0
{L5B0-Y8YQ18TP-2548BEZY},0
{O7W4-X5AM50RL-1852UMJJ},0
{V5G4-M0XN93KX-0302ADSL},0
{W2S9-D0XU50JW-5491HNUJ},0
{J4L6-U1AQ34BJ-7352FQZC},0
{K4L6-A2NH83DT-5950THYW},0
{O1A5-N5LK72CD-4219HBSC},0
{U5G4-M7IK32WU-3804KVOI},0
{G7S4-Q2DK16TK-6713JBCG},0
{M2Z9-T2LY13YA-9863VHNB},0
{N7L7-O4LX39YQ-4591NNKJ},0
{J1A9-Y3NY13EK-6434HCGE},0
{R5O5-R0JH34OA-7909CNVA},0
{V2P5-I6JW31MR-7455MRSX},0
{M7W1-I6UW63KU-5115JXBB},0
{Y8W0-Z7OG66XK-9968IVOR},0
{L0V1-F5PP62RV-0414EJXJ},0
{B9C6-M2MH77NO-5383CHHX},0
{T9S1-H0TE67VY-3483FKUH},0
{X5K5-U8AU19WH-7507XWOF},0
{S7W3-P9WJ47IB-6838BRFD},0
{K9I2-J0UX42NR-5922IZLN},0
{G8E0-U9LJ50YN-6844ADWB},0
{D4S2-K7NF99SM-4082JOAF},0
{U0K8-L8SV66FW-6274EHHU},0
{C9R7-S1SG05DB-2827XIBS},0
{Y5F2-Z4JW92KU-3404LFWQ},0
{P2X8-D4YB62PI-3449ZWFD},0
{R2I9-X5BD43VA-6502TITR},0
{G0C7-L6BA84ZP-1199NUMD},0
{U1M7-A5PP37XS-2431UORU},0
{V4M1-U6PE77NT-5087EGIL},0
{V3M3-P9VL34FA-5763WLXM},0
{S4G9-U1XT90QN-7660SJYR},0
{E8B9-I4HK79BZ-1779NXZK},0
{L8P3-T4TQ14QK-6566ALVF},0
{M3V7-L9IS08KH-4652GRZY},0
{L2E6-G1MD47KQ-1805OOWV},0
{D5K8-W4ZT87JL-7637CISM},0
{G3M5-E4IP50CA-2662PZIP},0
{H1B9-A5VF36AP-2587FGAM},0
{E7Y9-B5BU83IE-6161JLHT},0
{B7Y8-D5YH61TU-7525NCOE},0
{V3B9-J4WQ86ST-0526EYZT},0
{J1Y9-Q0VE94ST-6832BWMN},0
{J1J1-D4MX49AI-5376VMLU},0
{S6M3-U7OF18EX-9770JCEZ},0
{G4K1-J6DT49DN-2523SDKU},0
{V4I1-Z1VE85YD-3868VXNC},0
{X9K6-S2FL44BX-3379PUKW},0
{B8P4-X9LL57WU-0515UITH},0
{N3L0-R9EN69AK-4191LAWI},0
{R4V0-H6NK72YD-1640LJYI},0
{S5D6-R0TQ60DM-8409TAQY},0
{V2O0-V5KL40DK-0952VIGW},0
{F6I1-V4UH47UP-0317YTIE},0
{C6A9-V5RY32DX-3923JELN},0
{S8H3-A7WA82HT-3044XQND},0
{P1I9-L3YD13SV-2406EIHR},0
{X0M9-F2RW88HN-7476UIJF},0
{S4V5-R0LX41PU-7562PMQY},0
{Q6I4-R4VT35DD-0046XTBM},0
{X1X5-L8IT31CQ-7391FAJW},0
{C9F8-H9BZ00PD-9562RFJM},0
{A8C3-D5GV44LU-7771AZUN},0
{A2M2-V2DP13KK-7524FPVU},0
{Q5Y6-C9BI22KH-4824AFUO},0
{J9G3-P6SP43KR-1882RKHJ},0
{G3S0-K1HB28BX-9072VPPW},0
{L8M2-Q3GR80RG-3478MEJJ},0
{U0U9-F2PH93HF-2849VDDS},0
{K9P4-C2UM32OQ-0172ZPUD},0
{N9U8-Y2FX56ML-0931ANGY},0
{Z8F2-B1DV48IL-8368LXGW},0
{N3S2-C3DR88NR-6146YSGI},0
{O2Z5-D3XK54LO-2939QILT},0
{Z3S5-B9GZ95OO-7476ZCRG},0
{B0I5-A8GK29JP-9769KQBQ},0
{T7G3-Y0VK66YE-9785HBZC},0
{G4Z8-B0IS93QC-6871ZBXS},0
{E5B2-W0IU24QK-1527BSRM},0
{V9R3-Z5ZA79FA-4312WHDC},0
{L8D8-Z5KV70OK-7231GBPI},0
{R0M4-W8KX34SF-7255RNQH},0
{Y5H2-A9FL34YT-2963PNCR},0
{P3L1-F5XD56FV-2539RHGN},0
{B7G8-M0MO47YD-7955PIPR},0
{X0F1-X1LN46LC-0531KANH},0
{Y1N4-G4LT39SG-3297EVJZ},0
{T7K7-U7JX12GL-6777EOBH},0
{Y5Z1-B9KA03FQ-9255AZDJ},0
{R5E7-D5XV78CR-2016XPEE},0
{V0K3-K7DY21ZM-4186PCNB},0
{P2I0-W7FD65VP-3186WEEN},0
{N5W9-R7DU17VS-3351YOTK},0
{C0W7-S8CV77UC-4871ABON},0
{Z5V7-F8LG71IN-8112VJAM},0
{O2E0-E2LX09ME-0940MUKH},0
{H5Z7-I5HM60DL-6847UGGK},0
{Y0M8-H4GG58RR-5769VHFB},0
{N8T6-B1CA85GR-6061ZJJR},0
{A0E5-E8DG57SP-8420LINX},0
{P7D0-J9PK36MY-8862DZKS},0
{S8G9-W4DV57GD-4616WOPJ},0
{I6L7-C3QV18PP-4438ZITS},0
{J4K1-W0RX01XL-7125NHQK},0
{I7H9-R0PM60WB-9350ZHFR},0
{T9A5-H8MP16MP-3481KGDI},0
{X8I6-Z7RH09LM-9990FJAS},0
{S4T1-B6TR79ES-9272UVCO},0
{F6C9-W2PA14TB-6482VTDU},0
{R7D9-G2IA00SV-6475LFWL},0
{Y0K6-D6KV09KR-9075SHYT},0
{E5S1-T3YL76NQ-0122FNVS},0
{Y2T5-T5HS29KG-8647NNDT},0
{Y2F7-D4RQ62WE-8229ISCK},0
{F5D4-M0CW13EK-0550PCVE},0
{J3Q6-B7GY04JJ-2549ZALL},0
{J0F9-H3WZ78MR-9916JUXU},0
{G2S8-Z4BM52HF-6466DTYD},0
{J5Q6-O3JQ68ST-8616VWYC},0
{G6A7-Q7JX81OR-2923SXTU},0
{D5S5-V7XS79RS-6849HUIX},0
{M8M3-E9TL59KS-2897LWPC},0
{L8O1-T6QS32ER-0664INKZ},0
{X9E2-O5UT99OI-6933YTDB},0
{V1Z7-E7CW93SU-6030YYBT},0
{Y6E3-B4ZG57ZZ-8501DPHX},0
{H0O9-D5LM03RV-9230QNDC},0
{F5J5-B0OV63MG-2596MCXI},0
{S7A2-Q1NT03MS-2812HZAV},0
{C1P0-G7LL87GG-2326UVGN},0
{P6A6-X3VA65NP-7291HMZX},0
{D3E1-H0KQ75GH-7170DOUG},0
{H9I4-K8OD10HD-4213RWXS},0
{L5D8-B5PS11QK-9181JOHJ},0
{Q9A3-L2AG40YK-3759BXRY},0
{I2Z9-R1QY47QR-1912KXSV},0
{K8B9-F3TH39JE-7624OOQQ},0
{V0N5-G1GU18ZY-7393FSGM},0
{I1G6-V9IB61QZ-7187NEKC},0
{I3I3-G0FW63HW-6886MLPL},0
{L7U5-P9SF28HR-7265NRPN},0
{S0D3-X9AP50DW-6510IABG},0
{F7O8-J4TX61QB-6083MJMU},0
{J5U6-R0LK58OE-9993GIMB},0
{M4F0-B8IA51FE-7682HUYX},0
{O1Z8-O8IK22YH-5712AWHY},0
{S3S6-H2MU84RQ-2292GASB},0
{F7T5-Q0CQ82ZM-2534FPMJ},0
{F4E9-S3ME26LI-1945XALW},0
{K9N3-D2SW24HS-3973NEGW},0
{E9K2-X6BI42GF-2735RSTS},0
{D3T9-B4SN60WX-0950SAGS},0
{E2C2-Y1YU09YM-7706CSPL},0
{O4B3-G9EZ01ND-2937WTXE},0
{M4E0-H8AH67UY-3688ISPW},0
{B5H3-U7US47EP-6909BZXR},0
{L9P7-U2MH80AW-6342OTTZ},0
{X9M3-X7AR34OH-5300DFTJ},0
{I7V1-L9WW70MM-4136JAER},0
{J1Q4-E4IM16VV-6678VYJX},0
{Z5G4-Q3MJ14US-0747BXTZ},0
{K9L7-P4RT80JF-3498UNBZ},0
{P5K8-W3CX18EB-1881GOXO},0
{M0F0-P5UP18PC-4988DMPU},0
{I5L7-E3ZX54RD-1122RVFE},0
{D4U1-S5WI11VC-7350IZPF},0
{H8E2-V4RA91YU-1938AAPD},0
{J8T1-W3XZ61XY-9902PXBY},0
{D7V5-G6HQ57SZ-3342HRAX},0
{V6Q1-C3XS33XP-9990PCOZ},0
{D1S4-A2DV12VX-4155QIQN},0
{I7L5-K4UI56LQ-3545NWIQ},0
{K0T9-T3MP80ZL-7668PEUP},0
{W3B5-I4NC87PD-3785YMUY},0
{V5J2-X1VW02LW-4269SBJC},0
{E5B9-I7ZQ00ET-9128ZNUM},0
{P6Y6-J6SB91AK-8835XGYO},0
{S1B4-I7LT44DL-6953AYWQ},0
{L1Y7-E2VJ32CV-9498BZXG},0
{C6N8-A8PZ16KD-1731MDMK},0
{E3J2-N1UX25US-2356ACLO},0
{A5P6-R5GR04TY-7052PINE},0
{M4Q3-A3AI74DV-2526AKMC},0
{N6H9-Y2AO29LA-7353YFSZ},0
{G4Z5-J2DL90GY-4687LKRE},0
{C3X1-F6LC08WP-4377KVSE},0
{H1P9-Y7PC26TX-8949DOPG},0
{H0A2-P0EJ87QV-1294BMOH},0
{X7R2-H1EN48XX-3711IRBL},0
{J5L9-Z3SZ15VC-1397QFGQ},0
{K9I1-D5KP06TC-8316NGWX},0
{L9D5-C6YK71KA-9472YKSD},0
{Q6Z5-C6EJ91ZD-8680SNXI},0
{J6C6-Z5GU85PR-4907UJBF},0
{G2X7-L3JB98IM-2196UUSQ},0
{X4P8-N3LP58NY-6310ZBYY},0
{V3A0-F1BN88ZB-0337PKCE},0
{G4T2-B2CA15DD-7389LVDO},0
{A7Y4-D1LU93IC-3400RHNU},0
{V3F5-H8RH81QE-6600SJHE},0
{X8B1-O3PL74LA-7762VKGZ},0
{C2F5-V6LH38YF-3695JXOI},0
{Y1X6-V4GT09VE-8394YXTR},0
{O0R5-D2NA13MV-7281HQDI},0
{K3A7-Q9VL10PS-3191YANQ},0
{S6N5-Q6CF34SH-1779QMBM},0
{M8C4-X0FT07VQ-4513DMLI},0
{Y6E4-S5EY14VZ-1051OBYI},0
{J2O7-Z4LT36ME-4448ZLEB},0
{L0T5-H1BF43QV-1071ABQZ},0
{B2I0-J9SO44MK-5291XYBO},0
{Q3D5-R6WI06FP-6188CRHC},0
{I1Y3-P1HG51QA-4806SWKE},0
{K8O8-V0IY94WA-0316ZSXS},0
{I4F8-R9IU63XU-0794ZPCP},0
{G1G9-T2LQ00MU-4179RPIZ},0
{A0R7-L5OY00DB-4787XDRU},0
{T4H1-H8PQ08EN-4695JWKR},0
{G1Z2-M1EG07KH-8035GFLQ},0
{T8F9-Z2QX86NY-4297GLKD},0
{S2Q9-X9FD70VF-8488EPVG},0
{E3Y5-C4HK24VZ-4730GMAH},0
{G5C3-E1XN08BH-5119AITU},0
{K4O3-M5VS56LM-0904BDDD},0
{U4J0-C4ZL97AV-6548WRFZ},0
{R9V3-X4PU13PL-3116HESG},0
{J4R4-L3LC22DJ-4507EBRG},0
{N4Q2-I4IM17GU-9648BMVN},0
{C5U6-I3WT01YZ-1515BFFW},0
{N5B4-U3FW46MD-4906LTXM},0
{J5Y5-N3MB44GK-6264CWMU},0
{T0K1-O2AZ42VI-0994KJSA},0
{H3U5-T1OX17WP-0660KAWN},0
{F9J9-O0OU54WU-3183PRAS},0
{S2Y5-N7TN36QF-6670DTBI},0
{Q9W2-O7VZ39NJ-7431OGFF},0
{Q9L6-C3GA95ZU-0423ZRCB},0
{P3I7-K7QS66OH-3399CMDC},0
{W1O5-U2HD26ED-5215HLFO},0
{T2E2-Z0ZZ69OZ-8790RGUG},0
{G7H3-U3XZ66UX-9484PZNM},0
{Q0Q1-E7AQ66MP-3155TDQP},0
{R6K5-G5YQ28VV-4277MDFT},0
{D8X6-N6KG29TY-4408FNIF},0
{V6D9-E3SB32UA-8606MXLM},0
{Z0M2-D5AE08UC-3064HXGW},0
{G9L4-O5QH57LD-9515KITO},0
{O9J7-F9EP84BR-1414IGSU},0
{I3H1-N5KL95KX-6104DQJJ},0
{G8E8-R0TL93YH-7540VPFI},0
{Q9G1-U7SR58HS-6902DYVB},0
{P0V9-M9DF64DL-5016DNON},0
{R2W4-A0UI70SQ-5833AKEU},0
{S3E1-K3VQ38HL-0728ERIE},0
{E7H4-W4KI58RT-2443LFIO},0
{S4K1-I4YZ27ZM-8716XKOI},0
{P4P7-K1EI31OZ-0041IURN},0
{L1X5-U7JH32PP-2302MQAC},0
{S8C1-D3NP82DV-8531UJOP},0
{V9N0-B8XP51UH-8518RHPK},0
{C7Y7-J3CP25NZ-7283HGMP},0
{A8U3-I9DQ01ME-7683HFED},0
{H5I0-K1FY86XF-9517MEDC},0
{F9K1-O8FS74DL-4005GCVB},0
{S1X4-L9XP52DZ-9730LIZD},0
{H5S1-U7QB63WG-8119ZJDB},0
{P0M9-H8ZY80KX-1176NPRX},0
{H9A3-H2ZI22WQ-0343ENTF},0
{D9Q2-J5WV34JV-4630QLAU},0
{O6K7-R5JZ99LM-2640FXDU},0
{M2A8-E6TM63BF-6187FXMH},0
{Q2B7-D0TP09BN-3855IFRR},0
{Y2G7-Q8RJ98IB-7466CQOK},0
{W7Y1-N5CP30NY-1838EEKU},0
{N5V1-T8LQ19PL-7302JGCH},0
{A5O1-V0SI07VM-3111HRKT},0
{S7H6-F4IY52SJ-4240EVLU},0
{P7U2-S4OT45UK-7230HFII},0
{B8K0-G3GB47ZD-2211TPJI},0
{Z3H7-N7ON50VM-3285EJVZ},0
{T6Y7-B4NO93RA-3855MSME},0
{E9X3-B5PA73PN-3755OHAJ},0
{Q9O6-S5UZ77DZ-2387PGTD},0
{O5D9-Q9OH20NW-5123IPTO},0
{H5A5-V1CH25EU-0771QEVB},0
{N9K0-S6BP96WK-6612ZTGC},0
{A2A3-Z2SP99MB-3411EIVW},0
{M0J9-B0AQ85PL-3927XFKO},0
{Z4I2-V3BE86DI-1781ALJW},0
{B3G6-U1OJ81IU-1999FRNZ},0
{I2J4-S5OU83FF-4009DESQ},0
{K1H2-Q8PC17WR-5121DOUT},0
{H0H6-T6JH48CQ-3587PFNI},0
{R1W3-D6GD04II-4917OPUZ},0
{A8C7-M7HN16PP-4244OYAH},0
{A9U4-X1AX63KC-3315BZCZ},0
{E6L0-C5VY33JW-0280OOUJ},0
{B0N4-V9FA75CK-6511PATX},0
{A8W1-E8QW41QS-1982ZSIX},0
{T4U1-D3JU03UB-4754BCWQ},0
{D0M4-J3HV62BR-1994BOOZ},0
{V7O5-O6OV97KK-4032GFFE},0
{X4U1-E9GY57RS-8589ALEZ},0
{F5H1-C1MB37YV-3036WRYO},0
{P0D0-W2BM04LY-4938KXNH},0
{T8J2-O2HI76RK-0347OIEU},0
{S6H3-T7PB41KW-4743CGHG},0
{E8L6-P0FG30LY-4853OETA},0
{V8N6-B9RY96DK-5919DKHH},0
{S1R7-E5KP60IZ-0735MZUO},0
{Z5Z2-X8KV25AN-4400YYSX},0
{T1A4-H3KI48CK-3609FDUI},0
{V4G5-O7JG92QQ-7558KUFP},0
{W8T9-W1OK87HL-0212FGFH},0
{S7W2-Y2ZA08MF-4197DCKX},0
{E3N3-R9AF89MY-7718FOMW},0
{B9I9-X8ZV35SR-8644FGRU},0
{F0S3-T4AB70EN-1306QWKB},0
{O0O4-D6GP03WJ-9371ZYSI},0
{U4H9-F4WY31NG-9827TCLI},0
{X2B4-S3HN76VR-9023LKHS},0
{W5X3-D2KK96NY-3531FOKE},0
{F7W6-Z6BR31SX-3580QPTA},0
{X2P5-K9SX39MJ-8343OQLT},0
{H7A9-X1LS46XA-3130KJZV},0
{Q1C7-A6CU34PR-5031NYNI},0
{Y8X1-D9LH83DW-4527NDKN},0
{C7Y2-H4DW59LQ-9364DVVP},0
{H2K9-R3CC20OQ-3533XAFV},0
{L7V6-Q6ZN83JD-9674WGII},0
{V1A6-V9IG94DJ-7712XJQI},0
{T1W5-Q6DO61ZS-4880WPEU},0
{F1K5-W6RE92VM-6196HAIZ},0
{B0Y8-P9AY78GC-9016IKJV},0
{H6G4-G4MD71PW-2104VIVC},0
{K5T2-F2LU69NF-0415HYGL},0
{U1O2-Z8FC55TH-7838ZHOI},0
{S0I0-S1SJ30HQ-4317IVWX},0
{Y2I7-I9OU13KH-8545OCMW},0
{M3U2-F3PB88LL-2133HDPE},0
{M1W5-U0XW39PD-8894MJXN},0
{D9C3-W5IL17VQ-4614SQIF},0
{F1Q7-C9NN65DA-4462UICY},0
{N9A6-U2OE73XA-1683WZEF},0
{A5N2-O7WF04RX-6145CHEM},0
{U6U2-U2SX21YZ-0247MKSO},0
{R9U1-K0DB53MK-0277RGIM},0
{S6J6-V1XN97LX-0801VISO},0
{W8W8-A1BY12IW-3566WDYW},0
{G8V7-Z3IG85MQ-7733OWCZ},0
{N6U0-E6AH75CR-0779IGEX},0
{I7O9-O4RA86ZV-8800TDLE},0
{I3A5-K8SM60SW-5780RVEF},0
{T8P4-X5SA00JB-4382WMRB},0
{M9O3-H0JD88BY-8864DHTP},0
{Y9R7-W9NC09TL-7247LSWX},0
{X0X9-E5OW42BO-3313HWLW},0
{G5U9-E8PK19FG-4418MTBM},0
{H8R8-B7ZK76GG-3991RJSO},0
{K3B1-L2RK95IQ-9271YTRM},0
{B6Y5-Y3MP13FN-9650VQCJ},0
{Q0Y6-P1TW26AM-3399JDWS},0
{R8E0-M7UA30YV-7354EWHJ},0
{R1H3-U4KL07FS-8057AHBL},0
{J4W2-U9SM84TO-1444UKRS},0
{G2X7-A2FN24IO-6629VHKG},0
{B4Q9-P7QW93WP-2959HDQY},0
{U9D1-T3EW93JU-5178EHYR},0
{H7W3-T9ZU40IS-3627MHOC},0
{H6M4-H0JF28AO-2349JZZV},0
{G5K3-K7JM66NN-0511DHLW},0
{C9L2-P6TF16AL-4548GEOU},0
{X5Q2-J9NY72PZ-8859ZQZM},0
{M6M3-H7AE72GG-3846WRLA},0
{D9H2-P1AD11VG-2428CSTA},0
{E5J8-B0ET54EH-9869YDJL},0
{L6X3-H3XY99AP-9587YEYD},0
{N2I6-H4GZ44OM-8157GDOA},0
{Y9R0-F8FE22RU-8142HRGG},0
{O5C3-C9RC66WU-3978EQWK},0
{C4N9-T1TZ32CK-3202WOYW},0
{H8V1-B4IN58BL-1136WEPP},0
{A7P6-K7WQ16YX-0067TTKH},0
{I9E6-R6PZ50VG-9656SJIV},0
{C4R9-I8OZ58HB-3558ROKI},0
{U1X0-X8NH53ZE-9594UWEE},0
{E1G7-R0WN01QX-8431KBPZ},0
{L6Y7-I6SC46WG-9088PBAR},0
{O4Q6-Q5OG73TN-6717PXUM},0
{M1V9-X7XJ15VY-1052LPVE},0
{X1Q5-L4UC73ZW-8280RUOM},0
{E6W9-M4HQ34UQ-4884SVUD},0
{C8T2-R3WV33ZC-1091DSWZ},0
{O1C1-I7XT47JX-7824XGRR},0
{L2S4-V0TM53QQ-6189BOOV},0
{E5M6-M4YH60KS-7927TLKG},0
{I4B4-G2VT85DX-6985FFTQ},0
{W4J7-J8RI91NM-3374DMXF},0
{C6Z8-K5JT74GO-6152KJDG},0
{Z5P5-E3SV52DN-4196VQFE},0
{F8J4-O1FD58BB-3108BJHR},0
{M5H2-T9BT04OR-0985UFSR},0
{F1U7-U4AK51UD-3912KMDZ},0
{K0B8-V4TA13QL-5431ZLQO},0
{Q1P8-U6OE95ZG-1585JNVG},0
{K8P7-B3LI61MP-0748WNHP},0
{T1W3-O3DS61VS-3276ZYIU},0
{V1S9-K7RT91YL-4896JKWR},0
{E8K1-C6KO30KI-6657WUGK},0
{T5V3-N8LP62HP-2504PAUC},0
{E2H4-K6ZD60SQ-0875XRYP},0
{S6D7-D1CX56YJ-5544FBIU},0
{I8J4-L0ED25NU-7716IVJQ},0
{Y3L2-Q5AE28MR-5395GFEC},0
{A3M8-F7HM95BR-7799PSKY},0
{J8S1-B7XM78IO-7643SXXA},0
{P8Y3-C7HJ61ES-0198LXDD},0
{D5H3-U9DV95ZH-2143NGED},0
{J1O1-Y8RJ95KM-2432TBIB},0
{G1L1-Z3CL47GR-1160JNZL},0
{X6G7-T9AQ90VK-2829HJSY},0
{M9D0-H7KO12MQ-6734ZYWW},0
{O9S8-Y4DU82KS-4813GNNL},0
{E7Q2-R1XG33KC-2235NTBR},0
{Y2M1-E9WH06WS-4367SOZQ},0
{Q1S2-Y6VY42WD-7082YTLK},0
{I2B9-T1DM47FP-5635OABN},0
{U2X4-K7MD66KJ-1501EIWE},0
{A0I9-E9VL05YS-5841JSGS},0
{Q4M5-S5NP73RR-7305IBBZ},0
{M5K4-H7ZD59PT-3072GEFH},0
{K4A7-W6QJ38QI-9515PEHL},0
{E8N4-A3NS38ES-7490KYVL},0
{T1C1-L4YY49QF-8845BJVE},0
{L2V7-G9SA69NY-6799MCCZ},0
{Z6I2-Q7EQ84HQ-2910MYYK},0
{H5L4-A9CV73GK-3994LYPW},0
{B1Y1-R5UY13TM-5250FVCJ},0
{L9N1-G4BR82CM-7187WFVG},0
{V1B3-R1II08YK-7698SCFF},0
{X4Q0-J6ZP14CV-2210CIGO},0
{Q9V1-B2LT96XN-6051BMIM},0
{O0E9-L8BV40NU-5409SDGS},0
{M8P5-I0CW71WO-5370WKPS},0
{G3U5-V3JI18YK-6182UNBL},0
{W9M4-C9FL64QR-7554PFVV},0
{D4U4-P1WV18YA-6028WTWF},0
{U7O7-G0QH84TB-5404VFBA},0
{R3O1-Y1PQ22AS-4867RTSB},0
{U3I7-P6AI86UP-8122JUIU},0
{T6W3-V0PX96RM-0665RCSJ},0
{Q7E4-N7UD96GN-7904DEIC},0
{Z2M8-H3WK11YD-5384SREB},0
{Y9B8-M1WH17NC-8851PGPL},0
{B5P7-F9EM79NF-1986EZPN},0
{K5I4-O5MM44GZ-6843UNOX},0
{Z8M5-I0CO45UV-8183QCNM},0
{H0D3-H7WU84WY-6822WQNG},0
{V6C4-K0UM95RT-3008HTXM},0
{X7Q9-A1BB52LX-2456KIMB},0
{C5R4-L1GO02XH-3834XSHX},0
{L8T8-L8LS98NV-4169AITI},0
{V3Z5-Z3EF90NW-6455TRUB},0
{I5B9-C6OK30XN-5300LAJT},0
{I5P4-P1PH38PV-3813MZRT},0
{T1D0-G0JJ71DT-5030IQAA},0
{I9R8-C8EE36NT-7507QIBB},0
{Y8Z9-V3JA26TM-0506PYOX},0
{G8Z5-O7XX80YC-5679YMKK},0
{R6T2-G4II12PQ-1806OACZ},0
{W6W2-U3GS43HT-2380EWEH},0
{F7B1-D8KB42LS-8421SVXY},0
{T4Y4-S1MM07QX-0217KBDV},0
{Y5A0-S9XJ67XB-9913LZTS},0
{S8Z5-U9CG71CV-8507CIXR},0
{O5W0-B9VF84LS-2294GKKV},0
{F2H4-U4AQ76HU-4778PYHJ},0
{L9W9-U8MH61QS-5719NILI},0
{Y3V5-C2SZ39RH-5160KQOQ},0
{E1I4-B1PE01JO-2797UYJI},0
{A8X8-S8BP25PR-5606CHKU},0
{W3A5-C8QP37LT-7292GCUC},0
{I9S0-Q1WD47PE-2302HMAM},0
{Q6X3-M3YK97OL-7386WRVI},0
{L9T4-R8LU38OA-8422HJOP},0
{N7N8-J5MT17VJ-5701KGYA},0
{Q9Y0-H5CH25QR-4362GZGZ},0
{G3U4-C9JC28LS-4982YTXG},0
{E4T7-U8CJ03ED-2294KQDI},0
{D6V6-R2LW05QF-9385GGFN},0
{N2N2-V9GY27GA-2190LJHH},0
{O3F3-N2JI80KV-4948JOOI},0
{K0S5-K4BX24PJ-3621XUTX},0
{B3N3-C2XZ84SN-4385JDOK},0
{O0S6-R1IC60GX-6231ZPRN},0
{P1S7-Z6NQ05VK-0785QKSW},0
{E2B7-O6AU97NG-4401ACMC},0
{S1R2-K1MN25AA-6574ZEWF},0
{D1F9-O8CX86SH-2741QJKI},0
{J0U0-T2DL52RF-6203TEIO},0
{V0Y5-R0DS12VI-7786GIXP},0
{L0E7-U4LK34MU-8750NBIY},0
{Y5Q0-S7IG34EB-7184DYOQ},0
{I2V0-R5JH71SR-1780FUOS},0
{J2K4-H1XJ65AG-5142IQPX},0
{G3S7-K4EM42VT-4647TPLV},0
{G0S4-X1CY34TI-5315KQEQ},0
{V5L9-Y0LY56CF-1121WDZT},0
{C8Z2-E6VM79KM-6022HGFD},0
{E6B6-V2WR33QL-7952DSCE},0
{E5C2-Y2SX36QV-6135PTGZ},0
{T2M7-Y6SE11TN-9563LILA},0
{W7Y5-E6DS35QX-0708ZYYV},0
{I7Z7-A5HL04BN-9627DXRG},0
{L3S9-R4NN15UC-9832IFWF},0
{I1L1-F9SB95WQ-3024BCFI},0
{X9N0-Q3UQ18TW-1613UPZL},0
{S0G7-B3XO92HG-8948MPFF},0
{G7S1-L4IW84CS-7815VBWD},0
{W8W7-M8OS38FV-4754HDTC},0
{P6I4-J1AX05IE-2198GTBU},0
{P2I5-J8GE50HZ-3444SYTG},0
{K1Z6-Y9LZ61IA-9367RZIO},0
{A0Q7-J2QH91AH-7067UTCV},0
{B2M4-A4SU97XD-2730NXOR},0
{D8S7-I0NL13DC-3544PTRR},0
{Q0W1-J9YB51FK-8921IUFR},0
{N0X9-S1VG56CG-8634QXLP},0
{K4V3-L9HZ22BN-5332NWIA},0
{I9M9-Z1RT10NL-0000PKXL},0
{N2M7-B5DC27WZ-7750JRNL},0
{V2E7-Z4JY42FI-6746TQNJ},0
{R5T0-I4BJ07CP-0231XXFU},0
{A5D9-A7PT91SB-1479WDOM},0
{W8Q0-C6MR65NL-1400XQQN},0
{U0E1-R9PP98MO-8178GJGC},0
{Y9H5-K3YY35GA-6697PBAO},0
{M9S4-E4ZS03KD-7790XBNF},0
{B8G6-O6DY50KV-5121NCKB},0
{D6S9-Y4QY73BQ-3963IQWY},0
{T9L6-V9TB32UI-3373GWQY},0
{H8V5-S4ZQ86WA-0052LCZE},0
{P9P1-E4LZ77EB-5750QGRE},0
{O6E5-Y1GV84YP-4206GVDT},0
{N8P5-M0WO79AJ-4126VQKM},0
{B8I7-D7DM14CR-3660XOAV},0
{P0M3-U5BR15IO-2655QBDE},0
{U8E6-Q1RE64DB-4913HZQI},0
{W2A7-C5RG23ZI-7197YMJI},0
{F5Q6-K5EQ97LP-9735UBUN},0
{S2D3-Q4LN65TM-0640YLEL},0
{T4R6-C3VO66NY-3366TSTC},0
{K4U0-P2MY15FO-2633DYVK},0
{Q9N5-I3IB08EL-6224APJL},0
{L8O2-G6XY84OL-4988LHBH},0
{Z5W4-W5LC65WO-4472ZMCC},0
{I3K3-G7YX10EZ-4981BWJZ},0
{F3N8-I2SL74QU-2693TLQU},0
{D7Y2-K8ZD81OR-3368HBRR},0
{O8X1-T0OS30FO-3220ZERX},0
{O2B1-C0ND21JQ-2275ASHS},0
{J7W1-N2DX56LP-5199SERK},0
{R0S7-N1YJ40VF-0989GFNF},0
{T4H9-I9ZZ25ZK-1050KOSB},0
{M1U8-G6WN77MN-8511VMUQ},0
{U9E3-Y2YN36QS-9775SYWM},0
{U9O4-J4YS59DT-7776OUWM},0
{Z0Q1-S5WK75UM-7721JVHR},0
{S9N9-T6TI27YW-9907JUBD},0
{J7R9-X3RZ07KZ-2377MSBT},0
{M4V0-X3LO21FC-1860ANWG},0
{V3X2-W4OG20CB-8789AHBV},0
{T6Y0-N7OO62GQ-8262JQBU},0
{Q0J5-S9KO10ED-9379PQVH},0
{E5G8-S8GG89QJ-0431QTCH},0
{V7A5-S8XR13DE-4606SEJO},0
{O7S6-A2PE63MQ-6204ITEE},0
{N9B9-R7EP80QB-4258WEIJ},0
{B9Q4-D6BX12WS-6178VNLI},0
{T3F7-R0FR28WB-6928LNFQ},0
{I3H8-O2RE08AC-4919NTYB},0
{D3Q1-I9UE35HS-4693YFTF},0
{M1U7-S2RP98NV-9814LQWO},0
{G5Q0-N4EE70UX-2497WTPD},0
{B8A6-V6IC86PN-0506RCWN},0
{W3E0-W2YP63PN-5490FGVP},0
{A1T9-N8CQ70ZV-9183PMZE},0
{D9X8-J7MW11FU-5569BLWR},0
{R6S8-B0XN20VR-5014GDMQ},0
{C9H4-I0DN82QA-2479IQBX},0
{V4A5-S8RE77MU-3897GOGO},0
{B1N3-Z0EA05SL-9085MINU},0
{T5O5-U7RV68GP-4056LGVS},0
{W8T3-Y3IU22HD-9590JPXD},0
{K6R1-I0QB50TJ-0165NBZW},0
{V6U4-Q3PG64MI-6262FHYB},0
{N1Q3-E1DR53JL-8704YZBD},0
{X5Q7-J8UQ19IF-9798FIGW},0
{J7E2-P2UG03MV-6342PNCV},0
{D9A5-J5BK78AB-6230FJFG},0
{Z6K0-H8WK29KT-9424LGPG},0
{V1B9-U9SP12DO-1727WKOX},0
{E7G2-W0MJ53PF-1533PRYZ},0
{E2P7-T0YV32SM-3499ADEN},0
{O3G0-T3QV93SV-5951FBQU},0
{L6N8-N9GR80JN-7470IKNK},0
{Q2I6-K1WL16JB-0979PYNB},0
{W8R1-I3DA13KA-8527VLSI},0
{C2S3-H2JW60QR-3272ZTZO},0
{O9O9-B0PW12EX-2993KYVR},0
{P4P6-V0VO47RF-8237EOCN},0
{Z8B4-G6HR28MG-4647GZTE},0
{R1K0-D0FR75NU-4212LVUV},0
{H7J4-K6DV47BO-0007IZJG},0
{F8Q5-H7AB22JE-4341IKRF},0
{I1J0-L1UG61CC-5954RGJL},0
{H2U3-Y6RJ02JH-0229NKOW},0
{O0T4-S1EO90EC-1868FBYB},0
{N9T8-W8XJ51KK-4894TSLI},0
{W7Q6-K3XS34TK-9547MESC},0
{J6Q5-F0BM50NL-3303UYSR},0
{I0X2-X9UE74SF-7393PRAB},0
{Z0Y2-F1MO05MB-6947WZMD},0
{F8B1-X6FV32SH-0791UYTJ},0
{T5G7-Y4QB78EO-7881PXEO},0
{V0K2-C3SE02FQ-2024OZPM},0
{U1H7-M2RO67OP-6073ERAD},0
{K5F5-Y4YR90OT-0235OTEE},0
{D1B4-W2KF15AT-9158SLDU},0
{A0C2-V3FP65DI-9177MVPX},0
{K2G8-P8HR36AG-7140ABRO},0
{X4P0-N2HI46LB-8726HYVM},0
{H3W3-D9VR23YI-3600GPED},0
{W5N8-T6BU91FN-4407XHJJ},0
{X8H9-S2CO20LC-0356XHTM},0
{K8P8-H4SQ94LD-3690JWBO},0
{L5P9-Z9JX22JG-6321FLRB},0
{I6I0-M1XP94OG-1407KDHO},0
{C9D8-Y7VV70XH-9370TPHM},0
{Y8O8-Y0CM29KY-7747RVSP},0
{W8R0-Z5BV25SV-6516UCFH},0
{T8U2-X8GC65YL-2347BYCZ},0
{Z1E5-P1XB64ZG-7654RDVU},0
{J3O8-P9LS87RZ-1625VWRD},0
{X0G1-K9PE01RT-6968LGOX},0
{O5L4-D4DE66YU-1806DFEZ},0
{A2I1-U3YV93UU-1985NPKD},0
{V8X2-B2WW55CM-3497UORM},0
{N9T4-W4RX01AR-4835APLS},0
{W6V0-X2UG08HY-4994ZVEM},0
{F1M2-R3RX29PF-7241VIBB},0
{I9Z6-X7UZ77SS-8526YHEA},0
{M5Z7-Q1BA34GI-0596HJRI},0
{G1D7-A1KR70HY-3892AWUA},0
{M0V7-K4IC51NR-2121UBDE},0
{P6N5-I8HV51SC-0967RJAA},0
{E4F1-I8PY93AR-3201AZVU},0
{H1Y8-U1PC62GC-0889LGTC},0
{Y3J6-O4UN70SN-3110JVGK},0
{Z4S3-U4RZ08AD-4756BIMN},0
{S9W4-R5PK47GC-0571YPYK},0
{L3M9-K3TK03KV-9862QORU},0
{O0R1-O6WK08DK-7631FXGW},0
{O6E1-H7OP51TA-4694VBSE},0
{S8E7-W6GE26IJ-7521YAZK},0
{E5L8-C5QY53ZQ-2869UPQE},0
{D2U5-S1VW23TZ-8500DDIW},0
{W4D4-U5DG09RG-1168KLLH},0
{J7X6-C6CD89CS-4831HCMR},0
{M9F3-A0LK04GU-0537BEDG},0
{Z5A9-Q5CL02ZH-9057OYTN},0
{V6M3-P9GC90LM-7778LWFW},0
{D9E6-Y1ZP14FG-5024KAGP},0
{L3K1-A5KY75KA-2442ZCVJ},0
{I0Y5-T3WI33OH-9036BMAQ},0
{V1I1-D0WK35PB-7288XNFD},0
{J0G0-H0QW91EW-0815RHRI},0
{U1L3-P0YZ29VP-7328FMRM},0
{Z4N1-W6EA70BQ-2307NDAN},0
{J9P2-K4EE72IT-6432HLLM},0
{M5B9-H6ZY16IS-1809CLQW},0
{N2U9-V9UU13NI-2990AUKS},0
{P8M2-S5FM53WB-3953BRNT},0
{P7R1-L7VZ17CT-7104GXRM},0
{Q6Z7-T2RW81BX-6799GFRT},0
{O8Z4-R7YD50QW-7161CFCV},0
{K7U8-D8HD99EG-5333KHMR},0
{L6P1-U6YP87AP-5003KBJB},0
{W2M4-Z9LN38DC-4963FJUD},0
{U0Q3-D1EK30FM-7837IZFL},0
{P4D1-Y0RW51KL-9949ZRNB},0
{F4T1-O0GY17JS-1901EEYG},0
{T2R0-B7IP82CP-6875GTYH},0
{D3M6-Y8DA16EX-7043FTMV},0
{J3M5-Y0DX33IZ-7986KQBD},0
{F3T2-S6TA11YP-4645RWRY},0
{C9R0-F5AX72HE-9618TPCD},0
{S5W6-H9IM87FH-6107WHFS},0
{J5T3-U4TB80YR-5890IVFS},0
{D8P3-K4GQ54QD-7875LMTV},0
{G7B2-D5FQ78CS-5727ZEMM},0
{Z7W6-Y5IT57OT-5877BLLM},0
{M7D7-N4NR35RN-6123LLRD},0
{W7D8-J4GE87ID-1036PWNQ},0
{O9E8-K5NV99JE-7890KVGZ},0
{L0U3-A0OW56DS-7239DZNZ},0
{R3Q2-Z1WR34EZ-6415NBSZ},0
{Z4N6-Y7NJ34NI-0909NJGY},0
{R9A2-N1ZN14MN-3136BKNE},0
{U9K2-O8WC41BM-9447IQUN},0
{E0Q6-J6AY85AP-8722ZSPM},0
{A5E2-W0IJ13VT-1557XTLY},0
{S2I9-T9OT19RR-9774LZVR},0
{F3Q1-I8RM55RE-8549LHHO},0
{I3F0-M4WQ98LZ-5650QQIL},0
{W7R5-S4GD58VM-5645YJAR},0
{V7G6-Z9HQ14RI-1591JRAU},0
{T7Q7-C7OY56RK-8667AVDK},0
{R7P2-J8QP76YY-2218PFCK},0
{F4S8-X0XG74YQ-9719KPHW},0
{H9Q3-O1BL84YI-5045JMFM},0
{C4L9-L9FR67AD-3682EJBV},0
{J9P1-P3SH53XC-3166BXIF},0
{M3L7-R0XC95VO-5532TVPV},0
{L3N1-W8NR06EU-9821XWDH},0
{T3G0-Z2DT70OP-3121PTLD},0
{K0X4-C7EY91VB-4612KPAR},0
{F0U3-K6XA11WG-5088JQMU},0
{X0A5-F1LA65OH-8728JIOQ},0
{F8A7-D7VR66QX-0965JIDM},0
{S2L3-D2SD95KM-0685PYGB},0
{N8M2-Y3VH97GE-7870ALLX},0
{L4Y2-S6GP09YJ-5359HBGS},0
{K4H3-P0FD33IF-0391DWXL},0
{I2W1-R7ZI97GE-9244XFAF},0
{A4T0-R3BD44ZL-9691TPNO},0
{W1N9-I6UJ35XT-9737CHZC},0
{M5F0-P9OT71OX-6854UBPZ},0
{S4M5-C1WF20YZ-5274KHUO},0
{C5F5-S4VH13HT-5623JKYE},0
{U2W7-A2JN25LI-2513UAJQ},0
{N2Y3-G8SU46YP-7457HPJC},0
{J2J7-L9SC23NS-1881LMUR},0
{E3P6-Y0ON03RJ-4945YOOU},0
{Z5K3-T7UW06FH-9226LOAV},0
{D4N9-C3KI82SO-0234MPIO},0
{W2J2-G6ZZ39MY-7151ZPIA},0
{H8G2-Y3PA02YJ-0494NFLJ},0
{X5I0-L7JC15SV-2748CJAY},0
{X6S9-V4DZ18QX-8950YMVU},0
{S6E0-O2MB65XI-3025BEUQ},0
{U4Q4-J9IH27ZX-0010MBJU},0
{I0O5-Z8QT45VI-5680PWYJ},0
{C5I4-H7UH46IN-5410OZJI},0
{A7L3-Q2NN78OQ-9049BGHX},0
{W3M9-H5GP33UQ-2771BJKH},0
{T4X7-F3NP05RT-7594OBML},0
{F9M3-D2UW65TT-7585PSRW},0
{B6W8-H6SK08NE-4088OLAT},0
{V0W7-F0JV00TX-6001TIMK},0
{A0S5-C8JW35QL-7428RORP},0
{S7K5-G0QN32CW-5742UBWI},0
{M9P6-Z1ZS21SQ-3493RIGG},0
{Q8T8-V4BE95HB-7182GGGO},0
{H9P1-F4GV90EN-2591WOZZ},0
{U4C1-J8JR61ZM-8261XDII},0
{C7J0-G1GO60UX-5322OVCO},0
{F4J3-J1NZ84JW-8114BINL},0
{A8T5-Z1PS07LZ-8020HVDE},0
{T6V0-Q2MD96SH-3295AYQX},0
{T1X5-B5BG15AO-1798JBIS},0
{M5R4-B6VL79HQ-6184CUZT},0
{C7J8-N4MD70RT-4176RJYY},0
{H8M1-Q4LN21KQ-8826SGFK},0
{A8S0-N2CN66SO-3464HHKZ},0
{Y9O3-W9ZZ55DG-0023TGNU},0
{M9E2-B8YE62VR-2030VRSB},0
{K4T6-W3US57RL-9711JEIS},0
{R0P4-S6HQ48IV-1516LORM},0
{P7G6-Y8RS42HF-5135NMDA},0
{S2D6-X1DH35PF-2810XSAT},0
{U4K7-D0JD52RK-0580IJOY},0
{A8D6-E0OJ85NL-0825ZTEB},0
{L7G6-F4WD21GW-9818ELKV},0
{A1H0-S9NC87PJ-9249WCKZ},0
{Y5X6-M9FX71LO-9882RVWZ},0
{D4D1-R2BL05VC-9207WDTT},0
{P4X9-R7IR21GR-4878IEJV},0
{O4W1-E8OF98TI-2399RJOX},0
{Z8P5-D7QX24TU-7618XFZH},0
{G8X8-Y1WE73FT-5202YGGS},0
{E1Q4-D3MX43VG-8155PIIR},0
{X8A9-F5NT86RM-6867UPWI},0
{L1M4-K3RD86ZA-7865VCAP},0
{X4B7-V2VV34YP-6018ERTQ},0
{L4K1-L2PP66KO-2299JDBC},0
{D9W1-O9NO78NY-2761ROAN},0
{U6J6-H8WA66LC-3759RIPV},0
{M1H9-Q1JB02HU-3462KZRI},0
{B5S8-I9VS66GW-9719WZTI},0
{E4V0-O1SR74TP-1884PKFP},0
{V8K8-J3TR26VJ-9459HDLO},0
{W9Q1-L3AV50RQ-1969URYW},0
{K5S2-F7SU37OR-2982NDJO},0
{B3A1-O8IL56UW-8894YFJM},0
{Z7E6-F0AO29OD-3711EFFC},0
{J1S5-T8GI44TJ-6052ZIKP},0
{O0T9-V9GI06KK-1333LFHO},0
{T3U0-E3RJ15FT-7002SBIM},0
{L6H3-W3NI41TD-6366YQFB},0
{N1W9-A7MC27BW-2106ATHH},0
{G8M7-Y9TK81US-6222RAZN},0
{Q8T3-L7NY09XO-2505DSAT},0
{C7L2-I9BV80PR-3850LDMZ},0
{J7E8-A0IL59MH-4533AQCC},0
{N7X8-U6CB33II-9345CCPE},0
{M4E4-P6TJ82LC-4619OOJK},0
{L6N5-S0AC24JG-4023ZVWZ},0
{M6T4-C0FZ58AT-0636JLXA},0
{D3F3-X3MJ18IV-0088YTHW},0
{Y3V0-M5DH98IL-3079ODWN},0
{N1Y3-P7ZC85FQ-7052ZDZE},0
{M8K2-C8MP57IC-6083HYRX},0
{J5S8-A3SB56LN-4629OCHL},0
{F4L3-D0HR25QY-3241GKAF},0
{U8V3-J1QF95EE-2456KTFZ},0
{G2B5-W6UP40LA-8547NMDQ},0
{Y4N9-P0YB76ND-2021OKGP},0
{R3V3-P8KA67XE-1355SZNY},0
{F5J3-F3OT52OR-6052DRGD},0
{A0R2-L7SQ33EG-3901JAOK},0
{B5J2-E8ZQ20WU-6482AYKU},0
{T6R4-U2CA74MP-6568CWSK},0
{Q5R5-O8DC30SA-2127VEET},0
{H4E7-M7IH11FE-9782QOOS},0
{G8L3-Q2PL37TB-9806XHKL},0
{S7R8-F3YT26XZ-5770UAJN},0
{M7W9-N8EV22GH-2933ERFO},0
{K5T4-T6TE04FC-3015SNMY},0
{L0P0-G0PB40GU-6207INFC},0
{T6Z5-S6EA39FY-5157ELPB},0
{Z3S5-H3FV93KR-6771TCTV},0
{L6Y4-I1XO94HT-8236NQMO},0
{T6Y3-K0VB03YJ-0280TCHY},0
{S3E5-U6HR22LG-6107GTTT},0
{P7O3-J1AO75PH-3085OBYG},0
{U2K3-Y3WS00HJ-6287NMCS},0
{C8N2-H3DJ22AI-1888PTJA},0
{Q4R5-B6IV14ZT-8082LRWZ},0
{I8X9-I7AD53UJ-9397XRHS},0
{A3C4-P7RY30EX-1064WJWT},0
{Q2X1-E5QI01VG-8042WLXI},0
{Y0S0-V8CG04TU-6767NMSZ},0
{T7W3-K4YR82LC-8996OMOR},0
{X7B5-K3KW36MH-8488IPNY},0
{H9Y1-F5YP41TX-5008FVAG},0
{N8N6-G6ZM14XR-0485NUQI},0
{U2J7-P3XK67QV-7120HPUS},0
{C4Z0-B1JJ30UE-9639VCVJ},0
{F4P6-J7PK95DQ-0331SHDN},0
{L9V2-X9XX69DX-7711BSQN},0
{R0N9-Y0LN31IL-1714RQIQ},0
{R1V7-T9JK70PY-6902GJWW},0
{J1M8-G9SL56KN-9155MYHA},0
{N5V1-C2XF55MZ-2963QZXO},0
{U7J3-A0BK41YY-3813FKTA},0
{Q2Q7-O7UN66VK-7447DLGE},0
{B4K7-P5IB78GE-5775VSRF},0
{S2K0-V9MS46HH-1761LLHZ},0
{G3T5-U9KX75TA-2978HEJN},0
{Y9D5-I3IK32DE-9482ZCSI},0
{T3L2-Z2RL81BI-6854OGGU},0
{X7S8-Z1IK17XF-0258GVJS},0
{E2U6-E6TU47LI-5449UTCB},0
{R5X2-P4ZQ93ZU-3129DEKQ},0
{R5Z5-O0EQ00WN-6263HFAE},0
{E7H1-K7GB73NX-4275LVYX},0
{T6V2-Y9KW84LU-8451DXMQ},0
{O3L3-Q3HJ65VI-3037OQQB},0
{P4Y2-Z1QE09TF-2532UAVG},0
{H8G1-C5CE91XX-0198XFGN},0
{P0O8-U8VN83YY-8249CSAY},0
{F4I1-E3BW19OB-8131TYLD},0
{K8C4-H3PF90YV-0327UGMC},0
{V8R9-G3TO98GU-2325CQKT},0
{A9E3-G2NT22TF-6675FLLJ},0
{W1F3-N2UW15AN-2081FTLH},0
{W2L5-I0WP20BX-5470GUPL},0
{E3V8-D4DR90GJ-9535YJSJ},0
{E9D8-T4DE06RN-8946QYHY},0
{Z6S8-N0QS09HI-1878CBEM},0
{U8Q5-U1PA34DB-7419NQVH},0
{X8A1-A1CN39ZR-9034HZBA},0
{F6B4-E6QK73SQ-9883LAHO},0
{U5D6-T7RN70EB-1738BKJZ},0
{X4Y8-G1QX70BL-3678CGJY},0
{B7G3-S4ZL67BH-0015SYKI},0
{S0J5-C9FI87TH-2869GSCZ},0
{Q2Z1-D4LY28ZG-3400WXOX},0
{C3T1-D6LD33RJ-2362JNFR},0
{I8F7-W8TR37XB-5828FISE},0
{V2Q5-E6IF67MS-4918GMFW},0
{K4N8-C0ZO47JR-2811THVR},0
{G2E5-A0ZT40VN-7467YQWB},0
{X2N9-Q9JP79DT-9249BBPR},0
{Q5S1-D2RC81GL-6856ZGDI},0
{I3D2-P0NG88VF-4907IGOU},0
{E7W4-F7DP54ZC-0325ETHF},0
{U7K1-K6UB62UN-0410JSVW},0
{Q9V5-H8MD39UG-2740VRFE},0
{X9Y4-M4QK67PX-8960FHHJ},0
{O2R0-N0UM61RB-0135YNAQ},0
{M0N9-N2YR19JT-7677GVPE},0
{T3M8-X3PL92DD-2192QMVV},0
{W7U9-D9SP31AL-9254VNEE},0
{P9X4-D5BQ93LU-8701EGLI},0
{Q4U5-O6LI86LU-1625AGUM},0
{K9W7-I7WP96UQ-0240GHGW},0
{I4Q2-Q6KB76RU-5265DSNN},0
{C4K9-O6YZ62OF-4951ETZX},0
{O2V3-O5SI42AI-8076BINA},0
{T1D0-Q1YF40VD-9314DMIF},0
{C1O1-P8OB73DQ-2027PXUQ},0
{Z3Y4-V5NG11UO-3227NDDM},0
{H3W2-N9CP51SO-0179CFXC},0
{J9K8-O3WB95PG-6565MGUD},0
{G7S8-B9AG90QF-5361XTMQ},0
{B9H7-U2GI64YG-5425HRCF},0
{U0I1-M3KV10CG-5352JCTI},0
{K4I9-L0TR66ZS-1600QTAM},0
{X7T4-A3KB04JA-8620LTFU},0
{R2O3-Y9BY77GP-4179UESA},0
{O7F5-W9OG51YQ-6387JZRA},0
{R0U4-Y7RT99EF-1307CSKB},0
{L1T5-O6UI38SP-8587SZZY},0
{F3H7-Z9KO03YG-9789JZDI},0
{J0U7-X5GP93ON-6915VCFO},0
{U4E4-B1LO43AZ-0200AMYB},0
{R0Q6-K4LH72RM-5075DSIX},0
{V6T7-F2XA85SK-7677RTDL},0
{N8B7-O4HE70XQ-6926ULAB},0
{W5N6-U9UL90HG-3741CDOM},0
{A1Y6-T9GE89ZA-6347RTUO},0
{Q6H8-T1HQ81GQ-9896FJMZ},0
{A8J2-J1KI11NC-3877CLUP},0
{D5Y1-D3KK48TS-7806LLBA},0
{S6R7-K4HP74KH-8585EPHQ},0
{M7X5-Y8LV73BB-4352MPQR},0
{G9F8-B1FB59OL-3931QAGG},0
{C9T9-R6PN70CM-7917GWRD},0
{L6M3-K0RQ44TB-0994RYYH},0
{X2C7-Z4AA75WH-5520KGOW},0
{X0L6-R9AK70PK-1859FPPU},0
{Y8L6-S2IE51TI-4526JHMA},0
{P8Z9-P8TD85BF-8541FIMS},0
{A8R7-C6WC39XL-6034XGQR},0
{N9E0-I5DJ36HG-6163AMHP},0
{J4Q5-I6HX87SV-2477MPNM},0
{O8O4-P9HC90DQ-4840RWZA},0
{I6S0-L9EW35VP-5115KHGR},0
{J8F4-A9BL88MT-0161VTFH},0
{T6W2-Q3SX81WN-2042ODUD},0
{U4N6-K9EM02MB-2180APIU},0
{U2U7-S5WS98HD-4685ARLD},0
{S3Z5-F6XB76ZP-3525PLIZ},0
{L5H8-P5AN27UE-0337GLLM},0
{Q4S9-E4UB21XE-8616ECIX},0
{O0V3-L7JB01QF-3893IYBR},0
{V2E3-X0UR02GM-1455CAHF},0
{W0I7-W5DJ28SU-0167CVNC},0
{A1W0-J4MN61TH-4532OWQD},0
{Y8D9-C0JV20DC-3992KJKJ},0
{J2S0-Z7YJ52QN-0656UNVI},0
{P2J7-P1VF24WB-7550LQBH},0
{M7N7-X8II30DD-2132DXMR},0
{N8F0-Q3ZU13IF-5622SJAG},0
{M8F9-W2UD38HJ-4171MJTZ},0
{H2R7-N4NP99TR-6084PPJW},0
{C7Y7-Q0QA82CU-4398NXMT},0
{E6U7-Y5VY73WD-3216QSAB},0
{A2Q0-C2BB42KA-1462QYHA},0
{G0X0-V7IW79JZ-4149GZLC},0
{Z9I9-J4BQ20EK-1069FGLJ},0
{X8B1-H8WB97RH-8218OBHX},0
{S5N8-T8IB62PU-8644SFBR},0
{A2R9-O5TU59WP-9112ZUOX},0
{K0A7-U7LS16AI-1957DGOO},0
{M4A8-U2QY09RB-3298GYJL},0
{C0I4-A5EN60LY-8839SUKY},0
{N8Z0-V1NO10OZ-5507GCGD},0
{C3V8-P8OD70IN-3815SYFO},0
{W9Y7-H8LD65YE-1300KAVL},0
{G6J3-M6KJ75AF-3433SGJJ},0
{B4V6-X1MU04NW-7330NDZM},0
{C9D6-W6XH02LJ-3795SSPG},0
{J0F4-Q5JD97PB-8485BXDU},0
{X1P9-N5LC57GL-1103QISR},0
{N2J8-C9XZ43VB-1107ULSY},0
{S1L7-E6BD87FE-9032BHFT},0
{J0O5-T5GW23TP-6461UFAJ},0
{Z5P8-K5FA36FT-5961IYIQ},0
{Q2W7-S9YD98PL-7466QMOB},0
{O1Y2-E3FQ52YR-3176NXHR},0
{N4W2-Z4XE39TJ-3601TEPD},0
{I1R0-Q7TH69GD-8682SAZB},0
{Q8H5-Y5WP97RE-4683GGRF},0
{Z3S1-V8FT23NP-8981EGMG},0
{D3O2-I5QU26KY-6925SACZ},0
{Z6R0-J5EJ98KE-1909LBWA},0
{R1X2-Z3JD71DR-8536VENK},0
{G6U9-L7KS50RU-0489NLYN},0
{J2E9-M1VU28OW-2508GLTQ},0
{X3K2-C2GI12KE-1440OZVE},0
{U4Z7-R8MB75AS-1156ILYK},0
{W0E4-I4HJ91PP-8207JKMN},0
{C8Q8-W7FM92AD-4899QSLZ},0
{U0I9-S2CR37YO-5436KFXR},0
{S9Q9-T6OA35BJ-7671CWEP},0
{X8O4-L2WI64NG-5815PAYN},0
{P1X2-D4JC82GV-7701LDPE},0
{X3R6-L9UH28GE-8204SLGE},0
{X9D0-Z5CF58NH-2594FTJI},0
{I2W4-E0JV32ON-9713PQXE},0
{B8Z3-I5RX00GO-1623OOWO},0
{K0L9-X6TF84BR-2829IZBG},0
{K6F5-B1VW51BD-4076DIDS},0
{F5P9-J6CG24LW-1014PYZK},0
{A9C2-G5ND80ED-9260SYJQ},0
{A7Y9-S2RB54UT-6003KLOZ},0
{T0O6-A7UR86GS-8388ONBL},0
{T8L2-H1LF74AD-3875AXYF},0
{D2O7-I6WM11PO-1439POZP},0
{B8W0-B4VY57OU-5978RRQJ},0
{B6F0-E6FC53JC-6896UBGC},0
{Y0G3-G3OL14BL-7416OYPE},0
{G4W8-I9JH13NU-0890QCQB},0
{V5W9-U5AD61MU-7236NDMK},0
{G3P4-A6JH85GB-6307FWXQ},0
{R9F8-Y4XQ54DV-4036RTQE},0
{I0F3-F4QQ90XV-1258FAPT},0
{W9L3-Z5OQ49VU-6254UXBW},0
{O5I3-X6OU91HD-3274FULF},0
{I8R4-Q0PR33CV-5736CHBB},0
{B2Z3-G9RL89XT-0343EHFX},0
{F8F5-W9TA68NE-1393DZIS},0
{D4B2-X8YN78LE-3389NVQQ},0
{Q2K6-Z0LS51GH-6630GAXG},0
{Q6M8-T4JH99CJ-6751ECFO},0
{I1H0-R5AI31KM-8300WUXX},0
{P7E6-F1GL45KP-5197USWG},0
{K8G6-Q4SF55HT-0565ACYR},0
{I6G7-W6YO94VG-2415TIAG},0
{B5S8-Y8MQ89KI-1177MIAN},0
{J3D3-V9IW78OA-7523VOZL},0
{G7L1-Y6MT49VU-1026TXVY},0
{A3K2-J4RD93UG-6238WAYW},0
{D5H2-J2BX88SQ-6475LQUA},0
{K4K8-F4WN06TN-2480YDXI},0
{P9P6-C5OC42IC-3129YVMU},0
{A1A3-R7CT61QP-3238UHRY},0
{O3Q6-A6CS31GT-2242APOD},0
{I3K7-V6ZU11HO-8122DRFO},0
{L2C7-O3UZ80JN-5593VBYV},0
{Z2M9-L4UT06ZS-7033TUGC},0
{J1C1-J6BM26UI-6256TUDQ},0
{J8Y2-A9OJ96XA-2271PUOX},0
{Y2C0-E2OM40QL-0587EWCS},0
{L7U8-M3KP38TR-9749OSUL},0
{S0W2-F3IS48MO-4079BNMO},0
{E3E2-O1QL16ZW-5516ELLG},0
{V2R3-D2LC36MP-4138PPNM},0
{X6T2-Y4HC25IG-4216FKTD},0
{S0L2-V8LS73CR-1432YMAP},0
{U4V7-J1LC41TC-1853UAMM},0
{B6U4-H2HC22PX-8405KXBM},0
{F3H1-J5GY95GM-5984OAEH},0
{L1M0-Y9AV82CS-0010JSHT},0
{L2S5-I9PK18QG-6248UJBG},0
{R7K5-L5ZM53DG-7638ZRTS},0
{Y4M7-S4ON64BY-2042XISG},0
{Y9S7-M5IM53LK-1290ZGKA},0
{D8D4-J2TJ19MY-0870BEZQ},0
{X3A3-S9PW39KK-2979ORSP},0
{Y4W0-H7PB33II-2184MMYU},0
{R1R0-Z4CW57NF-1458GQIR},0
{X2Z4-W0WC88CF-1161GHQJ},0
{I1N1-A2KD75DW-4808FJUD},0
{U6L3-K0TN40DG-3975ITPP},0
{Y8P4-W9FO30SD-7226MULZ},0
{R5N7-C4YZ08JG-9206BKEB},0
{V5P9-H8LJ75NF-5599TANY},0
{D8Y0-C0ME95IT-2558ZAVV},0
{Y1P6-A1CL36DD-3780KZSI},0
{E4F3-X1SI85JZ-5053REJU},0
{T4N5-V5WJ04YL-3806DTKU},0
{M7C9-U9EX21DS-5490KMMP},0
{V0C2-C4BZ46DU-5125YUWG},0
{Y0S6-E1GR34UC-1309HFSA},0
{U3X0-B4GM39YN-8046EVCL},0
{N8W8-P6SP84RS-7874OWFN},0
{W8B9-P4IC44QP-0540FZOD},0
{E3I4-O6SW56MN-9659QLNC},0
{H0Q6-E3VW66ND-5511BJZK},0
{Y8V9-I1DF73IS-1739XJNI},0
{K7P5-C9MF47EF-9696BGSJ},0
{H6P6-V1BI14XF-8438XIEP},0
{F5N3-Y3MX15QP-7241QNCE},0
{W4S6-Y5KY17YR-2506UITL},0
{E5F5-G7FI36TW-6815CNHG},0
{H8P7-A3NI94CA-8730KGXV},0
{Y4J2-P9UG10IR-2931KFQG},0
{M1X9-W1GJ58VN-5293FGYK},0
{A8Q1-G9IF79GE-5356LVNR},0
{Z7R3-H5BL21VF-8837JGUP},0
{N0D8-U7YY36CZ-1664UMNB},0
{Z9C4-H5IR34VV-4601GTDP},0
{D2G6-W3YZ47UP-1834WKQQ},0
{Y2C2-X9BE07IE-8302UELZ},0
{O7T8-Q1YU59TM-6295EFWB},0
{Q5O2-D6UC17UA-1654XPJW},0
{J8Z9-X0IC53AN-6178TNDO},0
{K3F4-K1ME60DD-9689IOCS},0
{A5H9-U6TF06NL-0001GPLP},0
{Q2A2-T9ZQ56HG-3938ELIJ},0
{B9J8-E0BU21JZ-2139OKWK},0
{A9B8-W2RJ49IE-1488LTZU},0
{I7M7-Q7VM31GY-7453KMDW},0
{I9M6-H5SF85PB-9932QPAW},0
{Z7P7-J5AZ81AK-1854ZRQK},0
{Z5Q5-R2BY36IO-6097MBHE},0
{T8K8-U3YX86MJ-2445BLNX},0
{H5B4-M5CV29YB-0340ZSDG},0
{M6L1-J8KX57OO-5207TSYE},0
{V2L3-A5OO75BS-7784LXFO},0
{K6T4-K2QV45OG-6120VJXE},0
{W7A6-L3OY57KP-1730TAGX},0
{C9H5-C4QG33KZ-8111YAMM},0
{M6P4-C4ZD23KF-7635EZHH},0
{Q5C5-V0PQ90SO-1450UPII},0
{O3J9-Q8ML39SU-6455TJTW},0
{P6E1-K1ZM68UF-8324DFSC},0
{L3I1-P9HU47PN-9021GVXJ},0
{N1Y0-X9KA83NR-3320ZNLC},0
{T4R1-C2XU66ZE-4655EVHQ},0
{N5E5-M5AL66EV-2301PMOU},0
{G3Q8-H5JT43OU-2863QMGC},0
{L1Y2-D9BF18SR-4010KDEZ},0
{R6S5-D6VZ30FB-7521XCAM},0
{R4M5-B4DY06OI-9450EHQR},0
{L5K1-H5PX41NP-2564KYAD},0
{T0V9-Q0NY62CV-7610SVHY},0
{H6K2-V0DK84NZ-0538FDSP},0
{R6E9-T8ER64LL-2894BRIT},0
{N6Z0-M8CZ16JU-3736TUJP},0
{B7V3-H4WR71UO-0699XTHX},0
{U5R0-B3BB30MJ-1452BBPH},0
{D7L4-E8CB19RK-5391IOSQ},0
{O9G7-L5YW32GE-5429WVKM},0
{C7R8-T0OX96GQ-5729LYDP},0
{W0U1-I3IV20KT-5869DTVG},0
{B9Q4-Y4XD38IE-6163FHML},0
{I0U8-J0DV01GI-8905UEEB},0
{Q6X6-A1YK10SX-1264GGBX},0
{H9S3-O5QI92AN-6692DLAM},0
{X3U1-B5FB06FI-3596MGTW},0
{M9L7-N9QW98CH-2039JINT},0
{B8I8-C3VP48TR-7243QAGE},0
{A8A9-T6KB19QA-4904FAKN},0
{T1E0-I2TP53KV-7136KLCV},0
{G4Z8-P3PO48WP-0984NPLD},0
{Y8J5-S4JA65KA-9059MLPP},0
{N1W3-H7JV41TP-4063LPIG},0
{Q9J8-P4NU39EB-3280SPTH},0
{H6N2-H2IY06MN-8714GJGN},0
{X4G8-S5ZF02HN-0083BONG},0
{E1L3-V1NS42VF-0830THUJ},0
{H5D7-H2DN13TG-4907QIZY},0
{A5S8-X1FS55AO-8538VTRH},0
{Y8L9-A9DD94SY-5029CNKH},0
{G6Q2-R1MI51WY-6891LJJD},0
{R6Q6-A6OP11UM-8431PXSR},0
{L3G8-K5SY58PY-6129HNUT},0
{J7C1-R1EN90PC-8760VCNP},0
{C3A7-L4LW10RW-5339IQVK},0
{M9J6-P6MR60VW-8965YHPA},0
{N6A5-H3EH45UB-4530JTHO},0
{M5H6-G2GO95HF-8026OIQV},0
{W1M6-D6JV19OW-1813CLLD},0
{G5U2-G2BZ92LH-2728FHXI},0
{M1T3-O8MS33LB-7271GTZR},0
{X6T9-B5NU09DM-8858OIRD},0
{J7K8-T5RM44YM-2375YOCF},0
{X5C6-G6MX72YH-5291SZAB},0
{R5I3-Q8TN25IJ-2235KAVH},0
{O8F5-T1HA57VX-2257KDAM},0
{J0L3-P8HW73FE-1152VQEZ},0
{O0Y8-M3KZ71IG-2235NQQI},0
{N1B7-K0SO64VB-9582GHLA},0
{B2O8-P3NT01GS-6467HFEU},0
{H3Q2-E2QZ79XM-0328OHAJ},0
{R3P5-H6ZF31NL-2809XCMZ},0
{A1O0-Z6NC20UI-0642VHRJ},0
{I3N7-R6DE65VB-8089CBLW},0
{T2Z8-M9BO42KK-0320QIZO},0
{L8R1-O6VN92NP-1167ZGIK},0
{Z1Z5-C1NT56DC-7353GDNQ},0
{B0Y1-U7SU78IM-6595IOXJ},0
{V2S4-E9ZQ78LZ-1538MVCB},0
{M6T6-W7BD85BZ-5585XXHN},0
{C2L8-C5BB26UM-8948IQVN},0
{G3Q5-T7WV59UE-1351EJMO},0
{J5L2-X4CQ05WS-3504TFIM},0
{O8A8-I7YE65UU-7375IZIH},0
{Q1Y3-E9QN80YB-7838UHYM},0
{G5Z0-G3DN37DN-4294ORAC},0
{Q9L1-D8PY46KA-8919WBBO},0
{U3P5-N5PM35UY-6201BWZO},0
{Q8O2-B6MV80MX-1716UCLA},0
{G5J4-X9HK85BF-9901LHZV},0
{M3S9-E2MH13CD-4276RVLJ},0
{M5L5-V5LR66QN-3095JQIC},0
{C6W5-G5EK20SA-1813TTVO},0
{G8O1-J6AM84OY-9082VWSE},0
{Y1X2-Y5WZ83BJ-9591XQVC},0
{Y5J5-P4XV10CQ-8416AXQF},0
{N5S2-N4ND46WC-0771RIFZ},0
{P7W0-U5PM00NC-5733EVPC},0
{G0L0-G2XV49QZ-7741ZPMG},0
{X0R9-V2FY34KQ-9780GTRV},0
{R6I2-B6ED24XX-1047FNMM},0
{A8N0-Y3GP81HM-5898QXEE},0
{Y8J0-T2PK02QI-4002UNMC},0
{T7H0-P4AE43JQ-9004XCIM},0
{M7N3-R3HV00SH-5430FRIN},0
{F9S6-O3OY71GP-0879IUXE},0
{W8W6-Z8IT31NF-9321MKON},0
{R4W4-E9HA98JK-4865PYFD},0
{S0U8-P5ZF94TP-8468BWYN},0
{I0B8-C5CW12YQ-2039WGRG},0
{G4P1-S3NV58NR-8659JVPZ},0
{G4W3-D1SS75JU-9869QJOD},0
{O5X5-C9DQ26VE-5074UAAG},0
{X6A9-B9CN11RM-0891UQRX},0
{Q8B4-S8TT64TH-0608HGSX},0
{J7F5-R3OY87BN-0379VFTQ},0
{K5T1-W3ZE00VM-4495FSOW},0
{M0F2-O0TY01FL-2725GRIW},0
{F0S3-U1EN96UB-6780JKNS},0
{M0V7-Z6FR66MT-8763RQQB},0
{I4T5-L1WV36QM-6582AYQV},0
{D4Q5-N0FR45IB-2277IKMM},0
{Y3K5-E7JP02HT-5741DUWC},0
{A3S8-V6BO40XP-6484YTNP},0
{G7S7-L5VI69VS-9826GCVL},0
{G8A5-Y8TP22AK-2623BPKD},0
{V8V6-E9YD29GK-5381VSPF},0
{V3A4-Q1XD42PL-2504OOXZ},0
{F3K7-G1LV79XU-3573TBJT},0
{N6F2-H7PO60OY-6893ZQZW},0
{O3L6-D4VJ75KX-8345XQTA},0
{L8M2-B2QX88AF-0996JBKU},0
{Q4X5-D6RL30IR-7657SWQM},0
{V6U0-J7JH93JR-4200CMHO},0
{W4D8-J6YZ08OC-6646OECF},0
{U4Y7-Z4AK73GW-9967NPAO},0
{D8Z2-H0LV76ML-2713LTUF},0
{T7Y6-M0FK38MG-0542AONP},0
{C0W4-F3FZ04VB-2251ICHD},0
{E9S9-E9GD09NK-1577CGSW},0
{D2A7-U2DR03QH-6392RJTV},0
{B6H4-B9SZ79RB-4319IIQE},0
{G5L9-I6XW90ZW-3143EMRG},0
{K5J1-B4GN19SB-8381MFVT},0
{U1F5-Z1XL81LK-8363GQQT},0
{A3D4-I7CC34IT-7309HZVB},0
{X8U1-P5IU15ZF-0244WURQ},0
{V6L4-N6AO78QU-0979ASQE},0
{H4N0-D6VP71PZ-3544NAIS},0
{H7F9-C9BW46RG-2718RMEN},0
{O8S1-O0SA61SX-9804ZGJH},0
{V0B9-U4WG20ZA-0200IQFR},0
{B7C4-C4GV63WU-6335XWRH},0
{W5E2-A8TC42NK-7940JXYK},0
{G9W4-V0RH47GE-8255TSZQ},0
{W2B9-H2YW71FG-4204JJGC},0
{G8R0-C0ZH41EX-3690MQPO},0
{D8Q4-Q8HQ81HD-3884OWDA},0
{A2P5-L8RO79NB-2254ZLZK},0
{S3D9-S0WL15AN-2272IFLM},0
{R6G5-E0AV58SQ-9986MNBI},0
{P7Z5-F1XB43LV-3035OMED},0
{E7I4-A3OI84HX-0544YKFM},0
{K3L1-D1XB54KS-2986ANMY},0
{V7N7-X7CZ60SS-2809GLJF},0
{H4G9-A7WQ14NJ-1235ECPP},0
{N8V4-S2OP66FL-7024REHC},0
{K5D9-P1NH75NB-2909EVBZ},0
{S0N2-I6IM76GV-2339YZEI},0
{X6X7-H4PY49FP-8465OWSK},0
{K1V8-G2SY74NV-1467CEUQ},0
{L1V1-J4CH14ZV-7642GPNU},0
{X4U2-I6QZ14CV-6636TIRP},0
{J6E3-Z5IA06CK-8755ZOMM},0
{S7O6-H8GM77SW-6729DSFP},0
{L5S1-O1WT99YC-5006NTCN},0
{U3B6-R1SE98WH-7101FAQB},0
{U1O5-N1SF94FB-9490XBWK},0
{Q2C8-G8QS48AV-1603YJBV},0
{F9L9-S2YX82XC-0323WBRY},0
{I6W0-T1HU62YA-0077UCWV},0
{J8N6-Z7SC92KF-8624KJVV},0
{M8G4-S2SK72QB-9133LMGB},0
{B0M1-I5EI57UG-1281CTUV},0
{A3G7-V4AX25ZA-8625NHWL},0
{A6N2-U8CP37UE-9549ALZZ},0
{U0D5-H6JB52FJ-4569LSRW},0
{X0V0-W1HK13QX-8778HVEQ},0
{C9K0-W8TD98LD-3956BNND},0
{T4I8-F5CD12EE-3086BMMW},0
{Q5S1-B5ON65IW-7897DPCO},0
{N3Z3-E7PU16QQ-5062XUVF},0
{Q8Q4-F2MU48OF-7865TIYH},0
{G6W0-A2GP82ER-5644EXFH},0
{Z8W9-Z9TQ76SK-8421FRFX},0
{H0K9-R0JG54KS-4799BTFB},0
{O2E6-K7MK98RJ-3146LOBO},0
{K7D7-Z2AL22MB-9530OAZM},0
{Y2H3-C7UO29QX-5867ARWR},0
{X9K0-X3EL92ZI-6114LDCZ},0
{H4P7-B7CC59ZD-4717JUQA},0
{R8E5-L0AM54CJ-6517HREM},0
{X2S1-P5XD65CE-6576MJKV},0
{V7Z3-U3YA95JB-0619RYWT},0
{B3H6-V3IC88VI-0418EQIH},0
{U4N3-Y0BB13ZJ-5947UJWW},0
{F4B5-Q3CN30XP-0530PBQF},0
{H4O5-O3BA34BK-6201TKQS},0
{W7M0-Y5ZW62UO-7654UIOD},0
{Y9F3-U1OG35GG-1811NZYZ},0
{G4R9-W9JM64OD-5917QEXB},0
{U1Y8-Q1DJ34DI-2259LXDE},0
{Z7T3-P1AL93NR-3254OFLC},0
{F5Z6-Q9BL70WG-6499DHJS},0
{N1N3-R6DB93IA-8863MHMZ},0
{U9Y5-L7XV33XO-6987VOQO},0
{V8E5-U7YG43QX-1976TCCH},0
{L9F8-Q0NW64GH-6454WTIB},0
{E2S5-B5EW80IY-4879ICKQ},0
{Y1P0-P2VX80CI-5147GHKS},0
{M9L1-B7HL93GE-1673MDGA},0
{T6Q6-L1KW96XW-7196VSEW},0
{S2S2-G7LH42DG-0822OXRZ},0
{K6G2-B5UK11UR-2102CEPV},0
{D2F3-G2EL19YO-6013NAHP},0
{L7W3-I9ZM30AQ-5891HNZJ},0
{F1V1-F0DB01MZ-7518KSWM},0
{W8L8-Y5FT84QC-7304GIQY},0
{F0N0-I8QZ34DE-9303POCF},0
{Y2D2-W6QU10GM-7664IGVS},0
{F9V5-A0OJ50FJ-1554LGOX},0
{L3H0-Q1RH87KG-7755JLND},0
{R8G5-I7BC71LB-8692QVAO},0
{G6K0-A0OX65EQ-7869VSKG},0
{M5J8-J6YQ61NC-9573LZVF},0
{A2N7-I2RU42BL-3145JQZV},0
{V1K2-U2KM88ZS-6103XYFT},0
{I4M0-X6PR99TY-5028AGPL},0
{S4D9-D4PX90ZB-6764OMOU},0
{H6O1-K9CP43BW-3538JUIX},0
{V3O4-E4RK13NL-7582NXDS},0
{V9G8-W5TJ82NU-7827HRAY},0
{T5Q2-R4CL73PF-1486WOLY},0
{K7L0-U7MM93JH-2427WAPZ},0
{X7F7-F3JZ35RC-4449OJQJ},0
{Q6V9-Y8SP74JZ-8068EGGQ},0
{V0D8-E9RK83OO-5288LMOL},0
{R6L7-Z7CL43SM-6895ULUD},0
{N6F1-B4TI35DZ-2255UFTU},0
{E5Y8-T1HQ94LV-1075TRMF},0
{Y7M8-K1IE15YR-4944LVHN},0
{X9N2-O5PY07MK-7424RQBE},0
{C3B2-H6OK68EB-7182DCMA},0
{O7P2-R0HL49UH-6226BIZH},0
{H9E8-B7SZ00GQ-0342DVUM},0
{Y5N9-R5FD87SW-0695ZAIQ},0
{D4A8-Z5EN97MH-1638YNZQ},0
{Z2E2-G5PX66VU-7572MGXZ},0
{N7Z5-V7WF10AX-6650EUME},0
{R8U4-E8RK65ED-0104TQXH},0
{X4O1-R4XQ32IV-0584CSPO},0
{Y3Y4-G5NY60DG-9936CMZT},0
{R6F2-F7QS94NB-1470EGWA},0
{L5U0-A9CW55EC-5849HFSD},0
{M9P1-C0CS31OU-5236BKRX},0
{F3D3-V4AO38ZM-0975OHCA},0
{L0M5-U3RH93OG-7897URSU},0
{J9Z3-Y6BG94HX-2987DQWF},0
{V3Y4-Z3YP64IH-5511FUGM},0
{F9X4-C2CG07JU-7802YXCI},0
{N9L1-M7HX84UV-3090OSXC},0
{M4U4-V5PI20QY-9037SIZH},0
{M6D0-V7PV28AE-7461HCTI},0
{M7J5-Q4LG82KN-1817OYKS},0
{F6L1-C1QG92MX-5110SNEG},0
{Q6P7-B9VQ19VO-8131HDIW},0
{U5D7-S2ML86RL-6369VSPE},0
{A4D6-D6RC61VM-2353SPHZ},0
{O1Q5-Q9OT65LJ-5121FWOB},0
{D4G3-E5RU31QU-2127VYZG},0
{P9D0-T4AB37ZT-0001SSCX},0
{E8C3-S0ML42IW-1341OBAJ},0
{R1O5-J6YG38XK-5302ZKFS},0
{G8T6-O2YW38BG-4586RLBZ},0
{L5J5-P0CV64CN-5862NLGT},0
{L4L7-L4KV03GO-3481WBGV},0
{V4U0-B2UD03FJ-7518HTVZ},0
{Q6Q4-F6SS10PO-3073ILSU},0
{R8Z4-U9HI04CL-9538YUWB},0
{N4B5-J0XY92MG-9898PPOT},0
{P1A1-E8VE55FT-6087AHHQ},0
{K5S1-E1VC25PE-5262MKHY},0
{S3U7-E3XI35KT-4662VFEH},0
{M2Z3-Z7KI47HG-4112UWZY},0
{Z6H0-E4JN45IQ-6407XFJB},0
{S3R6-N8WJ36SK-2995GVZJ},0
{Z7F4-U5MQ40UQ-1091ISJD},0
{Q4F8-E6ZY73DG-3339TJKG},0
{K2A2-P9OM46TF-5388DKMB},0
{I6E2-U9YS49HX-2611HMIP},0
{F0L4-F3IC76RL-4050TVPD},0
{M9C7-B2JE68TW-9526DIBQ},0
{D6H0-H5MV23BR-4218TTET},0
{X6R1-I9NZ05LW-9582WXZO},0
{R1D3-F2AP92RS-7125VXCX},0
{X3W9-K2WG63WL-4087RLIO},0
{T9P8-T9SS30BG-2624WUII},0
{Z0N2-M2SG13PZ-7248LJJO},0
{O4K4-S8FL07FC-2527DHYE},0
{O7J1-S3IV07OT-9718OIXO},0
{H1J3-R9IX50BE-8930IPWF},0
{I9X2-J6BO39KF-7801XOCI},0
{V8A1-I0EZ36YL-5339YBQR},0
{B2V6-P9VE72MI-4873BVWO},0
{F9T1-V3AH56ZN-2819APGA},0
{Y0V0-Q4VX01BW-9271SPNZ},0
{C5R7-V0PE50TR-8722SPJU},0
{S4X8-P7ZQ90VA-4021KOJT},0
{M9Y3-V5CX76UJ-9889QKIY},0
{Z1C5-C7GA28BO-0042ATIS},0
{O7R7-Z3FO87SY-6529SXGA},0
{M7D0-O7VT46FG-7235ROBS},0
{T3N9-Q8FN09VP-0316EIHT},0
{M4B2-Z7CM36AN-8756CWKU},0
{Y2I6-N4EB26EL-9751NZOQ},0
{G1W0-O5HT35JP-9342UXCB},0
{I9B5-S3MN61RN-8453LLMK},0
{G4S2-L9XE69CO-4598DIZU},0
{L2R1-P0HF55RU-4460AQCG},0
{L9S5-J1ID79AX-9685PUXA},0
{L0A0-Q9KB73ZU-8069UWKK},0
{D8O6-W9DS27FB-5216GMTL},0
{X7T9-Y4HJ42DH-8173THVR},0
{E4Z3-Y4CY04RA-7960ANUM},0
{E1W8-B6IK39TF-3911ZDRC},0
{F8F1-V3EL83MU-9053GKKN},0
{H4Z7-C6XA36EL-5833KTBY},0
{B8R5-O1YY95XN-8847LWYB},0
{E9M2-P8VO56TQ-3741ZNWB},0
{B4B3-A7BV39IE-7985JUAQ},0
{N7J1-P8PX48BU-9866GUVY},0
{C9W2-J8PL34KY-0456WIUI},0
{M3L2-R3GA37OP-7490XPDG},0
{I6L6-O8CC04YA-2869FWNX},0
{K8O8-G8BJ49JV-3718JAVO},0
{S5I4-E0WZ44VY-4567MLYT},0
{F8T7-O2AA93YM-6284IPPP},0
{E7W6-H1VO10ZI-9205QOPT},0
{H0A0-V0BQ26WN-3806BXID},0
{F4K5-N6YE45YO-6968GKGN},0
{M5F7-F3PU73WR-1814HJXH},0
{J3I6-X8KE57DM-2607IYQO},0
{M4A1-V7VF25UY-8298YBZI},0
{M9X4-O9CV12GC-9081NUKD},0
{P0T6-W2PD97IU-9676THQY},0
{A4U8-O1NT12EO-1186LLFW},0
{R0V3-J2XG49LI-5159OMZY},0
{A0X7-A2FA12KF-8684YSNI},0
{W7F8-L3YZ39MF-5647LGIN},0
{I8V3-E6VE09HK-2770ZWDK},0
{O5Y2-C5ZP98CK-5277PMCF},0
{B3B5-Y1EM58EP-9721AFUC},0
{Q9I9-T7QH92HY-5672HAYJ},0
{T8C8-X2KV76LQ-9420HYVM},0
{U1U0-M2UG75JQ-5698BBNZ},0
{P9Q5-C2NY95XC-0784XPLW},0
{T7Y3-C7JN07CS-6324DEDS},0
{M5S4-J0OD31DU-0896NGCM},0
{A4Z4-Y5VJ35XE-7050NWIX},0
{S3D2-P8MS70MV-5449YIET},0
{Y2R5-U6GD95WJ-2555OVQM},0
{C2X0-W0HK02MW-3173ZVMW},0
{D0Y3-S8IZ53RW-3140EGVA},0
{Y1L7-P6ID20HN-9175XPCW},0
{M3W4-N8KY28TU-1610VCCZ},0
{C9W4-N7PP90UL-1639PKUG},0
{L3L7-K2DY52MP-4823OTOC},0
{Z7F6-N6AP84FG-2581HRYI},0
{P5E0-T6BE98KS-3676KGOX},0
{U0R6-E8ZL58FI-5273VEKN},0
{D1H1-A1NW70PY-1613EZCN},0
{G4O4-K1RF98MB-7215GQPG},0
{J3E5-C1NE09ZA-9730TMGV},0
{S3S9-X7KQ81NK-1702WKUO},0
{D3F1-G2PN18YX-4069CPDW},0
{Z9E5-J8BB20BJ-5552XPAC},0
{E4P1-L5JQ03TC-2883KZQP},0
{A0S4-Y8XG62WW-2577DRGA},0
{N8T2-S8WJ73TY-5823VOXF},0
{U1Y0-D8NC22VX-5813JBNP},0
{U8P4-M6QI88GF-0061QDVX},0
{K0L8-I1CL48AU-1565RIMA},0
{G2A3-M0SZ13RQ-2652QCFI},0
{W3C9-Q0CM60JC-5261GYGR},0
{B5X6-V4PG32AV-1467MAKO},0
{J2B3-V5PO74NY-2433NMPT},0
{D6L3-E0HP07MO-9004VCHH},0
{T3X9-X4EN31DQ-1544JVYX},0
{V9P9-X9SJ98YV-4468XRRX},0
{W8K0-J9ZO78PK-0907KMDB},0
{V2Z0-L1IB28PK-8831KXCC},0
{Y3J6-R3MA41IC-9769JTZG},0
{M0I8-B1PL20IS-2636JTZP},0
{G9Z6-C6HF98WF-2078TPXR},0
{E2B8-F2VT98FV-4905ECOH},0
{T1L9-E2SG01OC-7722MUHP},0
{Q7A2-K7OJ91QG-5352JYEB},0
{L4J4-T7VS36SR-6486XUQU},0
{J4A7-A4KB77ZP-9347ESYW},0
{I6M7-I0FZ29GF-9973IALP},0
{W0F0-I3TB22QJ-5540SIBX},0
{J7P4-X4EO56FS-4712ERJG},0
{D2D5-P2OU92IQ-2632PBPF},0
{H7E5-T2BA74JU-8111PGNM},0
{F6N5-Q2ZU00UX-1499YOTY},0
{V7U8-U1LA13FM-2432HKNA},0
{T1M1-Q9QG55BM-0961ACMF},0
{F0P8-E9HJ54CA-0805YUDM},0
{I0W8-F7ZA92FI-7885UOCR},0
{V2Q1-A0BO60FV-7354CUHW},0
{L3V4-O9AV37OL-3795DOKO},0
{K9X1-R5DM20GB-2123RJXD},0
{B6R1-T3JN50UT-6813APYL},0
{Y0F0-F3KZ71MF-3385BWQC},0
{R7N8-E1TR73JN-0551LHEV},0
{K6E2-W5WE22LZ-8246LURP},0
{D9D4-G1GT00VI-0933QRZQ},0
{Z0L3-L6OY22UJ-7497GKKP},0
{D8L6-U9UM80IG-2372QQEC},0
{N5P6-G9RI18ZK-5916WOJH},0
{V7L2-R2IS12NQ-9033LQTQ},0
{J6Q3-S3QS86QN-9094IJIK},0
{I7E2-E9UU42GJ-4805OOVC},0
{I0B7-V9RG45FG-9034VDHF},0
{N3B9-M4XT92CY-1310YAHZ},0
{H8I0-Y0CK47VK-9133XJDT},0
{A9M6-U3HY37RX-2963FPXK},0
{E6C8-D2WR44OS-5462OATH},0
{J3W6-Q4CM88OO-8494BSCQ},0
{Q4O2-N4KO82XF-2492OVQM},0
{B4O4-Y7HP90GJ-8595FQPL},0
{T5V1-S7AZ76EP-2079MWMY},0
{E4S6-C8XV55CA-2573VVMT},0
{Q1S8-V3FR19GU-5433CFBH},0
{I6O5-N2ME64NF-9199BXHL},0
{O6B4-R1WA60AK-5720SIAK},0
{A6K6-J5GA22YL-3628QYVU},0
{C3Z4-N5TH48TZ-4678IUBK},0
{N5D6-U7ZK03YC-3809FURQ},0
{K9D7-Q8VZ23EK-1280XSXZ},0
{F4S4-I6UQ24WE-0392GUJU},0
{P2T1-G3EO49ED-9441XYTA},0
{T3D6-X5FL37NG-3803WZSL},0
{W2V2-O8EL26RO-4688OJXI},0
{I8V2-A6YL91TZ-4934SVML},0
{D8M2-K6ME22YL-7121KSJI},0
{I0V2-X2KZ66VX-6550KSET},0
{B4F8-Z4ZK06CJ-8074IGYM},0
{H9K8-W0IO37NI-6362XSMG},0
{E5X1-P3OT92DL-9357MQRY},0
{O6V2-A6LA02KP-1767BDBT},0
{C3E7-Z0NF53MF-9077FFZT},0
{M1F1-M8NB53CP-9473FRCA},0
{E6R7-Z1JJ05YM-1394ATGK},0
{W0Z7-G3UF00ZE-3021RGVC},0
{R9H9-U3TM34KX-4334OLRT},0
{J4B4-D8YS36ZP-7236ZTEB},0
{T0I3-E9JG56EJ-1259VINU},0
{N7X7-F7OH50EL-6099JBGU},0
{M5N1-J5CC61SB-1243ETJR},0
{M1S0-M3YQ25BT-8947UEDX},0
{P4K5-J6JG12KP-1781BEBF},0
{N8S5-Y9ZE22VQ-7254HFPM},0
{L6L8-D8NB24CP-4351VIVB},0
{Y6B6-F8SK37IC-1207GZDE},0
{J7N4-U2PA64RZ-5899WYTM},0
{L7N8-V4TU74YB-3405KAMA},0
{L4V3-M7VG04JG-0198KKJJ},0
{W6D7-G6QC43MG-1264AMDD},0
{Y2G2-J1RW35OB-7098MAOO},0
{W0U8-G6BU82RC-1452OYCL},0
{G1E5-A6FM26LQ-8890GBKC},0
{O9K7-D9GO31JA-5034QABY},0
{X7D8-C7ZH14IX-8366DYXQ},0
{C8M5-Y3WD00YA-0925KNUR},0
{E6B6-Z2UJ08NU-7438WXDS},0
{K2P1-O3FI98GW-9094ONVP},0
{I1I5-I6NG18UK-9660LPYN},0
{Q8J0-I7MC82SU-4169JCXU},0
{Z1Y2-I2EU49JV-1265YVDM},0
{T8I0-F3GP81WW-6068LUMU},0
{V8G4-K1TW45SQ-7709IBCV},0
{M5T0-E8HZ00TI-7046UEWL},0
{D2L4-Z6PA93PU-8314FLUE},0
{R4W8-X4OC82AF-1800XQYV},0
{G2V2-L4PO88VF-8570VEIV},0
{G0L7-P9WL49SW-2551ADBL},0
{P9S8-N7FT95OT-7725NDXC},0
{E4N6-Z6JT40DF-2104YHXP},0
{F2V3-Z1HF29CQ-2488LRXU},0
{S3L7-F2XQ02IF-0689QFFF},0
{Z7G6-O2EA14YB-5169GQJM},0
{X5U4-L7AO80XS-3515QZYQ},0
{D6U0-F4CD32ZN-5580PWXS},0
{R6F6-O4YR65PZ-2718ZVAV},0
{A4N1-D4MY68OU-6201CQOK},0
{Y3F6-I5TD42UA-1632DAPM},0
{Q7H4-T0KK39JU-2165NIVU},0
{G3K0-L6SK58QZ-0941BXFT},0
{K7L8-Q9YL29AP-6753LSHI},0
{P7Z5-G0CS09UJ-7182TFIN},0
{P0C8-Q2RP34QK-1730NDKS},0
{J8R4-N2UJ73WD-9067FAWY},0
{T5J5-G1NE46EX-9594MHEP},0
{T9D2-R0CP82OE-9668GIUP},0
{I2J3-X4BN17XM-0191NBKS},0
{D8H7-L5BG39BN-8714GHOC},0
{B7U7-H3IF90FO-1585TWOU},0
{Y3N8-V5EB99NC-8772AJBV},0
{S1Y6-T4DI20HH-2359TFRB},0
{Q0U7-L9QQ59VT-2729BJZH},0
{F9J7-Z5ZR08WJ-8884SWLK},0
{S3S8-E5BG36UE-6925FZHH},0
{E8Z4-W4WP66MW-3104QZRM},0
{B1Z0-U7TO65KF-9696MJMM},0
{Z6B0-C8IT43UX-7853XOOK},0
{D1Z7-G3RX27PQ-1699GNUN},0
{Z3C7-B3PZ35LG-7369DZHO},0
{T8G6-U7DH11XI-0953NINU},0
{K3I5-Z6EC44FD-2173ELMM},0
{H3B5-U0UA15JM-2791KAFZ},0
{O0E2-R9DQ94KZ-7439BGLB},0
{B8Q0-T0JW58AI-4490THRD},0
{G0J7-U8HD17YR-9445EFCL},0
{R9E9-J2IZ02UH-1825ENQA},0
{W5P1-D6GY66QD-8361ZOUD},0
{Y0O1-G7FZ46GS-0379AJDF},0
{H3G0-K6TG20CV-6044KRQV},0
{V9D5-L5TZ31WZ-8379PPSV},0
{X1O6-W1ES91NR-8373ZGGB},0
{X4Z5-Y8AX67RC-6728LCUF},0
{P5U1-Q1QL32NS-0092MMPP},0
{W7I5-N8GT06QM-0100RVXN},0
{O8D1-V7XZ05HV-9902XYYJ},0
{Q8N1-C5ZA41WV-0517HGMB},0
{Z4Z7-R6XT42NG-4805UJAK},0
{B5F4-G6NC35AC-9312LCRK},0
{M9R8-J4SF53ZL-4289XENJ},0
{X7N2-I4SK11FX-0122SWPJ},0
{E9N8-Z2RR53CO-5769OROK},0
{B4R7-M5KL21RU-8981JJSH},0
{Q7T2-Z1IB08IR-9543AJHD},0
{B8H3-B7KJ72SF-2993SSJO},0
{W0A4-O0UM82VJ-3395ENDC},0
{I4B4-Q1NR27DQ-9064NUKA},0
{Q4B3-Y2SH71XC-8847FULG},0
{J1F9-R0YM17GO-2662TNPL},0
{Z1D9-N9SK39ID-8663EFFX},0
{M1D7-E7YG79JP-5559QQJY},0
{J7E7-L5KZ82QJ-1095WNVH},0
{U4X8-U6NA31TB-4933GYJO},0
{A5Q2-R6HH30OL-7302PKTE},0
{Q0Q1-K2ZH53LG-7238SOFU},0
{A6S0-V7HJ37TS-0283FXPW},0
{G1M5-L5DA89XY-1921FDZX},0
{I2E8-Z4ZO87QM-1156TNDE},0
{S5I8-D1JA17LC-6313GBVC},0
{C5S7-D8AD52IC-8520OCNT},0
{P6N7-R1XZ97IW-9171EXTJ},0
{C1D9-A7YX40HA-9186ENKG},0
{A6B7-N3MT02HQ-0475QRMW},0
{Q6R3-R0RS44YQ-7460QOHA},0
{Y2I1-B8UQ61IS-6887YLYD},0
{C0F2-V5ZK70RV-9021IFYQ},0
{Y0K8-M6YG83LZ-7089AGDF},0
{W1G1-A7HR38RD-6579YFIC},0
{A9Z3-N6QG56XN-9302YQJE},0
{L2S8-Y3EI56MC-0427PBCK},0
{R0V0-T5HF11AM-9959LXNT},0
{I8Y3-G0RV99TZ-5225JYGZ},0
{I9P6-Y7WW17MQ-2868WMBA},0
{E0Q2-D0XI07YK-0693SRFF},0
{Z6B5-E5LK78US-0940AXWS},0
{F4O9-A3IU06RS-7751KBHR},0
{H0S3-S7FD63OH-1287IIPG},0
{U3V3-U2ZJ96OA-6731PYVY},0
{X0K4-Q6SJ41QE-0998JFHT},0
{U0N3-W4SF61IP-9780MOWE},0
{Y6A3-P9TQ42BB-6562USDX},0
{H4H1-N6DH74ET-5012YYTK},0
{D4E7-C0SV33BE-7879ULYX},0
{E9X0-Q7OC77PX-8466SSXT},0
{P3A6-V0NZ88ML-9657NCYY},0
{W2F0-S3QY90RC-8270KOKK},0
{Y3D2-V2BS07PX-3077JNPO},0
{O8B9-Y3NM23LW-8679GSOK},0
{T3N1-E1NM16DC-1766IASA},0
{W2D1-X5CZ79HA-4551AZDL},0
{P3U9-D2ZW89BX-9773ILOH},0
{V5B0-D1UR52AZ-7461DVLO},0
{A3E8-Y6GQ18RM-4764EGNJ},0
{W5K2-A3QX52BZ-4191JDVL},0
{K2B6-I7VH62UC-0497OTKQ},0
{E8R6-Q5DX96JZ-9174XACZ},0
{M2I0-L7HO31UI-2273BURU},0
{A1R4-L6WQ16DN-1523MYLU},0
{T4N8-A9ZL66EQ-0274BXWE},0
{U4R8-G2GO22PK-6141ALIN},0
{J2M5-M3KI52BU-3589GAKP},0
{G0W7-I6HG26LV-3211ENWY},0
{P3U0-W9BP12MT-2064IMAN},0
{O3O9-H0XI15OZ-1010PTOC},0
{Y0F6-E7CR38YL-3966ILNP},0
{S9S6-B2HF70ND-4325GBTL},0
{Z1U3-V7DV16VQ-8727GGWQ},0
{K6F2-X0IC21SN-9757XRPY},0
{Q2T5-L3AO48LQ-4835UDFS},0
{A5Z5-M3QO58RA-7938QLTX},0
{K5A4-B4NT62YF-1776IBDD},0
{G0Q6-D4OD82HL-4592DWWT},0
{B4V9-S4BH46MJ-8574JUUZ},0
{Z0X2-P7MB13IZ-0227HSYO},0
{Z2S9-O3RD03UU-7581QUDQ},0
{M2M2-M6TQ15BI-4259FCIC},0
{K2W0-U2TA09IJ-9250SWUF},0
{Y1U6-O3QJ13NB-9291LJDX},0
{K0L2-C2PI10OU-6313MPBE},0
{W8E0-T1OV49TT-5230MCDC},0
{A5S9-E4AD32YH-6443WUYL},0
{R7L3-C8BE51EA-0473VBFG},0
{P1P8-I6LD26ES-8107BAOK},0
{Z2B0-H4CZ91BX-8059GOSL},0
{I9J0-G3BR98FV-2844SSJT},0
{H9Z4-A4GZ60IZ-3398WERX},0
{V2U9-V9JX38CR-4175GQVC},0
{D3Y1-F8RH70EB-3271KXCA},0
{A0H6-V1EK22FS-8316HPNA},0
{E3E0-R2NG43TV-1728VONG},0
{Y7B3-R3PX68IE-4262FWLC},0
{K0B1-U5GZ38QY-5260PIGI},0
{U7M0-G2XE38OD-1858NKEO},0
{N3X7-E8MT45VJ-2820DBHK},0
{B4C3-E1YA92BW-1920EEPI},0
{W5K9-C4IL44MD-1950LMMJ},0
{B6J2-J8HF93AX-9238GUAQ},0
{S2L5-N8QN33UQ-8729QEZD},0
{R9G4-X3OX39UJ-8481UQZH},0
{P0E0-P0WO50YL-7444XWJK},0
{Z3H0-K1YP54UO-4412LPUQ},0
{J8W0-Z3JB04ME-6023UKDH},0
{Y2T9-R9EK49LG-8698OOXK},0
{Y7S4-G7LL43VC-7049TFCW},0
{Z7U3-X0RB79MR-3112JGUN},0
{F2E6-O3XH53UF-5601OZSR},0
{F9K8-E4XY56IQ-6295YSWK},0
{W7J4-W8WZ37RO-5532YLIX},0
{J1T0-B5GZ62VF-7610LFHH},0
{I3L1-U9FZ19AW-0089XPPN},0
{U0I8-J8BU40FD-5625HRQR},0
{R4U6-Y7YC51LL-5580KGFL},0
{D5P4-Q4XX18SR-1434DROI},0
{E6L0-U8TD09CY-2061FBJW},0
{B1K0-X7GL31WE-6340RMOI},0
{J9C6-H2CT14CJ-8349GKRP},0
{C6S7-W7LS25YI-1273WLIB},0
{K9S8-R0FX45SZ-9383EQFV},0
{X3X3-Y8KC87FU-3226KIWJ},0
{O5T6-O0AD74RF-3825RYGV},0
{H7J8-X6KK62HQ-3470QJVM},0
{J7X9-P1SE95ND-1690UZQM},0
{K7G1-R0PM47MD-5875XPGA},0
{B9I8-P9IK03XE-7465ZVMP},0
{V1K9-T2CW82MD-8210PBTU},0
{H6B1-G9NY91PF-5934JXNP},0
{H1G1-J1IY96GF-8261WUMC},0
{L9P3-T0BD59PC-9410KDHP},0
{J0P4-I0RL69BY-7107NFMB},0
{E0P0-Y4MK94DD-2982PEPV},0
{G7D2-J2KE89LE-0777XRWM},0
{P0M7-N0YL32JL-4184UWBG},0
{M0T4-R5BE46BB-3179BXDS},0
{P9S7-K6JW18MH-9494ESLA},0
{C1P3-E5DK69QM-4078EDDW},0
{E4C4-X2FI40BK-9507VPXX},0
{E7A9-S5ZZ00TF-3037VLLA},0
{U1F1-S6NL43EQ-3801IVXD},0
{D7M0-V6XW80AM-6112UOOU},0
{L1F8-S3AA76NX-4437OGDS},0
{M7J3-X0CN53RP-8847QKIL},0
{A4N1-G2YB69ZQ-2894BPIF},0
{W1K9-I4JK37AW-4580OTTV},0
{I0R8-P4CB56VJ-6957GFUN},0
{H4W2-P5VR56JG-8025JTXJ},0
{A8W2-Y3WX11LT-9197MEWE},0
{N6G7-A2HJ72SE-3702HSLE},0
{Q8U4-A3TV50RM-9305VIHI},0
{M5K4-F6CO09BQ-3843NFLH},0
{N8R9-D1JZ91SV-1152TUHJ},0
{U3I6-H7VF31QB-8442SVLH},0
{E8S5-Z4LV46RW-2792CNUK},0
{T7W0-F5PT23RJ-5760HCEE},0
{X3S4-H0ZW70SE-1228ZUNF},0
{P7U2-W3CK59YH-0234KERT},0
{L4R4-X8DZ52OI-4976PIJG},0
{K0P5-S5FC56FE-3047AHMT},0
{N2S2-Z0LG95WT-9934XODI},0
{W4H9-B9OG26LG-5260MWUZ},0
{O5M7-N7QO66QE-0086GELT},0
{U1J7-P5MI28YB-4402XXYQ},0
{E3M8-O0VK37PA-7163MYTP},0
{C1X9-H9TS53ZP-5767THVE},0
{B1A8-D5UP67IX-5709KDQH},0
{W8D7-L3WF94PV-7539NXHB},0
{C3P5-V8HY09DM-9796WELA},0
{W6K7-O5HJ92TV-1441APLV},0
{K3S5-J0BC63VM-1560EFWE},0
{O8R0-B7QO61NF-0703ZIOE},0
{D7E4-D0GR77WH-9445IBPH},0
{L7H4-L5YO13FE-4128LYDW},0
{G1K9-T9WN82NO-2833AHMG},0
{T2K3-T1ZI22FD-9480ABAW},0
{B6I0-Y7RL83PY-4562QEVZ},0
{L5P1-R0PJ99ZF-5969WDYE},0
{Z6K2-O4WL05KF-6867OBDG},0
{R7Z4-V4QL63ZC-3546ZQMF},0
{L3A6-U3GT70XF-5000ESVO},0
{N3F6-G5OT85AQ-2935NSCO},0
{P1D5-S4XU51BU-8031FXSC},0
{Q5C2-B6DC00WX-0078NRKG},0
{Z6E2-A9TE57JV-8608XPSR},0
{M3Y5-V7UR29SY-8953VMWL},0
{S5D2-X7EP87DR-0719WSEO},0
{Z8V6-M8GJ68FH-8912CJER},0
{A0Q6-D5BY69XA-8069YIJN},0
{D3F1-A1QN66LA-5049QVMI},0
{J7G0-A8BH22KW-3985BEZW},0
{N7U9-A9WB88FB-8683MTBS},0
{P2F3-I1JB33DK-1259YULV},0
{H7P0-R2FU29AH-3435IQHU},0
{Z8S9-W8BK29AN-3232ZHQU},0
{W8A6-W1VY04SY-0109FBJU},0
{H4S5-B7PJ69CL-7921CODZ},0
{S4R0-X7PQ06VC-7771QFBH},0
{O4W5-D9PB54TM-8487AJBD},0
{H4T0-C0PM71CP-4666YVHP},0
{M5B1-S4QV56HU-0997DUPK},0
{U8S5-F5EX15WJ-5617GIUV},0
{E4F9-P1XJ61ZS-7380ZBSK},0
{Z9G2-L8PA69MS-9872ZLCY},0
{S5Q7-Z5FL07QS-9332RGQH},0
{W6K9-W0LR73AE-4152QMSJ},0
{T5D6-J4TR35KN-6671KPVR},0
{X0S0-G4NM14WF-4454JXQA},0
{J3E0-R6NM02YV-3989GACR},0
{F9P9-B9LN56VO-0219LYOB},0
{L0H9-K6PO20XU-8551PMGC},0
{U1N6-A7VH89OQ-6703GKTM},0
{O5S3-Z9DX71HH-0405TIQX},0
{M3T8-I1MD63AQ-3807PTHP},0
{Q6P8-Y4EF95YT-4223DXQE},0
{F4P9-S1DY71IX-7443WIIN},0
{R9C5-K0NL14XY-0160FWVQ},0
{L5P3-V1RD04NO-8885EWAG},0
{W1Y5-N2MT41UX-4540XFPM},0
{L7A7-W9FD13ST-6590LCUC},0
{X8I5-A4EK13TC-4047KCTL},0
{Z7T6-I2XC15KU-1481MDGW},0
{I9L7-N7PL04ZL-8925SZUV},0
{N5W3-E2LO23HW-1585NIHF},0
{Q4D4-U8VB50FJ-0689QAUC},0
{Q9T7-C4YM55EI-3451DYRF},0
{S6R0-V3OU69HP-5858YOUS},0
{E5M5-D8LM40DI-8155ZUIU},0
{E6E3-G7JJ61QI-2782OYKK},0
{P8M5-X4PQ83PU-4806MMQD},0
{U2S9-W9GQ57WT-7399SDDM},0
{U2W1-I6TX86QN-4768XTKB},0
{V2Y7-S1TL44PX-7138JCDF},0
{T7W0-G7PI46DS-0406UBPR},0
{S0U4-K8XH65CE-2059AROQ},0
{J5B5-E9AK93VS-0528MCTN},0
{R1M5-B5AY45VM-3652ANAS},0
{S7Y9-N1FV46YK-6017WNGV},0
{U3U7-G5YJ38YF-7245QPTL},0
{M0A9-V1QH37HA-1716ZLKG},0
{W5K7-A7YA85QZ-0646GPVZ},0
{C7B2-X4BQ08EW-3534TBMX},0
{C3O8-H2DL14XJ-4911PWAN},0
{M9B3-N8BM96YI-8873IDUO},0
{I6H5-Z1YH26RV-5051MQXI},0
{W4Q7-S0AA03IR-6760EKXX},0
{P8T4-V4WZ50NQ-8503EMUX},0
{G8V6-K6VR12GK-0556HZGM},0
{F7M9-T8VJ69EJ-5162MKNC},0
{O5M1-R6TR85AW-7384NUDW},0
{I4R7-C6JV23NH-9775SQKY},0
{W3H2-L9JA44IR-8436ANCH},0
{T1T9-P4ZK07WP-9508FMIZ},0
{Z2O1-Y3CF64SX-0963KDIU},0
{N2G1-W3MH90VO-1288DRZE},0
{T7Y5-L1QR34MC-9463RSMT},0
{J4J5-D1GV67XL-4101IYUA},0
{Q2N9-J3OV56ZQ-1848RZAP},0
{I3J1-P4VX37AG-7338BDYO},0
{W8M1-K5FS92UI-4206DOLI},0
{K1X8-M8PM80QR-4286KFDZ},0
{S2U7-E6BK50SQ-6432ZDPQ},0
{R7N0-Q9PZ91JN-9129BEPE},0
{N3I8-M2XS77KB-7473UBWH},0
{M1C1-S6FE81HU-4766BFJI},0
{L5E1-M7EX33GL-3691XHLO},0
{O8O2-N9XD02TH-6527ZVMI},0
{O3A1-M4BM03NH-2912EHFR},0
{G7W7-W4ZF35II-1709JXBI},0
{F8O2-P9XY61LI-4061UZDS},0
{M7F7-K4NW78LO-7500TZAS},0
{E4W4-A4KB58AU-1244PEQO},0
{P1N4-T1CP09ZI-0970QOFF},0
{J6O4-M4YQ45DS-6163LVOF},0
{V6G3-N9HY43IE-2344OIPU},0
{F6B5-U2KC46FA-7173BUFX},0
{R3Q2-F0QO96MN-6406NUEP},0
{V0R8-X1PC30CV-9255PXIN},0
{H9J0-B3VS37JG-5416NKRA},0
{M9D4-G3VA55FJ-0865AXKU},0
{O9W3-T7VG34SS-6409KMKN},0
{D6Z4-M8VR24EE-9273LWRV},0
{Y4P1-D3WW90KX-6996JOAO},0
{S6T8-O5VH76YP-8871DUBZ},0
{Z0C4-G3CE32KM-1245WBLA},0
{H5Y2-H6EV20TV-3231MJBF},0
{X1G0-K2DG15FK-3784DZBU},0
{O9K6-G6SX99XJ-1910IOGU},0
{J2Y4-Y3VT19PY-2914GCVU},0
{P1Y7-R1BQ01JN-5031UMZM},0
{M9A5-N8ZR27MI-9549ZMOB},0
{G3P0-G1HO82JS-7357UWMA},0
{Z8Y4-R8QP95LS-4060DJFM},0
{V6L5-X4YS27CA-7141NZST},0
{P2F6-X0RR60NZ-3986TNPI},0
{F0N1-D0XW64HL-1232JRCK},0
{Z1M5-A5KD44SL-3991QHIC},0
{R5J7-H9EM33WT-1918EMAM},0
{M4V2-O7UN26TJ-2710YNPR},0
{C5J5-J5BS58FV-1804LJCM},0
{E7Q9-C2SB28ZR-4566XWAD},0
{K5U7-Q8SZ18AE-0131UIMX},0
{N1U6-E2AY23QS-3029HOSF},0
{S4N3-N3KK27YI-2147LFPN},0
{E2L9-R3GM95DL-3181FCAQ},0
{A0A7-P3GS43IG-3829WQXU},0
{H5F9-C7WJ57TX-0262XWUJ},0
{Y7A2-Q7NR01VC-7799DPUC},0
{F7Y9-O9GH06ZM-3331YFLD},0
{B2F7-K6IG18JA-5653OZPB},0
{K0T5-W9GW25QR-2431ZVHN},0
{B5F2-K8YM33TX-4934HLAJ},0
{X6M8-D1WJ65XM-2412OYAF},0
{N4Z5-L1RW23SY-7412GUDF},0
{X4D6-B0YL76GG-0779QNPP},0
{U6H9-Y2WI06PB-6142QENO},0
{K0D3-C3RL54TR-7872EZYH},0
{O5X7-G4PL73AY-3375DUZE},0
{N7A0-M7WO28ZI-8354TOGU},0
{B4U7-P1QA07KT-5391RSOZ},0
{D7Q3-M1CS59WH-6015VDBD},0
{N9S9-F4MH86WZ-5281QIKK},0
{C7P9-Y9YF59XF-5056HYOC},0
{S6E6-D5NU93OA-9175BYRD},0
{Z8U1-L6EO61IT-7278VSGA},0
{Y7H2-T4HI50QC-7304DFMB},0
{Y0P5-K7KD90FI-9677JTTE},0
{Z9I8-M1BV39NU-5016ZQXH},0
{B3V3-E8NU47RB-7224VGNC},0
{E6M8-H9VZ52UT-4738IAQP},0
{O7P3-B1VM48XR-0569XGYP},0
{J8M2-V2FB66EV-7340DFVI},0
{K2L1-Y8TG54BH-3605CUBE},0
{O6K1-C3LF85BR-6492NKCE},0
{A3Y9-I7RE43LK-5681MBLM},0
{O1J1-O3RK04CT-1576HCHC},0
{C9Q9-F6EX11EM-6651CNAJ},0
{D9S0-D4RF94SA-4044CCNQ},0
{J5K5-E6EP83PG-0481YXWU},0
{C0K9-L6ED94CW-8289AKWL},0
{B6M7-B7PR06BH-5981LDKH},0
{L6P2-C3LU31BE-4593SOOT},0
{Q9D3-S5UJ25VD-0088EMXX},0
{F0P4-I7BF07XP-0153ENNQ},0
{R2B5-Q6NA92BC-8334UFLF},0
{Y9C7-B6IE34LD-7284CFHG},0
{P1W4-Q6NS36XK-2115XXPG},0
{W0D3-B6ZJ88ED-3313GGZB},0
{I2O5-F5KI97QG-2697YSEB},0
{P5C0-K7KN69PD-9534AKVQ},0
{O0E9-G7NS47PX-1876GLUG},0
{E7Q9-E3EI05OB-1908UQXQ},0
{Y2O5-Z1VA91LY-1958BURA},0
{I7O9-H3SK01NP-1841XGIM},0
{F7Q6-I9CX13SN-0130TCGN},0
{F9P2-Q2XD96GG-1206WJXG},0
{M8B3-Y2KA44WK-6864IGCF},0
{P9R5-D0ZZ66RX-7833FYDJ},0
{D0G5-Z5HJ68RD-7571TEIA},0
{N7A8-Z8MX24DV-8983CZRI},0
{L9T7-H3FY64AZ-6039QVDM},0
{B0B6-P5BO27WL-3069ZFAA},0
{R6N6-A2ZG74IO-5788MHRF},0
{C7X0-D9KI66US-9688AFHR},0
{I6Y9-Q2ZA62FU-7269OZEU},0
{Z8T7-L2QC55WM-3261HRAV},0
{G7Q5-B1QR05AH-8548AKMK},0
{T1K2-O4ZW14JW-0188STJO},0
{L6U2-Z0QS93YL-5322ZBVC},0
{C1P2-C3CY85YQ-0095IARK},0
{C2Q1-V9VK79ZE-8343HKUY},0
{J3K6-K5BW16ND-8563XOHI},0
{L6P1-J2ZV87SA-9406KKLB},0
{H7N1-R3NL37KL-8608IZOK},0
{W1S7-I1FK68ZD-6587DMLZ},0
{S5C2-W4HA28RV-2785XPZZ},0
{X9W3-Z4EI21XS-4187FXKB},0
{K2E3-E4KX25FL-8999XSQT},0
{L1R4-R7OA60AD-6820RYPD},0
{T8C7-W2IX89IT-4515CWKZ},0
{U9L9-R3GY53ER-8642SCAF},0
{H5W3-W7MU83AB-3828LVCM},0
{Q2Y2-X5XD62AN-8618DIKP},0
{V1J3-E1AR82WP-0872QBKD},0
{G6L0-Z1YC54LT-0217MTWN},0
{E2P1-Y6AP94JQ-3102PMLK},0
{L8U4-V9CA07BN-9694JCKM},0
{N7C7-G0MI07XM-6476CTMX},0
{A3L7-X6BB04UF-1595AFWA},0
{J0U9-S1CU41XM-3874KPFE},0
{M5W6-Z1TS68CX-1744UIKG},0
{N3G4-A4CN61CF-4546TMYI},0
{A2Q9-Q5UF62XF-3807DFYO},0
{S9X6-W9JL91SE-5302EFTE},0
{A1W7-A7JR76LC-9290CCKL},0
{C2G1-O8CI22MG-6037OYQN},0
{R5B9-C1FQ82QS-8040KQTK},0
{G5I5-E7XK50KC-8148CUWL},0
{V8D0-K3IK98TH-6310YLPT},0
{T8B6-A7RL76CT-6903LHWN},0
{R8C8-Y9BZ66RI-9993GPMW},0
{M6O9-X7FY05FF-1806VEWH},0
{A7K8-L8UI56OD-1266OTMS},0
{J2Y8-I4NJ25QR-8825HFSX},0
{C1F0-F5SS32XF-4069KQWI},0
{J2W7-Y0HK83PT-1570FGIC},0
{P3J0-Q0DU03NO-9661PVKJ},0
{A5J2-O9PQ45HO-1169IWGB},0
{N7R6-Z5UG43SS-5577CSRI},0
{N6V4-J4QL23NT-4997OIBM},0
{P5B5-B2BX79OF-6259LNDX},0
{D9B5-E0CT01AT-4867RFPV},0
{L8V2-D1UT24HH-5204ALEZ},0
{F2P2-R6AE97HT-2985XQXW},0
{M8H2-X5VN26VS-4934LWZB},0
{N2M2-I0PK09WL-7241DXSS},0
{R8P6-M1MR93VI-9846LGHP},0
{S2D0-R8PU87GH-0487MIAB},0
{L0Y3-P1KC46DR-1933CEBH},0
{B2Z5-I2YZ88ER-0848JAEP},0
{F0B4-Z8VH86AR-8679ZWCW},0
{Q4Y1-L4XX96KO-3037JGAK},0
{M5U5-H0FA36TQ-4942PMOK},0
{C3H2-W5GC85QA-3793EMTE},0
{S8T1-N3SS30ED-0140UWKF},0
{O3G1-D3WI27QJ-9975VMXC},0
{E2Y9-S2DO24DV-8888FQCP},0
{R5M3-U6IW96KG-3434DUQL},0
{P7D0-C0EK93XP-2466UVQI},0
{I3B6-G0PZ37DZ-8147BJXJ},0
{J1A1-D1FQ37IG-5576JGUE},0
{S7V8-R6CF54EG-5172PTBQ},0
{J4A8-T5GQ92CN-0847HQGB},0
{P8K2-G0QR82PD-3244RUTR},0
{L1U2-S6CH01JF-6879CPEV},0
{G4I7-F7CJ13TK-4930SDAQ},0
{Z3O2-L1MH77ES-2537HNBA},0
{P8Q4-I9KH77YZ-5666LZHS},0
{T8I3-C1AF92CK-8141RSKR},0
{E0V1-D1GH58PV-6737WUBX},0
{O2O4-G0WR75VB-2511TFRH},0
{K2Q0-Z3KD85EI-0156ZDAL},0
{Y9O4-I6MT29UA-4008ALEQ},0
{Y8M5-N1BQ14AY-3720TBCO},0
{Y8U5-W7LZ49UJ-2516SZNJ},0
{H1L3-X9NA71RD-0025BQDR},0
{S3A3-D9XJ16MO-6903TGGO},0
{P6N7-K0UL18TN-0621HHDD},0
{P5Y8-T5YB91WA-6726NIXH},0
{U9Z5-K2EN64CI-7008PYYE},0
{G5Q9-E5CE01BG-9027RSME},0
{U7M9-D3OJ86SE-3611SQNL},0
{Y7Q6-S0XY24NO-1848ERWK},0
{H7V3-Z6TW77FN-4803RVYF},0
{I8Z5-L3YJ91ZP-4027TVNB},0
{L8F4-D6IG82FJ-8408GCZQ},0
{V3K4-L0HX78HH-8321WOOO},0
{P0N1-N5CE32IP-5199OYTR},0
{T0D0-A8JG86JD-1160KFDR},0
{O1I5-N0DD09NB-1374BMSD},0
{M1A5-V5EG57GE-1517OANX},0
{W4K3-U6MH39JL-8146BCSY},0
{H3O2-O4OA64GA-9972TQWH},0
{L3Y6-V0EK40BQ-3416CDWW},0
{R0M7-Z5DJ72KZ-7297VSEI},0
{V2J9-C1IJ93PA-3934RCVR},0
{E8G9-L9XP68JK-5308TNIA},0
{C1Z4-W7IE87PS-4412NVIH},0
{M6Z1-Z6DB07WU-1666YRQV},0
{V3T4-B2GT64NO-5361CEWK},0
{T0K3-A8CZ73DM-2013BMGM},0
{F1Q6-N3MG31FZ-2230IRAY},0
{L2M5-Y2BT71DA-1382GWAW},0
{K8Q4-W1KY72RK-7189PFCA},0
{R2B3-W8BK25HS-2658CQQK},0
{S2O9-K8ZI46MG-7234KUDL},0
{Y9W9-L6SR54PI-7159CAXG},0
{Z7W2-Z0KY45CE-7682QXPC},0
{U9P8-S1NO13GW-5244MVKX},0
{Q5T9-Z4BR45IB-8279RYWO},0
{S5K9-S2KM81BP-9000KWER},0
{R6S2-M6FX04PZ-2167MMRC},0
{L5P0-O2OT88ID-8236ZRRN},0
{P2R4-F2LZ18UA-7342WHHJ},0
{G7A7-K3QX26SS-4303BDLZ},0
{C4K6-H6FP65OE-0743BNXV},0
{H2Z6-W2QR40TD-0613ZAXE},0
{U7B9-O3NT64DX-8586IVIW},0
{M3M0-I7GO72SF-8269QDZB},0
{L3V8-J5LF61CK-2692VUHY},0
{B8K5-E6ME65EY-4577FGMF},0
{D4V7-H6YI45RG-1319EDQF},0
{H4D1-H5DW87IU-2913HJLV},0
{I0W5-A7LC04EY-1168WAQW},0
{G5X8-U6SS76AZ-9052WCHT},0
{K7Y5-G7EE04CJ-8072UZFY},0
{L9S2-S6WJ47BR-0228UFIO},0
{D0W1-X9RV98SB-5514DHDH},0
{B3C7-W4AJ95CC-3374AGBF},0
{V6B5-D7RY67BT-0932BFKM},0
{L5S5-R5PP06XP-8341TLCT},0
{K0D5-Y1DC00VV-3756WIBH},0
{R4J6-P3LR74VO-1143HTKC},0
{H1V6-M9ZK66AG-7604YHTL},0
{E7O4-Z5IM08HZ-2657TECE},0
{Q5K8-T9IR35KM-0357QMIZ},0
{Z8D4-K3IN22CG-5390NCOI},0
{R7H2-G8JX61MS-7705YJKX},0
{C5W7-B3NS49CN-5317BXNT},0
{C5A5-L8MS65CR-3829TICL},0
{H2H4-T2QX73DT-4889HWSP},0
{B9C2-V2RS36VE-6545FJED},0
{C9B9-T2QA87XL-9101BIBS},0
{X3N4-P7DG04YQ-7469KMBL},0
{Q6R3-L2OR18HE-6895ONDK},0
{Z5Z6-L7YY81RR-4849SPLD},0
{U2O4-D3UH03IX-2118IHEL},0
{F7T2-Q0WL17EU-5601OJOZ},0
{Y8L8-I3GD70DB-8248OBRO},0
{L7O0-W5IW92OB-4647BWIX},0
{N2P4-Q1SD13PA-0595TVFR},0
{R8C0-Q0BT54QI-2461KIIE},0
{H1O1-M1IJ13IG-4119UQYR},0
{C2F7-U3PL01QL-4941FSZS},0
{S3R4-D6FF16DS-6980PQZO},0
{L9T3-K1QH14LY-8954YURW},0
{W0J3-T4CG40XI-6599ZRNT},0
{I2F9-P3ZR69TP-0221HUGS},0
{Y2A7-J7SV59FH-5240JPUO},0
{F9W8-K5NG32VB-8263SYWQ},0
{J1Z3-O9LE04JF-0727PBBV},0
{V2B1-E8GX11US-2461ZWCD},0
{K1Y3-Y9FP90DJ-2956GRKU},0
{O9H8-P7RR85XW-5184TJKP},0
{M6D7-Q6AS85AS-1892LUOU},0
{S9L1-A4SI03IL-4861JFPQ},0
{W7A3-S1BB94ND-3414UEKM},0
{R7J2-C0WU16WA-3633QPUR},0
{O5E3-A8CI02HE-9529XAYE},0
{O7Q9-M7TC52LR-4550CBWF},0
{K7O3-U1UQ00WU-4038JZXU},0
{G6X2-X5TP27SG-0175JAMF},0
{Z1E0-K6KY32OP-2093HOPX},0
{F3P6-F3XR91BM-8258NZXS},0
{D4G4-B4LC59VY-4082LXQT},0
{E9C9-I6XP99QY-9842RTOM},0
{I4X2-L2WA03ME-0557PYPK},0
{G8Z2-K7IG01UD-1803SVUH},0
{C5F4-R9ZJ72PP-4106YUOB},0
{W1E1-A0UP85AY-0473ZPFP},0
{L2O0-G4TT67GZ-4542UZHG},0
{F8E4-K2GB98ZM-7328GIBS},0
{C5E4-X1EJ43LY-9365YPMU},0
{U4G5-C3ZO94CZ-0379WYNT},0
{U8S1-X2BH99UF-0900BZWJ},0
{Y8X1-R2RP47LP-1778SGZY},0
{L3W1-G8PY33ID-1274GQWI},0
{E4M4-D7EC17IV-8700QCIB},0
{V8N7-C2NC27VP-4064LZQE},0
{T8V1-X5DU05AR-9779WPUS},0
{P1S8-X7KZ17MV-6809KWXN},0
{U4G0-T2UQ61AZ-2052IOYD},0
{N5K7-D0RA28UD-4480PCJI},0
{W8M0-V5FP90OT-4837RHXL},0
{H8L7-B5NY40KW-9713QMQF},0
{W4O4-U3KP88NV-2269HTXR},0
{I7V4-Q4UA18YC-5691SFQG},0
{S6D0-G0YK96TU-8068XXXE},0
{W5O6-X4WA76PU-3432MBHJ},0
{X2L3-M1OL68IU-6801CTUA},0
{I2P4-C9KT71WS-8191QQUC},0
{J1T2-V8VT67RW-1582RRNM},0
{Z7A2-P4GU61HK-5222BIOW},0
{X6D0-L9PV97EG-7752NVXT},0
{Z2S0-I2RJ20ED-9145VTMM},0
{F4G6-Z9OI40DJ-4802XUSY},0
{I7F0-V7YD92WV-2773VXYS},0
{L8P0-G0RA89TN-3972KPVF},0
{S0R9-N7NE22PS-0477XBKV},0
{S7L3-K5VT60KN-2998XHWW},0
{F4X8-E7XW62OF-9347OMZR},0
{X5K4-Q7IN26QM-3830XEEG},0
{C7O1-V0TI73TO-9185ZXLJ},0
{A1I4-C4SS21NB-8961GYKY},0
{A7S2-V2QC08VA-8561MBCU},0
{J0O7-W5TB05AI-9100WMRB},0
{E3C8-P6AS02QF-2144VOVM},0
{I8S7-Y4HN83JG-7428PZIX},0
{S6A2-A2KV48QX-7952NGBA},0
{C4J2-T0JF53FJ-0744PLHA},0
{E8I2-Y4GN93RP-1118CTLS},0
{C8S0-I1VV82JQ-5861HMEH},0
{O0C3-F7QA58SN-5365TDZE},0
{E2T1-V9RX04FR-2774ZQGX},0
{Y5L5-N7OH51LS-2488RDFS},0
{W3R3-W8SQ45YG-2427SULO},0
{N1G5-H9OS15IP-2709NWFT},0
{J0S5-A5FY94DV-1994ZMOC},0
{V6Y3-N2NT51ZE-2850LFDN},0
{E5L0-R4UP36NG-4647KLFP},0
{V4R0-J6TI31BN-3595YGFK},0
{I6F2-C3PL26PJ-3093EDSK},0
{W6W0-S0WM99YT-8404ORLQ},0
{R5F9-T9CE48KJ-3178QVES},0
{S1V0-V6XY66JA-0591BOEU},0
{M0U9-K9QH05HF-1607FTSP},0
{U9L3-U5YJ80BE-7057ABQX},0
{R9N6-I6NT26TA-0319RXIF},0
{L4I8-V3EG38GJ-7362ACWV},0
{Z2U5-S3VS09GA-1045EFVN},0
{Z9A8-R3US09UF-3359UMAB},0
{F5Y3-O3YC06AZ-8888BWYV},0
{T4C3-G7ZC01KM-4135YWBN},0
{H2M1-H7UY70EU-0275UJPR},0
{E4F9-M4XL43RY-5855CUEL},0
{P8Z3-M8SQ24VJ-9254VEPD},0
{S4C5-K0HN35RZ-8925AUCZ},0
{A6U5-S4BY72RH-6546TCYH},0
{R4D5-Z8EN73SK-8686AWLA},0
{M7S8-C8VB79EC-9834TZHG},0
{B6N7-I8SL63ZM-4774QTIY},0
{G2C1-I8NJ01QF-0180ZDPK},0
{S8Z8-C7CG98OL-6484JRVC},0
{A3F5-K8WF59SR-6418AQZG},0
{Q7Q2-B4QG75CU-0999HWUG},0
{B4N3-M1TZ81QA-4515BWZY},0
{O5S9-I9GU86FV-4123LEVA},0
{K7M3-T7KC07CL-6933UKVH},0
{Y5W7-J9TU00OD-3622ZEER},0
{D4S3-K6MH62RT-4199JCXQ},0
{A2K0-P6AZ45OU-6065RPYD},0
{N3U9-S5XT16SQ-2456VWCG},0
{W1T6-R0PV17TH-3453TYNB},0
{Q9Y4-R3AW40WW-5753UCGP},0
{M3B1-T2SP94XU-2611VNSR},0
{I6H7-U7OM28RY-9169MGAO},0
{G7A0-I0AM39YJ-8598VFQA},0
{S8N5-C7DU21BT-6978YUXY},0
{C3G3-I8CS11WN-6233TXIZ},0
{C5K3-O4QW45OG-3378LMNJ},0
{U6K4-V7PN33OU-5118GSFP},0
{W5A4-V1FU17ZK-2973HZEM},0
{R2M1-T8XF55VO-4776UWES},0
{Y6K0-D0RJ46OY-8443AORA},0
{Q8Q6-I0IZ93NB-6040NCDZ},0
{F1U3-P4LH75TK-5442VRSO},0
{R4E3-U3VT99QR-9498YJIE},0
{O0A1-Y6CO96HA-4732JTCO},0
{Q0H4-M7OE44TS-2399IIHD},0
{O7P9-M5AH79XA-0292NDJF},0
{T2T9-F3SC41TU-6597QHGB},0
{R3K9-Y0RE33LC-2572MZHK},0
{Y7D6-X7DQ17BW-9384IRNR},0
{A8Q1-Y1DC84IG-9967WCBJ},0
{V0K7-Y3XV07WP-3855XPGZ},0
{L1R3-K7UE35MI-5949OHRO},0
{S2W4-M9OW66RS-5089DLNO},0
{X0R3-A5WS35FQ-8571MHAA},0
{S4Y9-X5JS90HQ-0047HGGX},0
{J1U9-D2BO33NE-6066ZRVL},0
{I0V1-X7PE67JD-7796SWSU},0
{L9V9-O1BC79OB-3432PZCY},0
{C9H9-H7QO22HK-0042IYRM},0
{B6A6-Y2FP86WX-1298NNAV},0
{M6M3-U7UH87QN-6776POER},0
{B6R6-P4WT19XO-6633OMHO},0
{Q5X1-I0EI57IO-8073EEHP},0
{G2L3-I5DA79EQ-5911WEOU},0
{K0N1-I7KK19ZH-0347QUQR},0
{R8F4-A0IF94ZX-6846MAXT},0
{C7A4-D7CW87ET-3700AMKS},0
{Z8U3-K8QF67AZ-0165MNTA},0
{Z7M7-Q4XQ20DI-6169NWZO},0
{Z8S7-W6EZ63MO-8298HCWZ},0
{M1H1-A5XL98DB-5923UNMD},0
{K3F0-S8XH35AM-9640GMEK},0
{G1A6-E6XO43NV-6787QHYO},0
{O1W0-I3MV30VA-3806UWHC},0
{M8G7-B7JE08FF-7887TFLZ},0
{C5I1-M1HF34FV-7264FAMV},0
{A2I3-Q2EG73EM-7245RYCT},0
{E5R1-I6MR00LL-4931OHIT},0
{S3E7-J9YS19FI-4768RNKG},0
{W0U3-W3HJ00ZD-6941IAQS},0
{I4H7-I4YS38YM-1169KPAW},0
{T5I8-G8QU06VC-6620WJZB},0
{T3E0-D7VJ26FL-2099DPOY},0
{D8Y6-M9KV06IM-6636OQBW},0
{N0Q6-Q3GQ25UF-3364JHPD},0
{Y3P2-N4HB73AK-7524BWMW},0
{U2M8-U6PQ94WY-9209BOSX},0
{C9Z5-D0ZS03ZM-1117KJGL},0
{H2U2-G0LV88SL-9572YBNJ},0
{S2Z2-F1FI96BZ-0589RRLE},0
{Y7C1-F4CN34EP-9404KHHX},0
{S7M8-I7WB16HO-3357SNBV},0
{X0A5-J7CP15HC-0511RATC},0
{X6T1-K3YV81PU-9514XDSI},0
{Y5R5-C8OU41MF-5899MXMK},0
{U1O1-C2QW09FB-1158RORS},0
{L4C1-P3QG23JW-3617ACDM},0
{J4M1-M1RX65PS-5650XAKJ},0
{M6Z3-J2EP58RX-3618IAEA},0
{P9P7-R5MW11IS-2380XWGS},0
{E7B2-V4LR04YF-3456NBOK},0
{H9J0-V7ZB35KL-6876ZWYR},0
{R3G7-H7ZG27CB-5553DMVB},0
{P4T3-A4DR30CN-7002DJOS},0
{N5Y6-F5TK72KX-0084EFNR},0
{Q4J0-M4HZ29LF-3778JFVW},0
{M1B0-E4AS07UJ-9837YXNO},0
{U1E7-R5YU42MP-4393KHST},0
{J5J5-J9WR24LA-3172KYPB},0
{Q5S0-W8HJ34QQ-3355QUQK},0
{Z9Y5-R5FP00CM-3541MDXN},0
{K1C7-R9WK00SY-1147OGOT},0
{W6L0-M2VI37WE-3251QRVU},0
{I9P1-G6ND86CC-8865HNAM},0
{Z2G7-F4YC67WP-1322QXHN},0
{W1L3-L4NI43ES-9357RTVJ},0
{X8H0-F1UX77CH-5372HAIA},0
{Z6G9-M0HT77UB-1326DOQY},0
{L7G1-J5QI64UK-2928FAVT},0
{R2F2-P8SR48GD-5772DSKM},0
{M1T8-X1NG23XO-7885LOXC},0
{J1H1-V4PD23KH-6785QVAG},0
{V6U1-V3YJ52GD-0476ZOVA},0
{W0B5-D8PM67EQ-8541BGLF},0
{N7J8-U4PZ67PZ-4150XKYW},0
{G8N5-U9EH35MC-1583JBBE},0
{C7C9-D2LR16HW-2886YYCW},0
{W7E5-Z4YT99LH-0891HMOJ},0
{S2S8-L7UG27SG-2646NYXF},0
{Z2F2-X3SK31QV-3191DJED},0
{K8B8-S3FP19AJ-4882OFUB},0
{L0W8-R1WO75WS-8214XLZH},0
{A3A8-H1SQ89EU-5754MSBG},0
{B6L0-K8BK14VO-7046VOQG},0
{J6Z0-H0NA79FH-6843IPET},0
{H9Z7-Z5OX00QT-1422GENM},0
{C7R9-X3GI30ZU-2365HSPN},0
{T2G8-K9WB35YM-8156PNGD},0
{X6R4-M8JO19PJ-6598ZNSH},0
{J7I4-N5ZC68UW-0436SEZG},0
{G4P6-P5FA84IY-2411SBAK},0
{Z6A6-X2MJ81DY-1329TRST},0
{U8A4-Q5PZ19OJ-3442BIND},0
{P0C7-S6GP81LP-6746SLOR},0
{S4D5-M4GO42LM-2561NPYK},0
{C1Y3-Z6ZG33VU-6725UWXF},0
{Y6E0-H4ZI46DY-1526UFXF},0
{Z2V0-T4RZ57OW-7753KHOX},0
{F9S7-V6JX52BG-4818YZAQ},0
{Z4F2-V7PW42RC-0116IFPD},0
{D4N5-E4DF19HD-5375BJXF},0
{U9Q9-D0BC17AI-0756TRFX},0
{C7T1-W9VI94IH-5630MEGJ},0
{N0F8-H4HB24FK-4220NEVL},0
{X4J4-J0XQ65BI-8379HEFV},0
{Y4R8-X0ME70EZ-3059ZRJQ},0
{X5L5-M6DP09FO-9109XNQN},0
{S0C8-B8PF91QI-6377JFVP},0
{J7V2-I1ZE46VI-2816SVJW},0
{X7E0-G9KB29JF-0157TEYZ},0
{N4S0-D9FT13AL-4328LSUP},0
{W1U1-B7AK79IS-5828STHC},0
{L5W9-X8UC89KU-8715KGVT},0
{W6I9-X2TI04UN-3132FRDK},0
{Q3W8-V0SS20UH-2200XCHZ},0
{F8L1-T5WN58SN-6518MWCX},0
{M0U3-L2UL96KA-2442BTUJ},0
{V6C1-N2YL91IZ-0682ROXG},0
{Y9U6-W5GX66HQ-9097XZAB},0
{S1H1-F8KM99JB-9277YGLN},0
{D4X2-R8LP07IR-9775FUZB},0
{X0G5-N1XF25RM-9173LTUW},0
{E1G6-L9NM50YG-8024LPQX},0
{E9P9-W6IF49GY-4250YWNL},0
{O0I2-Y4HO03VS-9554EFPN},0
{Q4N0-C7IT23RU-9552IBQX},0
{S2H6-I2NH21FM-0357DNUH},0
{I3D7-E0YM18YS-7395GKRA},0
{W1M9-C9QI64RW-5857JPRC},0
{O3I4-U1PU76UC-6404DWYF},0
{H0O0-R3HQ61DE-0097PNZL},0
{Q0O4-A1SZ81OU-5115BUCS},0
{G0D5-C8SP56UB-4748CSQQ},0
{U6H0-D7TP51UX-7269EMHP},0
{F0U0-F1BJ28KJ-4957SGTV},0
{G7L5-F4OK88XR-3698LZTF},0
{F5J4-V9DS69MK-9780EEHM},0
{E3I8-I5QQ76PU-1071YJUX},0
{S2X8-X2LW89NJ-3239UWHB},0
{U3X2-H8HO39BL-7984HPKZ},0
{J6B4-O1OA96VQ-1645SNWK},0
{B0C2-P9MW18AY-4549BAWF},0
{D1U2-I8MB19LT-3252SJEE},0
{E3H8-K6ID02ID-3080YMXO},0
{J5P6-V2YB45KO-1360RAOP},0
{Z6L9-I2ZU52GD-9218WGTS},0
{V6D4-K1JJ50FD-4995BYPY},0
{L4C5-Y8EF64UC-6651ODDF},0
{F1A7-L6SZ67XN-8973JNSE},0
{N7O3-B6ZI05XT-4686GJJC},0
{G0W0-D5QQ64NI-0499FOZE},0
{A2L4-N2TL23FP-8936AXCP},0
{R8S5-N4FQ93ZC-5473KBCI},0
{Y6I0-Y8GT40VX-5731ZDWF},0
{H1J0-G3UV03DO-0047ITIY},0
{O4K9-P0SP71PN-8334UUZP},0
{C9S7-I4JN81QI-8558NFRR},0
{C3T2-L0EQ12LO-8611YTKR},0
{L6P0-W5GT76TL-3489TYHY},0
{R6T6-B6CU72GI-5002QXZD},0
{Q5G7-E3ZG31DB-1708RFVX},0
{D5S6-T7JG52SU-7158OKUK},0
{J1Y5-U9NM35SN-7327XAOG},0
{A0R3-R8HE45YZ-4457GLKR},0
{K1I9-P1OQ42MN-9914OPMF},0
{G0Q5-I2TN41AR-5621CSKL},0
{Q3I5-T4WH42HQ-0721BSLN},0
{V4S0-J1UN97NN-0787FJVD},0
{R8K9-A3UI03BY-1102DDYB},0
{Z5L2-T2LR35QM-2866PIFD},0
{P4Z3-K4UW59DR-9856MFSB},0
{M1V9-N4XW44CX-6656UUSZ},0
{L2D6-C7RU15TP-5554JEOA},0
{K2R9-F9SP36XI-8425GSBI},0
{V7S5-L5LZ87AH-4076NHPY},0
{Z3M0-B2KP94NO-5879UYSP},0
{M8Y6-B7AK35IR-6590FSNN},0
{Z3I6-T7CR88DJ-9195OIYH},0
{U7A7-S7XY75MS-6791EMTR},0
{R8X3-Q6ZC06EL-6448EORA},0
{Q7Y3-J0OS24YA-9385QEVT},0
{M8Q7-V9BK59UG-4113KTLP},0
{W5U4-Z0DX00RC-8370BGEK},0
{E0Q0-C9PY20WL-0377JPUT},0
{P6S9-E6EH70KF-2642OXUD},0
{Z7Y4-C5NK19YH-5807GFRL},0
{I1Z8-S9HQ50DP-4649IETJ},0
{I9H2-T4AB08LJ-8544SQVT},0
{D8U2-F8MM80OZ-5822XCKU},0
{J4C0-T3DI72LK-8828QAIV},0
{M5W6-P6ZJ21RO-2567CHLE},0
{Q2N5-E3KW09HH-7968GCHB},0
{Z6U7-B4HF44AF-6758FMHC},0
{D1L6-M5SN61EZ-6406PWQC},0
{L2Q6-G5HE86QH-4582HTMU},0
{P9J4-C5UG04HL-8734GUBD},0
{U2V3-C1AX44LP-7722CMIH},0
{T2P7-M9OX41SP-1499YASX},0
{M7B6-S8XB21DO-6223YWKL},0
{X6Y5-D3DS21NA-9860PBKV},0
{N4L3-A3JW19TU-1358NBTG},0
{O9B5-Q3UB92TH-0994SARE},0
{Z1Q8-R8TE80EJ-7741HUGY},0
{V6J6-A8TH21ZL-6578PDJU},0
{C7J8-B0ZD84PX-5755PPUW},0
{A5I7-X3BX21TL-0331NDPM},0
{X2I9-V9WP10YW-8325CGFC},0
{Z3L0-V6QI69UI-2809YRDH},0
{J4M9-L9JB50TT-2884COBN},0
{J3M7-W0HB57DN-2198LXYH},0
{L7G7-Q5KM44MD-2086VUIY},0
{O7Q0-P2EV06IM-0935YGPJ},0
{W4H6-G7MV38TY-9506ZSDP},0
{P5N9-L3QQ86XP-7655PKBB},0
{D2H0-L5TC92UE-6097BMRO},0
{B0G1-M9RJ42FU-0939JEFI},0
{K4A3-C9NJ59VU-3888TPDG},0
{H8F5-A8CS63TY-5532JPVX},0
{J8P1-D5BZ31DD-2932TGBC},0
{H2M9-J5IB03MZ-1228JUEA},0
{L8J3-C9MM41ZS-6043ZDBA},0
{D5E6-F1JB15KT-1668LSOD},0
{W5C3-S1QF28SO-5387UTXN},0
{B9Y3-L7CN86GG-9031CKKH},0
{F3D8-F0LI10GK-4252TUFR},0
{H3Q6-O9HZ62LB-3790KUWZ},0
{K4H3-Y9BC75VE-1326SXCE},0
{S3W3-O3SW07AW-2480HSJG},0
{Q0O7-N7TP81BP-1593JIVY},0
{N0C7-K2RQ65CQ-2632VTKX},0
{C9S4-W3NQ89MX-6927XGBB},0
{Z6J6-N0PP36TC-4837LIJG},0
{V0E6-X8ZB61DG-3969UZPX},0
{K6L1-U3DX42RR-8839GCXU},0
{E7H1-U6GG57XV-1078EMFL},0
{I3Q1-Q0MA95XB-5804YXYC},0
{V4R0-Y8SO10UW-5639RQSJ},0
{Y9X8-Q5VK51JC-0362LEYO},0
{M3T8-W4DP85KO-2621XROT},0
{M3D6-I7YB98BX-3536LHAM},0
{C7O9-F9VJ55SY-4035JKHR},0
{S4L9-Q8DF99OL-1077ESIK},0
{B8Y9-Y5ZO27DB-5855DBFJ},0
{L8P6-B7MG49YW-2711TUAA},0
{A7X1-A2ZU58IW-8255KBFX},0
{G6V9-M2DN69QR-6350IYSL},0
{C6W6-Q3IR45RZ-8508SMUB},0
{B6E0-S9HY38XY-4058DXRH},0
{K3K7-T8ZN16JJ-2655YLNQ},0
{D3I2-C4SR48GN-2891PHQL},0
{V3T7-S8DG06ES-7526LVFT},0
{Z1D7-N8UD68RX-6764GNUZ},0
{R1N5-J9YR98LC-5033HKGC},0
{M3Y9-D0UQ30LS-9211ZHES},0
{A0W8-K0ZK82SS-5846TOCH},0
{J1L5-G7KM45GQ-1948GDXY},0
{K8Y1-Z2JW86JQ-0912CXDF},0
{O3X3-J5IL34PT-0324AOTZ},0
{S2O5-K7RV93CF-9236FOEZ},0
{J1V8-E8AS57WH-3712WKOR},0
{A2Q1-U2UB41FR-7307QRAZ},0
{J6E4-X5QO47TT-1555HWFO},0
{M7Q6-S7DO10AZ-3468JQJU},0
{Y8K3-A0UA69ZO-9925ZOSP},0
{M4N1-I2ES00FH-8468WTZC},0
{S2O1-S2UE84ED-9383WXPF},0
{T5Y2-Q5JT58CU-7753CTQS},0
{O5O7-Z7GS39OD-7281VPXX},0
{N8I9-F9YA57PD-6532VESB},0
{I4Y3-U7KA68EY-8791OIMM},0
{X5J8-L2RB91FX-1329HHVX},0
{E5F1-A5MG16TX-0599AIAU},0
{Y0Y5-X5IF68WK-9932KCUI},0
{E2T9-A3PO93BJ-9043WNBC},0
{K3S5-V9HK97CL-1475MBIN},0
{C6Y7-E4CM96YS-2682NVQM},0
{W2S3-E6SO19QB-8324ZRZJ},0
{A3N1-C9LA09PL-9184GHJS},0
{C5J2-F6AJ69BZ-7815JMXC},0
{P4Z9-N1YR03MV-4414ULEX},0
{K0S2-B0TQ09CU-9024STPL},0
{D4E0-Q8AN63UE-1265LVJL},0
{W3L6-V4FD30WM-4321FCDB},0
{S6E0-Z6RO94GW-8916OEAW},0
{L8D5-D9IC01BI-0848QCCJ},0
{F7G3-H9MY06DY-7979NXLF},0
{V8Z9-U3PZ22ZL-5280HNIV},0
{D5A4-Y0AH17JO-7388RQBD},0
{N0C6-P4LH52ZK-3651WALV},0
{L8Q3-L1DE34IE-2637EGFJ},0
{Z1J2-N4II82XR-9257OANN},0
{C9K9-J2RR76WB-8072NDWC},0
{W5O5-F0HD84VS-5197DMRX},0
{P0E2-V5HG01DA-8571QWMI},0
{M0T8-V0DI96YW-6212BINU},0
{D5D8-I3IS04OU-8736UHTW},0
{A0M6-Y4WF56UL-0840UZQF},0
{I8G1-P1TL34OV-1024OXVH},0
{K3I9-Y7HP56DB-5686SUIF},0
{D3S9-X9DU83EC-0114EBKU},0
{J4V0-J9MB28OV-4296KYGH},0
{D4U7-J2IU68YQ-0839UOHR},0
{Z2F1-A4FV30QQ-1550BMYZ},0
{W1C5-H9JX78NH-7904JQPH},0
{K2D0-M8XY88IJ-1967CVBY},0
{Z4C1-N6CO99JK-4681HXYJ},0
{X0U8-L0MA83CA-1193BYSS},0
{X8P5-T8IX10DX-5406TGYD},0
{E2J0-F6BY27FB-1224USUL},0
{V2A8-W8AQ98MN-6421LFBL},0
{Q6M4-V4DW37KL-2062RPBQ},0
{T0Y9-V5AE10RA-9298AETZ},0
{X3J2-W9XN00QX-0632SOBN},0
{S5E7-F2YG34PF-5651NUOE},0
{O1N8-A7XM73EL-0702EOXX},0
{P3B2-C6JY46JN-2994TYQK},0
{T0X1-N2QG66UO-7068PNUK},0
{R7O8-Z9ZC82QP-8504WMQE},0
{J8Z1-L5BW93FK-2970KHAC},0
{H6R9-F3HU40GI-8600AAAJ},0
{U9F4-K7ZS41SF-8623DOAP},0
{G1X3-Y3FY05KG-4576JNTH},0
{Z4F6-K8FI82VS-6783JPLI},0
{E7R0-R2XW89SY-0579MUIH},0
{R6N8-L7VE98DH-8647GGSR},0
{V1S4-V2NS21BD-2342ASOP},0
{A8B0-O6ME94YY-9626PJHO},0
{M6V0-Q7GW46YQ-9201WHSB},0
{P4S6-N7HI82IC-0672WNIE},0
{N6W6-M3PB90IZ-0909SRVW},0
{D7I4-C7TP30IG-0603PKXA},0
{F9U4-C2SA30TZ-2798RTEO},0
{M1F8-B1GN48UM-7174PATC},0
{Y9C5-D4KN36LW-0383XADF},0
{N6P7-X7TJ25BS-2194OFCI},0
{Z1X4-U0XI14OH-7463AWAA},0
{P6B3-F1SU32IW-0116MYIX},0
{N7K5-D0CB87FH-2079MTHE},0
{V6K1-Y8NT18IA-2621CKCE},0
{D1H6-D4SX87RO-7542NXBF},0
{C3T3-P2YV55OE-8366SRYM},0
{I2E8-Y5HQ44BP-8130TVIK},0
{I5J6-R2OC84ZG-3227JBLE},0
{W2J5-X1JV38FR-9265BANU},0
{I6R6-F6CQ40UJ-1831GKOB},0
{T3F6-M3LS08OA-6953TSJR},0
{I8V9-K9QD00RL-8765OCMJ},0
{A8Q4-V6LC12SI-3208PRXG},0
{X4J6-K2SI28TF-8514IZUN},0
{N4G8-D3JK63HV-4169HYFU},0
{O1H8-T8YV92IH-5393FHDL},0
{Z8L8-S0EA55RE-6539BHIC},0
{E9E0-Q1SN28RW-4135XJUU},0
{W3Y5-I4MK88AY-1673HKNA},0
{D5C8-J2KS19XX-5064UHLZ},0
{H2S3-D1CK61SP-1818AXPZ},0
{O7A7-E2AQ18EQ-6422BPQF},0
{H1M6-W7QD33DO-9883AAHO},0
{W9Y3-F4PZ61QC-7137ALWF},0
{E4K7-S5OX77PS-2856AWJE},0
{X2E7-R1ZC11CI-5874TOFU},0
{I9N6-D4IK02II-3801MOWR},0
{H0L8-T1ZP07WM-3279OYYD},0
{Z3U6-C8EF30QL-4889WXLY},0
{J0A0-A1JK88PG-5396PUAR},0
{V5Y0-I8CU58RW-6244GIVK},0
{F4V0-J8UW44PR-7609NGPG},0
{U9N4-J8TY25VK-4883LUAS},0
{L0X0-X0DY98PS-9830WQPW},0
{P5V5-L9ET03PU-5638LYEX},0
{V5Q2-I0HM14OO-5761XKEU},0
{C5P0-T8AP41LQ-4977HGHK},0
{G4G5-B9DO26QK-2564OFUA},0
{F6Z1-Z0DU07VY-8631EPUA},0
{K9M0-W5ZN33DO-5310WFCJ},0
{D0U6-W8RQ67QN-1860JYJU},0
{B2M0-K3CI28NP-6127GSNR},0
{C1O8-L2GY83RV-4623LGCN},0
{A6S0-V6OO75NA-7749LMZV},0
{E1Q2-B8PF40US-8998DTSS},0
{M0E8-B7PU65GS-2685LMCT},0
{I5J2-K4HA27AP-1310CDFX},0
{X0A0-G5TB31VF-9037KJHN},0
{Y6N4-Y3IM46SN-6569AOMT},0
{S9S2-U1ZF68PF-2413UFPP},0
{X7I9-Q4VJ64KU-4710NMEC},0
{D2J7-S1ZT14BA-2223YGXS},0
{H2Z8-O4UH01GR-9427JJLU},0
{R0A4-J9ZZ37MD-7316VHSI},0
{V3H3-D9IR36AP-9066LOGY},0
{H7V5-F2FU44HB-2606RBSV},0
{V7F8-V9NI69SH-0129MVBV},0
{U0W7-P6BQ51GW-4987BXHT},0
{G8E5-O5JF72FU-9419LYWM},0
{E7O2-T2EC54JK-1347VOMI},0
{I8J8-M7KU02RW-2345URPH},0
{K1P1-N6TM46OV-4111HNFR},0
{G6C1-R0GH46NN-7253PZRZ},0
{R8X4-F7TJ75CC-1249CTKK},0
{C6I3-F0SQ13VP-5862SHJK},0
{P7I2-Q3XI44RG-9895PQZH},0
{V4I8-S2OT93SB-2497GECG},0
{Y5J3-G0EN64IV-3703AMKV},0
{P8K8-S1BG10XQ-1999YCMK},0
{C7E2-Q5JW14BS-4623MABD},0
{V6M8-K1WM61JS-9579XWOU},0
{B6L0-N3SD66OE-7919BSJW},0
{G4A1-O9CH56RR-0155DCVM},0
{L8D9-W8HK79CE-5450FRVE},0
{H4S4-U3BK67OD-9377PCAF},0
{E0M2-O6DB33RI-1594FAWU},0
{Z2W7-P4JN28ZC-1702VCAO},0
{M1X2-B2GX63FK-1808LBTV},0
{C0H5-H3KH35NF-0825LCOF},0
{O0O0-K7JX28QE-1337DBTT},0
{W1D1-U8TW51XY-4488KEAD},0
{J7M6-R4BV62TM-9758DTJG},0
{U9W4-L4PJ82HD-1349ZLEJ},0
{X1R6-L9OQ89YS-5861SGVD},0
{Q3C1-E0MW39AU-2876KQOI},0
{V7E2-F4ZB05WZ-0023ERYS},0
{O6I2-G2GC17QH-7285WEVC},0
{L1O2-L0JA35QJ-1388OHYK},0
{K7H3-D7MF49TL-8909WDBU},0
{I8H4-B7KR59WN-8991FKKS},0
{W5V0-D0NW32UJ-4998NGER},0
{V2Z2-V9ON77NX-6419SRSZ},0
{F5W6-A2TR02YU-0236OVXY},0
{H8Y3-A6LH52AG-3853YDXO},0
{F6Q5-O8AO36UT-4623UDJV},0
{U8N8-M2BV27XO-7134MLKW},0
{L4A1-L8EC05KD-5944YHBG},0
{Z8V5-N2LM81KU-4607YBVJ},0
{T2E0-U2US97LG-6509QCVB},0
{L2P7-U1JS04PS-4306YQXR},0
{F3O2-F6KK01CJ-2325HPLK},0
{G8Z4-K7EW69YE-7687GMAX},0
{Y5B8-C1DS15JP-5182MYCI},0
{O1R9-I1MZ74RO-0811GGPA},0
{T0Y8-W1OA27QN-9728DPNY},0
{B1H9-O8NH17JM-3644NIRV},0
{L2X0-L9CY59KL-8100ZTNG},0
{C0U7-Q7CO36RJ-6503CDZQ},0
{P0O4-T9OT92YV-4148KTWK},0
{R3J8-W9PC79ZB-6926ADIO},0
{N3A8-F0RB95RW-5667QNIW},0
{V2N0-N2IR40BM-5605JFIQ},0
{T5G0-M0RD09QA-4986JTBH},0
{H8A5-F3DG81NF-5895SUOD},0
{O9O2-B9PW66JL-3468ZCOU},0
{B5F0-B2BE20NL-4902PPOP},0
{I4Y7-L1AH65SY-4212TFYN},0
{W7O9-P2HB88GF-9590MCOC},0
{E6W3-Q2GC63MJ-7979TNWV},0
{S2T1-I5EO09NQ-2363XMXV},0
{C2J1-Q9YS58QP-6814IRXE},0
{M6M9-F2TS58QR-5407XAEH},0
{P0Y2-J0EA83HO-0186TFVU},0
{V7U9-C4RP97FN-5635ZKMB},0
{T7S9-M7OF96JG-9951SSLR},0
{E6E3-H4OR87AP-9531ABOJ},0
{B3I3-G4TA71CZ-0311DBDR},0
{Z5L3-Q7JC64WG-0706CNZO},0
{Q1F3-I3IQ79QB-6586EKEJ},0
{Q3Z1-O7LK00ID-4040LAZT},0
{V5Q8-D8BQ04JI-7664WHGN},0
{L5P1-T3MZ47YT-4442UWWC},0
{E4O3-N7QZ11UR-1974EPPI},0
{E0U3-M7YA43MP-3323UVAB},0
{P4K5-O4QL00LY-5029YJKZ},0
{A9I7-P4BN17FH-7308PAYI},0
{Q4T5-A2PB85YL-7095YTAZ},0
{F5G9-X9AC29WW-6254OMED},0
{R6R9-H9JV48UQ-6338TENJ},0
{B7M6-E5KI18FT-1679XLVA},0
{M2Q7-R3AV49OC-7917INXC},0
{L3I9-I0RE54NY-6245RMEH},0
{K1O8-Q9AF22VN-3125OQAB},0
{Z9E6-Y9JJ75DS-1209TZEY},0
{E8M7-Q1OB17LL-9895NUAZ},0
{T1I1-P3FD75DR-9601ZCTH},0
{P9Z5-S2RZ73NP-4633GZAH},0
{O7L3-I7RU94FF-2041RGWN},0
{D7P9-W0KV27WG-2378OOCV},0
{X2K3-M4OT12DY-0900LWAT},0
{S0R8-Q3ZU27SV-6619FRME},0
{P7P7-G3IE74BK-5300GCKA},0
{L3Q0-Q9BY05LF-5519MYHB},0
{J1B9-R9PE34JF-5201BQEZ},0
{Q2R5-A0SB71BZ-2974SMDT},0
{E6R5-M3CK31UG-3823HERS},0
{Q1Q1-K4GT51LH-8739SRZM},0
{W4K2-N3NR27FG-9872YFDH},0
{O1T6-M4BW60OB-5193RBGF},0
{F5W2-T7EA43ZG-9513BDKD},0
{P9J3-J8KA99UP-3766GZYF},0
{W8P8-W0LL10UT-7351QYFD},0
{Q9Y8-X9TH46TM-5195NFPH},0
{L4K8-T6RQ16EQ-6598DSKK},0
{Z4W3-T5JF72KC-5536KPEM},0
{J9A7-F4VN00JH-5846FJPS},0
{G4Z7-L1ZT68FB-9650UYIV},0
{A4L7-I3EI06ML-5034IQMO},0
{G5X3-B7OL84VZ-0584IJGR},0
{B5B8-G7IH76ES-1670NIOU},0
{J8X6-C4KB63GS-4167DJEO},0
{Q1I7-E8XH48WE-6735XOMJ},0
{T2B7-Y1CF55QX-5647PNFV},0
{S5T4-T9UA45LI-9328WSBV},0
{F7H0-Y4PM11PE-9989KWQQ},0
{F9W1-G2XP86KF-2567XRIU},0
{F4E1-G3QG97PL-0987FSWB},0
{O8U9-H2ZQ49YV-1498YFNA},0
{B2W3-Y9IM33SF-2256NUNJ},0
{T7K1-Y2NP19KL-8338LRJB},0
{S9H8-L6OR83VD-8209XYOG},0
{A4G0-X7KP33TP-0830GDFM},0
{T8J4-L8SC63EF-7090SKNF},0
{J9R8-G8IT08EF-6672PDDQ},0
{J7Q3-G2EC19HC-3389QMQY},0
{O8Z7-U7PL45ML-4212XHBV},0
{A0B5-F2VF01CD-1056MQPG},0
{T2A4-W3BS52YG-0387NNTF},0
{Y1F3-E8YE22HL-1157LHYU},0
{J9K1-T9LG67DB-4825SSOZ},0
{X3L2-L0XU77CB-7688TOPM},0
{H4I8-V2UQ11BN-9253MLUZ},0
{Y4V4-P1TF53BV-2840VVQQ},0
{T8S7-O1AS13WM-3017XBPO},0
{I9Q9-E5QN40MJ-1222NRTX},0
{K3N6-H0KN06FM-1049QWTK},0
{Y7Q8-L2ZJ81KQ-3402QLYP},0
{C7X3-C0EY60YZ-2442VZMS},0
{E5E0-L9KN01UX-7312INII},0
{C4L6-R1YZ52TV-1027HMET},0
{K1U9-C8IK71AD-3498FFXD},0
{X1S2-U1VU44HY-4487XSMK},0
{V0S3-U6CE03OQ-9231GVJL},0
{Q0T8-K3NF64CY-5389CSGM},0
{L8W6-N2PR72XR-5111WVSV},0
{F6N1-I8TH47KT-0722AGYX},0
{W1J7-L8SV71ZK-3652LWOK},0
{B6Z5-U3GB30QG-2935OFUL},0
{P0L9-M3PY88CR-4655XPUO},0
{M2C1-S0QP67AU-8598CLHD},0
{F1D2-P9WE51PZ-2569MFQT},0
{C4X5-W4TM48NM-7366FFQV},0
{T3L1-Z9CB20LH-4479EHNO},0
{F5B3-X6KP01AW-4730FJIH},0
{Q1M4-C1QJ93LX-4352YNSF},0
{I6Y1-J1GN61AB-6499VQFA},0
{K6H3-C5ND97MW-8864GCFO},0
{B0K5-Z3IB87TT-1139DPJC},0
{S2X6-M3QG91AT-1894XMNC},0
{K7D0-H8BK22EC-4897YGGC},0
{Z5E0-S0CZ86PQ-8891UKLD},0
{W3Q4-M9ZB09LK-6571ETBZ},0
{Z4E7-H0RH50YW-2836ESQY},0
{Y1I4-S8ZA28QY-8682FVCK},0
{U6B6-E9IT22SM-8850ZPQS},0
{R2Y8-O9MA59ZU-5891XVHE},0
{A9G2-M4XM32ZR-3354CNEB},0
{A2M0-S0UI05PN-2763QGYK},0
{F8W0-F6ZA98LC-5381LRDZ},0
{G9N3-S9DO49OB-6326TPIO},0
{R6B1-V0XB39AR-0903YXDS},0
{P8O3-K9RR90JE-7763YZOO},0
{A4B0-Y4QL27GW-8813IOOM},0
{Q9V0-U6VJ35AJ-7522AHBJ},0
{P6G0-I1GM08TB-0280BFXQ},0
{T5X3-Y6MC69SE-4093FWNX},0
{G8A8-P2NA74XK-1573YSYN},0
{J5J3-U1AO08VT-9769GAYG},0
{U2E8-M0PD11LD-1653KJSJ},0
{M8F6-G7QA98BO-3058QICY},0
{T6P0-X5PE53PF-8553GOTF},0
{U3V4-A5YY18IK-5425PRJA},0
{E6M9-G8HU03RN-8305ENTP},0
{D5C8-N6ON20HZ-7935NZBH},0
{O7E3-C5US64JP-7757TUPJ},0
{S2I5-F8HA85WW-9443OABN},0
{Z3W2-B9JZ58DR-3339EGAK},0
{L0A0-P5TZ02HT-8490ZAZP},0
{Z2Z4-I1PV41GB-0944DMHZ},0
{Q8B0-E5LL99HX-9363UNVF},0
{D4N3-D8VV36WX-1692HRBO},0
{N6Y7-T3FO56XZ-6234YEMH},0
{E6C4-H7DH16LP-4253EDMA},0
{L1X6-U9ME85ZT-0623ATIS},0
{I1E1-S2PO45RR-0068ZONF},0
{E0W8-W8WA01BR-6946YMZR},0
{D4R8-A4ZI31KZ-3301QSPF},0
{K6T5-T5AF63HE-3011LUPU},0
{F3W3-I1MQ67DE-8023IGUL},0
{B3E0-X2LF14AA-0286BBYT},0
{I0P4-V5VQ10MP-1199EQAF},0
{T4M5-D1BG86AW-4059FEUF},0
{V9X0-N9EL63SN-3733CQFP},0
{T2Z0-F2IY72SP-7849QDTU},0
{L7O8-N5ZU08MV-8159BHYH},0
{P0W9-M0IZ40YS-4203TRES},0
{S1M5-N1ZS93DM-3936GGTP},0
{U9V7-T5BI26MN-7051RFFW},0
{L2V9-S2ZH47UE-5641LCOD},0
{M1Z3-S3JL44LB-2952QMXD},0
{C4V5-A7WB00ZZ-2130YJTU},0
{V5A1-T6XQ54GM-3729TSCQ},0
{S6S4-Q4MD82QB-2186XKDU},0
{R9G4-T6PO48QY-3754BLAB},0
{R7G5-C0JP81DH-3455MMZS},0
{U4Q6-V4PQ92IM-5818TCEO},0
{R1B4-W1TW52OM-3576RMKI},0
{E8S4-K0JV54KZ-7284XHHJ},0
{J3O0-K9AK01JY-5773HVXX},0
{D6X3-B6GH85HH-0919ZOPY},0
{B8F6-R7PJ72CG-3079IEBN},0
{Y3J8-T7FO66YZ-6912MCFB},0
{L0C2-B1TD02YI-9173TBXJ},0
{O7Z6-F0UR23EA-3998ILND},0
{B5J2-I1SC93XQ-8223OJXP},0
{K6P4-V4ER96ZQ-9681AZSY},0
{E6U5-G5HS45AB-6641LNNF},0
{U4A0-L2MY02AN-8639TQMF},0
{E6Q0-Y6GE02SE-2558CFDP},0
{E6O1-G6DA89UZ-0324IXEQ},0
{Y6Q8-N4QP81OI-9595UUPX},0
{P0M0-Q8SS54AR-4448EEDS},0
{B0M9-K4PU83ZQ-2588NLHF},0
{G3U6-F6TD48HM-7818TDFD},0
{V6D2-Q1NE19WD-7949KOVS},0
{T2Q3-G8MC12WO-7374DIKS},0
{X8F6-J1OI35QJ-7645FAFR},0
{J7S9-A7HO67AM-1148QSBT},0
{F5Y8-M1QU13CM-0021NRBX},0
{X3B0-U5LD27TX-2512ZRCZ},0
{E1F1-E8JM28OK-6602TAFW},0
{O3I3-S8FC80DK-1604VCII},0
{P9E9-N4VM90GG-1933CBNR},0
{V4L3-C8ZX34IU-3279CHTU},0
{W8D3-R0PH67FV-7415JNUR},0
{D1V7-V5TP58KC-2842NEGJ},0
{C2E0-Q1ZZ00WL-8885YWHW},0
{V9G7-O4AW58XC-3785EIDU},0
{D8H9-J8NE26PX-2374UBSB},0
{A8C8-Q0ME07MN-6084HPHB},0
{E6K9-H6MP77SI-6386JUIF},0
{B4L6-Z3FF03ZO-4963UHME},0
{O0O6-D2UI23YP-7678TRCB},0
{R2R5-U4UK84OC-9209QKKL},0
{Q1O8-K4QZ20KE-9729GSDT},0
{Y4Y3-N2KL32ZN-9171YAWA},0
{S2F7-T4QP30PX-4908XAIT},0
{R5T4-M1VF16BJ-4813BWVQ},0
{F7M9-M1IE16DR-7367ZTEY},0
{O5T8-U9IO22MB-4743TYUD},0
{C2P2-V0XK81YO-2322VGJT},0
{S4K3-E3RP08MV-8535AVZK},0
{S3B2-B9VR59FG-0923XXMM},0
{H4V0-P7TN39UE-5126FVXN},0
{U4H5-Q9WL46AD-9338RMXB},0
{U8Y7-A7SM91AA-3734SPLI},0
{R9U5-R2QF96OE-5273ADVA},0
{N6Y5-I7GZ57LJ-1783VKBG},0
{E6C4-R0XM14WH-0008CXAX},0
{J1V4-N5CQ02YX-2137VLUI},0
{I4E8-D7HE61EH-0166KQHM},0
{G2W6-K1GP67IH-1851YQYW},0
{U1I6-H4SQ15PX-9015UJXV},0
{Q9K0-S5ZE78LO-3665XXVT},0
{S5X2-O4UT01CD-1864VAAI},0
{L1Q4-A3KX40IJ-5203MHLP},0
{X8R1-J7AL56IQ-3461LLAW},0
{G5A9-U9GX61UQ-4104YODM},0
{Q0S3-M1MY46ND-8690OXYG},0
{R2L0-G9ST88WU-0820DUVO},0
{C2Q3-K3TR09FS-8685NWHY},0
{Z7H3-E7ZT53YT-3741PAPL},0
{I0F0-W1CE12OT-1227DHTB},0
{Y5E0-U7ST62AC-7272MSLI},0
{D1B5-G3YI73IX-4252KSRK},0
{Y7K7-B2NQ56LF-0556FOSQ},0
{R6G1-R5CA15JC-3958OYAC},0
{U2H7-G0SB40ZX-1033DFEE},0
{K7E4-Z0SX06BZ-9075QHZS},0
{R2H7-V9OH34ZI-6346LWGQ},0
{E4L7-V8VC98YQ-3295ODCR},0
{Q2R0-L9LW74BO-7822NXKU},0
{W9V5-G8IN06ER-6918TLZG},0
{I3A1-X7RF04JW-8417PCVK},0
{J6K7-Z0QG04NH-7783CXXL},0
{T8W0-S3TV60UL-0722VYJS},0
{N9D8-P1JW71NH-9559YDCN},0
{Y0M3-J7PI04LS-9550LYQN},0
{Q4A4-F4UH28ZI-8614GEHI},0
{P5F1-Q0VK79KO-4318JCSK},0
{A6F5-H1VX15KF-6753LWLS},0
{X4U1-X6AH48RY-6691FOPN},0
{L7L6-M1RR72ES-2972KYXW},0
{P5F3-Q7NB30MN-8035VSAD},0
{N7R3-A4MJ94NX-4470EXKG},0
{K8R3-R6DI30ET-5783IAWJ},0
{U6S7-C7DE67GC-2602UOIB},0
{S9S0-V4NT95VG-7702ONQA},0
{B8N8-B9UZ93OE-7611RQCO},0
{M8B9-F3GH72ZM-1907NWYY},0
{X5C6-G9KQ63GA-2791HYDW},0
{L0H3-T0MH45AB-5293AMHX},0
{F1W7-G6UV48VY-3276TEVE},0
{C0W5-J0IA42TV-9186QHVU},0
{I7W8-T8KN40HN-9370YACL},0
{O4C3-K5BI98QO-0847VCNP},0
{I8I3-E1OX82SV-6932UAHA},0
{S2M6-N9OM48CR-8499UUNN},0
{Q0H7-L3OH33HI-4542JMCH},0
{F6W4-Z4IM45GB-6442JCUD},0
{G9S2-O9CZ72ER-5160ZNRG},0
{J2Q0-L5FL11PB-0081JHTD},0
{I3D8-I4EL54WR-4753KJDM},0
{U1S3-Q6LY18IY-9389UODU},0
{O1G5-O4HM75FR-7447WECO},0
{T2Z5-B4OX73WE-4699RJAS},0
{C0K5-N8WL73CU-0740VSDO},0
{I3A3-M9BM17TE-6819QVBS},0
{E5O2-Q1WQ46NG-3527HUPF},0
{V8B1-M7DX82GE-7302FSGS},0
{S9I2-R4IL38BP-3703LBFB},0
{A9O9-H3AF46AQ-8387LVRX},0
{F2G7-K9QX75QK-6351RQBG},0
{Z5Y5-S6IG77WU-1885IQDD},0
{C3O1-V0RT68QY-8040LFGC},0
{U7R5-Y0AB66SC-4798CHPK},0
{D4Y0-U4FM24RF-5121RIBB},0
{I1T6-Q6BO26QR-7353YQCS},0
{U3X5-L0KH96QV-0229TCXQ},0
{V9O1-V6NU04CC-6934KGDC},0
{L9R6-W1LI98QZ-0156IQHK},0
{B0N5-P5GF75VY-9181XABA},0
{Q2J6-D8JO95ME-8966LINJ},0
{E5R3-T1AH12HV-5249OKNU},0
{Q6F5-J4NR99QQ-2653DCMZ},0
{M2K1-X1AX45LF-1835PFXU},0
{W0H9-O9CE74ZF-1964PBKQ},0
{B1S6-O6NX81AO-3991FRXI},0
{S2T8-P4WI32PV-4275RTLI},0
{V8P1-K3EU22WK-2000YFFA},0
{Y7Z8-F4AQ98CX-5329YNWX},0
{M6J6-N1XO88VX-2625UVGR},0
{Q2C3-A6ZQ11JQ-4308KWCW},0
{I2H7-B5MI78FG-2977PDNE},0
{Y3I1-Q6QJ31PU-2274ICQD},0
{M2M3-Q5LZ32QW-5928WLIS},0
{G1E4-X7OQ52YM-1890SGTM},0
{B3Z7-C4UJ02OY-0653QJBZ},0
{E5B4-Q4FD10SQ-5922OIDY},0
{V3D9-M4RF40DY-5250NPBV},0
{Q8R3-J7AW88JN-5016EQCK},0
{U1F6-X1ZD68MH-2811RKPQ},0
{A1O4-A9VA36US-3248YLYZ},0
{Z7T3-I7KC05PO-6874XYGY},0
{G7X5-X1XZ85AI-4154QQYD},0
{Y1Z2-P9AZ91KJ-9346PKFP},0
{Q6K4-I5HD77EZ-5462HIHI},0
{F7J7-I5TS93MF-9313YGZB},0
{Z4T5-Q6EG31GZ-0575QUMC},0
{I9L9-N9TT79NB-3907OEXF},0
{G1Y6-Z0GW38TB-1445HSTC},0
{E0J3-E1IH55UW-6172BXFW},0
{B4V5-T7HP72BA-3000WKER},0
{O4P2-G9AP08BE-7907EORT},0
{G2H8-K0XV17HS-3919VSTJ},0
{Q2H2-V1YZ59TI-1558WMIQ},0
{F7L3-Y7AS80IA-7163NTQA},0
{R6L0-H0DV65KG-6938XIVX},0
{X0N1-D8CQ07GP-7152RXFV},0
{J1D1-G8HF60PI-0768QZUZ},0
{V0E4-Y4TV03XP-3492LRDX},0
{J5V2-L5ZD95WV-9801LIJI},0
{A8H6-N9SC03BC-5988KFJW},0
{K5E7-H9RZ23IV-5867CZDU},0
{T8P4-F2MX67ZF-5696YQLO},0
{B8C2-U9CY98CN-3712RMTA},0
{T3A5-Q6SO60HK-5246LCJY},0
{B3U7-Q1MS81GM-7054FAKA},0
{Z0X8-Y1HF26FV-5999IVAP},0
{Z4B8-Z3BM49UQ-1924WOJA},0
{L5U3-I8BN95AL-2184HFLK},0
{N5S1-H4CK69UW-2590JTEA},0
{C7Z9-X6DK04ZW-5954TIED},0
{T4I0-V8NR87XZ-8930CWZJ},0
{X1K9-X2XB63IO-3660EGNA},0
{L9K7-Y0YZ24GL-1162XZCP},0
{P0H8-N4WO91OS-3779WFTG},0
{M8F1-W4UA50GW-4527GPPB},0
{D7I7-G1YD06PE-4888ZWZX},0
{B7F1-Z8YK52XJ-6233LYRI},0
{G8X8-A5IQ97OS-7923SKGM},0
{I8T0-R3DU19QA-4817JTVA},0
{N5X7-Z2XW10JX-1118TRJE},0
{W5M8-K6IQ47GC-2246BKBY},0
{M7U0-V9AU92AD-6398YSXT},0
{W0D6-O8WS07LZ-3569MPWC},0
{U5C6-Q6AT01KV-6747JUQC},0
{N2H9-M6HZ53ZF-3727ZVZC},0
{Y4X3-Q4LA11JK-6484KOCX},0
{I9E5-V8CI33UM-1606DJTF},0
{P0E1-C8HS10JJ-6886TYAP},0
{F2U4-I2QC11BW-2892HXXR},0
{N9N8-S7SX72WL-1851XHWY},0
{J1A5-O9MG90IF-1571KYZL},0
{M7K0-C4FX58HP-5247FVWM},0
{U3M8-O3GW01EA-4721OWHB},0
{Q7J0-F1FZ76FM-7245VAYC},0
{O2Y1-V0RG17JX-4961YJWH},0
{O9O4-Z5IB97NW-1400TQFH},0
{P1F0-C4QX75XO-2978TSHL},0
{N9L7-C6CN99CZ-0542UABY},0
{X7X0-P9IL55QH-1517MVTF},0
{U6P8-S1JD65JH-9330OVFM},0
{S3W6-R5EB13UU-3697TWKW},0
{V2V2-N3EP95BW-0312MFYX},0
{B2R7-Z9TE89HH-2244PIZV},0
{A4F2-T0HP94WF-2167AVFB},0
{L9D6-M5CM54OJ-0142GWBF},0
{H6E1-S5AJ16LH-9967SOKK},0
{G2M4-D1PR67AB-6662QROW},0
{G0R7-I1RN91IK-7524UKEA},0
{X0C2-C9EW97QG-7525IDLM},0
{T7V2-X4MT92MR-2381ZPBG},0
{C9X5-E0TJ46SM-0048USTF},0
{T5Y5-R5ZA91YC-7837CPHZ},0
{E4L0-C4MV14CP-6409JTRD},0
{F3E4-C7AS04FE-3108FHTB},0
{G9M5-T0IF14EF-9065CTEC},0
{L7T8-Z1VH00SB-9434ATIL},0
{Q6X8-E5PL40EX-6678SZSU},0
{A4Y0-T5CC75AC-4623RAMK},0
{W9N9-L7EI09YO-9277AFHV},0
{P4I3-K2ED93TO-9392QZVZ},0
{R9U3-N7TO59NL-6923HPDJ},0
{L3U2-U8DY32GI-5407UDOY},0
{R9W6-W7SS22EP-2467ODQX},0
{V4B3-H3IV48YK-7310GQIH},0
{M0E9-P5IQ83XT-1643UXEV},0
{H7C4-E0QM62GP-6256EZBE},0
{Q9F3-Y3FH10YW-3621NQKF},0
{H8V1-N2OS87JC-3641ZEDZ},0
{X4E7-P4VB48VN-6808JMQD},0
{K1B3-W9ZW53MF-0563YXQU},0
{C7W5-P9CR89IW-1204GJEJ},0
{H8Z4-P1EQ48VL-9363HJRX},0
{B4R3-Z5AN90OK-0081AQSI},0
{Z8A3-G8MA30HG-3192SLXO},0
{Y6V0-E9LB60DM-2437MPQO},0
{Q1C6-T4VV92YQ-2130PSJC},0
{O9O2-Z2LJ95IM-5553LZWK},0
{I6A4-R7DZ44KA-9979IPXU},0
{T0L6-Z8GQ23FQ-0465VHGG},0
{K6G1-V6WP71FK-3766CSQB},0
{Z8D1-L4SB04WO-9782KAEP},0
{P9Q3-H1BM70HE-7727ATVQ},0
{U8U6-E8HT01PV-0256UMUJ},0
{G9Z6-F0IY60RX-6021LQNY},0
{G6V1-W9XA21HI-2370HOAM},0
{K3F5-E2TV20RV-4965PANO},0
{U5O5-A1DN62FQ-6989DDUV},0
{I8N2-X8ZQ50UF-2765KZRW},0
{Y9T9-H3MT52HQ-6318VRPP},0
{I2O4-R6JH76ON-3883KPJJ},0
{T0R5-U5BY74JO-0601URBX},0
{P7L0-N6ZV78TY-8163AOFV},0
{Q6Z2-F4SM36FY-0703HJTQ},0
{T8V0-L2AB73VH-5328YFDH},0
{U9Z5-R5ZG57AL-3286UBKI},0
{N7B4-P2UL99AQ-8028XGGN},0
{D9Z5-Q8IT60BY-2782CKKL},0
{X8X0-Q0RJ23JP-9557USFT},0
{E6X6-H3TY99ZY-9923AFYS},0
{R7E9-V4MN48OO-7526WCEA},0
{G2K6-T4QT00OV-9465QWCJ},0
{W6N7-J8TQ50KQ-3645ZTJT},0
{D1Z4-U1GM18JA-4661DMSI},0
{S3X9-J6VR86GL-3306PNUW},0
{M9Q4-L8SL88AO-7018WDOV},0
{U8S9-S6JI84LU-4953WXJW},0
{R4V1-V7DJ15EZ-1265FXIX},0
{O4A8-I7QN82CD-9538KVOF},0
{V8R1-W9MD19HU-1393FYKV},0
{C5X3-T6RT28CZ-4087EDTC},0
{V9X2-I0TG85RB-7900LNGU},0
{Z3Z8-L5NR98TR-2284RWEQ},0
{P0M7-X4JX67DX-6932LEOA},0
{K5K6-B4SG02YO-5048NDBJ},0
{E2B6-L4NX04NS-0301VYFN},0
{H8O8-Q4BY33FR-4480CYRW},0
{A5J9-G4GZ54HC-2265TKNK},0
{Y5F6-C2YI45GD-4461XVXE},0
{O0P3-U8TQ41LJ-4142BAKL},0
{B8O2-Q9AJ93KN-5641MLLX},0
{L5A4-I7NX61VI-1558BKFD},0
{G3F2-T5ZS66VA-0529ZCMQ},0
{J5J0-G3BJ85VB-4352UBSO},0
{S9P7-B2NC07GD-6024ANYN},0
{A2Q7-L8FZ92YK-5707CVUT},0
{T0S7-M1RZ73SB-9115QWXX},0
{T3G9-Q3ID84VK-4101TALW},0
{P3H2-L1DR93NH-3692SKSO},0
{S7E2-B4MO46IJ-4459POUW},0
{J3O6-R7IV38LW-3794MNPH},0
{R8V4-R9PA22TZ-6493QOND},0
{M8B6-B9KS19CH-2351HGUO},0
{K8H7-C3QK15CE-2347QOYA},0
{R8N4-R8YE70QN-3287FCGL},0
{S2M7-P6FL85EG-7721KZFG},0
{T6E3-Z4ZI24WS-2427MCYM},0
{U7O7-D2ZJ25RP-9120NPLP},0
{F4W5-B9ID71RL-3407HBRZ},0
{Z6X7-K6CD84UP-2255UCHQ},0
{Y8M7-G8NW93MI-9667NZDY},0
{C5W0-Q5WH46MM-5160WWDV},0
{J5L5-Q8JV09SA-1827UVRF},0
{J4V5-I2GI19RC-9496SEZN},0
{Z3V5-R2NN94CX-7992KGOP},0
{D4U7-A6TD51LW-8347XLWP},0
{Y4U2-V0DD40OE-3264MFJZ},0
{T2J0-M0BE52OI-3066KDWB},0
{L0G1-O7QP63UA-1518XILL},0
{E2A6-Y4XJ70UZ-8545UINR},0
{J3M3-N7VN18CG-5225BWWY},0
{P2M3-V9YY33MN-9108EMXX},0
{S0H6-Z9TY91OH-8357DODL},0
{N6N5-Q7UF32DW-4906BAWR},0
{B2T2-X5AN67XK-5739IMWU},0
{E4K0-E2RM95XC-8551OIRS},0
{W5A3-C3NS19QX-4405MJTV},0
{Y4J1-T4DW48LI-3490ZNEI},0
{C7J6-F3PU61TX-5072EDLR},0
{G4W2-A5SV60VV-6102GSWR},0
{N3P8-D5JD47GI-0243HWDL},0
{Q3L0-G0DB91ZR-5675ECMV},0
{B9G2-X7MC47MC-3246BIPR},0
{U5K9-A4FD90GQ-5805WYNK},0
{P9Y7-B4CZ46LJ-2545FQYH},0
{Y4E6-R7MB86TW-4743UXMO},0
{I4F0-F0NW07UP-6696LMPQ},0
{J3B6-Z7RB10VZ-2199WTTL},0
{S1S9-J6JL50UA-5228XPTJ},0
{Q4K0-E9AY04ET-8817WYFP},0
{D3W2-Q3RD04ID-5549NLQX},0
{I3G3-R6IR42YI-0587AQEX},0
{C2N7-Q3IX59HU-8853UBLI},0
{X6Q9-I0SA97NO-3844VKNP},0
{F5B0-Q7PE84NP-4894YTUW},0
{F9J8-T7RP48AQ-5551GYYS},0
{E6H9-R7KQ12EF-8874PNKU},0
{M4U1-L8AX05KR-6768MWQN},0
{J2R0-L4DX67AW-3803CNKR},0
{K8J5-I4OX34GE-6291VCJB},0
{K0J4-V2HO80TT-2262FNIO},0
{D5H5-A2LG39AE-1074YNAM},0
{M1I1-H6BL47NM-2306ESFB},0
{A3U9-J2GN86RV-9357SLGM},0
{K5R9-X6OG92KJ-7209VBKE},0
{V6H1-N2GE89AW-8763QOKC},0
{A3T6-V3UI32UM-5432NRFH},0
{C3S6-I1XI84GH-9599JRQT},0
{Y7J7-K8UF58SZ-3963AWEG},0
{D2K8-Q1QQ00QX-4995OCWA},0
{E9D3-U3VB46CS-6906MNBI},0
{Z4N8-H5PX00PS-1038HDCO},0
{D3Z6-R1LU42JC-3306SHQX},0
{T0T9-H7SV19SA-0793AEMG},0
{U8R1-N3UP26YA-6029CGVR},0
{J7E8-L7ID81VC-7451DWZN},0
{A4N0-B6ZG39ML-7772XHHO},0
{E2W0-T7JG70QP-4795AYHT},0
{U2T1-G3VX06EF-8118GIHC},0
{M2Y4-P6CM34KH-0052TDMV},0
{I2B8-I0DP01IH-4005EDBJ},0
{R1V2-J4GZ93DZ-3556BEVX},0
{F6S8-S5CC86ZD-0035TYMD},0
{T0Y1-W6TB84GN-4614PQEY},0
{N9V1-B1PH39CA-0075UDRR},0
{X5D9-L4PP02ME-7999VYOT},0
{M3R5-E0GP56EQ-2591MOWX},0
{R6X0-D6XO57MG-7296QVRG},0
{V1S4-S8WZ28FP-8238OYLH},0
{H4K4-S7DX82JZ-5782PNMQ},0
{L2A3-B4YB44YH-7427XBOR},0
{J1B6-E4OF68WZ-6015OBCC},0
{Y7J1-C7QR11PR-6983UXGI},0
{H6V2-B5LX13CM-5132CDNF},0
{M7O3-B7LL05AR-6376NRLB},0
{C0X4-I0MB31WI-7864XLDG},0
{O7K5-G0YO80VD-1364SSTM},0
{Y4B8-M7AM71EN-8821VKEH},0
{Z7L5-Y4GH57NP-6616PPAX},0
{S6H8-G4ZM53WY-0910MLGE},0
{X8Q3-O8ID58AM-5494AONM},0
{S0W3-I5NM40BG-0171GSZM},0
{I5M7-N4ID94PP-1116QSEH},0
{E3N3-U1UK88XC-9664WNAR},0
{M5Q3-R8NK67SD-5887FYZN},0
{U6Z7-C0HX22ZX-3164TKEA},0
{M9J2-X0AX07PN-1155SRHG},0
{N2R0-A2VI79MQ-1034GOQS},0
{W6F2-Z2RE00ZC-9064YXYD},0
{G7U3-F9JO33TP-3024AHHG},0
{M7V9-X4FE00BZ-8588ELNV},0
{U3D9-O7CA34TQ-0962KOPT},0
{N9F1-Y4SK02OY-5522RAES},0
{Z6W6-R8JK44IN-9827JSFW},0
{V4T8-G3KG47CW-2448UHEE},0
{C3M2-S3QO23RN-8278ENGP},0
{O2W9-V0MU42DA-6366QPKX},0
{R1B1-L6JI88CE-2830IWYF},0
{P2I8-J8DG20XQ-6834PCTG},0
{Q7K2-O5BN37FY-0365ALWP},0
{Q8T2-X2OJ05UQ-1275KBAK},0
{P1F0-T2GZ73LU-3170VHCV},0
{J3P2-U7VW15VY-1090TPDR},0
{A5X1-L5GK98OG-0666DLVM},0
{A7P5-J0UP45SH-3627BNWU},0
{E2P3-I7ZP08GS-3912FPKY},0
{B9L6-E7PU36BL-0293MUGY},0
{H2Q1-G0UM64OC-1256KJNU},0
{C9Q6-T2UE35QD-5225SLBH},0
{O2D5-X9IA49KO-2297PFKT},0
{Q2I8-A4CJ49LH-2199NOOG},0
{Y0N8-O2CO95CT-4529KOHD},0
{N8E2-K9YP67LE-2484FKUL},0
{X3K7-D5GA35BJ-7701JKXK},0
{Z7T0-C7FH21BP-7083BTYK},0
{E8V5-X4UO91HG-0384LETG},0
{W3M8-W5RB23XP-5840LGUP},0
{J4I9-S1ND99CR-9950NBAL},0
{O8R2-M5NT96MG-1867ZKHR},0
{C6W4-J6VW58FF-8594BGJD},0
{R9V6-E8BU16UX-4186AOYK},0
{O8U7-N2SX41WR-6314HAOJ},0
{B0L9-F0EH47AV-2182TUGJ},0
{Q1T4-G1DF09OE-7860EUYL},0
{T4G6-C6UU08XQ-5477FAKZ},0
{Z7A5-T1KR20FP-8574HBDC},0
{A7B7-W4EL26XS-0489FFDS},0
{D0U1-K6KK57SN-3285LUYF},0
{E4I3-E7JY19IP-0278CLRS},0
{M5O7-X5HJ76KY-3871LLTF},0
{C2O2-R5GY27FN-1473PWCR},0
{F2X6-Y2SB68AL-8553RRAJ},0
{O3I5-R7KN92CI-7971VZKS},0
{I4O2-W1FE20IU-2627LMJN},0
{Y9P7-E5DY95KN-0966QHQG},0
{U8U1-G5EB08NR-8261TTVS},0
{D9F7-H6IH62DT-5179HSPD},0
{O2O6-X9LU46YK-4200BTKB},0
{Z9V9-S7AH05NQ-1484PEXE},0
{T4Z8-I3EB25YQ-6437YWUJ},0
{W7Z5-A4SK10DY-6243BUSJ},0
{T0M9-B4QK00SN-9721CANR},0
{Z8T2-P0KH82YJ-0050GRVC},0
{O8R9-C1UL36YE-4843QPFL},0
{D1K3-E8IS19NE-5199TPQX},0
{B0L6-R8YD39AR-7445ZYIW},0
{E7S5-Y6UC87TF-7469CZZZ},0
{R9L8-A5IY94LT-8918DXYC},0
{J4D2-K3KE47AZ-6355QBHK},0
{W1Y7-A9ZK01WL-9019WVQP},0
{Q8N9-R8EK74NZ-5498WQNK},0
{B4P2-N0CP94WK-1309KYJL},0
{R5G6-H8NQ56BP-8123MUAA},0
{R4C6-T2HL48RI-9884OUWI},0
{I5A4-O8XM04ES-0784QXGI},0
{B6S6-B4PJ76HU-0368CRTW},0
{F2X3-X4EB21XJ-8012BGTW},0
{X4Y5-L0IN98GG-0833LBHX},0
{X5T0-L1ZF83EZ-5201OVEA},0
{X0Q9-U0BM17OC-6500SUIW},0
{V3Z7-Z9US22NL-4234TRVN},0
{C1Y9-V3VL43XR-4323FTHC},0
{W6L4-B1RI65LB-2364XWUD},0
{V4V2-F9KJ33QA-1115QMRJ},0
{S3O6-S9VC36BU-4752GXXF},0
{I4X9-R3SU26HQ-0128MWTX},0
{D7T5-R0RC23FV-5224UEEU},0
{C8A1-K9LR75OR-1396TEJB},0
{F7O4-K4CL88NA-0784TJRM},0
{P8R9-A8SR39HV-2159CXLA},0
{F3H4-G9JP31EU-4602LCDH},0
{L7E3-I1UP54PF-5023TJUP},0
{K8U7-B8IL48TA-9094KBNC},0
{J0V9-J0YV37IF-6280AFOZ},0
{I7Q9-N1YW85PU-0928LIHT},0
{C6L7-S5OO00WS-1429VZAT},0
{D1O0-Q2CK81ME-2577JYRA},0
{E8X5-G8AZ05DH-4433JUMZ},0
{S7A3-S4DA89RB-7087IJQC},0
{G7C4-Y8CL52CO-0320VXUK},0
{W4I2-I3TR30OG-0611LPIB},0
{P8U8-F8LR16NI-7303THRZ},0
{P3B2-K2SK24NZ-7095DSTX},0
{E0Y5-P1SC51RJ-0373SSYT},0
{N7Y8-X7EX45QU-7980MOFT},0
{D0Z7-F8RR48TB-5342VWDA},0
{D4M4-E9QA43SF-3638CZPZ},0
{S8L5-G7TK37FI-4695MZOT},0
{Z6P3-Z0XB28BV-9590DUDF},0
{D8G1-O9MC17XJ-2273ETQG},0
{J6G6-R2VS66DN-2745GTHM},0
{C3H9-F8FP63JP-2359SHCU},0
{K7I9-B5IH14RF-8550AYCQ},0
{K2V7-Y0EH10HY-8751IJJD},0
{H5T7-D7GL71ZM-3611JSEA},0
{A9D6-M4CO07OM-0447KXCF},0
{Q3M8-T6WR62KV-6397IQTQ},0
{J0B2-N1BI38IL-7468NPAF},0
{F2K2-O6PQ94ND-2118FTIN},0
{H1O6-R3CQ97CL-0360BECT},0
{P1G5-A8MD07VB-2067UWSS},0
{M3L5-M8GG15QW-3278KHLF},0
{D7H7-A0JB92HB-0687VADQ},0
{C7H6-W9HS96TO-5055ZWJI},0
{N0Z1-T3ZT50SP-3802APOT},0
{K0B6-Q5HY48MX-3582RDAS},0
{L8W5-E9BQ84AE-8504YORU},0
{X0A8-R6NR70CB-3265QVVM},0
{A9D7-K4TC99IS-0069MIEY},0
{S0G4-R9TC01TM-6003PPZC},0
{Q1Z5-G4RC68CV-9864BFVG},0
{K2T8-S9YP63AW-0615TGIZ},0
{T2X8-M1PF05EK-0501YTAR},0
{T6V8-I1NR27TJ-6390LGQB},0
{H1R6-D8NZ28CQ-1706MEKU},0
{W7H3-M8IM65UX-7213AMYN},0
{S5O6-K8CO52QK-2184JZSZ},0
{E8R0-I1VU82AV-4710IWMB},0
{E3M5-B1AZ58JE-4471QXIR},0
{U5W6-L2HL68MV-7580FLBT},0
{T3J7-I0OB57YW-8047MBKM},0
{I0U5-A3QV56UE-7749IGNV},0
{S0E4-Y1QF25OE-5432QNJD},0
{P1V7-K4SA91HF-9518QLIU},0
{M5U1-S3SF74LH-5614JDAB},0
{P3Y7-J9NB52XQ-7092RXLT},0
{Q7W3-Y1VS05RM-2419AMAD},0
{B9A4-B9JA41YE-4725NFUL},0
{Y3I7-K2BH17AB-3380YEXN},0
{D6S9-S5HL06XR-5695RSOT},0
{X7G1-Z0LW27EC-4558XIXN},0
{W1Q9-I0LW42KK-5824CMMT},0
{U6S2-H8PQ75EK-8412UOQW},0
{Z2V5-Z1RQ67KB-3485LLVU},0
{E7L9-K2UO44UQ-7785SMKP},0
{V3K9-C7TX35TM-3952RAOI},0
{Q3A8-O0IE94AY-6937IDEE},0
{P5Y3-M4IF66LP-5235BTFB},0
{X6O8-K4RC65VS-7642DLWC},0
{G5U8-L1JU79QN-0406EHNU},0
{K3E1-R7TO89UH-3429EJZF},0
{T1A6-A9QM07JW-0627EHGO},0
{S0R1-O0XW18QN-7837UIHC},0
{C9W4-Z7FM33VV-0639OQXU},0
{D6U6-N8IJ16ER-1334RTVH},0
{N9L8-Q2NX71PJ-6915EWLE},0
{W9V3-D5SM24QR-9268FMAC},0
{S5G1-H1VC43CJ-4314JALS},0
{J4O6-H4KK89EG-3996XRWP},0
{J3R4-R9FI21XP-5948ROLL},0
{K1Q5-N9HX89DZ-3142ALME},0
{L1I6-S7VL75BK-8871GUKX},0
{P1X6-J2LO31XO-3441THRM},0
{S5E7-Y5LL84MF-3390ZVIN},0
{C8B2-E7WW54UI-7764WXIL},0
{T2R5-T1ZW01XS-7298JLEG},0
{U7Q7-A7BB70LP-4492HQOL},0
{R4A8-X5TM01AH-9788ARHP},0
{U5G4-E6OT28PK-6682NLHX},0
{O9G6-L3NF55KB-6188FPQK},0
{V3E7-G1ZI70QZ-4733PQNV},0
{U3Y7-R4FW51OE-6927HHGN},0
{A8O4-U4LT30IB-2582FRNN},0
{J6A8-P4XI29OQ-4627EERL},0
{D3K7-S0DB53DD-4594AATU},0
{P3H0-K7AW78WQ-3629JQKO},0
{X3F5-W2AY50OG-4356PKRW},0
{M2E6-C4ZZ31RL-1816JBGZ},0
{Z3R6-A7BZ42ZD-6779SYZB},0
{E0B1-R9XK20ME-3487GLYK},0
{J5N3-N1JC74MY-0047JSHI},0
{Q9Y1-E9VJ21YK-5764RINO},0
{P0R3-V7BY88MK-8348VNUS},0
{M6O6-D6QR13QJ-9785TDJT},0
{E6I1-X4QC32OD-5176JTZQ},0
{R9D4-H0LQ50KB-4614RXYA},0
{M9I1-H8SD32FR-0546LNDK},0
{H4G2-T0QT45HV-0168NZDZ},0
{J2V1-R1LO96AQ-7425BHNS},0
{V8D7-Q3DH61KJ-1195YDAA},0
{W6M8-A6RM38CM-0683PVXG},0
{H9O5-P0YC55NL-6024QYGH},0
{T2C0-V2DI57VS-0649EPYA},0
{P9G9-H8BZ55MU-2083KEEE},0
{V8N5-S2YL91PF-0126XFKK},0
{K6L6-F4WE48SM-9126WKWF},0
{B0T5-E0YS69YQ-8297SCKO},0
{O1L6-D3PM65AH-0381VRYQ},0
{S9N6-U0OY48OU-4240ORSJ},0
{J2Q4-K1UI51XJ-8378AGIT},0
{H6F5-O3GL17KG-7755AUDB},0
{A9R4-W4FK97CV-1933VHFH},0
{S3Q7-O5LF95NT-8440PCKD},0
{W6N2-J4FS97CK-8443EOVU},0
{X9R0-J1PE97TO-6280HUET},0
{A8M8-D7RD46AK-4548MVDL},0
{P5I6-G8PH95VE-7711YVNU},0
{W3K7-T5GZ29FN-1469LRHY},0
{B6B8-M9IN32WI-4143YIGM},0
{A8B2-N2MG85GP-5707KVGE},0
{K8I4-P0DL30AH-2469AZYB},0
{V3N0-D6UY97SZ-5822LUQA},0
{V5A7-P3YP39LI-0789GEUP},0
{O4T3-A3WY15FI-7958ANGY},0
{R5V4-J8YR59OD-7563OQYK},0
{M0H5-M5UA05IH-3871VFTC},0
{F0V4-T8BW71AJ-8481KZQD},0
{J9Y1-C0YW50FK-6174JUZS},0
{Z8E7-A7AS63MB-4135PMJK},0
{D6K6-F8JW62JW-4501WXGF},0
{J9I7-J6AN95MQ-3020UGGR},0
{F9D3-H2BF44FW-2579SUYF},0
{Z0H6-W2NB01XN-0224SVSX},0
{T7P6-X8PW77FL-7177VVOH},0
{W5S3-F3QZ12OT-0292RVXP},0
{C4U1-R6QV77BF-5464TFYT},0
{R4Q0-H2ZL70QF-0153NZDJ},0
{V7I5-Z4LM37AU-6924QRVJ},0
{B1Y9-M6YK08IZ-6971UUAA},0
{M7O6-G3OG75QF-4528SQIP},0
{J1O0-W0GD71KR-6904ZVZW},0
{R6D6-U9ME26JE-0538NQSL},0
{U4Q4-S7BR40LF-6693NSLE},0
{T1F5-F9LM25UR-6701HEJC},0
{X0O6-E8TI63EZ-3707CVWJ},0
{J2C3-U9DD20SW-0508FYWF},0
{T4H4-U5BK34OF-7623DQTY},0
{Q1B7-C8MN91GA-4176ZUIG},0
{E8C1-K1ZH37WF-8509OQJZ},0
{X1W7-R4VM54VS-5157DDCP},0
{U3E1-J8BU98KZ-3404UPYI},0
{N7R3-R8KT80KR-2593ZZDD},0
{H7U7-A9AY15WQ-6739LPXF},0
{Z2I3-X2JO21CC-9712GMIE},0
{X9Q9-Y4VN08HS-2020ZPQQ},0
{A5U4-C0KT98LX-4893OCNS},0
{Y1O5-Q5JV96DP-8147BOLD},0
{X7U9-U5UQ94TJ-8423ZURP},0
{Z4B2-G2EV96OJ-4491YKFV},0
{M4S5-G2BG12AW-5079LXFA},0
{A6T5-Z8CT88SB-9024UPNR},0
{D8Z5-O6HP28MG-3358SBCH},0
{A4N6-U1VI37TK-4803YMPF},0
{C2K9-D1VT35EA-0519DTHG},0
{K9S8-N1ZO52LX-5987GFBL},0
{N3J2-K7PB40NS-5717CKFR},0
{G9H2-C1TM97XD-0696HYMH},0
{J0K4-P1GM27OH-9634NUFV},0
{F1G0-D5NK40WV-5984XRVB},0
{R6P8-Y7MP59MN-3284OUVD},0
{P1H8-V9TS97ZP-1481HHKZ},0
{V9J5-P1EX70WA-3234MXEY},0
{E4R5-E5CI50ON-8239NTNT},0
{F9U0-A9KS55TF-2534LVNH},0
{J6R5-P7UP37TV-1381ODRX},0
{Z5N0-N9DP17SU-5141FFHZ},0
{X7V1-A7TE44MN-7855ESXG},0
{H0K5-X0AW61RS-5500WEWW},0
{T1U1-P0EH81QW-2227IXKY},0
{O8J6-N8KU63ST-1881LGSG},0
{V8Z4-X2SC29VN-6385OCNR},0
{Q4A2-M0YX22PZ-3326GCZE},0
{H4F9-I1HJ29XQ-9699CRRW},0
{B1Q2-J7SW08FT-2154VSIZ},0
{N5J6-M5FA18PD-7400MUNH},0
{O8P0-W1MW30KA-8688WWHQ},0
{B0I2-N7GT69JB-8236RRLH},0
{V0T5-Y9TZ99IE-7055UNMK},0
{Q0T0-G6RR23QK-3957VZFA},0
{C9H4-T4JQ60MI-1245FWHL},0
{T7I5-S2WX08TE-2158NPGN},0
{F3Z8-X8HY99EJ-0789TZPH},0
{O8X1-Q0PA09ZF-3034QWSI},0
{C4C6-L4SQ74NK-4819ANMN},0
{O9N9-S3LW57KJ-3074BSUO},0
{B7O7-Y9II40VS-3881JYHL},0
{H8J7-F7SV05XE-4531DKDO},0
{W2Z2-P6GN99FU-9844TXLO},0
{B3M7-O4DV01OV-5985EORZ},0
{R8A8-A8VN31BM-9707PYVQ},0
{S8Z0-B5VM59NN-4895DPBQ},0
{G4K7-Z3GY88QA-7851BNJC},0
{M5B2-E7MA83MG-4381CDAP},0
{A8N5-Q8LN45WH-6215RASL},0
{G9O2-K2BV11XV-6321YESR},0
{B0V6-G4FK09GQ-9471KYTY},0
{I6T7-B1HD80WZ-2093MDFC},0
{K5S0-W4VQ84TM-3040ECEX},0
{F6U2-I6GI73SX-4785RZOE},0
{F9K8-A9AN37TS-4948FKHK},0
{J6I4-E4ON37ZG-4727GBBD},0
{R4P3-D9UU73UC-6166ROUL},0
{A3B5-A9AM87VN-1501UIQL},0
{T8D8-W4UM80ZV-3697RKLI},0
{K0J5-V9DA58LR-1419CEAE},0
{M8D3-D2QN55SL-0963SZFN},0
{A5M6-E2PF64LC-7379LRKU},0
{R5Z9-W2BU71AW-3794VWCG},0
{C3P6-K5KC52FX-5749ZLMC},0
{V9P0-Y1DL15MY-3775WILU},0
{N2H5-O3OU96OP-7010KFPE},0
{M3P7-M8KD71PR-9590AUPW},0
{C9W3-V3IK84GB-7852JPRC},0
{N9V0-Z7BS60UO-4179NUAU},0
{T1J6-Q5GL19ZG-7745FQML},0
{E2N7-W4AF94MQ-2359VUQK},0
{P0S5-H4RL66JZ-3576ZFRS},0
{J5E9-E8UO55CA-2569ZZUX},0
{I6E9-M7IK70ON-3893YGDP},0
{J3U5-X8CF15IW-6731OVMD},0
{U4J5-F5SX93FQ-7700VMEQ},0
{S8J3-I4WW78QW-4134OXIG},0
{J7C0-R5VS95YE-5351STSE},0
{L6B2-H4OQ79PG-7353MDKY},0
{K6C1-W9YU66TJ-7396ZYYM},0
{Z5N6-S7HI50JZ-6628KMPA},0
{I6J0-O1LB79DD-3756ZVUN},0
{T2D1-F7CH09HQ-7335OHLN},0
{F1V0-X0FZ60LY-6186MJMH},0
{X9V6-P6AF97NS-4047TTUZ},0
{X7U3-W2BS14OU-5021SQAZ},0
{Q9Z5-W8WI93YK-9816ZFZU},0
{Q8C6-N0EJ97PG-7271AZBC},0
{Y5C1-U7SL00QD-2948HHBL},0
{P8P5-A6OB14DY-6825XPCU},0
{B6U7-I0XA02MJ-4209WBKU},0
{B1U1-P8PC93MK-8429YHZJ},0
{I9U5-K6RU65KO-3982RKCX},0
{Z8L3-Z9QV16OS-9531DYFM},0
{R8C1-Z3SS09NZ-4597NAKX},0
{K7A2-D6AT89MK-2236CZXJ},0
{O1Z6-T5MC78SD-0170YHUT},0
{Z3I8-O3WI19RY-6276VTGW},0
{X7Q1-Y4GW61FC-5118GDRE},0
{R2S9-O6KQ69HN-7472AVSC},0
{K1L0-H5SN88YB-1186LUPE},0
{B2I8-Q5QJ35GL-2328WZDT},0
{L9A9-R0UT58MT-4397IHFJ},0
{B8D7-U0DC23EJ-0198JYWW},0
{W8Q4-M6QD19PU-3385HFWP},0
{Q1F4-X5KC25LC-4818UOSN},0
{I5P3-O0PY82YU-0667HZHC},0
{W7W5-C2EU85VR-4641USXG},0
{L9M8-U7HN80GV-2595OSID},0
{J1I3-C1WT75UA-0527TAEE},0
{I2T1-I1GD16QK-8730VAZC},0
{U8B5-Y2PS04YE-0515ZBDA},0
{B5R3-Z5IL65HU-8953TXGG},0
{Y4E1-Z2TY18EK-0693DDYG},0
{H0S7-Q3TV16LX-1774SBVP},0
{Q5I1-O1HE28HA-0135KMMZ},0
{N1Y8-G8MJ67RP-9952XSTJ},0
{C3I5-Q9EP60FR-1988DFIR},0
{T2U3-L8DH30HB-3806NMBV},0
{J8Q0-L7MY91IM-4971JRMW},0
{J6T4-P0EK28RW-4978ADOE},0
{L3J6-M4MG65FQ-6793JTTD},0
{C0M6-O8ZB23SZ-0499EOBX},0
{G4P2-W2OD51QJ-6258KSZX},0
{F3B7-M9PW11DS-6122VKPW},0
{M7S9-X5FG17SP-5259LUKS},0
{D9U3-B8SV36CZ-9455WKOZ},0
{G0O9-O1RB74EZ-3762WEFF},0
{A5P3-K7YO67AL-6272GIOI},0
{J6M5-P2GS26GD-4770RLZU},0
{M4S4-C8OR09VX-7146RYJJ},0
{O7S9-X5TX98CH-9292LPGE},0
{K0K1-I3ZM04ZR-9345EWNU},0
{I0D7-R4LE78ZR-6513BSUX},0
{F3P9-B8MV36BO-7236VZQJ},0
{O2G9-H9WH38ZH-5902NHHL},0
{E4M8-X7CQ22KE-4792SOOK},0
{F0G9-S0TN61TP-0911KFLJ},0
{H5O1-C1CQ57NE-3714GZNZ},0
{L2T8-T7CG77JF-7622QXIQ},0
{O9B8-X7UW22QN-3074BGNS},0
{N9G3-G1XW90DI-1564PTCZ},0
{T8M6-O6VI32NB-2798GLQM},0
{P0Q3-F2GN12PE-0187QYFW},0
{T4I0-R7IH09EQ-5755OQTY},0
{J5B0-S7UB04XL-3523WPSC},0
{K0B1-W1QL00WN-0040APDN},0
{F8N4-K4WH56EJ-0486MHVD},0
{A6K8-V9WN19RI-0699GQMS},0
{A8A8-A1EV83KX-1624FIMO},0
{F9C7-F8LE59JW-9817TJOP},0
{W2P8-V3KT14DJ-6942VZIL},0
{B3G3-F4ET42EY-4633ISXJ},0
{K0L0-J4LE45GH-2208KHTH},0
{P5A4-K0BX54HN-9980EMUK},0
{W5C7-L6EA28AF-6048RNKQ},0
{M3R2-N8TK64TT-0177OQYS},0
{A2V9-N2VM89OV-6099WALA},0
{Y4H7-Y2NX59PC-0273HLQE},0
{B1N5-A4MH51ED-1467AYSD},0
{J2M9-T6HZ65JD-9787ANUS},0
{Y7I0-X6VE94RW-6895ONOL},0
{Q7P0-F7WG10UT-2268UTAG},0
{E8J6-D5YH00CA-7097WOCR},0
{U4M2-Y7WA48KQ-5951KQKH},0
{V2O9-T7WD99VW-4971YDQT},0
{P0V8-N6RQ43FR-2576ASOQ},0
{F1K0-O8HH85OA-8617GMLK},0
{Y1H7-S0BN37KV-8735VKLP},0
{O6M1-B5TO29CI-0303SQYP},0
{Q6Y9-S6EU40TO-6985PWQU},0
{H6Z3-N5CP51TE-2289SSZM},0
{N1A2-I1JB56XB-6864EMHR},0
{S8C6-A7MH90RD-8498EPGN},0
{B1I4-P6RN93YZ-8256QBIH},0
{L9J5-Y6ZP93RG-4859QMSO},0
{L7Y5-S0MV62RL-4769KIUR},0
{K5A1-L0BY56HJ-1420ECRA},0
{U5K5-H5HH29DQ-3526ZMCM},0
{B3Q7-V8AX64HE-5320IYMG},0
{I0V3-Y0DW47OH-0838TPVF},0
{H3J1-T2PR80WS-8081BDNR},0
{G2N4-P3GV47ZU-9736IUYR},0
{M5I5-X9VK05BS-5027KEIT},0
{X6X7-N6OS62QS-7614NQII},0
{D6E7-D7FT18WL-9299IFAS},0
{W5U8-V4LA33GX-2205SBWY},0
{W2Q4-U2QU11SX-4135SIBH},0
{D2N2-I5WO79YK-3541NGPF},0
{D0W5-Z9NC13IZ-3565NSRF},0
{L2F0-W8VL61EL-8236EMCZ},0
{H1T6-X8CB42NG-6508SDFP},0
{M7R0-H3JK99UG-4704SUUV},0
{Z2I5-K3TE55EH-4196MPFM},0
{Z3N5-F6VD73GV-4341DSUA},0
{Y8R5-E4XD61TK-7079PMHK},0
{N1N0-G4MS60DF-0636QBVT},0
{L0V7-A3JK38JY-6361DVSU},0
{T7R4-V6HA54AL-2909RJOU},0
{S2K1-T5KR82BG-7250WRQQ},0
{I0X4-I0EK79RY-3578TWYI},0
{L2E8-H3AZ78HX-7876QQOX},0
{E6B7-R3PI94GD-1334RJPA},0
{O0V4-A1HO08JK-5058QFTI},0
{B3W0-M3JK64KV-6269JAGP},0
{W4G4-P6IP68LB-4734RFUW},0
{U1W7-R2WG73EJ-0067BMPF},0
{W8B2-X8AV31VL-1227NIQK},0
{P6B5-M1BF87SX-4390EDPY},0
{P9U6-L4HL91QC-7752MMIB},0
{D0O5-K6RJ08JY-2569UZPY},0
{P5L9-G0ZK19EX-7601VDXF},0
{W4X1-L8GV42RY-2647ZOIA},0
{Q0O9-R0CM85TY-8117FPKH},0
{J2D1-C4VP20QO-0694RGQT},0
{F0O9-X9WC65ZT-1920YLRN},0
{K7Q5-V4HV62RX-5031WTKD},0
{N5W9-P1PG21WB-2064IUJU},0
{S6P4-I8FQ06VF-6590ESRJ},0
{B5N9-O7NK56NX-7177QDFN},0
{T4N7-C5DS66QV-1740ZSTZ},0
{U8U1-C0XZ03UG-5086OFXB},0
{L2N8-X9KC36HA-0465YXUB},0
{O9B7-R5GK19DT-0823UOAD},0
{S1X4-I3VQ58QW-2125UOVJ},0
{S9G7-L3XN33UG-8900PVCB},0
{W8S4-M5WR99XI-3407TSAK},0
{C9L1-W9VD52BJ-9288ARNU},0
{C0Y5-Z4LS43KG-0798TAAI},0
{B1D6-Z8NH33NP-0603ZQBH},0
{I3K0-H4OW07VY-5079UMZG},0
{B0T3-L4QY85LJ-4013DCRF},0
{Y8W3-C1MV75DB-3454MKSF},0
{S2I1-O3QR97GV-1361XMDA},0
{Y9H7-V1CF64KO-5123INMH},0
{C6E6-A7PJ42HS-5727OMGX},0
{S3F3-A4CS08AC-7734UHVD},0
{S3A7-U2EC45ZK-4168AXKO},0
{Y7D5-W9GO78MN-0900TLTD},0
{C5A6-X3CD42JR-2986GOXB},0
{I1C8-Q1MJ68QV-7070OCEX},0
{Q4Y4-K3UD53HR-6507NCEK},0
{M1T7-M4VT33LW-0814VOUG},0
{U7R1-N4AI79MO-6094RVBK},0
{G6Q8-S9IC66GV-7287VHFO},0
{V2E0-F6JG42QQ-7708SHHJ},0
{P0H2-Y0WO14KP-0123WTZW},0
{B0K5-T2RI54CW-5648STTQ},0
{Z9Q0-V4GH38WS-8308CNJH},0
{R0F8-W8QJ09WS-0534MPYC},0
{R2D5-H1NE47MJ-1843WGHU},0
{N8B5-N4RM89OK-1404VKCX},0
{F3X1-F1VV48BY-9748GIDT},0
{I8L1-O5LH38WA-9753ZCGX},0
{K4B0-Z2FG67EU-0897IVVA},0
{H3U5-Q1FT52MB-4033GGLS},0
{G7F7-Y8UQ44OC-4352BFEO},0
{W1V2-I0QX16TR-9919AUGA},0
{O6Z5-V3DQ64ES-4555JIFI},0
{K0R8-S5LG80VJ-4593ASLN},0
{S5I0-F6BH29TC-3642SFGH},0
{B7R5-N9PX45KN-9643DMFJ},0
{D3U5-W4TM13KX-3656TWXV},0
{E2Y3-N5RE71LO-1736PUPI},0
{G3Y8-P5JW47ZR-1172UJXJ},0
{O3R7-K5NL69XV-4974AAEF},0
{W2P7-V5YU91XV-7793GMNV},0
{C8H5-D1GX35SI-5245WSQH},0
{D7H6-B0FS61XB-2358TDTO},0
{E7U4-K2TU67HD-9158JKTQ},0
{Y7E5-J4IQ29BB-1586SXLR},0
{U8Q6-F5TV36VA-5741ACIS},0
{C5L9-F9GV15GA-0247GBZO},0
{Q9S6-H8TI53OG-6542SFAC},0
{J0U1-K0TU27ZG-9107YAMQ},0
{X7Q7-M2TI91SX-6983AMDP},0
{A5Z2-B1CS70GP-3998CKOC},0
{I6R2-E2LD79SF-9455BFZL},0
{K0Y7-G4TV76CU-6317OMGX},0
{Z8W9-A0AT22LO-8153JXDA},0
{E3U0-G7KE71LA-2142WJSH},0
{W5W8-B7QR46WD-7855YOHA},0
{D2Z7-I8FA66SU-8523YKVO},0
{B5K5-Q1ME28EN-3080PWTN},0
{Q8M1-R3RD66ID-7367RJNH},0
{D1D9-O9HR89YM-8214BUYX},0
{Z4G8-R4EN77MG-3074QJIN},0
{R6S5-C0AZ45RH-5554CEIW},0
{Z1S1-S8OC00LU-3670IRAR},0
{E7X8-J8FV75FH-7639CLLL},0
{E9D7-F4IK26BH-2439HWKB},0
{C0J9-B0SI45RK-1511KBVQ},0
{L2K5-D6OW84IV-9688BUPY},0
{K1H9-S2HC34AL-0361HCCO},0
{O2T7-E4SE97XZ-2324FLWS},0
{S3G9-B6ST00GW-9590OTWL},0
{Z3O2-S4RQ16NX-3025FJXQ},0
{B9D4-N0SI48NW-2194NAVF},0
{U5Z0-W8KJ36NU-7812FRAS},0
{T2D3-K9XZ66BP-3994CWSY},0
{W5Z7-C7VN58WH-1994HSME},0
{S0R9-E4XB05YW-6250GOQS},0
{Q7S0-B7LW99CZ-1696LOTV},0
{L3C8-D2DA52MQ-3132UQLA},0
{S2A5-H9KI02LF-8875EVKK},0
{P6B4-N0BZ11ZG-5592UMIO},0
{A1F4-L1SC56EF-1462YRPF},0
{Y0N9-G9AH14ZD-6738ABBG},0
{X6X6-W8OM89FA-7923HOWP},0
{F1L3-V8EV10HT-4892LRGZ},0
{L5O6-G9YF62HG-4477THNF},0
{D4Y5-C6KN22ZM-2032LWFO},0
{S1H2-O9PQ84JX-6295QLLJ},0
{M3Q0-S5TH21AO-9904QTHW},0
{Q2S5-D9OP38LV-4595LHRT},0
{I4W9-E4SJ91NH-4612WIQM},0
{J2X7-T6KS94TT-5726LQOP},0
{U4F8-V6EB84UW-6928BUKX},0
{O2W2-O1OY99XK-4039GENN},0
{F2B5-I3HC88XZ-8501WLQW},0
{E8O5-H3JH88RZ-4767RWUI},0
{M1M0-U3HQ28PD-8992SJCH},0
{L5N6-A7SK28TJ-2815TXWG},0
{R8J5-T5QI84RO-6215IGDG},0
{P9L9-P5MI63CT-1194IVHY},0
{W4E8-U2GU59HY-0346PRRC},0
{E8E4-S5CF27KW-7440EQWP},0
{N1C4-R0II30VC-4845YLAA},0
{R2D8-M3GW97DZ-1669RBBT},0
{T0V9-I9AI59PJ-3048TYYZ},0
{I5R8-F4GU99GJ-1326WHBX},0
{S9B2-C1CR18GD-5733PBXN},0
{Y1X8-Y6LB41CF-2754IPGY},0
{N0H7-A4AZ99CA-4246XUQN},0
{E3P0-T8FT83HD-4240XYZP},0
{U6P1-N8KL67TL-9901PRCI},0
{W4C1-E5PN14QQ-6154JYZE},0
{B1M2-J1QA64IG-2729RVVX},0
{S9N4-X8KE38VF-6784BGMD},0
{A8K8-G3RY21DJ-0541JIKP},0
{K9Y9-F7LX63XI-6047FNLQ},0
{T3S4-E8CC82CH-8108PITK},0
{N3N3-X9XR04HH-8947ROQF},0
{O1O6-Y7LU31GC-0646NIGL},0
{Z6K9-J1JB10BI-3401UTTZ},0
{P0O3-K3XM59FN-2495BWTI},0
{I1A2-N5SG32LG-0970MWMS},0
{Z7S8-N2BO62AM-2575HXNU},0
{K4X0-P3IH34AG-1526HZMY},0
{D2S0-I7ZZ46LD-1725BXTQ},0
{L3T2-I7HI31PK-0165FIJS},0
{N3Q2-F5RC36CJ-9733CUGM},0
{N3I8-H0FX05OX-1316KGEU},0
{F1N3-P6EU24AF-7318EYDC},0
{B5Y5-F7UA80AM-8281DEVN},0
{O9P3-M9WT51LY-1978DIYN},0
{E4Y6-E5UE64CW-3961GVJC},0
{B0H7-Q8YG57LS-2569EBLM},0
{C1O2-A7ZU17ND-4340LAED},0
{Z1I8-Z6IU10DD-0032JRST},0
{H2A9-T1PN82RU-7933HDJN},0
{K9Q5-J9HP74IC-9051UARB},0
{G2B6-Z8EU67VW-8132DNRL},0
{N0X2-S3FX18QI-1502APWM},0
{S9O7-G2JI05ZD-5460GBRG},0
{C4T6-M1BL19MO-6904JJBR},0
{F2W2-R9CC50PJ-5594FRFP},0
{F9A5-S3SE58NO-5767TITD},0
{R6W7-G3FC24CQ-0236AKNH},0
{Z6J7-S9QE99DU-8885XMLH},0
{M4L6-M8OY14IG-3025XPLW},0
{Z6Y5-O9KX19MR-5151HIQI},0
{Q4U9-U9UG03HY-0800TUEL},0
{T2B8-E9BT95PO-3901YFYH},0
{J0O5-X5DR07TF-3592CPZF},0
{I6S2-J9PG88BF-4257OVLV},0
{N0V2-V8FM35TZ-0507UUSR},0
{N3T9-H2NQ23UM-5349KGLE},0
{B9B4-R7XO21CO-4782KPCN},0
{F0C3-V2GO55EX-7326CVQX},0
{G8P8-S7XG64TQ-6664MQOY},0
{Q0W5-L3CM25XZ-0547BZTQ},0
{B3S9-S6HQ50VC-3039ONAQ},0
{Y5D9-J3VP76SW-9837UMPR},0
{Q2H4-F4EQ94YI-5818ZMFY},0
{Q7B9-L9AQ49FN-0895AWYI},0
{I1E7-G1KH20CO-3031GVYF},0
{K8E6-P5FV72SG-0313HDJM},0
{W7M6-O2ZG24FY-3284REDJ},0
{L1Y4-A4MF21EC-4402JEVN},0
{U5I4-R9RQ75BT-8036MRKO},0
{Q7X9-T5IO32ZF-6313KWVT},0
{W2L3-L3YY16HL-7582JXZU},0
{A3Z0-C2LA70PZ-1271NBUE},0
{U0W7-N1WX44FH-2734BPPU},0
{H0C7-C5UX43QQ-3086SCOK},0
{Z8D6-T2GG61VA-6263RJZS},0
{P2B4-E9KF66YY-1224HAGY},0
{T4L0-N0JI25WM-5503NURM},0
{Y5S2-T0CV91QR-5716ZZMD},0
{W0X1-W6BE93QE-7062RHLN},0
{F5K5-F9VC05QO-1216VMNL},0
{N9S2-B7GL53BY-1551IZDQ},0
{L5A9-J7SN85LS-4566HCYL},0
{K8N3-H0TM79YZ-1892JZLY},0
{C2W4-J4DI89WL-4764TMQP},0
{M6G4-R7YO35EQ-0376MFGI},0
{H8L6-H0AO41XB-2918FEFI},0
{D2R1-T7BV16IO-8446SMBB},0
{F4F8-A9DL15ID-7900ZKHR},0
{O8X2-G1VL61OD-4907IXOH},0
{S5T1-D3BF92OU-3234CQRM},0
{Y5C2-R8ZD74AP-1325BCDD},0
{X1S5-K5MP16JL-3392PPVS},0
{P7D0-L4VB13IO-2295XAIC},0
{Q9F3-X9CZ65WX-4468CXMA},0
{M1B1-J6FX42AE-7974GSOE},0
{F9C1-U4PL91YV-6767PKRA},0
{T6F8-T5TD22UA-1728LVXW},0
{F6Z1-R8YP15LX-3188HBMM},0
{A7S4-S8QB41OY-9830FEFH},0
{D1L3-E5MT49SE-9603AQXA},0
{H9U4-M4JH88ZA-8263VBIC},0
{M0M3-A9OE99ZT-3462ZGOR},0
{P6R4-S7VJ82YR-1434DQON},0
{U9L6-Q3QC99KQ-1074YMNU},0
{F0K1-C8GI30EP-6598LPXB},0
{R1E0-D8IF35IW-1807TGWO},0
{H4T9-Q2TH00WG-4972HFSW},0
{I8Y8-H2FM31VX-9667KVKR},0
{Z9T8-I9DN11XI-3086FTJP},0
{I7E1-S8RS81ZG-7512RTHH},0
{Y0A2-C2CR26OJ-6300IFUZ},0
{Z8Z7-K5OI73SL-5244WBYK},0
{T9G0-O0UL22IS-4128TQLO},0
{Y9H7-P3HU11ZJ-8337PWZA},0
{K7V3-C6WQ91DO-1203ZICO},0
{P9I7-E8NV60YJ-0751MFKF},0
{S9W0-J0UP86VF-6071KBLE},0
{B5R8-Z8EI08EX-1213PWFS},0
{Z6K4-J0UW56UI-3415APMZ},0
{A1H0-U5UQ63UL-9900CVRT},0
{T6T2-N0ZU42QD-7237CQRH},0
{S1Q2-Z6EZ62FX-1510GJUM},0
{K8H2-G0OW10EG-5667YXWB},0
{W6G8-G2BW50EV-9386TPUV},0
{J6Q1-L7DC07FB-3497CFDB},0
{D2T4-G4RZ42KA-8008LUXK},0
{N9M7-I8PS00OO-9670WVRL},0
{E1K7-K5FV99FK-7656BHGY},0
{I9V1-R8AK21GP-9487PTRK},0
{A1Z3-M5QV17NP-2576VQEE},0
{M6H5-E7OL85BZ-3506RWVD},0
{A8P3-E8ZT52AQ-6264VAGH},0
{G0U1-R5RM91VX-5362ZCMQ},0
{C6P9-H7FL87RC-7283CBCW},0
{P8B2-W0MW62HE-7895ZITR},0
{K6P1-U6AQ17XI-3644SNND},0
{Y9E2-Y4WZ69RZ-2109AAOP},0
{Z2P3-S7FG76NP-1525VSKR},0
{E6F6-Y4MF70GL-4291JWPM},0
{K9N8-O2JF47HO-5661SKDP},0
{D2F0-M7VG31CY-2224WTGN},0
{A1A7-C4PZ04NS-2864EVUA},0
{V9L3-N5JK80GK-0896MGIB},0
{X6I9-G3VF74YR-7228PSMZ},0
{R7N8-G3NE85MI-7919SKWT},0
{V1F0-I2PJ47YE-2166ABXW},0
{M8Q0-S0IT62CB-2609VOAN},0
{K4G0-X6ZE56GP-2184CTTT},0
{T9A8-O7CG76AB-3743YXRQ},0
{C2R2-L7HR31CR-0169GGAD},0
{P2L4-A8QV02PU-2143OHFO},0
{Q1Z5-D5DL66UE-4533PCPW},0
{H3B1-U5CE26BK-5295VCTG},0
{I0K4-Q6RR94VW-7596YOER},0
{Q1X1-H8CO82XF-8926RFUL},0
{V4H7-F7FV43LQ-3780MBRZ},0
{K7A0-F3BN67EG-3059AOJA},0
{M7R6-E4BG48TW-6464FDAT},0
{Y5U3-N0ZO34RR-6747ZAKS},0
{J1F9-B5NF39ZK-3664ASKG},0
{N4K4-I2QB56JL-4316AXPX},0
{Z5E8-L9ZE20IJ-8651XAKA},0
{R8H4-O1QL09QX-8644LOIA},0
{K5G7-T6LU45FA-9775NPSV},0
{U5E0-J6JM47MA-1432UVHY},0
{Z1B6-U0UK85EU-3239FKNO},0
{P6M5-V4RW32GR-7681WIBT},0
{O2U3-B6ML03AJ-0355PNGV},0
{B5C0-W4XT18EP-6642BLUA},0
{Q9K7-G5ZG61SL-7871QNVU},0
{F5Q2-X5VR85QY-6234XRPG},0
{K5S9-M6WX59BH-9480GMEW},0
{A1S9-O8EU21GD-6577QXTS},0
{Y2X1-X5ZT06IL-9363VOOD},0
{H8Q7-K6WG54JJ-2858RBZZ},0
{S5A8-I8NF89YK-5126ESON},0
{U9S9-U7DK64QC-7740CEMT},0
{W5A4-Z7CX93YR-7692CCVM},0
{A3Y2-V9JN36IQ-4948XKJI},0
{K6H0-E5NW19KD-7416OBRW},0
{B8V0-R1LU58CS-6100KFSR},0
{R1R6-V2II36YV-4333DIDR},0
{G5R5-Z7NI29DS-0484WGBT},0
{V7I0-L3FM23UF-8919NDGK},0
{W2P1-Z4YL09XT-2825XFFD},0
{D4C6-Q1BR24SB-0023ZAGZ},0
{U3U6-R0DV01PC-8110PYZH},0
{G6Q9-J9IS78NG-4888KUEJ},0
{V4N9-G9FL10VV-9199PUHW},0
{K2U9-N7YH22PC-0013OAPK},0
{W5F8-S5LL07SB-0450UYOP},0
{G9Q6-R0JD70UH-1916ZGTK},0
{H7P6-K0IE47PG-1926OUVM},0
{M2N6-H2QG34OB-0830OEGK},0
{Y0W1-A2MM75FG-2154PNDL},0
{I5W3-P2YT47IT-6466AHIF},0
{J3N7-T2HZ74IL-0847BSNE},0
{X1O0-U9HQ80UH-9584QKRJ},0
{N7E3-F6ZR43ZA-8827FZNN},0
{D2B2-O2LR67TF-4456KZAH},0
{D6J7-T1VM95MF-9498WART},0
{Z6W2-T3PS86ID-8926SOXV},0
{P2S4-I6UQ83NO-9235XWJB},0
{H8U6-Q0KM48JW-6791TSAN},0
{K7V3-F7MB71JR-8946VVHW},0
{C7A5-Y8IA52QM-3625KGXN},0
{G4E6-R0XB54QT-8924SGKP},0
{K2E6-X8JH55VP-9364XCQC},0
{Y0R3-V9GA96GF-9092LDET},0
{J2O5-E9IL58WH-4183RLUU},0
{L6D2-I1UZ81BZ-9501PJXW},0
{R6N2-Q6ZH68QP-1276YMFN},0
{U5V7-N8JG59TK-3404XRXO},0
{O6K1-Z7HV83KB-7870NVVI},0
{O2H0-L4QG52IR-2281KQON},0
{Q1K5-Z3IP91IU-5265EISW},0
{G6X4-R7GG17UM-5471HQQR},0
{C0R7-S7ZD19XB-4199HDZD},0
{D2F9-W9GS01ZY-5622STGG},0
{C3G9-Y0TL56KH-8228XGMY},0
{N3T4-S7QN10EL-2999TXQO},0
{S3O7-O4NR88EX-2472QMKI},0
{T0E9-N3RP39AJ-1150MEDT},0
{C5E9-T5AO33JM-6067HQWQ},0
{O6P0-M1MR71AU-9726VBQZ},0
{M7F4-F7CA40GA-4150DUUZ},0
{U6M9-W0WI76YL-3190EPNX},0
{T0J5-F5UD83NC-4277MHKB},0
{H8R7-X7HG91ZZ-2506MLWQ},0
{Z6O8-V7AO26FF-2142FJLP},0
{C6L7-J2NF13GA-9490YQTY},0
{Z6A0-V0TV34YP-4026LSDO},0
{M3A1-T9ZK43MD-7295AJDW},0
{U1G5-L9DY32LA-8682NHJR},0
{O8G2-K6WP14IW-4762MDBG},0
{N8T1-W5KQ14LW-8000YMIN},0
{K3G5-G8RH39UY-9043UXYV},0
{N1U6-X0EU45GH-6299BJWU},0
{O9R6-V7AX72XJ-1888BNIB},0
{G1C2-D7JD95YW-9690SBOC},0
{Z7J4-K5NN61DF-2004RKLV},0
{V3Y6-H6JW36LQ-0276GAUF},0
{H5E8-S2HN26KU-6905OKCM},0
{E2Z5-C0BS12IZ-0162TLVY},0
{R5G5-E1DY16LH-2327IJIP},0
{Y3W8-H8XF86JJ-4198HOFA},0
{V0F7-X2IF14PK-0582ZAZD},0
{P0M7-T1QK25RV-0517XTAH},0
{V7E6-J8SH26QO-8505NUBM},0
{N8F3-U7TZ18VK-4795LRCF},0
{Z5T6-W7ZI61LI-2225VCBE},0
{K0W0-J4FB52RC-5410DZIF},0
{T8Z9-Y9YJ23NR-7077EADG},0
{A3B8-D2ZM83CB-9385CSXA},0
{W6T5-N8FP99JP-9199UBIB},0
{O4D8-J4JZ73NN-8446ACID},0
{T1T3-X5PM48NJ-9213LGKJ},0
{O6W7-G7PD29PR-5166MQJC},0
{B5M1-Z6ZY93PL-7965QLMD},0
{F6U5-S6ST03QT-5391JPGA},0
{M3D9-K7VY89CZ-8096BLNV},0
{Z9O3-C8JE02KQ-0061CRFV},0
{S5A0-D2TC54YJ-3270HOTF},0
{Y9C6-F3XM43XU-8538ZDKQ},0
{X0G7-D1LT56IF-4648TSYL},0
{D2T9-H3KZ62IP-4169BQYM},0
{P8Z2-P4OT18KF-1412FTFI},0
{I4E8-Z8TC52IW-9545DFAN},0
{Z2R5-O7PU28BR-8399KFYI},0
{N6B3-J7LH23WC-0284GLKB},0
{F9D9-U9IL51DH-4197NLLQ},0
{L0W2-E4GU03EL-9663QSSC},0
{U4C3-V3IM96UW-2640BMCB},0
{N8Z6-J4KK88WY-2038HSCE},0
{R8U8-P8JR91HE-1687UVPI},0
{I5R4-Q0JK88HT-2609GUUF},0
{B9A0-L5IH78OW-3536KNJR},0
{J5E6-E9OQ86YL-8885ROSF},0
{N2R7-J6FQ99TO-6470CHLK},0
{B0A9-N5WZ22WF-9801AKUP},0
{Z4W5-R0JV78HZ-2846YRHW},0
{J0P4-W2RD37MF-8503YCQR},0
{C2E0-J1XD85WD-2705SHTX},0
{L8H9-H5SZ55DJ-7651XSJL},0
{I5G9-Y4ZM71ZA-5823YMOX},0
{Q2W9-Q0EG98XK-9577OUKZ},0
{D7A5-J4VP37TE-8164QKPH},0
{R7P0-V7FO06IA-3073XBPX},0
{D0T9-C5IF88EC-8639NDNJ},0
{X8F8-Z0DC86MD-7082TXLQ},0
{A4V3-Z2VR71SI-9606YKJN},0
{H2D6-M2QL65XT-4406KFSP},0
{C4E7-L4AL88PH-3861NFJR},0
{I7O8-Z9PW45CO-3937WLDY},0
{O5W7-C0AW80HW-3535TDSU},0
{P3D7-R8ZK85IH-4298MASK},0
{T5B6-W1ZJ36NJ-0335RHRK},0
{D4N7-J5CQ21IP-7395UNNE},0
{K6X5-K0TX65VC-5691NSUB},0
{A3X0-K6DI82VV-4164XDIU},0
{O9E2-O1YK96SK-3696CQDH},0
{X7F5-W7DJ62FZ-2662ODFB},0
{A6I0-O3KK73EY-2277QGSC},0
{N8Z1-T0VZ04OT-1369MZTL},0
{T8U6-P6CC95FX-1034RWSG},0
{I3E6-J9KN75VU-6774VAKM},0
{H6R4-N8ZH49CM-1439GBMJ},0
{M6M3-H3UR11NI-1467AZHJ},0
{N2I8-V8KO29AK-0980KKUS},0
{I1A8-C4NE16VQ-0300UZRH},0
{F3J2-S7HF43ZF-1422BRHE},0
{D7A4-M3KC72HT-5828OQTN},0
{V3Y0-K8TJ01GA-7785QZLL},0
{D9U5-E6ZZ97PC-8800ARWJ},0
{A7C8-E3CP59YP-1365VUQF},0
{C2Y4-N6YR24XV-6540MOEL},0
{P7M2-G3AZ18LZ-2938AVVV},0
{F1U0-K4TC13UM-9644BIAF},0
{E3W3-W6NP88QU-0399IJZF},0
{A4W0-E6BI82ZA-1990ULUJ},0
{S6O3-G5OU70AT-9104WOYI},0
{L8E0-O5NZ54YZ-9743AYCQ},0
{Y0Z7-M1MP54ZH-0561DTJA},0
{S6P5-V4BF85LH-5558YMDQ},0
{L0A8-K3CA29RT-1313BZTJ},0
{U3R8-S0QH78MH-1299JHRS},0
{S8C0-N1RD57UJ-9709MLUT},0
{J2S2-T6PU69JF-3805ZMXL},0
{I2X2-O6UN54GK-6779TRWZ},0
{Q3B6-D6ZF28CD-4194ZGUY},0
{V7Z2-F0OJ15IP-7378IUDC},0
{W0J8-O5YW88WX-5341FUSK},0
{X9D2-M0KY03KY-6017VBTM},0
{U1T8-C5BG52IJ-4991RXSU},0
{Z7N0-M9PU55RE-3340HUQA},0
{M1A7-H1VI45KP-3814LXCA},0
{E6Y4-P7QP17TZ-9374BFMR},0
{K7N2-S4DR55UT-2000LXRR},0
{K4L4-X8EG20BP-9276FKPB},0
{V1R4-Z0WO41WM-9328AMVP},0
{M3Z3-F6MK33OK-0008ZOEE},0
{F9D9-N6FM96HW-0134SASV},0
{M4W1-F5KU85CY-1175JLBC},0
{P9D5-R3SW10NG-4599GGEN},0
{V5K1-U2EJ05OK-8725NPRH},0
{P1Y5-R3HP41JD-1914BWKG},0
{O2H5-K4VC08HS-3355IKSR},0
{T4C5-E0QL48OO-2508XIYZ},0
{T8J4-V5QT21EP-1303QGPR},0
{X6W3-L2CG44YL-4433KJZZ},0
{B6D4-G0KH25ZB-2414LYEY},0
{E1U4-L1RP41VA-5407YSJM},0
{C9E8-C2ED03WB-8428JMQW},0
{F8Z3-P8XE09KL-0810BVHW},0
{Y8S7-G4PO75YS-1965GIQL},0
{J9U5-Z7QC29WO-8348CQNL},0
{A5U1-K5NA46CS-5253CMRI},0
{G2Q7-D0GX98DG-2728BDZH},0
{P2M5-S9AK16HR-4576LCSO},0
{X7W6-W6RO63BM-5848QWKY},0
{A9M0-E3LH97FG-5566KGJX},0
{A8N9-J6IA12WN-3717IHEZ},0
{D3N1-K1GY00YY-6398WEWW},0
{X1V7-G8BY30MN-6784STPD},0
{G6C3-E9US78DB-8583ZQNC},0
{T5C2-B0IY77RE-5671GZGE},0
{R6R9-U4PM76JI-9035LQXA},0
{B6A2-T9WB53FO-4675ZNAI},0
{E5X3-E6KE80TU-8949WFFJ},0
{V6K5-R9BI99VB-8082GWIZ},0
{B6Y0-J5OJ11NA-1328ZHHF},0
{N6V7-C2DJ36VC-3979GQBQ},0
{W6P8-N1ZE76CO-8905KZSA},0
{L9J9-I5FI07DP-1803CDHI},0
{P6V1-H8EW50FB-2767FTBH},0
{P7R3-E9AC08EJ-8124XWQO},0
{N7K3-X6CA01ZZ-1664HSUO},0
{I1B0-D9RI65ZQ-1049XVHF},0
{A4K9-M2AZ17ZP-5845BKYY},0
{L3C2-S6WU44SP-6853SUNE},0
{X6M0-K8KB21JI-2048QQPW},0
{E8Q8-S2CZ16IZ-9116VFJN},0
{G4K6-X0AE98AA-1291IDOF},0
{A0O3-H2BE50JS-2881SPQM},0
{N4O0-L4YO91JZ-1948ZDCS},0
{W3W6-M2ZN77LK-6515AJYH},0
{P7R5-S4CU26TL-7568LQOO},0
{R7O0-Y7HX70XB-3653YVZF},0
{D7J8-I2DZ95QS-2095JELU},0
{J2F1-X9TB38KP-1069UQXN},0
{W8X3-F5UZ06UH-9427VCYI},0
{C1Y5-L9YJ02NH-1183HXJH},0
{H4I3-Q8YE08SD-9656NERD},0
{E1P8-G3NM91TC-1169VLFY},0
{W7O8-X7YE60NA-3124FRCY},0
{W2S6-Q9OR44PW-8928PCYJ},0
{N0F2-Z1KG32FO-4621CQSO},0
{U0M6-R8DF82SA-1277ICOU},0
{Y1T1-U4SY29VT-9573ZNVK},0
{N8E9-T9GI31BT-9909OYQW},0
{R8L9-D1YD68ZQ-4124SCWA},0
{C6Y2-W1VF39GK-5066WXVB},0
{Z2U0-R8KR54VT-2833YLJI},0
{H9Q7-Z4EV20KK-9980BSCH},0
{I1G2-F0IT86DT-0963OAZM},0
{A2N9-U5JO70AS-0135MZEB},0
{K8V6-E4LL99BY-3333XYMG},0
{A2C9-K4SC58IO-6433DEHZ},0
{I1R7-P2VH44YP-7368UIXO},0
{Y6P1-R2IG17GU-5489DQHX},0
{A7L7-G1OH76HN-2965UBXW},0
{C0E5-T9FJ36QK-8062GJTG},0
{M0F2-C7WF96OZ-4069SVYE},0
{Q6B4-W4GS61TQ-7572GYEY},0
{D5X6-N2BU45MB-1686KWXQ},0
{C4R0-W9XK25VQ-1216SDBY},0
{T8Z2-D9QC61MN-6814LWTL},0
{T7U6-Q0CL25UL-4986LZAR},0
{K3F3-A1VT31BK-6804MRMO},0
{C4E2-W0LG14CJ-0474AOBZ},0
{K7J6-T6UU43JE-5538TYCT},0
{Q6I5-K4BM12NJ-6916LPJO},0
{C8O1-S5VX29QX-6083LESP},0
{F7X5-Z4MD76WS-0240ITRU},0
{K1E8-O4NJ46JT-4675YPED},0
{N5K8-Y3GI15OQ-3634JJAH},0
{E9L2-W6IA95HI-3692ZTHC},0
{R3U5-M1BF49EK-3806VUTE},0
{H3X5-S1YC42BO-0841HGKX},0
{V0G7-Z0AR14SI-5975FCLV},0
{K0N9-H9OJ90FJ-0706YQNM},0
{U2P0-A2EF09QJ-9330NIYH},0
{P4Q2-J7HL88NU-1247SRBH},0
{I0Z9-E0IR35QK-8102FDXZ},0
{N4I3-W3ES28EJ-8810BCDZ},0
{S3O6-Z2ZL76VM-7924ZOKU},0
{R2W8-O0PS58KD-5565SSDD},0
{M8R9-B2SW27TR-7641MFZN},0
{A2Z5-Q4QY45SM-0365JHCN},0
{J2E6-R6GP34VP-5536YMYX},0
{A8P8-A3LK10RG-9172ZCNF},0
{F1J8-K7OM37AB-0073HOJO},0
{F9Y3-H6TP17AZ-9233XFVQ},0
{G4J6-J8EL00MQ-4370XFCZ},0
{P6S3-B8ZP55CT-5172MNGU},0
{X4S1-J4OQ78EE-5658TSZJ},0
{F6M9-P1ZL96KT-5487SGMQ},0
{O0C2-Q5NY35YN-1799VRKN},0
{C5T8-N6GF42ZS-4275IGXX},0
{L4A8-P6IC62FC-8389BEHY},0
{C3K8-S1HD98PF-1031IPCN},0
{I3K4-J4CD62PS-7388ZZYG},0
{I0E3-E9AM04RS-9748BRRX},0
{Y9I5-Q8TQ89NG-0914VAKZ},0
{K9O8-B0AZ29QA-1042PHRL},0
{T4A1-A5IS68FO-9445KTTC},0
{P6Z5-K5OI18WN-2503RVIP},0
{T9X0-F8PS95HF-0324IOKR},0
{Y4J3-Y8GI14TT-2714SBLX},0
{Y3H9-F7AR93KK-4584PZWC},0
{C6J8-J5IY70XZ-7083AEYA},0
{B1D7-Y0NI25WT-2851QQQZ},0
{N9Y9-E4XW01PY-1409XZFW},0
{H9P7-H3MS60AB-4737VEUF},0
{H1G7-G0JL01EJ-9498FXCF},0
{B4Z7-C4TF54CD-8348AWFM},0
{G1C0-G5WB10JO-1359URXO},0
{F4A7-R1CP82LQ-7403QAHI},0
{V2I6-A4JZ13HP-7715TNHI},0
{J0Z2-A9CI36CG-7354CWGF},0
{P0F3-R2PI21FL-2579EZTM},0
{Q9H7-T8AS90PC-1246URAZ},0
{S5D0-D6DU21TY-0738YPOU},0
{K3B3-T8VK23GJ-0708YWUO},0
{F3Z5-Z3FE05OF-3787VHND},0
{G6K3-S7OZ24ZT-6151GEFL},0
{K3G4-S8RO65UQ-3112ZERX},0
{L2U1-W8OC65DW-0589QWCX},0
{G9L2-K2KD62OP-6541SXDJ},0
{J8J0-G5FZ91XP-7105SAKS},0
{M7K5-C3KI36AE-2829MLRX},0
{G3I5-Y0TN82TI-3962SZEL},0
{U7M9-J1JO89YH-2691SCHS},0
{C3N2-A0NW00UG-7121QMGT},0
{O3A5-V2IE29TD-5154FALM},0
{I9X0-C7DU58ZP-8617VPWA},0
{H9X2-Z2GV14CJ-1421XBCJ},0
{R0Q4-G4XP98KM-1172HSIN},0
{M3L9-G5VR26XY-1896WCUB},0
{T1U6-U8LN04NS-0626YLNZ},0
{J7Q0-S9AE07HZ-8478UHTX},0
{I1W0-Z6WO73NN-3703ILEA},0
{J3Q7-T5NG92KF-8658OQUL},0
{A8L2-F2DN67PK-2070ITGM},0
{K4T0-P7DC84CC-9569QLGT},0
{L4Q8-P6NZ46LZ-3995WQXC},0
{E0W2-L5CR14EM-3760EVOW},0
{U2X2-F1BD63EC-4246EGZT},0
{C8B3-C6EJ62HD-9044HTVQ},0
{Z7F9-L4IG63YB-4813SXMD},0
{F0M1-C4TF73TZ-6342MNYW},0
{A5G8-N5XJ43VY-8082BPCD},0
{K5M5-Y4RJ61KV-9275VPRL},0
{G0Q3-D5EA39XU-7879JKMT},0
{Z3X9-T1RZ87WZ-0819KIPX},0
{N6V5-N4ER53YZ-9051REOE},0
{M5S5-S8SH91PT-8168ZIII},0
{M3B7-N6CQ16VC-8660VYFO},0
{G1C6-Q7CU42EA-1864NQME},0
{Z0X3-U4TX83WH-8731MJKW},0
{D2Q4-Z6KJ63BN-1378YJRA},0
{G9X8-Z1UK42UX-5697FSWZ},0
{S4Z6-S2MW94PP-2484JFEN},0
{Q3R2-D0JI70EL-1570NXJV},0
{L1E5-J8UW27UH-8853BUYH},0
{P4J6-T3KP69BW-6954ELDZ},0
{S3U5-D1BE89KF-6538DQMD},0
{I0C1-Q7ZG39SZ-6560VIYK},0
{O3Q8-O1CO01FW-1929PBCV},0
{I9Q1-Y7OE73DB-3255XSYL},0
{Q1H6-J4KM81US-8354RZUU},0
{F9D0-Z9AB97VV-1298GDXB},0
{P9P5-T6FL07CW-9083HSLB},0
{D9Z9-T7KC21AM-7042VCDL},0
{I1V5-Y3DP70FL-3013CKOT},0
{G6V2-S7ZF31OE-4974PLXC},0
{U5L1-Q2HX34OJ-3695PLMB},0
{N5P0-G7SD19UF-8614LQTG},0
{D8A3-Z9WM89JK-3206SSEC},0
{V9F1-F2GI54BE-3527DHZC},0
{I5Z0-X2ZF42TO-2897DIIT},0
{X6G2-Z3ZI47HZ-4880MNLU},0
{A3U0-X1DQ07CE-7201FSKP},0
{N2O8-M3UP88AB-2044OPQO},0
{U5M4-E0CN04CF-1013PEVB},0
{E4O8-K2IS32TO-1964SAOI},0
{C4V1-I9ZC62YX-1190YKIZ},0
{B4D5-W0NO91PZ-4702OWSA},0
{R6J2-G6ZX22RA-0021TKKJ},0
{Y4A1-Y1GQ25SN-1087QOFP},0
{B6M6-M1HM54QK-7145CMYY},0
{T7R4-I9KQ42QT-0694GCOB},0
{B9K3-K3UN50VX-5904OPPS},0
{A6Z8-H8BJ76EV-2524TRXP},0
{V8S8-U1YD76AP-1988QPJR},0
{R8U5-I9YL48MD-0435EOLX},0
{G8V1-Z5MB89XH-0520QORL},0
{H2F1-C3DQ86DU-2413KBRC},0
{R9T6-Q0BQ31ML-3156XRLO},0
{Y0F1-F7HO55JP-6666OPXW},0
{Q9Q6-R9JA29ZZ-4608ODWP},0
{M4C4-E7YO53RJ-8353JOIE},0
{J0I7-D6PH00EZ-7004YHQQ},0
{N8T3-L1TI59DE-4738SIAM},0
{E3O2-K2HA96YJ-3112JAOC},0
{L5A7-J1HC29WP-3157GCIB},0
{X2T5-P8ZZ10ON-5320PGCC},0
{V2S1-G6WY58UV-9363VHRB},0
{M1V4-Z8QX92VO-9032ORYM},0
{T3H3-O6VJ78EZ-2898BQSP},0
{N9A1-L4GO48OZ-0845RZAN},0
{B8F9-Y8FD30NU-1344IDCP},0
{X8J5-Y2XP08XZ-3679LDVB},0
{B5E4-I1WI66GW-1919NHVD},0
{G5Y8-Q2FW62VK-4702YIMH},0
{C9G7-N6UZ91PM-2012VKNQ},0
{R0A1-O2OF05AE-8069JVFF},0
{U4I3-G8AU58TI-6888KLUZ},0
{I4X8-G3DN92RS-2759FUFM},0
{O5Y7-T3EY98TM-3400YBRY},0
{H0P1-O9ZJ24FS-1560MOXK},0
{H9C3-R0FG27DA-2082ISWY},0
{M2S9-E0VQ74ZH-2425JYIU},0
{T5J4-M1VW83IA-2222XQQW},0
{I4E3-Z5FB06JZ-0148FSII},0
{C3I8-U1BM59YW-7209YGWW},0
{Y8Z1-C9CL24IM-4803WPVK},0
{E2E0-S5RK47VZ-1885IOCK},0
{Z0X7-K2TQ22VL-9208QRFR},0
{C8G6-Q1XI48JS-9039ZYEI},0
{Z4A5-L2EN83GU-6149DHSU},0
{Q0M8-I5WW56PN-0087KYMD},0
{L2W7-J9OT35TH-7651UJNH},0
{A9V6-D7UR86KB-6578DNCM},0
{E0F2-P5QD62DY-6376FLDN},0
{Q9P8-B6XA84UT-2515CKJC},0
{Q8F3-A2CC31MU-9222HELE},0
{T2N7-Q1WQ86FN-8949AQQG},0
{V3A5-K5OG55EX-9927GUDX},0
{C0I0-V1CX93NV-5704YDAP},0
{W1V6-X4RP92NC-5589OWNN},0
{U3E6-B6PY94YO-7984OPQW},0
{N3U3-P1LJ26TE-3887XRDA},0
{T2U8-Q7QM46YT-8317MZHH},0
{I1C3-X1MP37JF-9219ZQXL},0
{G0G2-H6IG30MD-8552FVWO},0
{H4H2-I2SW89OK-8088TAAO},0
{U8V1-R2IC73IB-5138OBWR},0
{F4Z2-Q2FN79HP-6892BVQX},0
{X7T2-X5VC18MM-1329IHWE},0
{J3V5-D8XN41NW-9140IMCA},0
{H4R5-Z7SY30YU-2026LGKV},0
{L4H0-F6GN76EK-0378ZKBJ},0
{X6G1-E5NA99KH-0662WNOC},0
{A9Z9-O8QS47OU-9125EYVM},0
{K9D9-F0WI42ZQ-1610JFGB},0
{T9G4-D0WF18DC-2719FWEV},0
{E5O6-V7QY26FT-0849IMQI},0
{N8L0-S9QL31UJ-6350OCTS},0
{J6D7-G9ON67KY-5175SXRE},0
{Q6Y9-E7IU87RI-5514WLVL},0
{H1I5-L3TX77CP-3269FRPT},0
{R5O0-U1EY07RE-1874VLPQ},0
{U1K9-S1ZE02EE-4772YMBZ},0
{P0A5-P4KN01TI-2263UOGA},0
{T0Z4-L1HR15JN-1246FREH},0
{T5V1-N5VM36WR-3733MMGY},0
{Y8T0-D0XB45HV-8012ARUI},0
{C3H2-H2CA96AZ-4669DRJV},0
{E1F0-M3ZG57NB-3326NEYZ},0
{S0C4-N2ER62KS-9539AYLJ},0
{K6Y4-P6HH90GK-5823YXUB},0
{Q6P6-I6PF45CC-1851CQOE},0
{S9Q9-O8JT68RY-4073PMQU},0
{K0W2-J6WO49PO-1394YBTG},0
{P4A8-P6NA98VY-1090LSTU},0
{L5L6-E6TO03UQ-7811PSJZ},0
{A3K7-M9JG76SQ-7513ILSW},0
{Q6T3-B8UA71CC-7215MCAA},0
{Q0Y3-Y4VC11FZ-6912QTXQ},0
{I4V3-G8WH86OB-9342AMDZ},0
{H9Q0-H4EZ98EX-1364UCTJ},0
{C4V8-Z1NV68CS-8266QKDE},0
{A5H8-B5UV42PO-9008BKCY},0
{H4V2-O8OL41YR-4333NLBH},0
{Q4O7-L3GI94VE-2706MOWA},0
{Z3Q2-W2ST34HC-0760NFQI},0
{Q1Q2-S5HF22MT-9079OJTM},0
{C9S2-D4NH60YS-8162NEIZ},0
{F6A3-C3IQ61FG-3755KSYL},0
{P7O9-E5WV49SL-9773GSEM},0
{I9T7-M3UC60RK-0289FMSP},0
{U8E4-T9BY92ZT-8919VGLP},0
{K1O6-U9YH18TZ-2333DRIS},0
{Q2A1-M9BA01IN-1786SELX},0
{C5S2-M0CP53ZS-9876RDTM},0
{C0R1-Q9IH55GN-6140CHRB},0
{C3R0-X9KR19DH-2115DULZ},0
{A3P7-S6FG66QR-5333ZTLQ},0
{S3F4-Z3VW79MT-6779IBFO},0
{Y3P3-T3AL80NN-8259IYUC},0
{C2T6-X0MR23LX-9898BAKX},0
{N3A7-D9RW60LX-8380UFSV},0
{H8Y8-V0KI54KZ-9473WKZJ},0
{N4V6-B3RX74LG-8147SQLP},0
{O9K4-M4RG90MC-8612YMND},0
{V1Z9-X3JO28UG-3149JNHZ},0
{Q4L7-D0DI53IB-4921BNSK},0
{G6X4-Y8KU76TB-3520HYOG},0
{G7I2-E6FJ56VF-8796LOJN},0
{X0G2-G7KP81ZG-4414LVGQ},0
{G1R3-C9VW91HG-6373SEYD},0
{Q0V1-V4DW69DE-3371KKPB},0
{E7Q3-N9XI55YJ-0919VEPR},0
{O0X5-C2NP84GD-9864EZVA},0
{T0V9-H9DN17UY-4382GHIE},0
{Z9T8-H3GK79JH-3185HFTL},0
{E5S5-I9GL35NE-0495PJJX},0
{X9D3-G9XK26EY-9964YWPB},0
{G8M0-C6LN49VD-9744FWLY},0
{N5F1-S8WO30RU-2754NJIW},0
{A3N0-I8TP15VK-5931WTOP},0
{I2M4-M6KP01FX-4329TJWP},0
{Y9C5-K6YC49CN-6776UYAP},0
{S2C1-N2PD08KT-8745SPRT},0
{G4G0-I3SI64II-9406KWBL},0
{L3X4-X7MC36FV-5347YHVI},0
{G2E6-U3JC15EU-4591LPDE},0
{E7R1-A5MC26YK-4300RSSW},0
{M9G4-U3OS68KQ-9845TCHM},0
{H2G1-H1DZ93KI-7968QXSB},0
{H3J4-X2WG70WS-5858TOVE},0
{G3X0-W9AL35LE-1697PEJP},0
{Y2X0-L2HB08JO-4289WFDR},0
{Y6O2-D0OU36MQ-9988XVPI},0
{E9P8-G0WK69OT-1336OFEC},0
{R7C3-N9IO39RF-6099EBLU},0
{N8X1-J8RO59EF-1680BSEV},0
{Z4I2-F8EN13SJ-1971BTXO},0
{A3A4-Y5CZ18JR-4243EBXR},0
{Y8F2-Y3FA09GY-2047LTEH},0
{R4L4-H1TZ00AQ-6132EWBP},0
{F6P4-S7SF91TN-9564DIGE},0
{C0R8-Z3KJ91TI-1554HWLC},0
{R7E9-N1JD11EW-3794TGOY},0
{W3T0-N8JU51GD-5116PNOW},0
{Q3B5-N7EY53XT-8700IFKN},0
{Q6Y0-U9YH35TJ-2591RJIM},0
{P7F8-V0GY82NQ-7425QORE},0
{T0Y5-P2KB20BY-8557KOBZ},0
{G4M6-K6JL03KT-3733AYSY},0
{P5G6-K2AG48CH-1620NEZG},0
{G6H1-Q6OG60OX-0202UPDT},0
{C4R0-W1EV53GI-2349FDYI},0
{K3M8-M6GO97GZ-4416LQLO},0
{F3M0-J1VI94IA-3524PMZV},0
{R1Z3-Z7LY15NC-2477ZJLM},0
{B8D1-Z1VF09JO-2319ZECL},0
{P7L0-G7ZX70DD-7095DSQQ},0
{M8E0-V7EK65NF-6501TYKO},0
{R1E2-U8AD77QS-4842YXVT},0
{K6O2-S2BB83YB-4062XHRT},0
{I7C0-N3GM12ZT-9786OYOO},0
{R7O7-L4CL89FD-3888GPTB},0
{M2T8-F8HS07YY-1075LSVD},0
{E0V7-A9GO97LT-9713RWNY},0
{A1X0-E9JH50LL-6937LQEP},0
{A9R9-L8DY32HW-7328GVZS},0
{D8C2-I9ZA70KM-9565JXKM},0
{I6M4-D0IM18OL-5345EPXC},0
{E0T3-E8MD96GA-8771RVER},0
{I5Y5-W8SB74SW-3743YYOT},0
{P5X2-H2NS25SP-2002NUYJ},0
{U8T0-U2IX83VQ-2896OCQL},0
{K4Y6-Y0JA02RV-0567SLKN},0
{O3P5-E2XZ11ZS-2368DUWM},0
{S5R5-T2XP37NA-7963MUIL},0
{O5M7-N3YZ72XY-2539ZZHK},0
{T8B3-N6VM00HM-6420AWGI},0
{P5D5-Y4GS14BS-3592FLYZ},0
{O6S3-X8RW30OT-5585CXKP},0
{D3J7-J9ZV27RM-8631HLDD},0
{T6L9-L8BZ22PT-2567ZGFS},0
{M2G2-F9VF57YF-1972AVYQ},0
{Z8Q6-A6FY24NY-3117OTVB},0
{M4W9-J7SE63PP-4563GXGW},0
{R4C3-U0YU95VD-9211JJMK},0
{C3F5-B8WW06DC-3107HBWT},0
{Q8D5-Z6JW08SY-9297RIPZ},0
{Q3M0-N2YN49RC-9412LFOV},0
{S0B8-X2DS54TE-5709UCTM},0
{L6O1-Y4IA89CK-6023AZFQ},0
{F2T5-U3JS65NK-3555LJSY},0
{T5M0-I6MO62PR-9489WUSL},0
{I6V2-J0PW74WC-3977IQZZ},0
{M9E4-Z3EK87TT-6862EQKG},0
{R5Q0-H1AC31SY-0015HAKY},0
{V5Y6-U5LE41PL-4763HUTV},0
{R5X4-C4JS89IR-8839FBSC},0
{M1M2-N8EM06NP-3722IYHA},0
{O1E5-K1QB35ZK-2318WGUW},0
{G6Z9-T3XU69KK-6004YCNW},0
{W6I4-H7MX57FW-6637FCBE},0
{H5B0-F4EW71NL-9325HZZO},0
{G0D4-K6LQ16OR-6018QUMZ},0
{H2L5-N4IA18QK-7969QZEQ},0
{J7K5-Z5UN66GA-9265AIWD},0
{I2F8-Y1AM15NZ-8031OFNW},0
{I8L6-U8CT04RF-4957LKMM},0
{E9D4-Q3KH61PW-6807TABX},0
{X9A8-L1NR17PM-8039ZOTP},0
{F2L6-C7AY00KI-0281IHSV},0
{M2B1-N2PL55IZ-6514JREY},0
{N6R8-B3MK00OG-3047GSRM},0
{G7N5-Y3SC89ZO-4903SJPC},0
{B6M8-G7IH53EO-5744ARHI},0
{K6A2-Q4GR72HM-7484EHHO},0
{H1D2-P5UG06PE-6589COUN},0
{G3U3-Q6LA77XO-5366QOXL},0
{A1T2-W8UO78OK-2675QWJE},0
{Y2A1-Y7WL90OP-4456CSKQ},0
{D1C4-P4XB26XO-0573JDHL},0
{M0B0-Z0GL14CP-9502ILOZ},0
{Y5C2-E0VQ65VX-9483KGDJ},0
{F6P2-I3US96GF-1877ZONL},0
{Y6D7-S7ET76BM-8318NPTC},0
{N3X0-F8NP79IP-4675MKWD},0
{C1S5-P6VG64BA-8357CVVL},0
{X7Q1-K7TV03RY-1991MTLT},0
{R7M3-O7IR95IQ-0736GAWA},0
{Y2O4-A7EX65XO-0481HYFS},0
{X0Z0-P7TC86YO-4573ETRC},0
{F1K5-I9QW28MN-8863ZYVZ},0
{V5R7-I2FT03TE-1818SVGO},0
{J3C0-B1SO35LU-7335VYSJ},0
{P6K6-A0DY52VI-4523HDXM},0
{C9K3-K4SA04LD-4445UDXN},0
{C3P1-E8YP27EK-5393TUAO},0
{X9F1-D3SS52VZ-8456RHIG},0
{A4C7-C6ET41DZ-2988WUMG},0
{B0J1-E3OO01MT-9900EZAO},0
{X1F0-Z9DK75OT-7831ZRTV},0
{E4M1-E1WD58FT-7242HZTV},0
{Z2A6-Z6ZM10GS-4330JNAK},0
{R5G3-P6IZ04LN-7101FHSG},0
{P6Q1-B1UE68BY-3591ECJY},0
{C1A6-B5IH58NO-2332LZTK},0
{V4D5-I3RI27CH-1750WHGS},0
{Z1A1-H2GG37FC-0621ESCT},0
{D1V1-T2ZP25SA-0745MTBM},0
{U9A3-P5EP41YY-3596PUGB},0
{D8Y8-K5CV34NF-1667UJXU},0
{R7W5-Q9PB87IZ-8507WMSR},0
{T7F2-G0GG33KS-6865TVZM},0
{H4U5-X5HN55ET-3607KEUO},0
{J2T6-Z4BL28XN-6084DZQV},0
{G1A1-V3FH46RH-7496OCWO},0
{K1H9-S4DY35FN-4413SAUX},0
{U8A0-S1YD58VM-2205BRHD},0
{I0Q2-K6QK99VR-9590MWQF},0
{E0R7-C7XC69WV-4498DTWC},0
{U5T3-U6DO91IP-7194HDPX},0
{U7I3-V8GC35NN-9884WEGZ},0
{K9K1-L0JP93EM-5234TSBH},0
{Y2D3-R3NI15JE-2198YSFD},0
{K4V6-T1TC02ZQ-4390ZZKY},0
{K5D2-M5OL67GM-6258BMLO},0
{J5N2-Q6KI53YO-6039IRTW},0
{B2I7-N2HR58MA-0565TBDG},0
{P6C1-Q6IH42MT-7763BGDP},0
{O5H3-Z0KR78HA-7052SEOZ},0
{H3V6-C3KH37CC-5920ETSP},0
{Z3S2-M8BO77ZW-9640ZTWY},0
{F6V3-Z3UQ18YN-0345HRDG},0
{T8K8-J9VO99GH-0733JIJL},0
{G3R3-T5FT48ZN-4508ZBTL},0
{D8K2-M3IN92DE-1132ETOO},0
{N6V5-R9RF82AS-4886QMLT},0
{X1P9-U9TA68IU-8522VBHD},0
{T4D7-H8PQ80RB-2488QKQP},0
{S0T4-O8OI45NY-8733HZAC},0
{C0F1-K9QG36BH-9564WNVA},0
{Y6L8-M7SJ11OB-6892RXNF},0
{E6X6-B1NE91PG-1873JZXF},0
{U5L2-J5RJ99NC-5277KATX},0
{M4A6-S8SF70TX-5703QZEK},0
{F4Z2-Z7ZY67VP-4851ZWWJ},0
{Q5Q7-J7IQ90TC-6257TJDY},0
{I8S8-A0DP41CO-4923LZQZ},0
{Q8N3-D4DM94JC-9798SFIH},0
{U8U1-H0KH56ON-9055UOTH},0
{V8G2-C5IK99TC-4180HABI},0
{O3K2-L7BP65VU-9471LRLC},0
{D1Y3-O0RX21TM-9716HWXU},0
{E5E4-T7UH81EK-5151ZVQR},0
{Z5D7-E4PV85IA-6183RAHO},0
{K1N6-X4WA11LU-8640YBXD},0
{F7O9-Y3LF72KU-2221TDTT},0
{C5L0-N7HH60EI-0438SPHB},0
{Y5S0-O1HR03JD-1225DZZJ},0
{B3V4-S6MG00PG-6791EORX},0
{U1Q0-X1YK51SY-1680OGDG},0
{B8H6-T8RE13ZX-6001SQPA},0
{H5T0-R6LM49AS-9155FVMB},0
{K2S4-N7SM70WH-6868WFWB},0
{Z3S4-F5HJ20JJ-9260LPYS},0
{V4U9-K6KA49VH-2237LZMG},0
{J5E6-Y2MF98PQ-4044IKJX},0
{U3C2-E5FC21NI-2674HDST},0
{C5Y8-C4KL88AQ-1203WUHE},0
{A6F9-K9BO21DE-5818PVQI},0
{E4D2-N1AU18LG-1036UJLU},0
{F3D8-K4UV73VG-0178MGFP},0
{T3X4-I5IK12FX-2394DMSW},0
{O4Q2-L3KV31MG-0268DGJV},0
{C9R4-F7VP37AR-5867WSFQ},0
{T5I0-Y3QL33UT-0932HRTN},0
{S8H8-K0YG22GA-7093NIPH},0
{J6P9-U0DT75QU-3476INTI},0
{L3P1-N3JO90BY-9462BKGE},0
{S3G8-M3SO48VH-7282ODXZ},0
{B8K1-J5YX16TJ-7855SNGI},0
{J7T4-G6KN77HI-3113IFTL},0
{Y1X1-G0FR58LM-5515LCUB},0
{Y4G7-Y9DW25KK-2411MGEI},0
{D7M6-Z0SK29BL-9928BXHB},0
{O4T2-W8OX48RE-1514GGMP},0
{V7N9-Q9OD61HY-1117TKJO},0
{D5S9-T9EJ01KA-3338FOHW},0
{C6A3-X0TQ98UX-7863MSVZ},0
{X2C0-Z8JF91PV-9262TFEL},0
{X0Q3-R3WE54JK-4701JWXP},0
{D6Q9-E6YK94WW-1232DKAH},0
{L9G3-T7AN16OH-6035WBZE},0
{J6V9-F2QX98GN-1622YLFI},0
{J6L6-H6QS04BQ-6997SKMI},0
{K2L9-T1BB76GL-6346ZSVT},0
{P4Q9-F6MN89MZ-4766MFFB},0
{K2A5-B1CD47BR-5072WYBF},0
{L6Z2-Y3CL33EQ-4064FDGP},0
{F0B6-C7WH09ST-4181ZQOB},0
{M4P9-A5UP87TP-9025KBFW},0
{Z7C6-L8DV42FN-3068PYDK},0
{B9I6-A4HI16WJ-1245TGIA},0
{B3B2-B4ZF94EZ-2979GKRC},0
{I1V5-G8MC48LD-4133RZJZ},0
{W9C7-U8RR32TS-4980SNHR},0
{M1O9-M5JZ58KL-0164PFRZ},0
{E9D9-U3YH79XP-8887IOYL},0
{N6W2-V4UU17IQ-3278BLAI},0
{B0Q8-L9SY41LR-5885TFZY},0
{A9C4-E5UO76YQ-7665TOYM},0
{H3I1-X1BK47UR-2741YNKH},0
{L2V3-L3AT15DO-5393NQCG},0
{I0O8-D6CT26IZ-1216PZES},0
{K3M2-P4XE27DG-3526VZJR},0
{L7B8-L4WC46CJ-5072UXJD},0
{S2G1-B8UL27LZ-6990PQIT},0
{D6F8-P4QV13XH-7025XNCO},0
{N1C9-O2ZN41SH-0450GXQC},0
{C2W0-H3BR17RL-2722MESC},0
{D2B5-N7EH65XX-0097EOTX},0
{I6C1-P4AF78HW-2451ZLXD},0
{K4T9-L7HO37FW-8759EUMN},0
{K0X1-H8MM45HL-6961LCZG},0
{I4O3-A5UZ33JG-3491DAOD},0
{C9F7-R0QN14LP-7978JUPC},0
{F1U7-T4JE66PQ-6170APUW},0
{S8I2-D5UJ10CF-9028GMJD},0
{H6K1-A3WU05XB-7806UGDQ},0
{W3F2-X1ZJ65CS-8476DVDB},0
{S7T0-C3XN97AV-5955SBYP},0
{J1L8-Y5RD31DL-3817CXNT},0
{Q6E3-E1HC54ZB-3166GFEN},0
{S0C3-O6FO76CH-1645FNWA},0
{R9T4-B5XS46GC-4887WAQJ},0
{J6D6-W8PR31WQ-8773LZGY},0
{O0U2-D9UE71WR-2121EOEF},0
{U8U7-Y3VC56SP-3590YCLN},0
{M6G5-F0IX33BN-2766UERU},0
{M9F7-N8QB01LT-8976UMAT},0
{T5E2-T9KI26VK-5053MXLY},0
{B3B3-Q5YI59MV-6329YTRC},0
{P4R6-C3XN83AD-5390BLHW},0
{U5Y2-J2YY80ZS-3146KMCY},0
{I1F1-H5IN29OR-5376QCYA},0
{N5R7-U6AX62VR-6310SZMH},0
{C4Y9-I1RP22GH-9321IPNP},0
{L4Y9-Z0VU93DC-2331MOAB},0
{J4J2-T8HA13UK-9617BRWV},0
{J2A5-F2MX67WU-1412JWTK},0
{C5J8-X3OO58CH-9173RDYM},0
{W8J4-V2EF62BK-9946JVYB},0
{K1K0-S5ET01JW-8180QRWB},0
{J2C5-K4LS93TC-5578WGLQ},0
{J6L4-P3MS91FM-1892WZJP},0
{F6W8-L8DK46GQ-6107JEZA},0
{L4S9-E6PB77XX-2168WFGW},0
{B8W7-D7EN02CC-3902OLXE},0
{O8D2-V1AY34MB-8634IJBZ},0
{Y9X8-B0VP81MY-6364WDVE},0
{H7W1-Q4CP60TJ-9751RUPB},0
{A5K5-L5EP78ES-0142VLMO},0
{H6Q7-W7ZM96BX-7810YTFS},0
{V7H0-C1PF86NU-1440PCUA},0
{B3T8-R0PB59BX-8359FKGC},0
{X3W3-O0AC83BA-7970ASEM},0
{T1L6-U5FT45OG-1340JQTR},0
{U5I7-V5WD96ZU-2625GVLT},0
{L8F2-U6JE11IZ-8858AIJJ},0
{D0J1-S3TR25AL-8732XOYE},0
{J5T4-K8DO61PX-3986IJBG},0
{G6G2-Y2GJ80HV-6094MCQQ},0
{N9R1-G4YF29OJ-5327KARB},0
{W5K6-K7SW27LZ-7476TXOT},0
{P2D3-Y1BR39IB-6503PVCJ},0
{X4L4-W7DV83XU-2584MCTV},0
{S6N9-H1LL14MQ-6747ECBS},0
{Y2F7-Z3KR72YA-1409XBES},0
{V2D9-O3VO63BI-3892ZCYM},0
{D1J2-W2IF36TD-6761LECI},0
{O2S6-Z4FS53NG-3875SKHC},0
{H6U5-Z9XY20HJ-8271OXGV},0
{F6C1-X5JP46VX-3407RVYP},0
{Y9M4-K3QB02AX-9689MHLV},0
{N9M4-M3VJ78KI-3999ZHLN},0
{T7O3-S4ZP61ML-9235KCVP},0
{D6L1-P6YQ17IY-7707QWAN},0
{W9K6-S9OP12XY-3979XWPG},0
{S9M8-G8BG94SC-9599XDQP},0
{W5R4-Z3GD35IG-4935YKNT},0
{V9F0-I4GD94LC-1229RLPC},0
{D4S9-V5PP83TA-3907WWJJ},0
{S0R4-M6XY86BN-4502FYHP},0
{W6V4-J6YW57PI-4946RSMF},0
{C5Z2-R9OX14WE-7190ZWNE},0
{N4O4-T4WZ55QJ-9270OOWN},0
{G2F3-C1UD15TT-3412OWVM},0
{L0U6-K5AD93WD-5859ZBGW},0
{Z7F4-L1BB29RV-1263RKKA},0
{S0Y0-E2QS55OV-9325RHXM},0
{P2W1-L5FR13NT-8408EOFW},0
{O6V1-R0DI14SC-8057JVDP},0
{X2Z1-V8MK11KU-4891IHOO},0
{Y3M9-Z6BL85NU-2584ORTN},0
{P4G2-N6QP92MK-5844NLBP},0
{O4S9-Y6NT15TT-9970HSJF},0
{S4U0-F1KF85WL-8189YNKW},0
{R4C6-C9GM83ZH-1941DRSK},0
{G2L3-A2BU67FX-9907JKRE},0
{V4H9-G9EA16FO-4189HJMN},0
{Z7T1-T2XU30ZT-3316RCNU},0
{Z4Q2-K1LP95CE-7927JYWB},0
{P3V7-V8GZ86JL-7069VBAG},0
{S4G4-H0XV39LN-7637CBWH},0
{K8S7-M7XX76ZC-0344JOXA},0
{T3O1-H4IN65HB-9489XSPL},0
{G9I4-L4JC54ZZ-7006TIEJ},0
{G7O6-H4AJ54BU-7810PHIB},0
{F4Q9-O7QU81ZU-1067HNOH},0
{B3V4-E1PH48DJ-9984ERQJ},0
{F0G0-X8ZC72OA-5178FSKM},0
{A3H6-P1DZ20SS-6421BBYD},0
{Z1N5-S2EA47CB-3936MQJM},0
{W4Q2-F4OR10VM-9908SNQZ},0
{Q0B1-T7QW18UR-3381APRT},0
{D3Q0-R3YE52UC-7272WFKS},0
{R6R0-W3QW67XW-2080PQMO},0
{C0W9-F5BB08DY-7253LRTS},0
{U3R7-P0PF93MY-1956KQTM},0
{Q4N3-X4AM73AY-2320QFAK},0
{P3U6-J4XV46AN-7285TTYO},0
{D8L1-E2VJ93YB-6078VGKV},0
{J9H9-V2HK58CB-5984GAVU},0
{J2K9-E3OO86GH-2397FIZJ},0
{W6I5-D1BH17OO-1367GPMB},0
{O3F5-Y1XF52RO-4640JEXV},0
{W9G5-X3OQ42RV-5186XYKS},0
{S0Y9-M6VO82SP-3488PWHP},0
{M9B0-E4HX69FZ-9384VQJK},0
{I3F1-E0OB92ZE-8086ROFM},0
{P7I7-M1AF26KK-3621FFQU},0
{V9G3-V9UW90ZI-7005CHJH},0
{D4P8-I5RD61TR-7882PTCU},0
{X0B8-U5VR79TI-0796KKEP},0
{P9O1-S7QB60TV-0003QIKR},0
{S2O1-A4FI76BU-5716OWDR},0
{O3K2-O3SI19HO-9059DCAG},0
{Z7E0-H6SR82WY-0477KMTM},0
{I3L1-A8UZ59TZ-1444MALC},0
{N0D2-R3DP47KA-3113UMQU},0
{D9B8-B5SI08IN-8130FJEW},0
{Y3V9-U7SY55NF-6959ICXI},0
{L6H7-G0NR14IV-2108QIOW},0
{M4Z9-L8BL47JA-4350OHAN},0
{X1T9-O2AD48FW-2713XHZV},0
{L6I7-E7UC42LW-4165DEHB},0
{M5D0-I2YU70PC-9797ELTQ},0
{W3U5-J7QU72NA-2419MSYX},0
{W1Q8-J3FH82FM-7221CNRV},0
{G5Y5-L6JD58IA-1705DDDM},0
{V2R7-R2HD33OR-0946TKUL},0
{L3D2-C3AC56EG-9071MRFG},0
{D3W6-G9CT91XC-9714CDQW},0
{Z3Y5-I8ZG11DF-7216TSNB},0
{K5A2-F9JP00MJ-2350KMBT},0
{B2X3-L7YE73KC-0279YMIP},0
{P2U5-C9XU75SR-9948UCGK},0
{Z9F0-L8VB81LD-3513RRAB},0
{W4G3-C0XX55PR-9761ITPF},0
{W4I9-W1YZ26JT-9841BASS},0
{M0K6-K8QQ57RQ-0769ZFVU},0
{K2F8-G8YP22YY-0081MHLG},0
{T3X4-M7WU41GN-6794XNIL},0
{J8F1-A7JB62UU-0766TXHV},0
{W3K2-O5GW04EA-9073TLUN},0
{T9E5-S1DG11FV-3485KBBI},0
{T4C6-P5RN76TU-4182WYYG},0
{J3I3-F7KW57IT-8102ZEZQ},0
{O8Y2-Y2UY26WN-3165SFLZ},0
{Y5V7-Z9UF95MC-4562ZYWD},0
{O4V4-R9HL15IV-8981AVFE},0
{E1P7-M0LS93AO-7659KBAI},0
{V1M8-L3UO83BR-7478QELX},0
{E5M6-X4NE70SC-5009NLDJ},0
{X6G8-C2EX98CB-8442SZAF},0
{L6J1-D3UI31OG-5970DNAB},0
{V0V7-Z3QV11GI-1529WAHW},0
{L1J1-A8BH51DS-7559BPST},0
{C3X9-C3CZ55WW-7231VVQY},0
{N7N6-V2HX13UQ-2578XOCZ},0
{C5N6-L0FS19WJ-0327XFFV},0
{L4V5-T6MQ53RW-9016TJBP},0
{M4P4-W8PW87XG-3534BSUP},0
{N1J6-H0TI66MY-1018UOXB},0
{C1A5-N3SS88KR-5565IRVM},0
{Y1R0-D5WC25LA-2431FBUT},0
{R8N6-A9LI29WD-1236TKRO},0
{O6J2-B9JU64GI-8969VXFP},0
{B3Z1-O2XP07TY-2130GZGV},0
{G4G5-R4RK69ZL-2505VPNT},0
{C2O2-G2AA45RR-0533SGPP},0
{Q1Z9-Y9OF69WT-0364WATV},0
{T3R2-R5ZL65HC-2139PFPO},0
{C1N3-J1HX95PZ-6391BXOU},0
{K2Z8-W7LR01CM-8215EBWS},0
{K6D9-Z5CR31EI-4594CLXH},0
{H2J9-Z3BD82HY-3993BMVR},0
{J1H2-P0FO86JX-2259NZRB},0
{Y7C3-K2DN27BM-0373SRXD},0
{B9R0-G9TA72DK-6989UBIY},0
{W3B5-X9XC80PU-1311UIUD},0
{G5A3-L9PD28WM-8774KEBQ},0
{A7O9-Q8MY44WS-0054FWEQ},0
{C7H2-A5CM23AC-1132SHPF},0
{Q7I8-H3UC75FC-7783KZJQ},0
{B0N2-C2RM85VT-5289LDFP},0
{V4N0-V3XQ75HU-0793HGOT},0
{N8I6-O0AH74YM-2792SFQF},0
{L0I7-W6TZ33CO-9444XYAM},0
{N9U9-Y1MO42VM-2348PUHB},0
{I1W3-I3PU81AG-9099COMN},0
{J0R6-T7YS27AZ-5652ARUS},0
{L2X3-V2JQ45GK-0718ECNX},0
{B8W8-B2UK83DO-0313EDOE},0
{N7V4-F2ZB28ZF-1595PKUG},0
{K5O0-Z0SX54SQ-7502WWWK},0
{L9V1-J1RI84AO-5471EYCM},0
{N4K2-W4MD83GH-5356SQQL},0
{C7H3-X0DP98LZ-8405VUZN},0
{I5I5-R3UH78YC-6733CLCQ},0
{O7X3-L2SA46PA-5756ZEJA},0
{K1E0-E7MD57YC-1221RSJB},0
{N3R4-K1OU35OH-7439PNRD},0
{L0T0-M4WI40WK-4394MDKD},0
{T3R9-W4CV70YR-3212ZSHL},0
{R0P4-I6CE67RD-8759MFZV},0
{Q9K0-G3OI48MD-3865LMNE},0
{J0A2-X1TI66DV-2096VOVB},0
{Q0E7-U1HE42IP-6549EWPF},0
{E8C5-E6QZ14YB-8902IABG},0
{Z2N6-E9BE61AL-1847ESFK},0
{A8S6-P9YC48IQ-1911BGUL},0
{K2D5-Q2KW31EP-8518ZSZV},0
{D7D1-N0FN45AQ-1426JKVM},0
{Q1V2-J3UT12MY-7201JVVG},0
{I1D2-D1DZ73LB-1901UTFA},0
{K1S7-M3NJ00ZI-2894LKUW},0
{B1J6-F1LQ18TI-6026CNUZ},0
{L7S3-G4KE52DG-9439LWPO},0
{G7L7-S8NM75SV-8931EWUH},0
{F0E3-F8KT07RR-6417EBMN},0
{T7E9-W0WM64PL-1058ZQZY},0
{U8M0-T4CU85LP-0869ZGNK},0
{A8E3-X4KK81HQ-0434DDEB},0
{B8O4-H5WB93AQ-3022YTGS},0
{J7R5-U1AP69FR-1531JWEP},0
{D5E2-S2FQ59IW-7158AEFQ},0
{Q8J3-W0IZ03TW-5078GVFE},0
{O8H0-V7JY74CC-3439YYQE},0
{O3D1-W5BO09EK-9190CEVS},0
{B2S0-L3VC46VR-5068MMKL},0
{J5H8-Q9RW03WO-1673SRML},0
{U1H6-Q0IT24ZL-0612MSGL},0
{B4S0-E1CW76LJ-2132SGCR},0
{T5U0-L4QZ17ZB-6817WUPX},0
{F7M0-V4ZG29NC-9141RNDO},0
{Z8B9-D6GB44KV-4592XJUY},0
{E9H7-T7IY42JZ-3130JMAT},0
{J0K8-G1DN42AL-6450WLIP},0
{C9T1-T6DM68WB-2155UJZG},0
{S0N3-P6FN24RU-0176POLC},0
{B0T2-L3QL40SH-7660ECCJ},0
{Q9O9-V6GW91ZS-1660WZPW},0
{N0C5-G3VT36MA-6146NVZS},0
{T4F0-I0AV40JF-8644ESPB},0
{G6Z8-Z6DL42YW-3014SVDW},0
{P3A9-A2ZX04WQ-3054ISHD},0
{I4Y0-O2OZ00BS-8359FLXA},0
{X9Z8-R7AE43MZ-4739LTJK},0
{Y0D8-U8EO25MG-2241SXYP},0
{M3X7-P4RV36LQ-6557ZXMF},0
{F5E0-M5MN94JI-7084ITZB},0
{N3F7-Y5SS21TY-6017YNUO},0
{X0G0-B4TK25AA-5724TVEY},0
{X9B4-M4NY48OY-5785UJHB},0
{I2R5-E3UG30HQ-5049YFAJ},0
{K4D6-H6SK44LO-5649EIKA},0
{D7W1-T3YG48SB-3970EFGD},0
{I4O3-M7JW36SC-3111DAIS},0
{Y6X5-Y2GQ90JM-8931FXIQ},0
{P2Y9-Q5PL82EG-4247GHUB},0
{P1L8-X8PM08HV-2275QWYV},0
{E9P2-X6CO34TC-4609KJIP},0
{K2Q0-O5YR92JE-9025PEVJ},0
{G4X1-W4VM71FE-9050XIOR},0
{Q6F6-S0AK04KG-1928HARL},0
{E2Y4-O5VI05GL-7055JBYF},0
{L3X7-H3NC77DN-1676JNAW},0
{X2A8-V4FV50BM-5703DOTV},0
{P5R4-B3SZ78CD-3254TCZC},0
{N4K3-A9OM10YV-0174NXEV},0
{X5Y3-W4QK67LO-0242OJFO},0
{B6X6-Q4XA42GC-0875WMFR},0
{B6X7-R3CA26QK-8741AVZY},0
{N0G6-T7JW17JX-7963OOKT},0
{P0K6-Z6SO39YF-1426AEYX},0
{H9R2-N1EI11RL-3179RKHU},0
{X1G9-U4GD38YT-8990AKTH},0
{E0M4-H4RW64HH-5859FMNQ},0
{Q4P2-D0AJ13TV-1296RFYF},0
{N5K4-Z8TI02HE-9956DPTQ},0
{R6J6-V6CI21JZ-2130HRNN},0
{R7Z2-G7GK75BO-6083MZEM},0
{M3A7-N6FJ62OZ-4941IZCX},0
{A6M7-A9IL64UM-8931SESX},0
{Y8Z0-F2JO81JC-3649HNLU},0
{T4Y3-D6VQ55MS-0725NBBJ},0
{C2I1-R7QY91DH-4798XNUM},0
{Z6A9-G8MS45CB-6151FSYA},0
{A6C7-P0EV97UX-4764FYLL},0
{E0C0-W0VV18QJ-2915OXIZ},0
{L3I2-S2IR91OD-9485TRUX},0
{D2A2-P0NT86IO-1068UWYL},0
{B5D2-S5TB78YD-0011MSHE},0
{G1A6-S7IE07OQ-3700GKXX},0
{J3U7-T0NP45AF-6531ORKA},0
{D2T6-G5SC09WJ-9124IKDI},0
{R7B9-N7ZN38VX-7439XHDT},0
{V1Y1-B8KD48FR-1552RQWA},0
{L4O5-W6WI45OZ-8530FFHK},0
{V6N0-K2IM61IF-1288SADU},0
{U4R7-Z8BZ36SV-4210MHTL},0
{U8T8-K8NY31UH-6604MGEO},0
{O1Q2-J3ND43AT-7142HAPT},0
{X3P3-Q3FM69RT-4672OTTB},0
{L9Z0-J8KP57OP-4351PYOI},0
{H2O5-Q1GD07KQ-1957AKRG},0
{P3E6-V6AV67IQ-0517FOVI},0
{W2Z9-Z6IX76OJ-4087FLVA},0
{V7H3-I9PU54YU-9704RXTU},0
{W7U7-C9DW17FT-6584FOAE},0
{E8J3-P0AF17AO-0861DKJI},0
{L3D5-U3UK31IM-8982RJZP},0
{B7D1-A6VB53TR-2792YFGE},0
{A3I0-Z7WL00TS-2483UCFB},0
{X0K1-A9NG01ZN-3303KLTI},0
{T0S9-C6XP54EX-7432ISXG},0
{W0I1-I1OG85KF-1285OKXY},0
{V0Q8-B3DO76HX-0758LPHE},0
{Q4J4-Q5MO71JR-3917RWEN},0
{D0G4-W6GL55XL-2063QOAC},0
{U4U5-C9VZ81OT-3122HSAK},0
{F6O9-E5RS76AS-2812JAYK},0
{D5L1-U9LO29SO-5628QDGA},0
{Y9S2-C8HD71OC-9553OUJC},0
{P9P2-Z0YO28QR-8214WRSB},0
{H2J6-H5OA87GO-8950LFOG},0
{J5E8-N8DR34AC-7591XEMN},0
{S1Z8-J1MP37WC-4251CKDI},0
{T4C1-U6CV39ZH-7158HZTJ},0
{Y2Q4-B2IJ90ZP-1935KKNB},0
{I3T1-Z1UB65PT-9601EDNZ},0
{G7O4-L3MH69AB-3440ICBI},0
{Z0S5-W0JO94UF-2294HIAA},0
{S6D3-G8FO87OH-9656SWNV},0
{T6V8-C6XL20YG-2595VPYE},0
{D3T3-X1FN17EI-2622ZYZY},0
{M9A8-Z0HA04BF-0029TLTV},0
{S5F5-O3ZY00JT-8092LSKL},0
{L5I7-B7IX20WY-5978TLDO},0
{B0M3-K8GY93JD-2362NQXK},0
{F1R0-A9AU09XZ-7444DTJP},0
{A5J9-X8PX13HF-8239SWDG},0
{T4H5-D9RZ05BG-7414QERA},0
{Z3S7-F4OS44LY-4299HTDP},0
{P6W3-U9MA63PL-4293TBLO},0
{A6K3-W8FJ60ZG-2453SPLM},0
{K9A2-J5ZZ75YP-5043IEXA},0
{Z1E3-F6UG29DU-1054RHNU},0
{S4W6-H6HR56KC-7556ADZJ},0
{J2Q4-C6MT21MP-5616QPWM},0
{D0O0-S2CT80XX-7327GRSP},0
{M9W6-U3YV51EC-1095PMNL},0
{D6Z8-Q1RE14RD-7830DVAU},0
{L5H6-O6JA04VL-6807ARYK},0
{R4Q2-W3VN86NR-4676FMEA},0
{L9D7-J1LQ05QV-9721MOBE},0
{Y9K6-D7NZ16GZ-2556ZKVN},0
{C7R1-M4GR12ZJ-9246IOAH},0
{D6V2-E5RA09AL-0213SHTQ},0
{V3C3-H3LY63FZ-6491GJLZ},0
{F8V3-D1CP31RP-7678BMAT},0
{S5E2-D4FF67MR-2546OPEI},0
{W4Z8-F7KB03EJ-6357BELM},0
{Q9M2-F2ZP94IM-5476XLJC},0
{H2A0-D1HI68CA-1992LSTX},0
{G8F8-Q0DL74RZ-7698QYVO},0
{Y0Y6-U5IK21XY-0572AHAN},0
{R5Z7-H9ND71AM-2887EIEX},0
{X5N6-R7CC78HS-8137VSLW},0
{D2C8-M6AI21CL-9154IUXC},0
{E8M4-N4KM71GY-0478XQYS},0
{N4C3-N5LH28FX-9151LVHV},0
{Z6T6-X1TF69TO-8611DESK},0
{X2I0-G7UZ55JT-8314DMCA},0
{G3V9-F4XJ45HJ-7722YPOA},0
{B9L9-J3SR15NY-9933KSHW},0
{U7V3-K7KH78XR-7095QXYU},0
{L8H7-C3WY44FN-3363IWQD},0
{N7R6-O1GS11QY-0964FLSJ},0
{I2L5-G2XM34QT-2707GDQE},0
{A6A2-L5ZB63ZA-2136REJH},0
{S4L8-Q1FY05LW-1689AQUF},0
{D1V7-N4TR70EZ-4901ISVJ},0
{U9Q3-Q9OH07WV-2803GHMA},0
{J4T8-U8GC58MA-3835VGPA},0
{R7N6-W6QZ18DG-7448MNZY},0
{I5K3-P3SC57QW-4069OHCJ},0
{H9Q6-N8XQ78TB-5393IQRP},0
{I1E7-L3LT00XC-5540GTGN},0
{N3B0-Q9MS19DX-5068TGKQ},0
{Z9Y4-B5HA58VS-2141ADMD},0
{D3K5-C5SZ82IQ-2275RPWV},0
{H0K9-E6TD15DG-7325NGLV},0
{L4P4-Z5SR97TI-2010RWHS},0
{M1O1-S1OK20SB-0733RFBH},0
{N1M6-R4XY02HE-3531QDCZ},0
{S7Q0-E7FN71TK-8986ZYTZ},0
{N0U7-Y1QQ94TM-1288WVJV},0
{Z9C6-W9WU93EF-9057GGQD},0
{O7L1-C9QQ10QV-3866QRWN},0
{Z4V3-K3XM92JX-5252RERC},0
{Q4W1-T3MS57GY-5644YOXB},0
{F6E5-F6EO32JF-6350FVGY},0
{L8S8-Q2DB34FU-4501HNIQ},0
{O5D4-U5PD52CV-9124LDSG},0
{Q6L1-P4SW87SA-1574RSUR},0
{I7T0-P2UF24LH-0570GHKH},0
{U7B3-X8ZW12MB-0739KKGP},0
{E7X8-T2WD51AK-6120XNVH},0
{S9Y1-B6HW33LF-1982VAOE},0
{Q4M7-L2WJ19HD-9955QBSZ},0
{U0U0-P2XA47ZN-1680YGVM},0
{B0N7-X2ID69GD-3604KVRQ},0
{L1S9-L7KB31MZ-3258IGSI},0
{R0L4-O5YJ87EC-1804ATRD},0
{Z9L0-P3FX46GE-9293OKTH},0
{N8M9-W7TI22FI-3077ZZIC},0
{D8E6-U2ND65XY-5414TTZW},0
{E7R6-W4DZ31EA-5635CJLE},0
{B3E4-V2WX75RT-2766NPIY},0
{S0Q1-G6QR62AX-6666KNEK},0
{L2H9-S0VK86WK-1349RXRV},0
{N7K0-C2SZ71LG-0443QLLF},0
{F4Z6-W8CI44IL-6179QXQD},0
{C7I4-L4DU23SJ-5743LZSN},0
{Z0A9-S9LK99NT-7621UEMP},0
{X3H3-W8JC58PR-1617GGVV},0
{L3D5-Y5TB83OY-5228FDGG},0
{C6N4-K4BX21GO-8076WZRW},0
{F7X7-F5DB41NL-2642MARE},0
{G1S6-R8QR92JG-6427KVVI},0
{V1V1-F6PE30WW-2593WXUY},0
{F2R3-R2UH90QU-8855VVZS},0
{L6S2-F7CX05AE-3405DJPG},0
{K1E0-C9TL96US-7915OGMR},0
{X8Q5-J4ZN98JL-5897ICBJ},0
{Q9Y6-O5CU02TD-9182PUIR},0
{W2B1-Z8HI51HE-0239BZTU},0
{B4F9-A9VQ64LQ-7731HEWM},0
{Z2X7-F1DQ93EF-3318ZSUP},0
{M1L3-A2PG20MY-0566QMKH},0
{D2F4-W2VL69RF-1051RMZO},0
{A2A8-D1IO21MN-1399QXYC},0
{H4N6-E6CC36RS-8118MUIJ},0
{B3Q5-J4NF88CU-4276QLKY},0
{E2W0-R5PO68CR-7797JGFA},0
{L6Y6-J9DJ75BD-2599QKPJ},0
{J6W4-V6GQ67HU-5138QGER},0
{A8G7-K5DQ77XK-8708GLFN},0
{K8B1-R9TH34EZ-0786XQQZ},0
{N4H2-F4MR66OR-2210RDSG},0
{E9W0-Z6YS71MR-8368ARSQ},0
{A6C3-H8XM16SG-1142LXFO},0
{O3W2-N0WQ55NJ-4513OUNQ},0
{V6A0-L9KF29OY-4821JZYV},0
{O9H7-R5QL56FA-4720DGSG},0
{W5G3-P7TP43CT-1727WUSI},0
{Q8Y6-Y9SF69CI-7433IVEW},0
{T9G2-I9YF82TS-1695KDZH},0
{A6F3-Q6FW51SO-7501GQAG},0
{J3O1-G3QB20RT-7589FFHQ},0
{M7P2-S4SP36JJ-6043MDJN},0
{K6S2-H8RS09IN-6780JEKY},0
{J0J7-A0HU62DK-9335IFBU},0
{K5A2-D5GT40NH-4899FPWW},0
{Q7W8-W6DS01SF-5361TMDK},0
{D8E8-Y5AN40IA-3260PNLP},0
{S2H1-L3UO39II-3802XRQX},0
{J0T6-C8YP54UW-5291BKWQ},0
{S1S1-Y1SR56EX-6927JCRV},0
{H0A5-C0RH22TR-7163IQOV},0
{U6R3-F3IR98KN-0309FOHF},0
{Q5J9-J9KS94QP-0408ZLMZ},0
{A1F6-Y9TL83YN-2840IJPQ},0
{T4P8-L7QM09EL-5065JBUZ},0
{B4L4-D2EY86GZ-2474LYLV},0
{T5W5-T5XV44PN-4606FNDU},0
{O1B4-T8YF11OK-4223IVYA},0
{Z9L7-D8FM48XO-7192AJSD},0
{E3B0-C6PZ20UO-2989IWGN},0
{F9P0-O7AC22DJ-2540SCOJ},0
{J0N7-L2CZ24DP-9392HHVU},0
{K0T0-X1YL94US-1963SMVF},0
{Q1Z9-X9WZ52HQ-8635ICVU},0
{U2E5-E4WM33HF-0985ECJW},0
{W7R1-P8LS35IJ-2377IHTN},0
{C3Y3-K1OS15OQ-9880GRDZ},0
{U9T4-K1ZE56HK-3043THED},0
{M2K5-O2QD46FF-5181UTHU},0
{Z6T2-K0RM25WD-0749IKGS},0
{W5F6-D9IU98CS-0190FPFS},0
{Q2D8-W6EQ31VY-1706YYWV},0
{F0R4-K1KQ78MN-3629FECO},0
{D6U9-A2AF00PL-5576JCHU},0
{U7E2-N0WZ67NC-4820WEXS},0
{W7Q2-Y9SZ72XM-7281WKJH},0
{S3A2-X8RI89BJ-4018GKVP},0
{T9B7-Q1JD10FP-6568CXFD},0
{F8K9-V9ZL75HW-7382OCXC},0
{Q5D3-U2WE41LT-9538HOCW},0
{B8A0-X9BO16OP-9798WSKV},0
{G0G9-C5VC34UH-9421KJGS},0
{X7B0-C2HZ00JA-7138VXWL},0
{A8Z6-A1FY56GR-5104SSYH},0
{H7O9-S9HU24MS-1598YCGY},0
{A4R2-T4QZ99MZ-2709IUYI},0
{Q1J2-M2PL83UA-7064LCBC},0
{J1W4-S5CL58ZF-6526ARHN},0
{K7A3-X4NC19AA-1727OUBY},0
{Q4E4-S0MF14PC-2622OZNZ},0
{M2V8-A8LZ46SL-1326EILO},0
{P3U5-N4MD13WW-1412SUFJ},0
{W3L4-I9NM79ZE-2228JWFT},0
{V0D1-Q8LH39SW-8216BGAM},0
{U8V1-H3VH92AT-9434AFCG},0
{C2V8-Z9EG81FX-5362ZYUC},0
{J2L1-G9WR87RZ-8420NIQO},0
{Q7I6-D9KK65IR-4396NWUW},0
{I1E0-L8KN61QM-1346VYBF},0
{P1S0-E1WY46OB-7528HVVQ},0
{U0Z7-X0LI68SN-2505IDTW},0
{P0Z0-X4OZ64AE-1760JQAO},0
{Z0K9-H1PT44CA-3689BCKR},0
{B8D2-G9GY15EC-7008VFNX},0
{P9V8-S6CN28GZ-8900KRMK},0
{C9X2-Y5MN85LB-3101TMNZ},0
{S8T5-D5LU80VE-4290JKAC},0
{F7J6-J7NB88XL-0655BNVA},0
{B6U1-U4OS62LA-4849XYWD},0
{G3Y6-V1FI02SV-7958GBPV},0
{G5O7-G9AM69PQ-0284HYZB},0
{I2K5-N1DY76AH-7731FBGO},0
{E6R1-V6YG10TE-0136IMSJ},0
{M8H3-Y8VX24MC-9792AQLP},0
{O5E8-S7UA57UY-2783GXLC},0
{W0A9-Y3BV43EC-3183VNEY},0
{A8I8-S2SB82EZ-1262MKWL},0
{P9H9-S6LT16QC-9013WJOQ},0
{R6F1-D0GK15ZI-4862HVPA},0
{E1V6-H4JH95IT-5073UROS},0
{Q9L0-L1VB25KL-9042HHSN},0
{H1O6-H3MF52BD-0487QTCZ},0
{L1J1-K8JE18UQ-6871NRCJ},0
{V3U3-Y9HF15DB-2754LJBB},0
{G0F8-T3UD60GC-2939MCLE},0
{J9E6-V1ZJ60UX-8209QKHE},0
{Z9U3-N1PU49ZZ-2620PJZG},0
{J1F4-W7BF00YT-3704BTHH},0
{J9R2-B5GL76ND-3967SMGY},0
{P6F5-W4RW18LJ-6959DMZK},0
{N2Y7-H4ZB92QP-4413UVTY},0
{U9Y9-R2PY68NV-0494KQTU},0
{G9E7-K8DR93PX-6011ZPTB},0
{D6D1-X6PY55VJ-0037RWPB},0
{Z6F9-Q9RB89SX-9600CBPP},0
{Q1U7-X2EB04HH-3851QUBR},0
{P2O7-R7NE41TA-1766XIIO},0
{R8Q8-V1BP31FT-9849AQCG},0
{H8A1-Y3GJ86JO-4526TATF},0
{N7A3-N6NN28LY-1106XDZO},0
{H2Q9-R2VG25IJ-4838VWHN},0
{M2E0-G1KP95OP-7157TWMD},0
{K5G8-D4GN07VH-5151VLXA},0
{K5E7-V6IG80YB-6204TOVD},0
{Y7N5-E2YV64GV-3966RFIH},0
{X6I1-F2OM77KQ-0499XWRY},0
{H1V2-S3MX75UM-6730MOKQ},0
{B6I9-Z4VS70JA-0239YKMV},0
{Q3V8-Y9XJ08WD-2483DZFW},0
{N0E4-J8OL25WJ-4916PLHZ},0
{Z5T5-P5XU30CC-7206MQMF},0
{C7R5-A6KJ04QR-7482FGDF},0
{Q5V7-M9VN53QX-6810QBHC},0
{K5C3-E4VN46PD-5617FXFT},0
{M1Q3-F9YB72VF-2775AVCM},0
{B6I3-X8FD53EH-2041WGOJ},0
{I9L9-G0SV70FS-3023EFWI},0
{J8M4-N5CO27IG-4598VLRZ},0
{P5M7-V4CH91UZ-9722YNBF},0
{I0I1-E5EM85YD-1994XKMW},0
{X0K9-W1JF26CY-2014FYLH},0
{L3W0-J4ZU29KB-2193UXFF},0
{F5G5-L5QU48AM-1500VGSV},0
{T4C0-A5PN37TF-9906IMGX},0
{D4Z0-V0TO04RW-6131PSPO},0
{M1W2-H1QE96DU-9965JVAZ},0
{L4N8-X4XQ93GC-7644BOZM},0
{B4U2-Z9CK54HD-2852WQNF},0
{W8A3-T2RQ48YM-5937OSQG},0
{U6O1-A8KT27KR-4026ULYV},0
{O0X5-Z9QB81UU-3413MICR},0
{Y0F8-V9MK33IX-2761PGML},0
{D0Y9-W0OH13CO-4806AAEC},0
{R5W3-Y0XA89GR-5690YAAS},0
{M5S8-N5EK23EP-7607JLJD},0
{C0R5-G8LB55DS-6645ZOPJ},0
{Y5Z7-Z3YR55SW-2527WWRZ},0
{U3Z8-V8VB06PL-0497PUYH},0
{Q2V5-D5JV86SI-8606YELM},0
{H0H6-S9UL35WQ-1796TAUU},0
{W1T0-S8KN78UR-3724EBUB},0
{E9T6-I0LS66VQ-8334KUMB},0
{Z4T2-Z0XS76CS-5256CMYE},0
{R5K5-R1LJ50LK-9410EVAA},0
{Z8S8-M9YS99YR-7193EWUX},0
{N1A1-W8WN89GV-4104VWUR},0
{W0F1-N2IQ42MW-6870YYAL},0
{F6L7-I4TP01CV-1037GUKF},0
{Q9O0-H1HS08GO-0824KFLV},0
{Y1R7-K7IC42ZK-9876QNEG},0
{R5H5-O9TV42YH-6998PGOR},0
{U2P3-Y2RW85VX-3517YACU},0
{B4T4-S9NC24TW-5261BBRM},0
{O9D1-W8KQ33XQ-7216XJYX},0
{W6P2-I7PX16BA-7563YLPQ},0
{B8O9-D3KE10ES-2711SGBU},0
{F0G4-I6CP27DA-5978CLUF},0
{A6X3-T0BH14UN-5254ZKPY},0
{F4P2-H0NA23SL-9341MTMS},0
{J2P9-X5TI79TT-9283MQLU},0
{R1J5-V3NA50KE-6677VRXA},0
{O0R0-D2UW45NX-8047JAMK},0
{A8R1-I4HB18QW-0140HZUD},0
{G0B3-B7OW87TC-8574FDZK},0
{H1W2-L2RZ73RO-7516DSIG},0
{D8K0-F4GG04ZJ-8177VUXP},0
{J8E4-I2QH53LE-0363NFGV},0
{F8E3-S8PW06WD-1906DILY},0
{Y2M6-Z3EW13SI-8203XBBO},0
{C3W5-A7KO35SO-4602XNUJ},0
{A1E5-P2GY98KS-2781DLHF},0
{U3H0-Y1HF66RZ-2708ROAE},0
{N0X6-N6LQ46IV-5660OJYT},0
{L8D7-T1NN10MB-0900DMNJ},0
{F7K4-W1ID24EV-4013EVBE},0
{N6K4-L7PH32IN-7936HURV},0
{W9R2-Q5QI10HM-1534JVGR},0
{R5S3-O3RS70NS-6142GCQG},0
{L9Q2-E7NJ57PP-9358PTCP},0
{N8Z4-P8CN01FR-9518RYTQ},0
{Y8A8-N1XQ27LD-0847DDWE},0
{X2X8-N5OF53FA-3085BSRJ},0
{D1T6-H2OJ86UJ-3100XSKI},0
{P8C7-T4DT22EC-7086JOWT},0
{E5R8-C7PZ23RM-3645FMGM},0
{C9F2-E8BA48AM-3483WYAI},0
{C2F8-M5IB96ON-3995QDJG},0
{C0I8-C5SC02WD-1447LKFI},0
{Z5F2-J4NR70JN-6698LAVY},0
{O5R4-V9KB57RN-8802FAVH},0
{A9X3-B9TL05GD-3407RHWW},0
{K4A4-P8ES70IP-5503GXGT},0
{M4O2-W8QQ75SZ-4805DQUQ},0
{T3J7-G3PK11LW-4857OSPD},0
{P6P5-M2RC05UM-7959ZZLV},0
{I4O5-B4TD21KQ-1923JKMM},0
{F9Y1-A4DI77ZN-4995GUON},0
{O9W8-M7RZ93AQ-6612CNIA},0
{R2J6-J4LO50OR-0335SIAA},0
{Q5N8-X6WO11VD-4550XXNU},0
{E7C5-O2ZO87PE-5262PUWC},0
{M8B1-V9GC84HF-6042PTXP},0
{F2C7-M6VC04JL-8390NLKK},0
{Y5Z3-Q8BE78WE-9618KBHK},0
{G2I4-B4QO82MD-5090IPFI},0
{H9F1-D8LM37TJ-1749MNKD},0
{D8H8-F6MD74FV-3918HMIH},0
{A0W0-V6XW19PU-4369ODRT},0
{I5T0-P3WD58JC-9784VBPA},0
{J4P4-O7BI12ZF-2686CUMB},0
{D9W4-H6BV89KW-0582ZSFG},0
{E3G5-B7PF06DA-6845ODHL},0
{R9L9-V3HK06SK-5703RBHL},0
{J8I6-S2ZN73WP-7298DJHV},0
{Y3W6-C3YO95SH-2020HUDC},0
{P5V1-G2HU33ZN-4893MLKA},0
{B9H3-O5FU90WB-4594VZYW},0
{Y0B3-M4EP55QP-3044LQNU},0
{A3Y9-L2NE13PZ-5372NLWB},0
{V6W4-E6NQ64IA-5946UWRK},0
{J2G0-B9WA03ZH-5371SUIH},0
{N7W7-S1TQ90SH-6685HBBY},0
{L5S1-G4LX94HV-5788ODPM},0
{I6Q8-M6CZ02LM-0770ORHB},0
{T3N8-E8NX55RU-5763WNSI},0
{P1C5-B0IK90ER-0692BGHL},0
{G2E3-U7NN23SF-2971FRKU},0
{O8O7-W6ZD14JM-3404JGRI},0
{D1A6-M3QC87TU-1636NUOB},0
{W8S3-S4KQ55CM-6674ADBG},0
{Q7G0-V5QU04QO-2154FUEA},0
{N5K3-Y1FA65EB-8157KJPF},0
{C9G6-G5ED18MR-7911YXKY},0
{Y3M5-F7TS12MD-2357SIMI},0
{G1V9-Q0TL44VM-1342YWJS},0
{Q1G6-B7TM71IM-7741GZHF},0
{O4N7-D0XW10CB-0474BZKW},0
{I4D0-N4FP02YS-2753SOVL},0
{C5U4-X6MU36WA-4935WXSQ},0
{R6U9-F2YH45JD-4214BPTQ},0
{D0T7-J6GK34TX-8348CWPH},0
{E8C9-U5MZ56MP-8881RCWO},0
{K3L4-V4LK35OP-0989KHHE},0
{K3U0-I9LN75SQ-1195XYOD},0
{M6N1-R7TT36IZ-7027OFAX},0
{G4E1-P6XI41TP-0563MYLW},0
{Y6H5-J8HH83GO-7216ANQW},0
{L2V8-I9QU57LZ-4640GQPM},0
{A5W2-M1ZO51TV-5282ZKLD},0
{R6M7-H4DF84UW-6108PDWE},0
{I8S0-S6KM32SQ-8987EOGW},0
{I3V7-C8TG81EG-4320USRO},0
{Z5J8-V2BM34IP-0176VYJA},0
{M8Q3-U8IM57LA-6228UEFI},0
{E6W1-Q1OE62JK-1261NHCQ},0
{X9T8-J0FE05WW-6314LYNJ},0
{G2O0-K3ZB97UF-8000CCWO},0
{A3W3-W1IQ63KA-6552XZHX},0
{I2M0-H0XG20GD-6328XNIE},0
{B9I7-D8OB85ZA-6531BPUO},0
{A4K9-F3OR53TZ-0349RNZU},0
{I5O8-S7RG65JX-9397TUDZ},0
{E1T6-D8PD84BQ-2333YTPZ},0
{O0I0-Z1FU66SI-7562KMVI},0
{P9V3-L4BI06SI-3100UWXI},0
{D8A7-I1GA65NL-7575MBKL},0
{A5J9-S1QD67XY-0638JAPY},0
{Q1R3-V4JG88KK-7988SOJB},0
{X3J2-T5TZ41DR-9541SLQO},0
{E2D6-I0JQ71RT-1932PTXS},0
{K8V2-R0KM06ZH-8635EJUQ},0
{V7D8-C8PM67BJ-1504FVKE},0
{K5Z9-T0RO99GO-0158GFKJ},0
{X2C5-B3RU04EH-8649QFTF},0
{L3D9-K1YT23NG-7795LKEK},0
{B1U4-Z1LD22UY-1569HNGM},0
{L2F0-W1AU72QP-2010TKBB},0
{Y1E6-B9CI66FG-8782UZWM},0
{W4T3-U1JV64KG-5888JXKW},0
{S7L3-R1PU41HQ-8361HTWS},0
{C8C4-J5OU54PS-7718HDYE},0
{N3J8-O2EA34WP-9904MOVE},0
{E6T7-H1ER39RQ-5345CKSD},0
{W2O0-L8DN28AU-1899RTXO},0
{Z8T2-K6QY71SW-6631ATUM},0
{L8F0-G1WG53IL-7037YZAA},0
{M4P8-F3RK96ZS-7153DIDU},0
{N7D6-Y5VW29HM-4674SOOW},0
{I9Y4-F2JE90MJ-3301LCVZ},0
{K5T3-W6NI35JD-5159FCSS},0
{K5X7-O3WL58GA-9912HVJR},0
{A7V7-D5XB80PZ-2203OPQS},0
{Y1K1-Y6TU39VJ-3507MANE},0
{L4G3-U4LL04PP-4306TSWT},0
{X0V1-H4ZH32YM-7456PNVG},0
{Z1G5-G9CN79GS-6856TAAJ},0
{F0X9-U1AQ98IR-6673PDGT},0
{C7R2-O5UB39GK-8717WNHT},0
{S8E6-Q2AK59FJ-5182FEAZ},0
{I5F8-J0ZY08SQ-0991PKCQ},0
{G9K2-Q0EH30EI-1990MHOM},0
{M7F9-M1ZY89CO-6197ZDQR},0
{O9E8-I5YX32KW-5504VAZO},0
{R8L5-M8RH87WH-3260MBOH},0
{X9U4-U5EA38HK-3729GPVS},0
{F5M0-C1PZ84AB-7627JLXS},0
{S3D9-A3AL98AK-8782NJIG},0
{Q8I9-R1GQ71WE-8554PTKX},0
{G4P6-N4IL46VC-8970SRLY},0
{U3J5-Y6YR32QZ-3651WBLN},0
{V0M8-U6FV17GG-0254ZFES},0
{J7Z2-H1UG60RP-4596ABAW},0
{A0H3-G5QD27AZ-8538LPKI},0
{H8S8-Y2NJ74NL-9629GBOY},0
{Z5U9-K2GG06VM-3422ONKM},0
{M3D4-O5YE49XI-3494GDBP},0
{X4T4-K6CA25TD-2332SATC},0
{E6T3-T2WI83EH-6283OZLT},0
{M5P8-U7CS94MY-1134ETVS},0
{C6L3-J1IJ08QD-8427KPHW},0
{O3T4-L5VJ14EI-7312DJOM},0
{V8C9-X1JZ46DV-6473KFMY},0
{U0A2-J1LR92XM-9964KKAW},0
{A1I3-Z2CM47GN-2533ZLAA},0
{C5A1-I6SM36TN-5657GHPG},0
{Y0B3-Y1GO95KE-0937ODYP},0
{U3Y9-L9YI49VU-5355HLWS},0
{M2B4-Y3XX20JF-6263ZICB},0
{Y5C2-E0EA76JU-4375ERNK},0
{D3A8-V1MF72MC-5662OINT},0
{L9H7-F8VD92YS-2009ZQET},0
{J6E9-U4AU55PX-6712AVFJ},0
{L4Y0-O7ZN15DV-3060EMWA},0
{D3Z2-G4IQ78WP-7473ZGAE},0
{U3G4-Q0UU27AG-6444SEYO},0
{G9H0-K8DV06QY-9205AIEL},0
{O5M2-P0FY67XS-5564BPHM},0
{H8H6-G2ZR49FI-6134BLVG},0
{L6J7-Z3QZ46WX-2924IABC},0
{Q8T5-O2QM53DA-6764GWET},0
{H5Y9-N6LW05TK-4986UANZ},0
{Z6T9-M8TM33YS-8673KSIZ},0
{V6T2-T7TS09IB-4438RUYG},0
{S3L8-M1CK34KK-7926HOMQ},0
{E1P5-O1GR39TU-8394THCP},0
{W2O2-Q9RD06IY-2138OJIX},0
{G4Q9-B5MW88UG-0703UMVB},0
{I3O1-J0WD17DP-3449RIHS},0
{Q5B6-S3MN53HD-8656EMSW},0
{L6W9-R6HJ97NQ-6188QYNP},0
{R7E0-D4FS05OK-8202OETZ},0
{J6C5-E8OF87XY-6927INFN},0
{X5H1-H1AL90AD-1848UZLG},0
{Z3L4-V9RX17FD-7004CYAW},0
{R2K1-V9EC59VP-9104TBIM},0
{S9C4-G8OA12VL-7734FNQQ},0
{G4K5-O1BT27IG-6403DXXJ},0
{N3C9-Y9EQ81DU-0459CSXG},0
{O6S4-J0TX92YN-4188DJHH},0
{V5E2-Y1CU23DD-6719OCGF},0
{H2Y9-M8AS31IJ-9254UKHF},0
{C2D4-F7DN31MD-0542RZSI},0
{A8K2-C3CD12KW-5460KETJ},0
{R6L6-L8CH39PK-2090ZMJP},0
{Q3C6-S8MO93DJ-8269NDRU},0
{Z6A5-J6OE72SK-6293FEIF},0
{X2F4-Z7EG19SM-0018WRTF},0
{T6G0-Y2MF06RV-8933QNYY},0
{Y6T5-W5KP82IB-2179MMRE},0
{N4J2-S9SU47IO-6669JRKZ},0
{C9R4-O2LV53UE-7863HKYS},0
{M7I4-L0CA28UI-6586EWMQ},0
{S2A9-L2HU31TU-5200SJVS},0
{B2B5-N3DM65UH-0227KXGM},0
{O6G0-P8TB45GC-5979QZCC},0
{D6P5-L8XK18UT-4788GESY},0
{H7I1-M9LG47SI-8410SWEC},0
{D6E0-J1QJ29TN-6651LFME},0
{Z8T9-F5LT95RM-3575SVML},0
{I2V9-E2YZ24JN-6616ZFLL},0
{H4Z5-U9TG15AR-9310IVDG},0
{E6Y6-I4ND69EG-9762ZKWN},0
{H9Y1-N4XG15TZ-6264EDNK},0
{L8C2-T3GF29ZJ-7578HIZR},0
{I0G0-Z3GO71LW-7886BPFO},0
{O2Z3-Z8UH34FB-8251NUXM},0
{O1I1-N7AR82ES-5913NTRJ},0
{E9Z8-Q1VD36QH-1697YBKJ},0
{D9E8-H1DQ34HS-0194DHQP},0
{F1Q2-J4EY18FY-2805PRUA},0
{G8Y7-B2SG92DV-8056RGVQ},0
{M9O3-I7ZL78TT-4997KZGD},0
{B6C8-R6GD74BQ-4949JHXO},0
{V9K0-R0DS12EB-8265QJMQ},0
{R1G4-A0TN59DT-0222NYPK},0
{L6Q5-X4CU34II-1065RXEV},0
{K8L0-L1YB51JA-6860AHJD},0
{A5P6-S9TE28XW-2579RQWY},0
{E1S5-A4IO84ZK-5579XEHQ},0
{Q6T3-E3PV23XM-7177YCVH},0
{R5M3-O7QF19HV-1478SASY},0
{M8N9-P0IU13HE-2927PQCR},0
{T5N3-S4LT00WZ-5716RVPR},0
{V8V6-S2VK56BJ-2864ZYRL},0
{D7X5-S9EJ32OK-6162JEBE},0
{M4C7-A3UW45IH-0472HXIU},0
{T6E5-X2RN31CK-4080TRQM},0
{I9A0-S9GA57CE-6819FJSM},0
{Z1J9-M6TY19IA-2266WUHF},0
{L7A4-L7OM45SA-3159DNBG},0
{M1S6-R1VS92AU-5996WNPD},0
{M0T8-J3GZ17FD-2320NLXE},0
{H8W0-D0JM93AR-3436ZXMW},0
{L7T5-L4UI34JY-9268SRIJ},0
{W7I1-E2ZU11IE-0321EWPI},0
{I9R7-K6CL75IJ-7217QNPA},0
{M0L2-Z6DL25NU-7728DKGJ},0
{N9Q0-W8MX75WL-8447AUEU},0
{X1F6-G9UB02CR-2099COIU},0
{V3Q2-Z0NN04WE-1975IBKE},0
{Q8T0-A9HJ23CM-9852KUII},0
{G6W7-E5LQ25MQ-1319VZYL},0
{V8T9-J1JA16OA-5784MEUW},0
{V9B8-T7QX51KV-0465VEFP},0
{B8N3-S2WG75TP-1457SUNS},0
{F6V2-L6EO51RD-4879KOQL},0
{I6I7-I6GR44AX-5897BSPV},0
{A2C7-A8FT64SA-8964ZEGN},0
{N2J8-K3MW05OF-8264YYEL},0
{W9J8-V4SE63XB-2301VLDG},0
{J3R6-K6NM50PK-4119DHGU},0
{I4B7-S0JK68KK-7272DTFZ},0
{K5U7-I0RZ10DS-3408NLWW},0
{P9D6-R5SY79ZF-8332BLWI},0
{Z7Y4-K5YJ56SW-1192EXPA},0
{P5T8-B6FH94TQ-1098GVVA},0
{Z9E8-C7AD54TE-1259QAQP},0
{E5D9-L2PE27PG-0542WQDW},0
{S2S5-V4IA70IZ-9696XNOO},0
{P6R9-D9PX85HL-5534SXHK},0
{W6S5-Y0YG82BX-8355QHRH},0
{V3B9-G8GZ24AV-0282HIFJ},0
{H5A9-R8IO41PI-4615URAT},0
{B0Z5-M4SK10HP-5571GCWY},0
{L5N9-N2JX16KR-3817SQRA},0
{G4G6-O3OK02VD-8434YISD},0
{G1K6-K9WN51BB-1722RIQC},0
{S3U2-F7UO17CB-1778XIBF},0
{G9T3-J0HG99CF-4384HNGB},0
{H3W3-X4SM37MK-2096PCFY},0
{F6J3-Y5FU08IX-0425QBAN},0
{S6Z0-G8XF57JQ-2433VKWE},0
{M6N1-F4WJ35KG-7113OZGN},0
{C8R6-I1DC62ZA-6644CWUX},0
{Q2T7-J8PH60DB-7612DZBQ},0
{A8A7-A4AC58EG-2772NQCY},0
{I5Z9-S0QF84MP-7572IPKZ},0
{F9Z9-X5DV28KQ-8805UALI},0
{U3E3-V9WI01AG-9795XKIP},0
{G0N8-U3MO98OC-0114BUDC},0
{J0E2-N1LU64CT-0567NLOR},0
{B7U9-J1QV94JI-8397CAVC},0
{Q5O2-A8YZ63LA-2732PZWU},0
{T3Z0-A2CI94XM-1284QNEV},0
{C9Y9-N1NP25PD-6278AZKD},0
{H4D1-G9YC50YW-0079CFSQ},0
{Y9L4-R9YX41OI-6043GIXZ},0
{G1V2-T4ZX61ZV-1575NGMV},0
{Q9X9-P9RO59HI-2994GBJM},0
{N9J1-R2ES42HZ-9874UWUG},0
{D8F5-X3RP67ZT-8064MEHE},0
{S7U6-Z7PT30RM-1897QBLR},0
{V9C7-R7JB83RH-0378RESM},0
{W9U7-X1XG78QA-3910ANSI},0
{J0W2-O1YV95FE-3398IIBZ},0
{S9C9-T5PB78ZS-3113TGJQ},0
{Y4B6-C5OO10TK-1013IEQI},0
{Q1H4-O3WA90OV-1273RPIZ},0
{J5A0-I3JT45SN-3241KFON},0
{H8O3-V3QQ93OL-4344SJSZ},0
{Q3T9-N2OE68JI-2844QPAP},0
{P1P9-W0TS56HH-5120KUQU},0
{O4L0-W1GA36SY-7643TUWF},0
{O1D4-V5SQ82EK-3154HMOH},0
{P9D7-T4GD37NA-3897ZYXI},0
{T6F2-W0RK77IC-2856CPBL},0
{F3H3-L9SQ26SH-0646ECGR},0
{A9R1-C6GZ79XX-9381AAFQ},0
{Z0C1-H9LR18RE-3960ZOSV},0
{R3U4-A0JG58JY-5637CJAK},0
{A6J9-X8OV06OP-7828IALG},0
{V8B9-C1PO23HK-3560FDGH},0
{X1Y6-O9RS19BH-5763HJAL},0
{C1D0-X3XD08KP-9833IOMD},0
{B7W8-C3ON67NN-6745ORCD},0
{J5S0-E9AW44OJ-8848TVCF},0
{Y7T2-B2LE85SC-6735XPXE},0
{I8L5-F5QY08MS-2159QRSL},0
{I4C7-X6EQ57EH-7327IUNW},0
{U7J2-P3OW96GS-9174PDGW},0
{A1G8-I3AJ35VQ-7936VFOR},0
{C0T8-P4MT85LE-4482XWEO},0
{Y6U9-L7CX66CQ-2462FAFV},0
{J7C1-U6RL96AN-0135NNHA},0
{C8D2-W0HK47CE-4608XGAQ},0
{Y7A4-C8IZ21CZ-7766SLMZ},0
{O2Y7-U3ZC40OB-9742QOMR},0
{Y9Z3-V5JD67XO-3167RCSN},0
{Z5E8-Q0FU50QX-8218HAFD},0
{F9U6-J7QI88ZA-5866AKOJ},0
{I6D4-X1WV97DK-5682NZAJ},0
{H8I3-Z9VQ94ZF-0919EMYB},0
{P7T0-U6NZ82KP-9761GCFB},0
{X3E8-R4BR10VB-8557RSDQ},0
{S2T2-U4KI44SG-1930LODD},0
{S1E2-S0YM43AC-4639MTVS},0
{L2X3-J0UP24PA-8828YPOL},0
{Y6S3-X1OB42UZ-9315CQKF},0
{D6R6-P4BU01UB-1421BPEP},0
{N1J2-J1ZH90TQ-3187WKYT},0
{Z5U8-U9DH21SV-0177CWEE},0
{M6D3-S2UU82GG-7691SCZO},0
{J1C7-M8OT28ZW-0885IAKE},0
{R7W4-W1JR96BE-5541JALT},0
{C5V9-S6CB88VZ-4947ZZHT},0
{U5I9-X1OF82FF-6362ZOOI},0
{Q1A2-D8AC83AO-8326BIHO},0
{W5H6-S1ON33HC-5162DNXM},0
{Q5G1-D0CT32VA-3570OUKK},0
{L2P0-D5HJ00LY-6298RNZJ},0
{H6F1-K3KW35BJ-4195FIAA},0
{H5K1-R9MU33QT-4069WUYV},0
{T4U1-D0VJ08RM-6122IQFJ},0
{T5Y2-F5SA21TA-2812IXJZ},0
{U7W9-Q4EA89LY-9805NPNH},0
{R6J6-R2OW20PY-8688FQKQ},0
{I0M8-T0GF19EU-8788UZAQ},0
{B5S2-T5AN28PU-1556HLGY},0
{Y3K3-L1ME29LI-7495KKBW},0
{O2A9-G4JF50DE-5977JPAQ},0
{T7O0-G3KV72GS-3458SKNW},0
{R8H5-E7EE20OH-2968RFZT},0
{Z5W3-C5JW96ZY-2991AZBT},0
{U6E7-J5RO63AO-5146MMUB},0
{G1R0-F9AN18SQ-2213UHLN},0
{K8X6-A8CO73UL-9577XXKH},0
{I5W5-K8JK83QQ-3340MKDQ},0
{C8Y0-B9UY23VC-1741IJNN},0
{F0I5-F8MA87AL-6677ZKZD},0
{Q4Z9-B1UM94ND-3243DUMD},0
{S8E9-Z4OZ24KN-4809KPOH},0
{K1U0-G6JY56QZ-2481LSHK},0
{O9M3-V5UM01EM-2213VTHN},0
{Z8O1-D2XZ74WR-1088MYYH},0
{G9V3-H8LO29NG-2607YWUR},0
{H3W8-Y4FO25XW-2422GXDR},0
{W4T6-Y0AQ51MY-8540DBLD},0
{C8V8-Y1KR62CU-3660YUZT},0
{K0R0-P9CO73GL-6359RBGO},0
{J8E9-D2AV05QP-7251WZLF},0
{G4T3-K7OY20VC-9670AXKR},0
{Y6I3-O9NC18XD-3932BYEW},0
{I3L4-G7BW30NB-1842MSBF},0
{F5T9-Y1NF07ZY-3378QLUC},0
{X2T5-U9QX96PA-4439EWEN},0
{X4C4-T9DL66MY-5504QNVL},0
{E1H9-Q0GI85CR-9183PUFB},0
{S9P8-M8BC88UC-3508HNRJ},0
{J8Y5-L7BI32QW-5653OBXA},0
{N2F4-U3DK47MI-0011UKES},0
{A5W0-P8JK87LZ-1323QJWB},0
{I9N8-Y3GJ80JS-2178HEAV},0
{E2S2-X0XX44HQ-2822VBRS},0
{H6N4-U7LD84WG-6801VGUU},0
{J7W7-S3VJ96EJ-4462KPKQ},0
{J1P1-S1YD74MK-0048OEPC},0
{P1E4-J4HI07MK-5126QJEI},0
{G0N2-V4BU07WT-7670YABT},0
{U4N0-D4KM87EE-2336WAJP},0
{X3Y4-E4CP05EN-5428UJLQ},0
{G7W7-T3EU10XN-6273BLZL},0
{G0E0-M8QS76YY-6037OFHJ},0
{H5W0-V0GA71EJ-8573IDPI},0
{C0G8-M4TK31LS-2199CTME},0
{J2R3-W7CM69FN-8502LVMV},0
{H5G9-X1SH36YR-2279WNPN},0
{Q2E0-S0CN42ZF-9807IHRU},0
{H6S4-R3VT39DC-7129NMZE},0
{N2V9-X8FA43NY-9426UEXQ},0
{K3P3-D0QA27LO-7860UGOK},0
{A7U2-B2DG07MK-9148TWVR},0
{X7J5-J6RB70UL-1814TUHM},0
{H0F7-Q5HF04KN-2320SKVV},0
{M5H2-G5KU20RN-3153LBYM},0
{S2I3-B5TU22SU-6224UMDJ},0
{S8K7-O8UK98RZ-1716GDPV},0
{L2G8-R4HM11JP-6803WMJU},0
{B6U0-O6BL90EA-5985UXMJ},0
{S3U0-N3ZJ42MN-4876GLIN},0
{F1C1-P5SI60FN-3221HEDD},0
{G3E3-Q6NP38QG-4968LXPN},0
{Q8G7-W6VR21KZ-0849MQSY},0
{Q3R3-S1EN32BK-0492YSKC},0
{E6C1-Y6VD36CQ-8344DQSE},0
{H4Q1-B5AX35QR-2520KYRQ},0
{P3P4-Q0QQ38OR-1842OVMF},0
{D2V3-X9KB31MU-2010PTXB},0
{V8K8-Y7RT77WR-9583MMPA},0
{E1P3-T1DN13ZV-5343ETJI},0
{T8X0-N3ZJ65GK-3123KRKW},0
{V4U4-G8XR58QG-5224WRIZ},0
{Y4W5-Z7FB50ZB-9272FVKW},0
{S2U4-M1XG90QH-5016TECU},0
{A3L7-W6SG36QD-7679FFPL},0
{M0V0-C0DU20SB-2375IGQD},0
{N9I4-V1YX55CL-3110ENRI},0
{A2O5-L4PU46LS-8032OSLW},0
{I7P4-I3LY88OJ-2534MYSD},0
{L6S6-U4XN10QI-7307WXHT},0
{P3T1-S1VA28LP-4399JCYX},0
{F5D3-U1AP59RY-6393YYJZ},0
{K8H2-T8IS26GB-6816MVXT},0
{B3G9-E7GE75BM-5880QKYT},0
{S1F3-U9ND94AV-5751RTZJ},0
{C2Z3-F7HV02HL-3147BJCB},0
{U3J9-I4JJ52OG-8363VXAP},0
{R2K4-T5RQ92XO-5087KIGJ},0
{Y2P5-O3OW70WN-7917WQZX},0
{F5G4-Z6SO32TW-8065XTAS},0
{C4K2-V7SF11ZT-0322CWNZ},0
{E3F6-M5NG94TU-1790EQUY},0
{V8S9-O3RE29MX-1696ZJLW},0
{V9V5-A7NJ56XM-9956QFWI},0
{Y9P4-P1HM59IA-4281UNYS},0
{X5B9-Y9NB06UI-7509OFAW},0
{C9A3-J0PR79OL-9137MOFZ},0
{Z9B1-I5OO91SJ-7034VQTL},0
{N2A6-F0PH58UX-6087NUUK},0
{Z6H6-M6KG00DC-6540MLIM},0
{K8K9-V3OR42MB-1356MGXH},0
{K9N9-K4EA82XP-3718APDB},0
{X4X7-R0KR19WI-6727OEYK},0
{J3Z5-Q4ML26RE-8460UYMF},0
{E7J5-P9FZ08LU-9195TCZD},0
{I8E6-I6ZS61MK-2000YCBR},0
{Y4M5-G4MY90FG-9184NNRO},0
{B5Q0-M5ET47OT-0680XMGL},0
{P0W7-P9ML54OC-2702USBJ},0
{T6Y4-V8EK16AC-3598XAAX},0
{E7U6-D4TC45OY-6909CIHI},0
{A8X3-U5IR55JY-5778HEXY},0
{S4B9-Z9PB33PO-4985CPZL},0
{N9O8-C4EU31IY-7264USZR},0
{M6M5-N4LH98AL-7599FGPB},0
{U2Z2-H0SN96QK-5895FGYD},0
{E2E3-S6DD99JJ-8820LBWP},0
{D6U1-Q2EB47EK-7545WXHH},0
{E4K4-F6EC75ZS-1659MNCF},0
{P9C6-P0MI76ZC-3104BVFV},0
{I4S9-V1ED59AA-5827KDAT},0
{K7D9-R0TO00UT-9720UYWK},0
{E6D7-O0KN80LO-7706WTVU},0
{Q0G2-O6KJ17UI-2661ZCAI},0
{U6S6-D6HB01GE-9057RKXE},0
{P6D1-C5EX86QF-8756QSVM},0
{O3S3-E3UL88XM-7231UVXI},0
{N0W4-X6WQ04KT-4162JUWK},0
{Z9O1-N1ID67IL-3251FWPS},0
{S7X3-F2ZL37AJ-7640QRPL},0
{F2S8-O0KO43MP-7133TFNX},0
{N4K7-R4RQ55LK-5333OAXZ},0
{C9C6-T7HE72BO-7371FICK},0
{M9I3-S8KV01YW-5704UXKY},0
{D3E9-Z6ZJ45WK-2156MFUO},0
{L2H1-U7QY65VF-2973QJML},0
{B0N4-R4OI01CO-8729OISM},0
{H9N1-G7JW40ZJ-4754NXRE},0
{B8H6-Q0SS23LF-4982GLOB},0
{Q5I8-U4MU92HG-9172ZUID},0
{V8N0-G3PV95NH-3856JRYD},0
{Q1M7-R3NC24ZS-2456SYEL},0
{V1V8-O6SC43LA-5183DGZX},0
{O3C3-A6KV18DF-0958UYTU},0
{F2H3-K5CK77OH-2725MQYI},0
{G4A8-B4XF53PP-4888NIEM},0
{U3F0-H1GO76IH-9220HBWX},0
{G4I2-R4CK99EX-8191BHEQ},0
{J3B1-J7FP94GM-8533MWUU},0
{M7H8-M1JH37FE-1434JPQU},0
{H1A7-Z7AC95ED-4416OFAK},0
{Z2F1-I0KZ52SI-7315UAPA},0
{D4M0-Q8EY61ZE-7342JBQS},0
{R7J2-W9CB85NN-3017UTJZ},0
{N4U2-H1NC11OM-2233OMTC},0
{Z3I1-J4ZM47IH-3370SXTD},0
{T2X5-K1FL89TH-1013EMAG},0
{A9K7-E7DC32CA-5896NWTC},0
{W6J8-X6KQ07SU-8098OPAP},0
{V7U7-A7TT50RH-9436KRUY},0
{E9Y0-R1QD11PG-2241ZTME},0
{K8O2-B3PD57MU-5996RJMR},0
{R2T4-G6RO36YC-7575VWYU},0
{Y9Z2-U2AG27WN-0970LEGN},0
{A6S9-Q5AF51WH-8355HTOK},0
{X5W1-H6FP14KV-7940CNPJ},0
{X0Q3-R0EC25FE-9211QJSG},0
{T2J7-H1SU87FD-2328MRKP},0
{R8R3-U9JZ99BY-0084QQKX},0
{H2F9-E4NH81WX-2080DPTV},0
{C4C7-X6PI12EV-8037AIRV},0
{F2O8-X2NQ90FZ-3947IWPA},0
{U4N8-O2AZ41YP-8545DVIQ},0
{E2J9-B9KR66LE-9760JGBZ},0
{J7T5-M1DG84QD-7127MCLP},0
{F1P1-L2OM60KU-7470WSFA},0
{D5L6-U9IC11UK-0844FOPO},0
{Q1V9-S1OT36DT-6068QSSH},0
{F7N4-N1GV82JM-9288IANT},0
{S6V5-M0VX87OK-8001RNIF},0
{X8Y6-V0BW18UK-8026TPOD},0
{S4D5-M6BL01OJ-0990WSYM},0
{T1O4-V1MY27YD-1114KFOK},0
{X8Y9-I0LF03NE-6396LTIH},0
{E6M1-U9WL02RW-4756UNRB},0
{Q1C6-A7YX22ZP-3432HCZQ},0
{A3X1-Q3KE13RW-0240HXPD},0
{Z1G5-Q6ZO32CZ-7310QVYM},0
{Q0I2-Z9IX79GE-1902FJSS},0
{Q4A2-A2EW73FJ-2226WHOS},0
{W6H8-O3DT72YB-6557QMAZ},0
{J7U8-D4OR98HQ-1124TIDD},0
{M2B9-P1RW93LB-1371PRAG},0
{I4K3-F8HV57YL-4941FDIY},0
{J7O3-Q4VA11UL-7283JQEE},0
{P9K7-A7WR40LI-3036KJFA},0
{U3K2-L0EA78TF-5061LTCJ},0
{U2N8-Y6OV72LJ-2986MIPR},0
{K3Z6-I3DD35YC-5285APUB},0
{A1V1-H7JY21QW-2111QQQV},0
{L9K9-R9ML14ZD-2726FPAO},0
{K4Q1-T7QP31YN-4611BAFH},0
{T6K3-U7GS33DU-7957FOGT},0
{G8J6-F1DN67JN-7662RBIC},0
{B8D0-M3XS27VD-4982OETG},0
{R4T5-N6HH27UO-4115TUWZ},0
{Z7V4-F5JD25OW-4133MKIS},0
{B8I7-G3WL44PN-3703KXUA},0
{I0U5-M3KU82DW-7780RJLW},0
{R2I3-C5PH32IJ-2065WFKM},0
{T1W5-W2DU60YA-8744ZUYK},0
{P6Z0-O1XJ74MQ-3635BKZS},0
{H3I8-Y8QF72UG-6229TKDQ},0
{P3Q2-M9OL49WQ-1353WIJT},0
{M8V5-H3KX25OB-5816CIQX},0
{Z6F3-S2MB51MQ-3336RDBO},0
{E9I9-U8QU45CE-9377WGKJ},0
{F2G7-B5RV49KS-7102BIFT},0
{G1Y8-K4FH55XB-0939TRLF},0
{Z9M3-F8EZ81JD-7406LYIE},0
{M8J8-P1WL15ZH-1654CCWD},0
{G3Z2-I6LP75MV-8375NHBR},0
{K1H2-J3FK68WJ-9251QASF},0
{O5C9-F9OA53XS-1538ZCEU},0
{G9L1-H4RS13PP-6330CIQV},0
{S2R3-N3PI84UE-2000BYVE},0
{Y3R1-O3KE97PD-1314EKHL},0
{X7C0-X3GJ47DN-0224REMK},0
{I2X4-K5EG81BE-4269KCVD},0
{F3I5-V0XI66NZ-6128CCWH},0
{O4T7-K6ZX40ZL-5909DPIZ},0
{K9B8-Z6FZ09DR-1754YTMW},0
{I2X6-D2EK49JK-1424YNXT},0
{P8B6-Z5UH45JU-7895JVPP},0
{E9V1-U3JB88AR-6511IEOV},0
{T4R2-H8EN54AP-7853GKOS},0
{Q7G5-V2JU11SO-4164WTAQ},0
{R4Y9-K5EA26JX-8022WZIJ},0
{Q3N2-Z6TF19HH-6880KVOJ},0
{A8J7-I2YI58PO-3370RSNK},0
{Z6G6-K3YE24UJ-8176QYFN},0
{X9N3-L0HB72YR-7166VRNF},0
{Z0U3-K8CO21IV-2632FKBR},0
{O1D0-Z0LL59NY-2757GRUX},0
{J7C2-S8EZ67RR-4346BGQB},0
{G6X1-C3YZ15YH-9822OHWB},0
{S2A6-Q9IR31TM-6996GNSC},0
{D7S8-A4LW89ES-9846ETPF},0
{Z5S5-Q1BV07EB-2281YHQV},0
{M0E6-Y0JO30ZO-3492QDZX},0
{I6I4-V0UA80IF-5033TSCN},0
{L7W4-T6ZM34EN-8010VYHY},0
{K1S2-X4JJ24EX-4041PTTW},0
{T1U5-H8KX71YN-9494NZQL},0
{G2Y8-Y0HJ51HG-4721EKEN},0
{U8K5-P3HJ94WN-9468KCLX},0
{Z7Y3-Z1HO89SN-2091OYBN},0
{J9J0-O9CN52UK-2916RAWE},0
{D3X2-G9OZ88QZ-2044SZMG},0
{I6Y8-C8HZ56IM-3221VHXD},0
{T2R6-D9EP36KJ-4046WOMN},0
{A0G4-E3HT98GV-8454CSTI},0
{A2U1-D6NM29FJ-0125WFLS},0
{R3R2-E3EJ78IA-3567BUNN},0
{K4V7-W7WE65SC-1296IBLL},0
{E0K2-I1IN98CX-6105ATQB},0
{X4R5-M1LA28DF-8654DEEX},0
{T8G0-R6IU68GB-7566LUZM},0
{R4D1-A7UF71VQ-4797JIQL},0
{W5M2-W1JY53YP-3179RJMA},0
{E7Y9-B5TG51DD-9189VPUD},0
{Y9V9-Q9IT59JU-1561AWEA},0
{H5L0-Q2TK75TS-6430OTFD},0
{Z7F6-P2MP29WU-3061IPZR},0
{O3A0-P6DV36EC-9926PVIN},0
{Y6Q4-G4NL59ZR-3429XYQL},0
{M9Y8-D4QG23AH-9325GPUE},0
{D9D2-P9RM67TF-5406GMCQ},0
{Q2W5-Y9RO01CX-2343UCKZ},0
{F0V8-L9RZ99JG-1224RDGU},0
{W5Q1-D3WA95CL-0975HJBD},0
{J7S0-Q1XW01QD-7039WWXK},0
{X7Z7-X1LT48HQ-8874YHKR},0
{E9S5-Q9ZY76JR-3687AQRA},0
{O2F2-K3NY43MO-5697HPPS},0
{Q1W5-I0ID35TM-6969SCEZ},0
{H0X6-W9NI64EC-1593MRAF},0
{J4U4-I4ZW44GZ-5795KMYC},0
{M2L3-T6AY45QJ-6641KFSS},0
{C7D9-C5YN87EJ-5588SGCL},0
{K7R9-V1TF80AK-4215YUPV},0
{F2G1-P6RF38JB-9621MHQS},0
{U2H5-A9JP64YH-4371BANP},0
{Y6C7-C6LV38DY-9179SQIB},0
{S8Y6-B4XK84FU-4542KHQZ},0
{Y6B4-P3JZ51OI-5439QUAS},0
{I5X9-S4UI54HB-2486HUCJ},0
{J9R6-T4XG00DZ-9507XODM},0
{V0P3-E9RT34TI-2165WKFB},0
{X4S1-G2PQ81YI-9904HRXO},0
{R7H4-G3ZM52WM-4567UYBY},0
{H5W7-D1GH02CX-4074YYXK},0
{Y7X7-W0QH61FX-2270JPMY},0
{H0Z6-P6BM05HK-4504SQLG},0
{H7B4-C1PZ50JN-8214OHUY},0
{B8M7-W6JM08GB-7250ICCZ},0
{C6R5-M7HQ29JQ-1286FJMN},0
{X8F7-W4DL57FE-7024BXNQ},0
{A8T4-R4HA44WP-3873AKBE},0
{D4I1-N6WC74XN-4328KSMD},0
{W9Z4-K5FW69DQ-8540EVBS},0
{G6Y7-L8UE26YK-0370GQEV},0
{S4B4-K3YM41NP-4725ZHSE},0
{L0I9-Q5HV48WI-7211GUMS},0
{L7H8-C3FB98ML-6125WFMK},0
{D6J4-C4FO52GY-7683MWYH},0
{Z4I0-P3DK40EY-9153KTHU},0
{O4D9-O8TY23RX-1734FATW},0
{O4O6-X0NI24PG-6949SYEN},0
{H7T0-B0VC95DU-6499XFWZ},0
{Z2V2-T2PD61EB-3244IXKF},0
{N3J9-L9EB48HN-5098ZLKA},0
{U6R6-K4ZZ45IU-3510EPSS},0
{R1F9-T3UX12RL-0584MBCU},0
{P0P9-S3WW93EV-1789WRZD},0
{U1X5-Y4RD70AN-0050MSAZ},0
{H8P5-H3KS93JK-9627EYIO},0
{Q4Z4-L5ZO50IU-0886KILU},0
{D6W4-N8OU74RV-4304LWQL},0
{F6P3-X4NS85NY-5758RJDI},0
{V0O1-W9HC92OF-4769PNKP},0
{Y4B5-U0FW53LN-1934HFJK},0
{Y8Z7-S1TV39KR-4660CZPF},0
{C0Y9-L4XC03ED-2687UBCF},0
{L1Q7-S2HH23GP-0912MQWW},0
{Z8U0-H0TY50QT-4067LGCR},0
{O0X5-S4CP99JC-9570CVSW},0
{V5W6-Q3LA60UE-1527SFUZ},0
{P7I1-G8OM88RX-7206DYPK},0
{R4A9-N6CR76HJ-8038INLW},0
{W3Q3-P5HT15VD-3115QZEX},0
{D0E4-Y4SC90GY-9113USDB},0
{Q2S1-G4BZ34AF-9499BGXY},0
{B3X9-B9HI43MA-4749RQKC},0
{X2M6-F6IL40AC-4618MISZ},0
{L9I6-A9EY20GH-0953PBQS},0
{A6R5-O0HX78KY-6892VPLX},0
{H7F5-V1CC13OJ-7570XAFQ},0
{A6T2-Q5EO78FM-4585OBHY},0
{O6U8-I9DL57YJ-3373VYIW},0
{V7P1-A2FI02FQ-6128CUHU},0
{B8J5-K9ND80LA-0887UYSI},0
{J0F4-A5JU14XY-0520OCDU},0
{A8O2-O4UP38IN-8421CEVL},0
{U1E4-C5VR01GQ-8102GLRD},0
{K0W8-M1AV53JL-8199TCCK},0
{E1E5-N9DY23KV-5091AGCA},0
{T5J3-F4JX16MP-4554IYQB},0
{M7I2-Z4VE74KN-7297LEAM},0
{W9Y1-Y0XH14BH-7180WQGX},0
{R4I9-K4LG04IC-7014RZZB},0
{D7I3-J5QO31XM-2304TIZI},0
{W4L6-A6MZ41UO-9349NTQP},0
{M6V0-V3YP42JV-7915OUTV},0
{Y1M0-M0XV91BO-6339OCKX},0
{C9S1-B9MP86GK-1250ERBG},0
{P5E2-V6BU61JF-3792FMFY},0
{H7T1-X5BJ42KY-7782PKWM},0
{Q9M8-F6HV68BO-3904MHVP},0
{N8I3-Q2YW09CU-6138SXUC},0
{N1H1-P5UC39VQ-2865TVDU},0
{Z8N8-S0IE08RV-8417XYIB},0
{V4R9-I3YW88OA-8362SESH},0
{X5B4-N6QY16EM-2365GJNP},0
{N2I9-H5ZB24ZG-9835XDFP},0
{O4W6-O5EH26IH-3746ANWQ},0
{T2L1-P7YZ59MO-7726RCIT},0
{O5S0-H6EW44CD-4072MEMS},0
{N1F2-S3VA90VU-7346UJFG},0
{C1P7-A3XO80IX-9832IQYU},0
{M4S5-B8SI86HQ-6211YATX},0
{Z7Y6-Z0AE11UI-3501NTLY},0
{Y9R1-P6MU33CK-2112QPYO},0
{Z6W0-Z9OL45SY-5542BUIS},0
{D6G7-M0BV85AJ-6293VRRR},0
{X4R6-S2RR08IF-6784UQHN},0
{G7Z7-Y0TN36GQ-7221ZRFT},0
{U4Z2-C9JD66QG-9256XCAU},0
{M7N8-M0HR16RS-5864LGEC},0
{A5T0-Z4PP41ZN-3323IFJP},0
{D4X9-V2GL03JW-7328BXTW},0
{X8O9-A8UC55ZV-9396OFGY},0
{X4M3-Z9RT53OI-5315JJUB},0
{Y0E4-A5II66JK-8915GFOI},0
{H6L5-Y0XZ33JA-9249GEKY},0
{Q7O7-P5KQ60YH-3066GDSK},0
{D6D6-S4KH81CC-3969XGBL},0
{K7H6-A0UT14MV-7206GJNQ},0
{Q6X6-L0NX37PD-0698SOFY},0
{Z9W0-T4XX00VW-3492WZMD},0
{P6M1-K1CG48ID-3534VDNT},0
{Y4D2-V5OU41RU-3854FPPG},0
{F1S3-K6ML60QS-4588BBUW},0
{I6H3-J9ND91PA-9197KOCZ},0
{S1K3-Y8GW50MH-6948DSBV},0
{V8M3-Z0MO73DU-5869HUYP},0
{K1N0-B3IS42EE-5645IYHI},0
{P9E1-L2LM27ZH-9779TXCB},0
{U7E0-U6JG60ZK-5909FTRY},0
{B3R8-J4SN02HO-8012HJVV},0
{S8A7-X1MZ00RC-0941BNKJ},0
{O2S5-N7VJ85DX-5343KLPA},0
{A5S1-Z3VF17BT-8319BXMR},0
{X2L4-K4RJ76YV-2293GIBU},0
{J8Z8-B4BJ13PY-7280MAFS},0
{R2U7-T6BG11ZC-0820NNQT},0
{R8F3-G1EW97AC-6700CQNX},0
{Y1S3-W0SL69TE-7052KOOP},0
{E1V1-N5TQ38BJ-6160TNBF},0
{C7E4-I3GR80GM-2665JNVN},0
{M9I8-F9SB56RH-4943XDIF},0
{K2P2-W3GR97OS-9421PDHW},0
{O0Q1-G1QD00NZ-7497QAUD},0
{M8G2-Q9QE33WP-8495MDIG},0
{N3H3-B9VF97BQ-8949ZWKF},0
{P6L3-M4BP13IC-7831UWGZ},0
{V7S5-X2IP59WZ-8698RKJB},0
{L0I7-U2XR37MX-1133VNWW},0
{B7A4-T2DE20EK-5135GNZA},0
{L5N9-T3YH47ED-3120CQFE},0
{A1Z6-I4KK47CY-2099FFRR},0
{N9E4-N5CT61FS-8034XCRP},0
{D0O1-Z3YT55GC-6017TOQT},0
{C7I1-D6FN83FP-3566RWYU},0
{F1R1-R1NO87MT-7619WIFO},0
{R3M5-U9PR12TV-5010UBVN},0
{B5I7-B1KO01XI-6360XDYC},0
{P9O0-X3FN60JA-8019XVWA},0
{R8B4-F1PM00RB-5710HNUZ},0
{L8U8-C1YK87BE-5115VVTI},0
{Q2L8-J4AW50DE-2868XKAA},0
{B9J8-U8DB42DU-6863RWIG},0
{U9G8-N1ZT48JZ-8666ELJO},0
{R7H1-T0FX64VZ-3824KHWV},0
{Z0H7-V0HS97DN-4854EMUR},0
{Y5M4-M0HM30ZI-7588MSKF},0
{U8T1-W2ON00KS-5074CFNX},0
{M9C3-V3EJ46XZ-7081LJVC},0
{K9W7-J0WP59KC-6106LWIR},0
{P8K3-V2PG61VX-6453ZVTO},0
{T2A1-I8KA03GJ-7912OROP},0
{Y1G6-E7NI98EG-1259GXLU},0
{C1V3-P9LC33OB-8148UITH},0
{F0G5-J8KT55JB-5592QOMZ},0
{A3U0-M4HW90DW-9156EGBU},0
{C7D7-K1FP74DU-4718ZNNN},0
{J1G9-O6PF39YE-7109DYPP},0
{I9R9-R8MB73US-6407WZBE},0
{B7M7-Y3MO18OQ-0920XAOO},0
{T4E3-B1TH54QR-8305HPKH},0
{O8M8-K6LD72VU-3636SRTA},0
{A1V8-Q6FF32ZL-0401KLVW},0
{K8W7-I9JV94TQ-8630YHQK},0
{N8Z3-K6NI64UD-8559KIEC},0
{P9N7-K4AX14VN-4787JOSY},0
{B1P4-I9RV74NT-6927RFCB},0
{F7L0-I9EE33RL-3140UWNK},0
{E6W6-K0FF15DG-7289RUON},0
{E5P6-A4WS66WB-6246GOPO},0
{C5S1-L7WD12BM-2383IOTH},0
{K2K3-A5ZA70JD-5447HMWZ},0
{L0L1-A2OD24VM-4000KLKF},0
{J1L3-Z6NC61CC-1988VNHX},0
{Z4Q8-E4JC57AL-7367BPKM},0
{P0T3-P6VA77LX-5926ODJW},0
{L5D6-A1UU04IE-0087UELM},0
{N2U9-G1NS44DB-8101ZHTE},0
{U9S5-X0FA84VF-1871OQPI},0
{T5B7-R8RZ04ZA-5503VBYX},0
{R1Z7-T0TT57MR-6651MWJO},0
{P2W6-K4UJ22NE-0664YWJS},0
{L3U2-B9LO18OI-2575MUOJ},0
{I2E8-B1EM39JM-3150IJZE},0
{J1V3-M5GS77ZR-0314BKSO},0
{I4Z7-T6LM24BX-0682MJYA},0
{Z9J4-A9IK10RD-8718ETNJ},0
{E4F2-F7FH06NW-9108KQBL},0
{Y7M4-B7NW57VL-4837YUIK},0
{W9F7-T2MO51OG-3575UOXZ},0
{S9O4-C8WS50VA-5598LSPF},0
{N1P1-L8ZG92RP-8640NVKB},0
{V1D3-W4KG10VH-2335HAAZ},0
{Q1J2-F6NQ47ZT-2606HEGL},0
{V4Q7-I3EG43GV-1354GRWI},0
{U4C7-N3SC16TQ-3886RIYS},0
{I1R8-C9IF31NC-5570NILZ},0
{Y8E7-K9IS82CC-4389BXZA},0
{T7D5-W2XN51TS-4089SRTX},0
{A0H6-Q3MF74QL-8829DGRD},0
{K3W5-Q6VV32IH-5884XMAY},0
{U8B1-E0QO16DI-4013LSZT},0
{X2X8-D7CM90VY-1138WUIH},0
{A3C3-V0FD61JI-1065PZZG},0
{N2H7-M2RP97ME-6888LBZU},0
{P5A3-Y6KZ00GH-9858OCHG},0
{Y6I9-U8GR47FO-2700VRYY},0
{N3B4-Q5TJ04GH-8809ZTPO},0
{J3Z4-X8QP50PG-2365JUIH},0
{L2I7-Z9MQ25EI-0384HRLD},0
{M2D4-V3WI88CP-0107IPHR},0
{L9R4-C2UB02PO-9099TLWR},0
{T8Z6-P0SU11QJ-6919LLEX},0
{W0Z9-A2RI76MP-3752OJCD},0
{Q4L6-H0AZ50SL-1919PRUC},0
{U2K1-G9YV40DS-7310ZENM},0
{Z0R6-V1WA53NG-1074RAUB},0
{X9K7-B9BF58UI-9212SCBT},0
{U9H8-N1YF87CY-0095VCPH},0
{X2D4-V5RA09RC-9434JDPU},0
{M3X9-K7SL99AU-8510AFNN},0
{O7Q2-Y9ZI45AJ-1884YDEU},0
{B3Q0-K9AJ65EH-2884UQLV},0
{O7V5-R0WG78LT-0159VXPX},0
{L6M3-W2TV94NZ-4415OYEP},0
{G8X0-A1AR02KW-6506SGZL},0
{E1G2-T7PZ15QF-1293MLZK},0
{L7B7-H6LL08MC-7534NVDO},0
{Q8E8-I0ID72VA-3683CRIT},0
{U6P4-G9RN33AN-7000GVNT},0
{S0O6-J1JU06UK-6813DGNS},0
{O1C6-Y6UJ76YM-2541QXCZ},0
{O1S3-C6ML55TO-6134IOFS},0
{S6Q8-G1NR46DT-7827NCKQ},0
{N4M8-X6SI40PE-2966TCCP},0
{W5G4-Y9LK40XR-1586INXA},0
{M3Y1-X3UV35NN-2344EPKM},0
{R5H3-A1AR08CS-0371GOIN},0
{Q7K4-P2FS50NG-5256NGJR},0
{E1Q6-G6PY38RV-1140CZQU},0
{H4U4-P9EN78RA-9902XOGE},0
{G0W9-K8XS05HC-1167NBRF},0
{X8W3-X3DV43EA-8504GEOU},0
{H3N2-W3WL79RF-6863NZVK},0
{R6C6-A5RT82ZG-9686DBGY},0
{D8N4-K0KH47RE-8841ANIC},0
{X8G4-X4AH68LT-8997LXUV},0
{S6Q0-H9SH18FD-0316BHUQ},0
{M1W6-T6IF11NF-0388JAKR},0
{G0Z7-X0EM81KR-6486RIJU},0
{J8Q7-V8BX43EO-2198SORX},0
{W5I7-E3KQ32GU-8363IIYL},0
{U8A7-Z5UR91BY-5272VJQY},0
{G9J7-R7AR37DZ-2928QYXI},0
{J6O8-B3LX42NV-3523ZGSH},0
{P0O9-E8DY27BG-1704NBRR},0
{T8B2-R6JY30TX-8183VFTD},0
{C3E2-T4VN19AK-4594WPIQ},0
{Q1J1-X3OD25ZT-6780PMZD},0
{X0F3-V7LT01CA-9056GTXE},0
{V1L3-C4LW67TB-8398TVTF},0
{R4V7-M2RT43IW-0498NGSA},0
{H4A6-K0BK99GY-3388NJIH},0
{D9Z5-O9CU62EB-9921YAKL},0
{M4F7-M3SZ30KQ-4988OLXH},0
{C9I1-P9SR42BK-7824BDYV},0
{M7X6-F2VA53KS-7748TPBW},0
{B5J8-T2GW08TJ-4044KXIQ},0
{W0D8-H3AG53ZU-2838ZOHN},0
{G3J6-O6XO70AO-2157PQXO},0
{S5J5-N5QM69XO-7429ZHCR},0
{U3X6-V7AK20CZ-0107WEIC},0
{S9A2-H9WT28LJ-8225RANM},0
{J7T9-X1SG25IB-8422LNZT},0
{S2W7-A9UG84JV-6683ELZO},0
{R3N3-X1WU86DN-8798HYPG},0
{F3Z3-Z8MF84HW-5037HRKZ},0
{W7G0-B4KZ35LA-4256XLGP},0
{J0D8-R9EB93WU-3863RJRQ},0
{O0V5-K2OV86MX-2641EPMA},0
{B1H6-A8HZ34JS-6947CNYX},0
{W9H4-N7QJ44XQ-3648NWGK},0
{U7Z6-C1VX65FZ-4161ZMVX},0
{R3J8-V9SK04MN-8555YNVU},0
{A8J1-X3NE39MM-5681XEIE},0
{Q4C2-B9TE30XI-6785RPSQ},0
{K8I0-D6VF49VI-7760JOQY},0
{P9F7-G5LN53BL-8965ZRXU},0
{M3G0-U3IP63ES-7358DYVJ},0
{P7S6-W5GV04UY-0575UUKY},0
{H4U2-U8TL91UB-9186OMSD},0
{P8J1-Z3JI43VI-4677FABD},0
{C3M1-H3CM83SW-4826EXXT},0
{V8S8-R4RK54ND-9327XOMY},0
{B4B1-D7HP57DM-1791KDRK},0
{S7T0-G7EF45TZ-4667ZPMI},0
{L2R7-S7SZ63WL-9848HFHX},0
{V5O6-G2CC92VQ-7452GOTB},0
{L7W3-L8QP71BZ-0143JDCW},0
{J6M4-D6WM56LU-4650AEYD},0
{H5U5-B9OI02VR-3846SGNK},0
{Q0A5-E8LS20UN-3132CKBX},0
{A4Y1-O1UC61NR-4279VNDY},0
{U3E1-Y9WO34KA-8840AUTH},0
{P1Q7-K7ST04KK-1717IDVA},0
{Y7K6-J2NM88RA-8938CTML},0
{F4F3-D3DG46JS-0665CIVY},0
{G6V8-R0IO62XL-1143LOAQ},0
{O3S8-L7DH86DZ-8129JHTZ},0
{W2H2-X5WT35IU-4224JLFA},0
{N3Z0-D8EC15MV-1339WBJY},0
{B4M5-H2SN51UO-5420NZMZ},0
{X3H1-T2GP16DV-3061FXOF},0
{S3U9-A9TW41YG-1682LXTU},0
{O4I7-K0JX39UM-6405SPNC},0
{P0J5-U0KX33OC-8942MEPV},0
{X2X4-O9YV80LP-0213ZKUW},0
{R6F8-U1WK94ZP-1080ORPF},0
{H8E0-A7HY25YM-5402PIJL},0
{Q0H9-L2QG90IG-7915ETCN},0
{V8T0-N9FD99NM-5387XXSP},0
{L8R2-F8PR44JY-8409CWEY},0
{J8Y5-X9LP91ZR-9274ZUQH},0
{B6U8-I3PZ06BI-8373UNUB},0
{L8C0-V5SE81TB-3453ILGQ},0
{I4W9-U1LZ48TV-1400CQRD},0
{K1R7-B1RS22YY-5132OFXW},0
{V1I6-E6ED11MO-5055LVTC},0
{P6L2-I2JY00EH-2921JWTH},0
{G5X0-A8QX68VG-6152MJNO},0
{M7X1-C9MK98NA-8492VVBY},0
{G6H0-E5YU59OL-4831LLLW},0
{D3Y5-P3RM50YM-1409GXJG},0
{A3R3-Z8DS56QG-4253ZBJU},0
{S9Y9-Y9UK68WQ-1305NNTO},0
{N5H2-T6MQ71TK-3566BUVA},0
{N0H0-H7PG24YQ-6314RAAS},0
{Z6Z1-G3IG25KI-9362ILTI},0
{A8N9-D9YE22DL-1002APXN},0
{A1M0-U9MY54MC-6372UXSZ},0
{N4G2-V7UL79EI-7040MZBG},0
{E2K4-R6UN72PM-4090ZVTQ},0
{K4Y1-B9NQ06ZS-2608WAHY},0
{Z2U6-K1SA50AS-3528SVQZ},0
{G9C3-L4QZ26IN-8186MHBM},0
{L6G0-U4LR05VJ-5497HUIC},0
{A7L7-A3FX09QB-5813SKAW},0
{I7N5-U2ZF98NT-0269HGUH},0
{T1V9-K5KN22IG-8511HOXD},0
{E6C6-F7UG45XG-6102IYMP},0
{C6K0-I0WH17SU-8158IIUL},0
{J1L0-U9LW74BP-1222CSAZ},0
{K7K4-W4OB15FD-6774VILH},0
{W3X0-L8SC47OP-1808IDFT},0
{W5J7-E1GP09HP-8430HLTC},0
{W9H6-T7HJ08GJ-9379ICQF},0
{P9S5-U1ZX55FI-3475JZCP},0
{P2G4-N3MM57QT-5135AEBH},0
{J8A0-I9WI31WG-2300SHAS},0
{S8N8-X8BU47GS-1794FUCJ},0
{D2T5-H4SR39HR-7421GGOJ},0
{I1L5-A8PC46IT-8945HSZD},0
{Y2K9-T7OS07BN-9917JDQQ},0
{E9N8-V8EZ91UY-1541IDRN},0
{S4G4-R4KC26MV-1279UDLC},0
{K3V7-H1SJ28XN-2568JIOO},0
{G7P3-M3TU70PS-2264QUPT},0
{Q9O8-A9EU81XQ-2234OOGG},0
{X3G4-W1SM77SF-6194BWIA},0
{L4T9-C9WQ05EK-5467NYEW},0
{J0T5-O5GG57YU-2151HPJW},0
{J8L7-T3PX23NW-6101VNWR},0
{B1Z7-M0JD98RL-4368FTRI},0
{G7O4-S4DW83SV-3821VUAW},0
{L2S7-I0BT36KO-8510QTRL},0
{J7R7-D5PS96EV-4744VMUS},0
{W8G9-I2BC50EV-2933NLTA},0
{A4P1-U2UZ64RT-5617NQSO},0
{E8Y8-Z5WG13TX-5871APSW},0
{T8W0-G7DI16XJ-9586YGCV},0
{X2A7-U6VR82QT-2015QGJL},0
{D6S6-F9TY23DO-1650DPVC},0
{M5W9-D4NB55LH-6006QHKH},0
{L0K3-Y6FT78NV-7828GMXO},0
{L2W5-I1DP78CT-2147YSBR},0
{U4K4-C3AH07IX-1407DDYQ},0
{A1X8-Q6YB21SH-0195VQIL},0
{Y9U3-D5OS48OY-9313ZVQT},0
{I4M2-S7FT83JR-1046TEZX},0
{P6L8-F6EY15DY-3385ILNK},0
{R1N1-T0HI10ZF-8348AGWT},0
{K5D1-N8IJ52MJ-4344DBQO},0
{F4D3-K5FB49GB-7427UCFR},0
{P7N0-J3BM05ZB-4212EXWK},0
{B7V6-J8DI70YS-5882WTOP},0
{J7U0-W1QQ73CJ-4184FIOG},0
{V6C1-V3EZ64XI-2047AFON},0
{J6P8-L4JI78TV-4384KPEL},0
{K9R3-F5NJ52OC-6952PBMF},0
{Z7B1-G8TZ16LU-2881MNQL},0
{F8D4-C0AA36QV-0960VQEX},0
{J7U9-G1VC31XV-5810HWJA},0
{P8Y1-I3LV52ZZ-9041LMNB},0
{X5N6-R6KX10VT-8001JHHH},0
{U3E5-V5SR97KH-7776HZYQ},0
{B4Z9-Z3BH24FG-4408XZCX},0
{N9C4-N6UK88PO-0705POVX},0
{A4C4-Z5ZR67BS-5699ROEY},0
{Y8T5-J3MI40YH-9079AERQ},0
{D0B1-R1SV59HT-2138RTHJ},0
{O4S8-L8GG00KT-6844IPQX},0
{D6W5-J5FG64NY-7747CSVS},0
{I3N0-H5JY73FR-2338DEQL},0
{U2Z7-T9JA74OF-3442NXWH},0
{D1G3-I0GM91SU-0832ORHH},0
{I2D5-N3XZ47EX-4128FJOJ},0
{C3L4-D1OA69RT-8731GOCM},0
{A6R7-H8AQ59EP-6666WSUS},0
{F2B5-Q3LU11PT-2210LGHD},0
{C5M0-M6FL94LZ-4910VROB},0
{R9K3-W6ZI46TH-3685PBWW},0
{W7V7-F1ZR16QB-2000FCNV},0
{H3Y0-S0AR26TT-8812TQPM},0
{G5R0-J7ZR94FL-1226HZQS},0
{D7V4-G3JU77MC-3072GDJY},0
{D4A3-S0LB16WW-2672PSSM},0
{H7P9-Q4RA61RY-4829ATNE},0
{Q3A9-H2UL87TS-9546BEAM},0
{S6J1-P3HT16WV-9430VQCQ},0
{K0M0-J1IF50VI-7521QSKX},0
{B0D8-D7VC09EK-3715SCVS},0
{W0F9-L6BN12DY-5756GXPD},0
{I1C0-Z7HH87BR-5610JIKK},0
{L4M5-P4JB28EE-3756WQTP},0
{P4E1-Q5NH50OK-3814OFJL},0
{L4A9-I7KV95EC-9962VJXK},0
{F4X3-X0ON58BP-7227QEDQ},0
{C0P8-M4KK83OA-8609YVAM},0
{D5A5-T8QJ45LE-7343XKPF},0
{J3G4-W3HP17QD-7191XIGL},0
{W1S8-Q7JI73FT-3849THEH},0
{B1F0-Q3CL57TU-7931GGFC},0
{X0A4-P4WA92FB-2956YZTG},0
{L6X4-N3HC31NV-4395YQWP},0
{P1D7-A3PC47MA-6608VMMW},0
{Q3E1-V1JE15BY-4532SGHD},0
{X4M7-C4WZ37NM-5156HAFE},0
{S5G3-T5GK63FN-2282ZTFJ},0
{L2G6-E5ED85BR-5135RKXY},0
{A2R2-W4LM26AY-5289ZJPK},0
{E2V7-N6PU51HC-1203KLUM},0
{B2A4-N5HX66KH-6891XRJA},0
{R4S6-Q7UW77NZ-2099XQGI},0
{V0P5-Z3YQ11PC-1230NLXL},0
{U5N0-A4CS49LD-9976WJCH},0
{T8L8-R0VU61EJ-6383DNCI},0
{Y0O9-P5UX98CT-2354FGQF},0
{F5D8-G1KS10IO-6860BMIW},0
{M3G5-K6BP32QX-2831LQUE},0
{H8K3-D2CO74FM-9822AREZ},0
{W1S8-W2DV20EJ-3744DBTC},0
{F8Z3-H4KO51UP-3456NCWE},0
{X9D1-F4HO13RU-2532XPWB},0
{J2L0-Z9PL99CX-1350GHXA},0
{X1M2-W4UH69IJ-7238XEWP},0
{S6T5-Y1PE38FU-3764VXSC},0
{L0U7-R4TA24VO-5204LSEX},0
{U3X4-H6MD27BJ-8754VLYQ},0
{Y1O2-Q8DK02DQ-7168SVCU},0
{C5Q6-F7KM61DW-6336CXOK},0
{K5D5-Q9DO09OH-6825WDWE},0
{U8L3-V1GC64WE-3745ICMJ},0
{E9P5-Y2XB97MW-9039AECG},0
{Y6M8-I5EO06KA-3941FQEB},0
{G4J9-G7PH82OM-0267ILBW},0
{O5W9-N8CJ87KA-8616EXJJ},0
{R4C5-W6EN14QI-1660AXKI},0
{G2Q8-Z4ZI02BV-1296YSIZ},0
{D6G7-U6EE42NB-3925XRHD},0
{L9Z6-P3CS00VM-4004LKGZ},0
{W2L2-S7EH82CP-7281IXBA},0
{X5T4-J9RM44DJ-2125KPDT},0
{M4E5-Q3OG24OA-2649QVTT},0
{H2A0-Q6FG92XD-8782CBYG},0
{Q9H3-C0WN40FE-6741LNXD},0
{W0L1-W7IX05MA-1223KITT},0
{R9S1-D9VL47NQ-0264RGRZ},0
{I9Z3-G2GH04QI-6819QSFD},0
{O0O0-J7AV48FB-6779KFDU},0
{I3D1-A1RK65QT-4988DQXD},0
{V2F5-X1ZQ57IM-3897CFCK},0
{F3Q8-T3KE95NK-6759EIKK},0
{S5T6-W9DR13UZ-6936ZSGJ},0
{L1Y8-F6ND41KI-9374ABGB},0
{W3Z2-W2SN01QN-5090VFKJ},0
{F2D9-H2DK82YD-9325EZZO},0
{B5H3-E1UF70BP-4963GLDC},0
{V4K4-P7VV89WO-6885ZIDQ},0
{L2J2-D5UL08SO-7034KEPE},0
{C5Z0-P0AA11HC-7729NYZV},0
{F5Q1-O5AN92ZU-1623TEXS},0
{S4L9-J0OI54CK-1206DCQW},0
{R2M7-Y3NP76CP-1245QLRU},0
{B3N6-M9JB75DU-3606ZLAL},0
{J7S6-O9UZ43EW-5993ZHDW},0
{A6K8-N1NV31ZV-4084QFUT},0
{Q6S1-J1LB86AA-1428PPRZ},0
{K5J3-Q2NW15SO-1627ECRX},0
{N4B7-K0NY60EI-8629TOER},0
{W2V7-D9JA22MZ-2931QOTJ},0
{V8I8-S6RR73AL-7025OGYQ},0
{J3Q1-K7KU19PG-3956ILMM},0
{Y2K0-X1DN85UD-2482AFZP},0
{Y7Q0-H1RZ92IF-1079SOLN},0
{X7E2-P2YM68YN-8523YWUI},0
{D9X6-R3TY02OD-9825SRPE},0
{E0K8-Q5DJ72WN-3188SJYB},0
{K8C6-D8YO71RC-0367AWAD},0
{R1X7-N7CR31QD-2349DTXX},0
{J9W8-H6PV74FF-3293FLKF},0
{Y4M8-U3AB60NH-0844FXFB},0
{L8N6-Z9ZZ39WF-8206PREF},0
{U8W5-P1NE51TA-0910QJKZ},0
{X5L6-G0YB95OB-9842OWMY},0
{T9Q0-I8YX52LH-0022TAAD},0
{Z5V3-M0JN68IL-1562OWMA},0
{Y5E8-N3VZ81VT-0246PTUU},0
{C4T0-O3FQ89LJ-5886NOFJ},0
{M3F4-S8XC13GT-0351AOOS},0
{Y5W3-A1ZW44JB-8169QEMF},0
{S5Z9-D9CM84EX-8473EUAY},0
{B3K5-J1XT98JE-7530OCWK},0
{E5L5-I2SZ27GS-6626NVJD},0
{B0U7-U4VM94UC-9603HCKP},0
{S1R4-J8LZ43PQ-8891BTTM},0
{N1Q2-I8KL88SR-0400EDOJ},0
{K5E1-G0ZH45RV-8327RTLY},0
{C2B5-F9US70JR-8189CNSJ},0
{R2H5-D1BA72EK-4999WDEI},0
{P9L3-Z8TJ21LT-0916BRSB},0
{F3J5-K2IT50YI-9325UENX},0
{H2P3-O4SY12MJ-2940KASX},0
{K0L9-N8XQ99CR-3196WNEZ},0
{X3K5-O4UF82HU-4730DKJH},0
{K6W2-T0DE66GP-1192XGPY},0
{C7T4-A8NO53YB-3399WMGX},0
{M8P0-Z2RA01EN-5412HCQU},0
{A9V6-Y5XJ55SD-0843PBUA},0
{G4T8-U8HE17LH-8797HDLM},0
{N1D8-G4KU37WA-9545LMEY},0
{Z8V6-Z9FT71GU-0670GUIN},0
{B8F7-Z2XH14XP-8380RGYS},0
{T1L5-C3IS71OY-3018YWKK},0
{N6A5-R0FE22BD-1695ULQN},0
{P1E5-E3JT75DZ-0592ICYU},0
{R3O8-Y4TP42WY-9749CULM},0
{C5S7-K9NB35MM-7817JCNN},0
{I3H2-I0KW30NP-6068VEDL},0
{U4Q4-B4CH97UO-2415BXOP},0
{X8F1-S7FV74QS-8524GSLU},0
{U1C7-S0TR50IE-0055WNBN},0
{K5C7-L3NM84WW-9315ACXO},0
{U1G9-L6QR53HZ-3992FROH},0
{S5L2-K8PE42VT-4276LYZP},0
{U0G9-J9OB16YI-2898SISA},0
{V4U7-A6MG61SM-8384NTSA},0
{G6M2-N2SQ08AE-5990CXNF},0
{T9J0-C9ST90GN-7391XSLF},0
{A8F1-X0EH26NE-1045AHRJ},0
{P3A8-R4BK59CJ-7785QXGQ},0
{N6X2-R8SS82CW-9785CHSA},0
{P2D4-A7PN65WD-1817NQAY},0
{K0Y4-N9MF11EI-3018OFPO},0
{K2I2-F4LL57EP-2831LCSI},0
{N0N1-L1AO39JQ-2901BXVZ},0
{A7H5-G8BC61KB-8054QPCF},0
{Y5A2-J0ZY31ND-8368CKGC},0
{U0X4-E3DZ98SZ-3963BGHH},0
{Z4Y7-D7UN12VI-4054VHBB},0
{N8Z3-U5FV89TZ-1009DVEB},0
{P5J7-E6KD62IY-1106QXCQ},0
{C5J9-Y8BW87HD-8509QNDG},0
{M9V1-N6SU54SO-5392XHAY},0
{X6Y6-N6DC09LJ-3591MEMZ},0
{W6T9-D6LW70CZ-9465JEOO},0
{Y9F9-G4CC15PQ-1594IVZE},0
{F0L4-F7JN73EK-2451TXJX},0
{E3A5-U3RH53DD-5489SANB},0
{K6M0-Y9NV06QW-7781AIFX},0
{E2X6-W7HC82CY-2991UIMX},0
{P3R7-M4KB15XF-4180XAQB},0
{F5O1-U7TN16SP-6538BLZN},0
{X8S0-G6CI16PA-8732LQLG},0
{E7D8-N4EZ08AR-1112ILFO},0
{K1T1-W6OW22SA-9570QZWP},0
{R0A1-S6VV16EW-7896LVQT},0
{O5B9-I8OE27SF-0123SEIB},0
{P2I3-D0CR17SU-1540AHSP},0
{U5W8-C4IJ63AF-7334GOJH},0
{I5F4-T8IU41DR-5124CAAN},0
{J3O1-C5ZY48ZD-2782DLSS},0
{P9U1-T4PE78UQ-9447HXGP},0
{C5C5-W8BO40CU-5672WTPW},0
{H1Y5-W5ZY68DB-6389BUGR},0
{F4Q7-F7YP08FC-0523FZSI},0
{X0K7-S6ND29BD-0447SVKH},0
{Y1I9-Y8PQ74SZ-8202OOQQ},0
{R6M5-R9RD38EZ-4546ELUP},0
{M8E2-S3KV07RQ-0005VFTA},0
{X0S6-X5OZ14FG-3783GELO},0
{V8W7-D2OU27SC-5421HDUF},0
{C5G4-I7VV16VE-9724HDLP},0
{L1I6-I7PN22UA-0017MPKM},0
{X7K3-K3PK31XX-8202DEYA},0
{O2N6-R1XQ11UT-3205RMYA},0
{V0S7-V6PU28WU-8414WPBE},0
{B5A7-S1QA11GQ-8764ANPJ},0
{G1U6-T1AF07UI-0566ZVPS},0
{P2Y7-U3FC89KT-7437PYBQ},0
{D7O2-W8MQ13SN-1870UTIY},0
{N2M3-V3EL64HM-8454PSVX},0
{D2V9-S1XI10HQ-1729EXPZ},0
{N1E0-Y0QX42DR-2238ALQN},0
{W8V9-U0EB46GA-6592POSZ},0
{Z2G5-P5ZS79XA-2530PICW},0
{D3G7-M5RE52BP-6767LRMN},0
{R6U5-X0KG24QD-2179CIBX},0
{U1D6-E2YW79HB-3543JKRV},0
{P8J0-V8ZB98OL-6498HQPO},0
{L4Z3-M7KF44RG-3092AYKY},0
{F3K2-B4XE52BD-6635TVZG},0
{J3W3-V8WF48EG-8403HIMJ},0
{P3J2-Q3FX21MR-2708UGPP},0
{L7T6-A5MX49YJ-5685AHKF},0
{P3Y3-Y9HY19GH-6698QWJE},0
{R7M0-Y1KG44DP-1812YKGJ},0
{M7H0-O6SS90JM-4104FYVR},0
{L7D5-K2HF92TY-1251DWAG},0
{Z6U7-S3SM20YH-7744UJVZ},0
{H9R1-D2XK89ZK-3983TZEU},0
{N2F4-R1UO42YA-9201GVVU},0
{C6U4-B4FZ61KQ-5127EAXQ},0
{S0V9-R6RM48DJ-1236WJXB},0
{K1G8-P0NM98YB-5509QUMR},0
{P1V8-X7WR47DA-8844SXEM},0
{Q6T1-K7FJ15EK-0819XCLI},0
{C0E8-R1XA65ZS-7491IOFP},0
{V7F3-E2BR28VL-9509QLCH},0
{R8M3-K6LG53HY-7073ATAG},0
{Z6D6-D4TF42GQ-5098MYCF},0
{I0Z4-O7VH52XA-9957VVBM},0
{A6C9-S6EQ81WV-7225NRBD},0
{N0U2-Z1QW83XX-6623IJRX},0
{T8K0-U4HK21NP-8030AUFJ},0
{Z7U3-P5QY90DJ-0627GGOL},0
{V7X1-T3GF37AI-1131GWUR},0
{P1W8-M9GR76BB-0872DPES},0
{K5U0-Y5VT84KM-8319OBKC},0
{C1G2-G8KZ99LK-9482JEDW},0
{E6M2-Q6RF89GN-9246HKLU},0
{A0H0-K7WW91EE-0827GHXC},0
{W1N3-O3ET69WR-0492GQUB},0
{M0V1-I6MD44LB-4348TSNA},0
{B7T7-S7MC52AD-8271BEUK},0
{G4O7-J7YL17BB-9059HLHC},0
{Q3O9-D4QZ10AP-5530FTFV},0
{T3Y1-C0SI12YB-9969VSJP},0
{H8H1-Y9CU55TP-9534ZTXQ},0
{E4V3-Q5MU65JP-9516NTNM},0
{S8B3-D0SJ37VB-8423MBHG},0
{N9C2-C2VJ07ZA-9533EBRN},0
{I9S8-T0SK71ZV-2902IKYW},0
{T7F0-U8ON75XF-5717KHMC},0
{M9U4-H4AG80DP-8879LHQP},0
{K3U9-T0ON59WN-9499KIRY},0
{R5F4-N4RF04HE-3364MXCS},0
{O5K4-D5GN90RV-0126AUXK},0
{D9J9-X7MT85BE-3648YIKJ},0
{P2F5-V8YX03LB-2860IWOW},0
{S1Q5-P5WC62UY-5304CBCL},0
{M8Y7-U0KV68VW-7283HLXD},0
{Y9O9-S4BZ34WZ-5629TTIO},0
{S7J2-L4SU12HC-5547PEVU},0
{G4R0-Y7ZM91PJ-1207LDHQ},0
{Y8R6-K2FW95OT-7083ZLGH},0
{N1L8-M5CI81ME-8299EVCJ},0
{V6Q5-V4UJ82RP-2037XVMG},0
{W7H2-Z8BV81ZS-1671ASVD},0
{D0J0-I2JW54WY-8718ILLN},0
{T2I2-A6TP42CY-6117MHSZ},0
{N8Y3-E5OL28MX-6227ILLG},0
{J6E4-S3PZ64RV-0739JNBQ},0
{O8W2-X2JE73PF-8909JVAO},0
{R7J9-B3TM01ZZ-2840GKLM},0
{M7X2-Y0UE72PE-6855FISR},0
{Q2A8-H2QT75OU-6828MQCO},0
{A8N1-J1FD07SV-7311BJUG},0
{V7N0-A2SR53ZB-3685RSFF},0
{N7M8-U3GM17ZD-3987LYMQ},0
{B4D2-X9EV84SN-9847YJIL},0
{J4K8-Q9WU37XB-7716TAFA},0
{M4I0-R9YA37QM-9986VBFT},0
{F7W5-P1DA90YI-2860GGRJ},0
{L4R0-W0IR75FF-1036EBBM},0
{V6G9-J6UI92RE-7166UTJE},0
{M1H1-F8FS16XL-8960XCGA},0
{T8N7-V0MJ70HS-0238ZATR},0
{T0C0-O2WY69XU-1975JQHJ},0
{R9Y1-L4HF97RP-0325UTEG},0
{U9C0-C9EJ03CP-6657NLNR},0
{U8W9-R4XF35WQ-0541DOJI},0
{G1I9-J0IP42XL-5725BWEV},0
{A2M6-H8AU35PA-9272BZAQ},0
{D7G7-D4IK52FP-1452VGDI},0
{O7W6-P7NH89BE-2335GTCF},0
{Z3A1-W5DA90HS-9396HERB},0
{W1P9-Y1EG67ZX-2290BQNV},0
{Z8P2-A0UM60TH-0662NSFV},0
{M3S0-K1GP43JS-0533RZGC},0
{P0F9-R3BH57RQ-2215OCVZ},0
{Q1A3-W4IS66UN-4537WUKJ},0
{G8V0-S1GN01DV-0086RWXW},0
{O4H0-T3KT54HP-2905MHJT},0
{E1W7-O7BB56OI-6575BXIE},0
{N4D8-U3JR92DC-0878BITN},0
{E3P1-Y2SG86IG-9038VGEU},0
{P4F1-F1FT33WD-7138WVJO},0
{O9A0-T5DA73YK-2803DRRZ},0
{H3S6-O9DC43KB-5718JWZK},0
{V0D7-G8UN01IL-6906FPEF},0
{V6K9-G4HS84CR-7801CPSF},0
{F5W5-Z6KK77IJ-7521AARW},0
{L8Q4-N2DW56CH-0206SYPQ},0
{U0Y7-V1JM30WY-1455JJGR},0
{Y4Z8-G1TN10QP-9783ISGJ},0
{V3V8-P0IA58DP-4105IYBX},0
{V9X2-X8HC98YA-6726PFRT},0
{X9R9-H9KJ30TC-1501LWJK},0
{I9F1-C6BZ16VV-7722GKKR},0
{W4T6-P6DC52FX-3472NJAD},0
{C5V2-T4YT50TO-7502BSRI},0
{E4R8-U2MJ71GG-4022TCES},0
{R0R7-V1PY69LL-3183SNTZ},0
{R0A9-E9ZV77MF-7501ULUL},0
{P3Z0-V2MK57CI-3289ILSQ},0
{X1Z9-Z4MC76RJ-4153XPZT},0
{O0Q8-D7HU96WU-7002LKYL},0
{I8M3-J6AS99VR-9712BXYH},0
{W7O9-A5VV32IF-3336YGCT},0
{D9D5-K3OW22XC-4341TTFF},0
{C4N3-M0JX53GF-8116KSCK},0
{K5Y2-Y5XV12UD-4141IANC},0
{E6H1-C5UH49YZ-8356TCCJ},0
{W6X0-G3RA47CD-0088FEAO},0
{Y3A8-Z6CX47FM-2188GRSF},0
{A0L0-M2HA76FQ-7901DAAH},0
{K3M2-X8PE04GK-6712YEHH},0
{D0V4-Z4HP64PA-9980BPPA},0
{G7O0-R5KC11OC-2341EZPT},0
{C7V2-B2VZ18FX-5265YKJH},0
{T8R0-K7AA51BI-9885GBPI},0
{E8U5-V5XJ04PY-6828EOOA},0
{H6R5-W3BR05AP-7759KKYZ},0
{R3N6-G3EW29VF-6006EWUD},0
{E4X9-B6GD78JL-6870QYKH},0
{X0M1-L6RZ42DT-8660UQSE},0
{E7L9-Z4QW51DX-0992HGYE},0
{F7W4-Z4UL52IO-2374CYKS},0
{A3A1-V2CQ99NC-7433WZEK},0
{T6G3-Z2MS26AM-2208MDNU},0
{F4P9-T3II56SQ-4586LYAG},0
{A7M7-Q7RV45GH-7961DTKL},0
{J5H1-N4NC19HZ-5486HAMB},0
{U8P0-O7DI53OD-0829VSRN},0
{I7B5-E0EA25FK-5213VVGE},0
{K1Z9-V3QK44CK-4033MCCG},0
{D6K1-M6KG13KR-5789MWMK},0
{V8U2-H2ZP38SA-6583CHTZ},0
{W5P6-U7JH43NK-5239NDVS},0
{K1Y9-R7JZ34VA-6290WFHZ},0
{W0N2-S0OV33KQ-8545DGKB},0
{E8R3-G4BO84IW-3147DFVP},0
{X3I1-T9EZ45EE-4531UBQG},0
{I8F9-L2FW94PU-3035TXKV},0
{F1W1-D8GP82WQ-2296JGZY},0
{P4S0-B2CI17BJ-5774UUUS},0
{L8D6-A9IZ37BA-5923QIMI},0
{P4C0-O6HG46MF-2494PXVB},0
{T2H8-Y7JS07HW-0251RVPO},0
{S0Z3-G7UP04NR-3735NOOX},0
{G1I0-Q8YJ04JE-7897OJOP},0
{L0H0-R3ZT51CE-7297AKZB},0
{Q6O6-W3ZH22TP-8525WRAN},0
{C1W5-U2BI37AV-0321UHEK},0
{G4R5-X8ZI05HK-2526QJDU},0
{S1C3-N2AF62DW-4062OPXS},0
{R0K4-N0YG88NE-6751RVYZ},0
{L4F5-W3CN56UC-5478NKSG},0
{M7R1-L4BE32DV-4842LDDA},0
{D0O5-W3UD22CV-5146HMIZ},0
{M7V0-N5UZ68KG-7213HJSJ},0
{I6U6-R2PC97UL-5787HVGR},0
{N6S4-I4GC98MH-2450IGLP},0
{J5O0-N4CG33KW-3063GFOJ},0
{Y3U4-H1HQ92XT-2362VGSL},0
{C5S4-N1SL23JZ-9469BBSX},0
{W1W6-T1CH44RH-9496BBXA},0
{L6F5-J9UO00KY-4872WPLL},0
{E7C3-I0HF78UA-1919DURW},0
{U7Q2-K1YM32TJ-2542LGAL},0
{S5M6-S9PO60EJ-2768CRXB},0
{D4H7-Z1RL70DB-4789DYGW},0
{V9X2-D1YQ77QU-2172EEZZ},0
{M9O0-S3KE29VX-0497FOVR},0
{H5W7-T0OX56DE-9619QTHM},0
{G4O2-T0RN63VT-0905KPHT},0
{E5S6-C7PJ62FH-9102UBXT},0
{B2K4-E5RP09CF-8303DASJ},0
{X7G5-V6NG80CY-5799YSSZ},0
{Z8E6-H1ME79KV-1227JMGX},0
{P7C5-N5PJ21CA-8716DPRL},0
{V0O7-T8PA74XK-0113MONJ},0
{V2F1-C5ZI39GR-9081RAQS},0
{X8Z9-F2IB02IJ-8733XOBJ},0
{D3F9-Y5AA50AF-3587CEDB},0
{T3N1-B6RV48WF-9996YDVO},0
{I3X8-Q3FC44NL-3143EUDR},0
{L1P5-D0IP98NY-7465YFMU},0
{S3M5-R0HV46AT-7260QYUK},0
{H1P2-R4DJ48KO-3556AOZO},0
{S7W7-N1UN42TE-0081DKSM},0
{K0B8-R3KK31NR-2824OPFK},0
{Z2Q2-Q9KA14ZC-3160IFES},0
{L9A1-Z1MJ91NY-5930FWSY},0
{Q7A5-G8FA33EG-1062DUFP},0
{B7H3-J5AW83KY-7393EPVN},0
{N2H5-Z1FK62AQ-9505EZZG},0
{R6M4-D0GX68WY-4096OAWT},0
{A4N6-K5RI44HD-5794PNDC},0
{B3B9-J0JR91VU-2316OHBT},0
{V0X2-A3YZ06MK-7467WRAO},0
{L1Z2-V0UN94HI-3312EPSV},0
{X0L9-C9ST95DT-8266GDJR},0
{L1T9-H2MJ31ZB-6069DQKJ},0
{K6W1-W4AD19BN-0020FZTQ},0
{W2S4-T8IV95ZS-3165YGON},0
{X1P4-H5PU19PK-9581OKYB},0
{M9C4-D8AU10OB-6658TMVM},0
{S5O5-G3AL46ZR-4616OKCV},0
{T7S2-L1ZD73LC-6280FYFV},0
{N5Z3-S8CN48TJ-6827VDOR},0
{K8T9-V7TU98BP-8537RESF},0
{I9Q0-C1MJ32DQ-4652VBQY},0
{T9B5-O8ZW30IJ-5692PTWV},0
{I2J0-X3DC41DC-0688BAGQ},0
{D8T2-R9QV63NH-8763RZVP},0
{M2R9-E6KF77CB-3863JNRD},0
{G4O4-Q7BZ44SK-9148ZLNI},0
{Y6I9-I2UZ55NF-4461MIZT},0
{Z7S9-H5VU64ZA-2848VQFW},0
{C0N1-R6GZ14QO-5077PBPO},0
{S5N9-I8TT40AT-6407PQBD},0
{S0V7-R3RS90IS-1679VFVL},0
{R4M9-H4TM86ZZ-0583GLIO},0
{X3L4-L0OS55KR-5067LXOD},0
{G2N8-G4CJ97WY-6789CCDO},0
{E3A8-H3VC83NQ-6915ZANW},0
{Q7F4-Y7WC89IM-3531WGTW},0
{P5W8-C8NF26FO-7465EVGW},0
{H6R0-X4BO68NP-0234NSGA},0
{X4T3-K4OM74TB-5482RDYJ},0
{Q6I8-B6GA22ZT-9065DKWA},0
{P1N4-V4JB25AD-4673XBXP},0
{U3O2-X2XN26WG-9581UHJN},0
{V4U3-B0UD04UD-7714QZYD},0
{R8D9-K0BQ89BN-4555ISDX},0
{U9X1-K9ZX92UF-3890LBIB},0
{X4F9-R2MX33VQ-9671CRMS},0
{M0S6-K2YN08MY-7124NPXB},0
{C7R7-D9OI38BM-6321RNGR},0
{J5V7-J0OK99LG-8572WAWU},0
{S8S1-O6BY10SP-5050RTDA},0
{A2C7-O3AU77KB-5315ZHOS},0
{U2J3-P9WI96UH-9460VLSP},0
{O6H7-D0MR78AE-8048SSVG},0
{P0K8-F3CQ31TA-7188LGDA},0
{D9C3-J4WU23QH-4677QSRE},0
{P6P7-C0RS95WN-7434APJO},0
{R4K7-N7UR99YP-8951HCHZ},0
{F6A0-L1OE32TE-9123FDLI},0
{F7F2-R4YL86LD-1488WQZQ},0
{P4F0-O7QN38LY-8477VNQT},0
{Q5Q4-M2YD78HW-8915SXHJ},0
{H6M7-X8OO54WJ-2733REME},0
{T5C9-Z3FA41VJ-6127PJSB},0
{U9T3-P3PS31TR-0866KEKL},0
{M3V1-A3JQ70DE-0891ZPZF},0
{V7U9-F9TF73PH-0363MBPC},0
{E3S4-P9CC40DH-1980JSLF},0
{D6F4-U3YS13RO-3351YZAM},0
{F6R2-X3KV75BC-3842OJAN},0
{E5G0-V1XP21IU-8188DLIQ},0
{V1B7-O6VQ25NJ-2634RVKT},0
{L7G7-P3FO02OM-3994WBWA},0
{X8I7-I2UC06XH-2980YATB},0
{M2Z2-C0ZA52QJ-9756TTLR},0
{Y5O6-W5HC29ZP-2323WPFC},0
{D6Z0-F2CJ97DD-3195RMXD},0
{S1L6-K5YD35QE-7711YHDO},0
{E2C3-B8EQ63UU-4070BVDQ},0
{G2Y9-I0AV61PM-0819BURG},0
{S2G5-B7WR31PQ-6910PFLQ},0
{W7P3-F7FL39EO-8088GQHV},0
{I2V1-N7BP94TP-4575QKKU},0
{V6O7-K7NZ37XO-5371OAJM},0
{P7L5-Q2IL69MF-8187ZTGI},0
{Z9Z0-B2GY67QZ-2091QITR},0
{N9Y5-P2ED86RH-2258BJJI},0
{S8D6-G8TD39IG-3763NVPK},0
{M3V9-F4MF63GI-3477ZVEC},0
{I8W7-L3ER82IB-8430PKBG},0
{L2V6-L4ZS16XM-8092UMYX},0
{Y1T3-C0KT12FY-4166BDDO},0
{X4R8-F3WJ08HF-2858BWZX},0
{W5B7-P7ZB87TZ-1421POJT},0
{X5I4-Z0DP16RN-8813VFWP},0
{K2I6-B5ZG88HY-2466FIXT},0
{H0D7-K8DS49ZX-4771XOXO},0
{D6K7-Z9AI02EJ-7909UQTM},0
{G5B9-Y8HM04UB-7932BKDP},0
{U6Y7-X6AW20BU-6492HXZE},0
{H3P3-W3ZZ04ZL-3193AXLM},0
{A6A8-S5AQ98ZE-1250BICM},0
{P4B2-P8DE50GQ-3342VVKN},0
{S7J7-F0SO45YV-3310BYCZ},0
{Z6Y1-P7PE49JE-7974OWSX},0
{I6H6-P5HC42KV-2004LUZN},0
{A1A8-K8CP39DU-6650YUNE},0
{L2B8-I8NH47LL-4269CLBP},0
{U0G5-I1FF01AT-9459IDCN},0
{S2K1-E0VK62RV-2523QBJA},0
{H9L8-W7SS10PC-9118SCGV},0
{F4X5-I1YX72CO-2360BPJH},0
{R7M2-T4RX18XV-5446JSYA},0
{Z5V7-Z3UF16YK-1381GKUF},0
{H0I5-S3NC57TD-0901IZEQ},0
{Q4N2-T5OO55IH-7403JATT},0
{H5D6-Q5VV18OE-4793YAPK},0
{C8F9-J6VW42HM-8685MSYN},0
{Y5P7-T4OJ38TE-7287KMSD},0
{Q1Q8-L2UU32KE-6544CKMY},0
{R0U1-Z1IE30DH-4917NECC},0
{S9D8-I4GQ30TU-9966DQLS},0
{Y2W8-F8BI49TA-3260EYGC},0
{P8F0-N8BT69YJ-2030QTVM},0
{T1S2-H3EB71SD-9716YHKW},0
{G7R4-T5SH78AK-4697KGAZ},0
{P8C4-C0SP09DM-8459IDYT},0
{N9M0-V5TD32CK-3079AUJZ},0
{Z0V8-S0UA29ES-2220YYPS},0
{A6F9-C2WN87XJ-1284TIVR},0
{L5J4-L6EC58QG-6751LQKU},0
{X3D0-U8VZ93XK-9417KXFQ},0
{J9W3-J3CH15LL-0335LVEF},0
{L9R4-K8CL19EQ-6976PLAD},0
{A3S1-R6BS54IT-1915QQHG},0
{O7J3-N7KW87AQ-7077WQYG},0
{M2L3-N8SK59AD-9880DDUO},0
{N8F7-U8MD02DA-5192DPRX},0
{C2C1-T4PT59GA-0879IXER},0
{D0J6-J9UP62TM-7067AMYB},0
{D6U0-T4GX04PC-0761FFAH},0
{L0Z9-F6SQ72MN-0940CWTX},0
{T8K0-T1DE26MD-6779ZDVJ},0
{D7N3-N4GP10EE-2010TAUK},0
{V5K0-T9GG29MG-7750KXCE},0
{M3I5-R2TO43CO-0680ONES},0
{B7V9-V5YC21HW-1815TJGD},0
{Z6B4-Z8BN31KH-8526GDEZ},0
{X6G6-U2BS79SB-7029GGQA},0
{C7S7-J6SI21VO-4104SNTL},0
{O7X1-L6IH06SN-8287AOPP},0
{O4Y0-I2OP16VW-3990AOCG},0
{L0E8-N1UI31TR-1575BBFR},0
{B6D4-E4QY44HS-6029WTSL},0
{C8U7-R2JB25ZG-3413XZUQ},0
{Q0M5-I8GU47ZA-2653TRBO},0
{V2P5-H2MP69PO-6647FNIQ},0
{F8J2-G3TZ42HA-3051PECO},0
{K3F6-O7FR15GE-8060PNWA},0
{J4E4-S5XA36JX-3179DVQZ},0
{X4S6-T8CR21EK-6387PQIP},0
{U0M0-N7RW50RK-3530ANPS},0
{A0U1-Q9CQ66BW-7266EXOB},0
{Z2X1-A8CD14XS-3946BCFE},0
{H0V8-K6WQ87JL-3119IWQK},0
{R4D7-W7QX26MN-2986PMRJ},0
{K4E2-S3MK49HU-1749KIOY},0
{M3N4-U6IC34EB-7712HEXA},0
{M0Y3-Q3YL20WG-3891ZREQ},0
{D8V0-R8NI69YW-0943HHNC},0
{D4Q4-M5CY49JU-9690IYQJ},0
{M2Y9-W3SM41PX-1196AWYK},0
{K4B2-G0PE37SV-5783PVXC},0
{R7V7-Y1XT17MF-5648LHIT},0
{V4H7-I6AQ48FO-0542GOSC},0
{R0D9-V6AJ98HU-3283YORG},0
{Q5B6-E8NX32UI-9819NVGZ},0
{E2X7-V8DZ60CP-8704LVOZ},0
{J0V4-T7ZJ59FL-1559ALCG},0
{O5Y4-T0RP77YY-4025QVGI},0
{P5W5-Z8XG25JF-6870ABFG},0
{U0O4-J2UG84CH-1340JBDU},0
{P3V1-P1SA32AG-6959OUFP},0
{C5V3-W2XF26WZ-1456WBPE},0
{J9G1-G8BT36JI-9523QPSR},0
{S4N6-G9TY63QN-8530IRSG},0
{B4Z5-K6KI80PT-0872HMAC},0
{A0E2-T7SV30GV-1795BDML},0
{C1W5-T7EF70UG-2098FFFX},0
{Y6Z1-P5IS33GG-5026RHCO},0
{W9F2-E6JV28VJ-8019GQAR},0
{J0E0-Y7IE53GE-1037AAUD},0
{X0A4-K5ZE41WX-5659IJPL},0
{G7Z8-F3YN48LU-8812NIKP},0
{B8D2-F7CY94EX-1638WSHH},0
{L3O8-W1OM15GF-5320DXRC},0
{J7X1-H3TR59KM-5879BMAI},0
{V3A2-A6SZ15WU-5119UPNQ},0
{Q9D6-P5TB94EN-4932ZORC},0
{K1G6-B5RM78BC-8731PRRI},0
{M3W9-E9PR98AD-1753ZMNC},0
{G7C9-P3JH71ZN-3799ZONH},0
{G4I4-O4JO38XA-7193YNQK},0
{Q3F0-T4SI76FT-2549XLHG},0
{G8R3-X9BG33HY-2488LTGI},0
{Q3X0-U3PT02RF-3926YPYK},0
{A2G8-I1HC09KM-2108PYZP},0
{I1S8-O5SL37RX-3563ZSIF},0
{U6I7-N1XF55RS-9190GHUS},0
{B8L4-F8XP69NR-9982CKJP},0
{V3F0-O9DB67LF-7944CMZM},0
{O3P2-F4KG69GC-4844IXBI},0
{B1C3-I7OC69KL-1451YYKM},0
{V8O5-P3EX27ZD-0406LSDC},0
{P6B0-J0TM94MA-1615FHWJ},0
{N1H3-R1MY26HS-3382UDEI},0
{L3X3-V7SH70ZD-3885XBUJ},0
{J2V7-T2MI78BM-7455UWHJ},0
{P3Y0-H1ZV60DZ-5084UCDG},0
{V9A0-T1AO08OQ-7937TAMD},0
{N4Z0-K6FT47SK-4122OXIQ},0
{A0V7-O8BW10LM-1371XAHH},0
{Z6F1-W4TI52UH-9064HPFB},0
{Q8F3-A6AA85PB-4457YYSO},0
{P6Y1-I5SQ85GK-9182KVIL},0
{J6I2-C7BA59VD-2009GYVI},0
{L3I8-D5DE76EA-4557MRBI},0
{E1I9-W2PY77RR-6091FOVN},0
{T5P7-F5YL58RF-1383HWGS},0
{O7W0-T6XD55NS-6182KYUK},0
{R3G2-G8IF57JW-8501YBAA},0
{Z3K1-N3BD79QM-7871THUB},0
{H9N7-O5AU73KJ-4707RTNF},0
{J4B1-R0DT71HL-8836EBVC},0
{L5L5-R5BD63GC-2235OOWU},0
{W3S2-B4YE47NF-2860OHWN},0
{L1G4-G2SR89PC-2637JJYU},0
{J0U8-V6HZ50BO-0471ZTMT},0
{L3T8-B7VJ67XD-5915PNLX},0
{L3D9-H2OI32PR-6016PHBQ},0
{J3G8-Z6VQ72VP-8256NIQX},0
{V9R3-R7TT01YC-7219WEFA},0
{J2W7-Z4TM48AY-1737CHVF},0
{B8I8-D7JZ45AK-7132QXZT},0
{G4T3-R6FI12PK-6466HEAD},0
{F7U6-E2WA52KQ-6437MIRI},0
{Q3B9-H9IP60MM-1221SGRN},0
{N5W1-Y3BA91BQ-7291QDKD},0
{Z1V1-H6FH50KP-6485XJPS},0
{P5W8-D9AU08IK-5330TPXZ},0
{N2E5-X3AG17ZH-8649RSYE},0
{H6D6-B0UH17LY-3132QHWL},0
{V0B1-F6YY26YU-4333KOVR},0
{Y6H8-Y8FL25ZQ-0004XJFV},0
{B6F2-T6MP45NI-1543BMJH},0
{I3E2-V6NB89DC-6397IPVR},0
{K3R4-M7WR71GR-8672DPRN},0
{L3Y5-G4VH13YQ-0505TILV},0
{Y1T9-L2QD53JM-9149YZBW},0
{D5Y5-T3CY26WM-2295DFJW},0
{Y4C1-L9RN15CR-0721FJFP},0
{Y9I8-J9XD00XC-8581XMPH},0
{T7I8-M9XV27MW-8815JCHK},0
{I2Z2-S6HF78KH-5129TIHP},0
{H9T2-E2OL40IP-3205ZIEP},0
{K0L8-S8NT20XO-4558BYAQ},0
{J9B1-P0UI51OM-8272RUUD},0
{J0I5-Z9WV03YO-4667VWSE},0
{B4I7-C7TF35ZC-6544QBXS},0
{Z2C3-T1SB39AD-2461PTXV},0
{B4Z5-F8CE04TU-4068YKGQ},0
{U4J1-X7JA31TA-2687XAAX},0
{O2G5-L5PS25KI-5603SCGH},0
{V7I1-F0NX34VG-4053YGSE},0
{L5U3-R3CJ93EP-5793QDXG},0
{I8S9-Y7SJ83GP-7254XVWP},0
{J0A3-Z2KC10AG-5643CHGK},0
{N3M7-I1QK63IW-5802EYQK},0
{A4K5-H5OL76SS-5437BWJP},0
{C3D7-I7IP62PN-0847LWLA},0
{U7H8-V6QS11FD-7645ISRF},0
{J1W2-J2JF48YN-7944MKCX},0
{S4I1-O7LO10NM-3378TRXB},0
{D5V2-D7VS76IL-0149QPKY},0
{B0B8-W4QA64ZH-6953MVOQ},0
{O7N6-H0GQ06KI-5459QJYH},0
{A0L4-C7JT04BT-5649UIQX},0
{D6D5-E0KK51GI-5987BCAW},0
{M4U5-A8MO40SX-6548ECFK},0
{S8P1-V2IL73ZJ-2445DCIM},0
{H7B5-F1LN87XG-8388ELEI},0
{P7G0-E3PJ68YE-2752HVYL},0
{S5T6-F7KT89FS-4583ZJIA},0
{A3T0-R3ZU15VW-2302VNSJ},0
{V5A3-W1ZN69ZG-4714BQNY},0
{E1H6-W2DZ26MS-3638KBII},0
{I5V5-S2ED33VO-4860CGQX},0
{A1J0-L4HH28RJ-0429SYGM},0
{R5Y3-G2ZN20MM-1993BTWX},0
{H9S0-K0JR60KN-0336YYKI},0
{K2E4-R3AE38XR-7770JNWH},0
{I1Q8-N0HX23LI-0029LEGH},0
{Z4U5-D6KP44YW-7401TALO},0
{P7B4-Z8EZ32PY-6281QSFL},0
{R1G6-J7GV12FE-9841JFCY},0
{V6R4-P9CS32BW-5299LANG},0
{Q0M3-V9HV28KI-1556IXVO},0
{S0I6-N9AQ62AR-1804BJEJ},0
{J8D4-U3EH62NI-5400HHZO},0
{B8E5-V2BQ72SC-1481NRIN},0
{D6U3-G2NG79NW-1926EYWI},0
{O3Y8-S0KM31AD-8446WHGR},0
{O7Q7-B8UO24MI-3733XRJY},0
{N7S1-W9UY88YV-1452DYMA},0
{U3H6-V9ZV67YO-3855GYNK},0
{G8F5-Y5QG38XM-9283RXBC},0
{R9H0-U4OW66CA-4405XSUR},0
{G3I7-C5HS02YP-1696BOKJ},0
{S6G8-Z7EY97EG-1838HKST},0
{Z1W9-U4ZK06FZ-4001NHNR},0
{H2V8-O7WY26BA-8638OIGO},0
{H3E2-E7ES54QR-9396SVBY},0
{D1F0-R3TN21TK-4609HHNR},0
{A3J0-V2NW42QL-3115XIUQ},0
{J1H2-D0TO34TZ-0350TTDE},0
{T6O7-L4CO50TI-8405ZSQX},0
{D8I3-B9LJ60EZ-3481JKET},0
{E3S0-G3LO81PX-0573JBNW},0
{G4G2-E0ND61UK-7947SQBE},0
{H6J5-Q7WV88HT-3054TWCV},0
{S1F0-Y8FV25EG-3138XPZV},0
{D2V0-E4MS03PL-6744PSFG},0
{I8F5-T7YO92YK-7829HPJY},0
{Y6X1-V8VF88XH-3439YUIS},0
{S7R0-N1EI50CL-1339CVZV},0
{R5B7-D7MC14XI-1577THKQ},0
{D5U4-A6QU96XF-1245EUDB},0
{W5K7-E6IZ31JT-8714FUIQ},0
{X2Q8-L9SZ94VS-9136BYHV},0
{Q2F2-I5XX17HX-5578NEDC},0
{T9V4-N0AV06EJ-0163YRSF},0
{Z3G0-G0VY11CI-3338YDHP},0
{G3W1-G5RK95TJ-8444JRFO},0
{W8D5-B2FJ59JY-0718QSCL},0
{K3G9-F5AL72CK-6767HYQY},0
{W2I1-E7QJ99DX-2544HKZJ},0
{J3U7-Q4GU99AA-3439VMBD},0
{X1I4-C6JD53AD-1598ATPR},0
{O4N2-E9PZ37PN-0154QUKR},0
{L0H4-S8QH05UH-8233OJVM},0
{O5X3-M0XW09TX-3422DRYY},0
{W0S7-N0RJ11MI-3590BNTD},0
{J1P6-V9IH25HM-3102EWQH},0
{N2J9-U1NU01GZ-8624KYZY},0
{L0B6-M6RQ17ON-2685DSPM},0
{T6M2-L1CW30UL-0104FHRH},0
{E0H0-R8ZZ74DV-6450JSPT},0
{I2N8-H7FS22ZT-4929CMXP},0
{P5X9-Y0MN66FG-2863HNNK},0
{Q4B7-Q0CM80ON-4917LAYZ},0
{W8N4-A6OF96CD-6271OPOB},0
{H1A2-M6GN41BG-3040PNAR},0
{S7Q3-Y8TS80MX-0263YNKT},0
{J3I4-M9VZ43LP-6598OEIB},0
{C3D8-N0LA38CB-0110VHPZ},0
{Y2E0-M9MX54ZV-9491FFAX},0
{M3J5-U2KH00RS-9777TWYR},0
{Q6J2-V1MM49QL-5706NIOD},0
{Z8V5-Y5XU88JN-5325OUYV},0
{T5G7-A2VK20MS-3386EIET},0
{H9R6-S1WW71AB-7836GLWP},0
{L3U4-D6NI52BT-7043ZRGL},0
{E1T2-D6MI78KM-5522XYDC},0
{R0C9-F7XX47HW-2590FSON},0
{D3F4-O4MU32NG-1071IYXW},0
{F1X5-M1YD51VU-4354SDBO},0
{K7D5-E4WY57EZ-2946BKUW},0
{O8C8-B0OQ57VY-2617FBFS},0
{I4W1-B9ZI76RN-4839ONQM},0
{E5D9-C9OB65OJ-2688CJOX},0
{M9V0-A2SZ29DC-5838OIWX},0
{M0X1-N6SW61MU-8778PKAQ},0
{Y2B2-X3CA71CC-5690QIKL},0
{F2I7-P1WB04XI-8946MAAR},0
{G6N3-T7RU51TW-3629ORAK},0
{R2M4-D4MA10UW-5286DGWS},0
{L9H1-C3LI53WC-8978XFAW},0
{V8S2-K1RT89HX-6568BKEF},0
{V4O4-N8SG81BJ-2633JYVE},0
{W6M1-F4KS49UH-8845FWPG},0
{J3Z3-L2AF13DT-5683VHUP},0
{U1W5-P9YS22YA-4980YSGH},0
{S6J8-V1UP66JG-9894YCLY},0
{N0G6-W3DQ77AC-4400MGID},0
{H0A8-H0FQ29BH-6176PJBT},0
{Y3W4-U7NE99TB-2701IVQQ},0
{X0T7-F5RR36WC-4944VHIW},0
{O6B2-N2ZK33RA-2016KYUL},0
{S7D0-D5CN65PC-0994FLMQ},0
{I2A3-D8BR42JO-6504WGFC},0
{F9V0-Y0QM14KP-9287BQGS},0
{Q8R7-H3OD90LP-8058XJDS},0
{O3P0-P5RG02OM-6424PORQ},0
{O6E3-U0WH03PB-2840VKBJ},0
{G6Q4-A6CU23ZS-3840IAEL},0
{D4X6-G4BT95NA-6269KKOS},0
{M9J4-B1VX67FN-4839WGWC},0
{S0U0-E2LP48PI-4181FOFZ},0
{G2N7-A3DN02OE-1490DHHB},0
{J9K6-G1RC72JO-5229APCU},0
{F9M1-H5IR11GM-2536DDME},0
{Q2J6-U2PD03UR-1698FXYQ},0
{N4M4-U1KY98HL-1805JCUE},0
{O7P6-W3XP14BC-8969SUCW},0
{Y6H8-C1FK38DM-1538UQWN},0
{I2S4-S5ZG66EY-3697UHXW},0
{R0A0-G7TK46EN-4206WROH},0
{E6N3-I8YD47GN-9259CDJL},0
{O0Z8-K0HT23ZC-0559WHMO},0
{T0I9-H8YJ57YR-7043CEDT},0
{V3B9-H8GU03TX-5412LSQY},0
{N2E2-X0WY05EA-0243ORSA},0
{T8G5-X8KO21NT-2229SOIR},0
{G9W1-M9QS28QA-3882DRUR},0
{X4F0-V8DF26FF-0410CGTX},0
{D2D4-C8LV28BR-6017OSQE},0
{B9B9-I8PI55XY-9333CHEQ},0
{Z4G7-E5SG19MR-7383VFOR},0
{T4K5-D4OI37DX-3514ODML},0
{C8J5-M3XK87NP-5359YVFZ},0
{U4U3-D6DX04IV-3283DAYV},0
{T5Z3-M4CZ31KT-1130PEBR},0
{G3H8-N4OL40UF-0179WAVE},0
{C2T0-Z6PP51ZE-5873VFHS},0
{K1N9-Q5GK76YP-8676UICD},0
{M8S6-F7YV33VZ-3255HWFI},0
{H2M6-V8OS04IZ-7292ZCEW},0
{F5Q0-V5MB21ZI-5707ECLE},0
{G0R9-O4UN39EP-2426KBSI},0
{R8K0-V6BN65SG-5203APGX},0
{O9J8-V5FJ75LI-5545WUNN},0
{Q7J1-W9NF52JR-9654WCOL},0
{J1R5-Y4FU53UA-4333FDSN},0
{E9O6-D1DJ01YZ-4525OWDN},0
{L6D1-C3VH90KD-9578CFBI},0
{C8T0-Y1JR29RA-8942YTAR},0
{M3I7-V9ZJ66KB-5066CHMW},0
{S4O3-N7UM20BQ-4158DZCR},0
{O7W9-R8TO92FV-5895MCHG},0
{C9H7-V5OI59TK-6122TDIF},0
{I1H1-P1BG60IX-0649ZEWA},0
{H4S5-Y3PM62FE-0360MWGK},0
{H2S5-B1RL77KA-2002TVYB},0
{G7R9-N7LN88VC-3084URKH},0
{D9F2-F1WU19NG-5078PDEA},0
{C0F6-K7CS56OF-3862BXIM},0
{T1O2-C8IB22RE-2470YYKP},0
{S1N0-X1WZ23LL-9958HRDE},0
{O0V3-F9HH38CT-8027UHLG},0
{U5M0-O8EF52KE-1214IFCH},0
{T6S7-D4UP51GQ-3842OPKJ},0
{C3O9-Y1DC02GQ-9851BXIL},0
{F4G4-A6DE13VL-0132JDTI},0
{C7S6-M8XU69NU-1712ZWUQ},0
{O1K3-O9AJ58HV-3464KEUP},0
{K8T8-B1XP09SQ-7872JMGA},0
{M1C2-C9CQ30SZ-4923PMEJ},0
{I8F8-H3GU48XA-3397TRKN},0
{N1T3-F7KX74SZ-4925WBHG},0
{F1W9-W4PR16GN-9114HNNY},0
{Y1Q5-Z4KI49EC-2001ZLCC},0
{I1Z6-J2PM90ZI-8542YLAJ},0
{R1T6-N0ZM66YR-2163AYAN},0
{L8Y7-T5HW85ZL-0704CAWF},0
{J8W8-I0PQ01NH-6094QDFL},0
{U1B3-C3SE99DN-4494IMBZ},0
{M0B4-P8MP69CS-2889ETMR},0
{F5J1-A1DY26LJ-2424ZJET},0
{U6T8-R4TJ57XF-0310ARNQ},0
{G3A0-G7PA48BA-5966KOSM},0
{F9F4-V1GT74AZ-3145GPMY},0
{Q7O0-E3LH82CM-9290SPVJ},0
{J9Z6-Z4NB37IN-4513UGLD},0
{T2M4-R8AS94QG-5934HNQX},0
{H2N5-X5OI91AZ-8317WZSN},0
{O6I0-W0NP56UD-1729RMLC},0
{F4R3-Q9CL17DN-2033XFVL},0
{R8Y3-S8VC67IP-5398OONN},0
{J0P9-F9HS66CM-2932ZNFY},0
{U3O1-E5CE21ZX-1636LPCC},0
{J3C2-J0NW02PH-3109OQSC},0
{Y2C6-R8EI49NH-7963CMWK},0
{F3Q6-M7DL27LW-7209UGNN},0
{V1R8-O7UO53XH-2656COZP},0
{E9C9-M8JA62XR-5586VOKC},0
{H6K8-P1RQ85KB-4183VTKI},0
{J8O1-B0VP96DH-6501HQAD},0
{W2Y3-Q2BY57WM-5898CSQL},0
{W6U8-C8HV95HT-6055BGAA},0
{S2Y6-R6SR09PW-3351IAMC},0
{S0Q9-J8DN40JR-2453LCRE},0
{C0Q0-X7HF06QF-2164ZDQM},0
{X8E8-G2SF81LV-9843ASOX},0
{E2I4-P1FQ15TP-0628PADL},0
{Z6W5-L8LG29WV-8581CBLC},0
{O2P2-I5AD22VT-3087WTWS},0
{I3T2-B3SW24HV-5114WNNM},0
{T2R5-J6KO45AP-7438GKFJ},0
{J9M1-Z6TW48PM-4685QYEE},0
{C9W8-U5BF73CE-9764MABI},0
{U1M3-X3CJ27KZ-1234SVDB},0
{E1X8-R7GU73SF-7705HPBJ},0
{A0P7-K9SM19II-6777MQVF},0
{L9Y1-O0ZF37GF-8058SUEB},0
{J6U5-E2RU89TA-1378PJNL},0
{D9V8-J7TK68JS-9344ECSH},0
{R6C3-Y9CZ63DF-1402SJXO},0
{C0F8-E6KU02KV-4172GDXU},0
{N3T5-T9JN78FF-0374UHUK},0
{V2E6-S5IJ31UN-6145VSPP},0
{N4P7-W2HK44VL-6743QOLG},0
{V7E8-D6OQ21KI-9058NPCT},0
{E7C8-W9GZ24ME-7888QMTH},0
{V1N8-M9JD57MZ-1401SLZT},0
{W4Q6-K1OS09DD-3640HOSJ},0
{U5U7-I5TS79JX-1165ITIV},0
{U2K5-D2LP17UN-9354PZTM},0
{E6F4-J3ME02GL-8072XSWN},0
{B4Q5-O6IZ95UV-4354VSFD},0
{D8X6-O3JQ94BJ-3566NURM},0
{Q9Y3-L4TT69DA-6287CMLS},0
{X2R7-D9YX67SN-4512SMIO},0
{S2S9-R5XT82FX-5443EKQB},0
{K0N1-I5QA31UR-2164FSHY},0
{R7H2-W0WI69NX-4907ZSBA},0
{G6L5-H0BX57ED-5963SVNB},0
{X9D4-H4BY48JD-2452PZDS},0
{Y2C0-Y0JN41DS-8342EXJO},0
{M9K1-J0AJ67OX-4942GMEP},0
{D5N7-G3YC25BO-9337DDGS},0
{K1E4-L5YW04GZ-4010TBNQ},0
{Q7W2-Q8TQ87XK-9937JQJT},0
{Y8V8-U3YK80LA-7960GJLQ},0
{C5H8-C9PO89BP-5114GOBB},0
{U4P8-Q2BT60SR-0086DSSU},0
{F5G8-L0BS79AG-4077VHCQ},0
{B5T8-X1AY71RI-3926ZOCF},0
{B1R6-H9MQ82JV-4124TOTT},0
{F8Q5-L2DY94KZ-4461NYSF},0
{B4O9-Y6UM22AS-1678ZPRX},0
{J1U3-F1JN36PH-9396ALXR},0
{G1S8-V3GJ59ON-6869JQLF},0
{C4L8-S9MW50TQ-2563MOEA},0
{B3B2-B4CB92OQ-1023GZAT},0
{O5F7-G3UB70GD-7279YJHB},0
{T0R2-F4TE62XX-8498RXPT},0
{G1P6-I0OT59SB-1194LHJL},0
{B0J8-G8IO44XJ-2779QRNL},0
{Q2T3-T4HH42BJ-2605AYNG},0
{O2I7-K2UR93HL-5905QMDL},0
{L6F4-D9CB83OX-5119DERR},0
{C0E9-S7WB67AG-5221ZXIX},0
{R5F3-F4PT10IG-0252FFGL},0
{H6H9-V9PI07WZ-3238WEON},0
{L2L2-I0UW61CD-1723TBYV},0
{R8F1-T2QB03MY-7291GRMA},0
{J8T3-B9MQ05ZK-6626SRDI},0
{D0E2-G2PT02CT-9754YZLB},0
{H8N0-S3NL73PY-7769GCIH},0
{V3Y2-V0JU19OH-8786MSLB},0
{T5D5-N8FD37OO-8867YGPE},0
{S2P2-N5JG53DZ-8809DGTE},0
{Y4N9-U8NE46QN-6499LKHQ},0
{R1T7-P9TJ54UD-0863VOQR},0
{I3T8-L6MK27KD-6456ZYFN},0
{W7J4-M1CM98EE-3135QCNQ},0
{A7S7-Z8OB79NY-6495GZIV},0
{I9T6-D1PE29SS-2130VIXI},0
{C4M6-N9LW12ZW-9151TFXM},0
{V1M9-M2DQ04ES-0687YQZH},0
{Q7R4-T1LS48SL-3922QSMS},0
{T4E7-U1OT40IV-7545MAMN},0
{C9U2-G7VS19OF-1822EPGZ},0
{R9U8-D0DX01JY-6140MXIF},0
{T4D1-Y9HZ17RJ-3010ESGI},0
{M2G5-H7WL93HR-2594JABL},0
{K8A0-S8OY74WD-8696PVOS},0
{F6F6-G3EH64FZ-5988TPWP},0
{B5C7-I2PB51WD-8164NXWW},0
{R5V0-T6DC63OM-3008YBEE},0
{Q8B3-T1WI51ZH-2673ZUEX},0
{C8P3-Q6CP05UX-1656LHVU},0
{K8O9-Z2IN45NV-0576EWER},0
{T7W7-H5HR08LP-1632OMFJ},0
{R4A9-D6LX11EL-0239JOWW},0
{B3U4-P8RF39BW-5499WNHD},0
{P4U8-L8TX89KY-2087UZUD},0
{F0O8-L2AJ57YQ-8724JUCA},0
{I5X9-V8WX94QN-2085HYAH},0
{H0Z1-Q2WA52ZW-7574QFUH},0
{C4U9-Z9XX94FK-9699KWSB},0
{J9H3-J9EQ43ZQ-8517CVRV},0
{F0Y8-T2VY11FS-0055IXTL},0
{I1O6-H7KF31HQ-0789RMBC},0
{N6I7-W8ZE62GU-6186UVCO},0
{H4L4-M9RG28BZ-5383KNTL},0
{J2R4-O7RL15TW-2954NRAX},0
{D3C2-Z6JB28FU-6162STWV},0
{F3C6-B4HH05NB-8757TIXF},0
{U9Y1-E3IT32UB-7257QZSH},0
{P9O0-I4RU93CA-9834GVTH},0
{Q1J9-L4JV37NS-0724XOZV},0
{Q4T3-N5CM71YT-9957ULBP},0
{V3Y5-G8CK32ZA-7950YRQQ},0
{T8B2-M9CI37UG-0606JCAP},0
{T2A7-F7YM85TJ-3545JRYF},0
{W8J0-K9QT50KA-0155SNQQ},0
{J8M6-A6XI24IE-4295OPQM},0
{C5X3-Q1GZ46UT-3610KTPE},0
{D2F3-J6ZX01WB-2480LMCW},0
{E9S7-Y5CJ64SZ-1471RNUU},0
{M2L6-R1IB60KK-2487PHNM},0
{N2W5-C2BR17CK-3930NXOK},0
{P4B5-Z7KX51BT-3316TWVI},0
{E3Q0-D8TB93AB-1944XGGB},0
{T5S3-V7DM20QR-6577VKUY},0
{U4U4-C3GC47AW-6729TRSR},0
{K0O9-T0US95LA-6912VNAZ},0
{N2Y4-L5QZ81WY-5777EWQZ},0
{G3V6-U8AW69VY-3237KMCC},0
{P7F0-S9ZH00XP-5050CSQT},0
{R2J1-A7CD93QM-4672LZII},0
{G4D5-I1KT66PH-0393DKDN},0
{A5X8-D8MQ74SZ-9016AYPS},0
{U1W0-A7ZN44QJ-8698MIKQ},0
{D5D6-R5SV20KX-2758HYBR},0
{R1Z6-J2WA69RC-1087XOFI},0
{H8R9-G8MO14EF-4079HOIQ},0
{G9Q8-N2LC63GH-0873OKFA},0
{U7G7-A8NO05IO-2937TNIL},0
{S9Q7-V2CH18LX-4671JKRR},0
{P4O1-K4YA93BH-2017FLDC},0
{F1A2-C0PO59KA-2110KMBB},0
{I9F7-W6VP15SJ-1562ROLI},0
{K6O4-Y7RR07LX-9066CPCB},0
{X0L4-D1DY56PV-8370KIGK},0
{A8R8-J7QV24ER-2919POFC},0
{M8S4-F7ZI82IZ-0682YXGC},0
{W8M5-D2KH53AR-3330ZYSQ},0
{Q9I2-I8GV87QS-2932QIHF},0
{O3O7-W3GY25MI-2145QNWI},0
{I4X7-W7EP87CX-7012MSBE},0
{H3X5-M9TE15KY-0708EFHR},0
{V2M3-W5AU53HM-4690ZIQC},0
{L7N2-S4QT37FU-6422TCKM},0
{I8A5-F0DK15OM-2845AFYX},0
{E2Q2-Z5IF73PH-2468KFXZ},0
{C5R3-T1NX24EW-6781RUNH},0
{N7J3-F2DJ08PN-6183FQRL},0
{R9U7-O4QH65WR-5704PBRO},0
{X6J9-Y6LD22YY-6774NWNW},0
{L6B5-P5YM81VT-6497SKDP},0
{E9V5-B3SX75RY-3518PTBF},0
{E9K4-K9ZK38RJ-0663LQRV},0
{F6H2-V1YP63ZT-0455CXTG},0
{O9H4-M8MW91ER-6510BGQQ},0
{O2T0-Q5ED29SK-1861NHZC},0
{E7V1-O2LF91YE-6749JPLN},0
{U3M3-J3KU29UQ-0049TUQH},0
{F2A2-V4OZ68KQ-7618ZVDL},0
{L5Y9-P8RA54LV-7139LBTO},0
{V0A5-W7EB59BK-6461ONAR},0
{A8D1-N1RV18KH-9665RYMI},0
{C7E3-K6NJ86LI-9299GJFC},0
{U9Y3-S1VT60HS-1737BRYQ},0
{E4W2-J0KB24NL-3076PHAF},0
{W3V8-V9NJ44KT-1115AZXD},0
{L8X9-Q0PY97VU-9835YGNG},0
{X7Z4-K2XQ99KR-0678VMAD},0
{Z0Q0-E3FV43DO-2055BTFF},0
{G0W4-P6XN66TH-9924QFJZ},0
{R3F1-N1IK19DV-1489QNHT},0
{L2Z6-C1ZX88QV-9924XWME},0
{B4Z7-Q8NM53CD-7161DXMB},0
{D8Q2-C9UW41WP-9174ENBB},0
{R9E4-S2YF69FC-5009WUCQ},0
{K2M0-K5CY71BI-7375JJZV},0
{E2Y8-L3FD25DL-7346PVLB},0
{Y6H7-W2XS61EC-7586NVBY},0
{P4X2-B3LP39KN-0399SXBO},0
{S2H6-P7TN98BR-3236ESPA},0
{R3S9-R8UN44GK-8208OSXT},0
{T6K6-L0ND17AA-9928FGPD},0
{S0E0-E5EA27WK-0189DKYN},0
{U9V1-X9CV70LF-4709KNHT},0
{H9G8-S6ZM13MG-8424TORV},0
{T5J2-O9KB19KO-7367QXLK},0
{A4Q0-M8SC27GF-7411FSVL},0
{N1O5-E5XV22NW-6454XZSN},0
{D8X3-V8JQ51GC-1059EDMK},0
{S9K0-S3AH43WS-9052NTRW},0
{A8O2-H5QG21HQ-1264LDCL},0
{P4W1-N0CU44KP-6989LFIG},0
{A6A9-R4CB19BD-4006KNHR},0
{J3O3-W7MP04WC-8741WICW},0
{P5S2-J7RH97GF-7276CSST},0
{D6A2-M5WM09PR-0754LGMG},0
{Z8W4-A7UA77JR-5749UREX},0
{D9M2-P0YF26LG-1559VILT},0
{W2Y6-Z9KQ15WS-3720AJIA},0
{V9Z3-V7HX57CP-7896YPBU},0
{L4Z7-R6RH44WJ-5924MVER},0
{H2V9-U1GD22KO-5096SBNC},0
{H9X3-I1FC80VS-7291ISBU},0
{L8B9-A5OG21SD-5966PGBE},0
{Q2P0-M3ML23JQ-5166VAJG},0
{Z1L9-L4LU26HT-4069GCQI},0
{Z9K9-X2CX20DG-9908GOGQ},0
{W4S2-T4BF37SA-5450WKYS},0
{F7A1-I9VF49MH-8644SKGT},0
{T7K4-G1PK65BF-3562BBRG},0
{I8V8-F8XC85NA-2963LZSF},0
{J9X0-I8WM62YQ-5804DHAD},0
{C7Y7-J4GS32ZA-3216RXJP},0
{U6H8-V4VN62NM-6212DVOF},0
{K2T4-I3IA55ZB-0215DUCF},0
{C0F8-N4CF34SU-7689XIFZ},0
{N9L4-M0ZM41UE-3472ADNM},0
{U3W1-L4LM28MW-7623PRGG},0
{A2Y6-C5RQ07ZD-8241KNEE},0
{T9J1-X9QX76BA-4209NOGF},0
{O2F4-A0BH50OP-7885TDPL},0
{O6F0-V4QM97YB-0434DHDJ},0
{U2I0-F4ND35XF-5666OMNO},0
{M0Y8-Z7QV58OZ-9228XIVK},0
{Q6X9-I0RM90BZ-0177MJTX},0
{E6M6-K8HD90QE-4749QNVP},0
{R6I4-N8VL29OC-4045FPMJ},0
{K9Z6-K9MN49GU-7973AMUK},0
{F4F8-W2OY94EA-6310KHFG},0
{A2B0-H5LX49XO-5577ABDZ},0
{A1A8-F7IN37NS-0491TRVR},0
{O9K6-S6WP72UZ-7133OBSO},0
{I5K7-H7BY01SA-1134OELR},0
{T8J1-H3IG91XH-6515XILQ},0
{N5V7-W6YX67QX-6462LFJB},0
{C0X4-Y3DB63CD-6615LGHE},0
{S9G9-X2FI86PI-8781UCMW},0
{H9P3-R4RM28MT-3098OEOK},0
{T3U6-E5DU17SV-2326RLJS},0
{Y9R5-M8BU60LW-4491KRNK},0
{Z8D1-M7EO77RQ-7508UXQK},0
{B5N6-X5HR28JE-4856HAJJ},0
{H1F4-W5JI40BI-9112RMIQ},0
{T0B7-D8OD72UC-9548YNQM},0
{W7D5-Z6NR37ZM-5290JVPI},0
{P6R8-X5YG71QF-6845PIKT},0
{R7G6-V8OI07UU-7092ILCV},0
{D9M4-H3NA08ZX-0148YVFS},0
{J1M5-E6NX25ZM-5352UXJL},0
{L4W8-L5RT50IY-6484HLFH},0
{L2I7-V8BI08MN-2521SVNB},0
{B5G6-E7XP66AV-4970OOVN},0
{H4Y4-T2BM36YZ-9825FROW},0
{H4L2-L5HA70PW-9938UNOT},0
{D6L1-W4AN65UA-4360RXRP},0
{Z2J9-R6AF40XH-1020TPHT},0
{U9Y1-Z0PC62GZ-8460CPSC},0
{J6J9-O6RT78RB-3634RYMM},0
{K9O4-N0JY26XA-9019OXQC},0
{L1T0-X2JR55XS-3540IMYB},0
{Y3K0-E5GE89VP-4058RUVJ},0
{K3T8-Q6FV33FD-9570KBGQ},0
{O2J9-X5IF28JG-9606UDOY},0
{G3B2-L8TC78ZM-4273DKZF},0
{I5K9-J4FP73PO-6994OPTD},0
{M4A0-T5DH48FU-4569WFDV},0
{C4W4-R9RD61MU-9401YJYO},0
{L8N8-A0XU18VF-7420UUOJ},0
{M5H1-P8OL72TO-6510RCBS},0
{R1G5-Q4LH07YR-4816OCOL},0
{C2O9-P7VU83IZ-7808GQBV},0
{J9Q3-Q7TQ56XY-4776CWNF},0
{B6C2-B3CF64UL-6913FIKV},0
{C3R2-W9PF09MS-1927JYKU},0
{R7Y6-M4JI81DY-5752VNWP},0
{I0B7-V4EJ05QD-3249LMYA},0
{B9W8-D6JT29TB-2031BQYF},0
{R7Q5-H6LV63HR-0529RRYT},0
{L6W6-T6VJ87KA-2364INER},0
{S3L0-O1QG34QY-5041HTFU},0
{N2K9-X9CO95QR-4195DENL},0
{B5C5-H4FE92PV-0876SBPK},0
{Z5F0-O3LR20MU-1136QNOO},0
{J4H1-F9QV91VC-5457VQEQ},0
{K4O4-V4RD09WQ-0487XYBB},0
{G8O7-H2HX91BS-9796LNPO},0
{S6E5-G2EH50QS-0297VLDM},0
{M1R5-W1DW07DV-8063DKJU},0
{H1S7-D4SS81VM-7784CPHD},0
{V9K3-L2ZC91QS-9522CETQ},0
{Y9T0-B3QV68CC-9606QAKE},0
{Q2W7-S7XH47QF-7074XOJN},0
{H4M9-L2XG29NU-5069NXEU},0
{Z2F5-F8MQ68RY-9722QNWT},0
{V5P6-D5FR65KR-3779PFKX},0
{K2P5-I1DQ35BI-9705GHXQ},0
{I3F3-T6GU79FD-0759JINH},0
{X7J5-L7UY07OO-5609YROK},0
{S7J8-I5LC37AS-2080OZKL},0
{I0D4-X5MK64PQ-8311XSQG},0
{A0Z3-S6DR38RH-1713YUGJ},0
{J3B2-C3ZK34FG-8700QKBR},0
{G9D7-T4WO29YS-5302TZNN},0
{K1E8-G8KC92ID-0064XLSU},0
{P1Z7-N3ME86EF-4760NIMZ},0
{Y3Q9-R5JN74BQ-1760YIHG},0
{P2O0-T1LT16II-4853KERT},0
{S2K0-A1AM85PJ-8574DMKS},0
{L1J7-O7TN00QL-9478FJYW},0
{U0N2-W3MR86RE-6647SEMY},0
{F3F3-J7UJ83QF-0547XOXQ},0
{L0X1-V3LY25YC-2534MFLL},0
{N6A6-I0TB66CX-4252WWEB},0
{R5U6-X7HH85SD-5415WWEA},0
{R0L1-F3FC73WR-6710JNSQ},0
{N8Z8-V7BH43BZ-2299PFSH},0
{T4A8-B2LF51ZT-7324IFFY},0
{F9A5-A9VC84BE-9374QXME},0
{T4X7-C0OA24ZA-0615EQLP},0
{B4Q8-N8SL69QH-8682YSIN},0
{N2F9-F1ZM14FH-1307SNYK},0
{A8V0-D7RV38AR-5045LLGQ},0
{U5U6-X4JH24MF-0638TMFR},0
{J8U6-I7BY35CM-6642GTGU},0
{B9O6-T8JV57CD-9431PHNJ},0
{K7F1-I2LZ17XH-7043ZRCM},0
{K4O2-L1JE08UW-3371NSAU},0
{Y7S9-E7TN33YW-4516QREC},0
{P4O7-U4KL02LA-2395WPZX},0
{V9U5-O9RB01UL-8071UEMR},0
{P4X0-O2OE59ZE-8770WETQ},0
{J9H8-T6YZ15CB-0415HEWW},0
{M7E6-F6NW56QG-2155MAMX},0
{A7S5-S9JL20TG-8200LNGD},0
{W4S4-Z2SJ21OB-4407HHLJ},0
{X9M1-K3CS44SG-0588DBUW},0
{O7G8-H1OW34XN-6771TJTI},0
{F6B3-T2ZR68UN-6634GTAL},0
{N3Y4-P3LP45CM-7480YING},0
{J3O6-K8JJ13BC-7920FLCA},0
{M5E6-G1MA96UM-5386LPAM},0
{H7W2-Q7DE43OD-5857GRDQ},0
{Q6B4-M3TF97OY-3315YYYS},0
{K3N6-K1HY79IG-4731ZIJY},0
{T8V9-Q7DY70NF-0237BUDI},0
{A0Q4-E6PP61BJ-8702MBZJ},0
{I3I0-N1EX42VM-0154XCMX},0
{K6W6-B3WI02RM-4357AEZL},0
{U1C6-C6ZF75QD-5840ASUW},0
{A8E7-V9XY74BH-8858EWBO},0
{Y1S9-D2FU81XF-8609PFOH},0
{M0W5-S8NP39EC-6998KIVF},0
{Z4X5-G9FI17ZN-5873XKLW},0
{G0S8-P4MR31DG-4472XPMF},0
{I8X5-R6ZQ32GM-8937ROQD},0
{E8C8-T2IU26YR-5509FZFX},0
{C3J5-H3SS94PI-6534LTIL},0
{U4K8-K9ZG41XP-9237VGYO},0
{E9R1-I7OY45RE-7169WPHB},0
{F4B4-J2AN22WS-0608TTHH},0
{H3Z3-U6VX97TI-1228NJZR},0
{Y7V5-V4KY60HZ-1150ZVLX},0
{R2C5-A7CI01DO-0113WRQY},0
{Z3A2-I0UP20BS-3651AMCE},0
{D2K3-T7QY74WE-5255MSXJ},0
{L0Z8-O5IQ52KH-0958IMIQ},0
{U6V3-R3VF82IH-1357WQCJ},0
{Z8A2-V6FH63WQ-8455EEKP},0
{B5L6-J3PG05IX-6213AGFX},0
{C9D5-E2TI18SY-7973CLUV},0
{N7H9-Z6JJ71OZ-8304MKPL},0
{G4G0-V6CA31RB-3239GTZI},0
{G7P0-R6ES51JC-8120ZFRC},0
{Z9K4-B0CS49HP-8417KHWJ},0
{E9T6-J2TJ20LF-9844BELG},0
{C4I8-J5HR45IG-0094DXWI},0
{F2W2-M7EW11AT-8901JVRX},0
{E0F7-B7DK97HU-2094YKVH},0
{I6U0-T3GQ95OD-3903TABW},0
{R7E8-Q5TC56IK-2303FNYW},0
{J9V6-H5YN50BM-1363GABB},0
{H0B4-M3XH55CE-8082DCMS},0
{E5W0-K0MK47ZN-1530LBVQ},0
{P2F7-N4RX20XG-1974KHZX},0
{U5E9-O2EV17AH-6281LCML},0
{I0K8-K7VR66SH-0700NJBG},0
{G2O3-J0RS63ST-3262EBMV},0
{D7B5-P2IC62ET-3628UBFR},0
{Z7B1-P9SH13BZ-6174LJPK},0
{S0S4-A0SC77ZN-5018CTZJ},0
{E9V3-Z4MN80AN-4562EAUC},0
{P4R6-F4IH89AS-1284BNIP},0
{T9O5-A2SE43OT-4711IYSK},0
{R6F8-T6WM02YG-2270KCQW},0
{F7D3-D5MV46WU-9172IDJD},0
{Z2R5-U1IY01LL-2807DHAR},0
{C2L8-Q8XT28LU-4351ILSM},0
{G0Y4-X7WO53EO-8945VADG},0
{Z7H8-Z3CT03JP-7110IUQI},0
{U2N4-L1AY46DM-6220WYQI},0
{A1I4-T7GV92FT-8104AEMR},0
{O4F6-A7PY66JA-4318NVDK},0
{F8F5-B4IK01YK-5946BJMR},0
{M1G3-Z3SS21IL-9432IROA},0
{S3W5-V9WO33FL-2985OLGY},0
{I0J8-D7UP73TI-1016FZPK},0
{C6B1-D6MB15FK-1929UFQS},0
{S6U2-I0FJ04JG-8093PWHN},0
{Q5I1-Q7CB15FF-5400UGPF},0
{G6Z1-K3BF67XC-9737EFGV},0
{B8X7-Y0LE52NW-1407UOEN},0
{T8X2-G5GS18HZ-9985DZOI},0
{R5M2-W7AU65QT-6730KZFT},0
{M4U9-L4ZB33PR-7670MLBU},0
{U7N7-Q3ZD45DT-2867BTCL},0
{U3Z3-C7KU59QT-9824OMYQ},0
{O1S5-E3OG15HQ-5745AMBL},0
{E6N1-R8RM81QM-6083QOZG},0
{D3T0-J2VQ21HP-8795DCCX},0
{T7B3-Y1NN42GT-5055ZNCY},0
{H2E8-N5VF89OS-0462PNCD},0
{F6M4-I2JC83XR-8112GEQB},0
{J4Z1-R4EZ57HC-9053VNEC},0
{B4P9-X7CQ40KU-2922XFJX},0
{X9O8-E8JK52IT-7044OVOT},0
{C2O9-X6XA44MB-2158QNNG},0
{C5B8-C4TL27PM-6257QITC},0
{U1Y1-L7RE17FX-6292QWIC},0
{O7R7-V4SS18QO-5340LSZW},0
{Z4S4-U2NK76TB-8479OAPQ},0
{G0M3-I1GL13ND-7758DWLO},0
{Q5I2-W2TB75IT-2584DKYN},0
{A7N3-C0GU93MY-9697DKBV},0
{K0N5-X2DT16KW-1923ZEXQ},0
{C3E0-Y3SN22VF-1806TMOF},0
{R5S0-K1UW30EM-1400JMAJ},0
{B9I4-T1LD23LF-0840QPTW},0
{K5F3-F9YM29NR-3550WZSS},0
{R0O8-A0LG91OO-1431ITOS},0
{W5S8-V5QZ34BT-4469LUOJ},0
{Z9R2-D7PS83WF-7152ILSZ},0
{O2F2-P5PM90PJ-9981KGIV},0
{V8S4-Q1FE01XH-3149HFAQ},0
{R5F0-F6JR93PT-3433EAAS},0
{D4B8-X4WD01OS-5768PHOW},0
{L9M5-E8MG72EF-1719ZYWW},0
{D2E0-D4AE78LE-3582KGEZ},0
{R2C5-X6JJ19KS-8619AGOL},0
{S1V8-F8HG00XR-6430ULYY},0
{U7P7-Y0VF68AD-7383GACU},0
{B4Q6-Z5ZW79QA-6331BCRG},0
{K2Q6-N5GX38TQ-6368WOTS},0
{J9Y0-U7SW73JU-3382PBAJ},0
{T8M2-O2GR95IM-0143RPCY},0
{B0A5-Q1KZ18KK-0466TXRB},0
{O9P1-F8BB38PS-6482RKRU},0
{C6R3-Q1PC54US-1745QFWR},0
{Y3G1-O0WJ65QX-8185IUJT},0
{K1N8-X0JS50CP-4903SOAJ},0
{B4P1-C6XO54KK-9842PWZM},0
{G1W1-R8CA68SG-7307VWDH},0
{Z4U3-I5VP06RA-0485SRQR},0
{H9A6-K0ZJ54PX-0281IGTT},0
{S4P2-Z6FU99NB-9071SOCR},0
{T7T6-G3YP16ZY-5937TJBO},0
{F0O8-Q5HV38CR-6621OHFD},0
{T1A3-O8IN87JL-1300XRAD},0
{A7J2-W4CX59DQ-0010DPWZ},0
{U2O4-E7GG21KK-5165AQGT},0
{D4C2-T6ZG79RZ-5616VGKH},0
{O7B6-E7YV16NS-3137VLNU},0
{K5S2-Z7KN50OQ-8562YKHD},0
{Q7U3-P6KJ76NV-2268CAXF},0
{J2Z8-F8MM33RZ-9015MERF},0
{A6S5-M4LM23KG-6385XTKX},0
{W9H7-Z4IR61FJ-1520TSBG},0
{E2E0-M2UY52KS-3617JLMH},0
{H1W8-X6SY09IL-9153UUTS},0
{W7P5-J4WH46BH-8959IZNF},0
{Z8C9-B4ZN03YT-5561WJXF},0
{N8R7-Q8JK53WY-5319BMCI},0
{O8V7-E5HG84UB-7667PSTP},0
{V9Y3-Q6TB15MS-2108TSRA},0
{N2U5-S1FV76BV-5703MFPL},0
{P2G8-X2UB20DJ-6935AFVX},0
{R5D5-C4VO74FH-2507DYDH},0
{N1B9-G4YP46DL-8477MLYU},0
{V4I0-C6BQ86ES-2523JBLP},0
{P7B0-O7UL40WZ-1927JQHE},0
{Z5G7-G9HK50EO-2732ZOED},0
{I5R4-U2YK66DJ-6576RMTE},0
{Q3H8-N6GZ17MY-9510HJXU},0
{G3H0-B5DP35IG-0889POIR},0
{N2A6-R4EA40CX-9463TAYO},0
{Z0K1-A1NR81FR-3836SIIJ},0
{B5V7-M5SR25LT-6243YTOD},0
{A2E0-A8BK11GC-5799CKMA},0
{I7C2-J6PT81FP-3948GJBT},0
{C2M0-R2MV07RO-0813HQTH},0
{P0L7-Y1SY22JV-9983VHUU},0
{H3S8-F9WE32XF-2530YWDP},0
{X0T0-D7UN90IC-3811DSPZ},0
{I1I5-B1PD56WK-4602IVUN},0
{T3I9-C9CF18OW-4696EVHX},0
{O2H2-W8MZ28KX-2245BSMH},0
{S1Y3-V6PJ48LU-1375AQFO},0
{C8Y1-W6WK59NF-4525IBZP},0
{H7Y3-Y9RE38MW-2753XCIM},0
{F5A0-X0XO91LA-0421CPNM},0
{D0N1-U8SK46DI-4327GRBO},0
{W2S5-H5EP46JV-0817XSDU},0
{C7J6-H8LH46YJ-7786QAHO},0
{S8N0-X2SZ56TP-5926QSMA},0
{J2V2-T8PL56PG-5467GSDM},0
{R9N6-M1ED82UT-2541ELTJ},0
{R0C5-E9IZ74UD-7154QJUC},0
{G6U7-E9WW66CB-4677TUTZ},0
{V9M8-Z0YY33DK-0388TSON},0
{J7J9-C5EG55CO-3230SBUZ},0
{B0X3-Q1QD67DM-7728GTGL},0
{Q9R1-Y7IG02BF-2313LVXQ},0
{E9V0-F7PN71RE-4817YBVG},0
{S3B4-O8YH59DC-6560LYYM},0
{Q9W2-L8YU38PA-3180EUTI},0
{S8E4-X9ZQ60XH-4222AUNE},0
{A6A6-B6IE87CC-0760AGPK},0
{A1T3-W3XZ62JT-2284MUXR},0
{B4A8-O4KA79MQ-3536MFHJ},0
{O0T5-Z4EG52VV-4222QSJD},0
{W1W4-K5SG83AM-9364LYEJ},0
{B6S6-E2UW04BY-2218OOJI},0
{C5R5-R3EU84KL-1785OGUB},0
{N4D1-C8KX94FB-8322OLSF},0
{L2A7-B7SG70TO-1678RSHZ},0
{J0D7-V8YN88CH-6127OKSX},0
{D7D8-J6NA49JQ-3684JZYI},0
{G5G9-V0UA47RK-6843MVNQ},0
{K6O9-B9XN98PK-0194QTNW},0
{C8Q6-E1FZ53WZ-5547OPZC},0
{Z9O8-X9HA84SH-4693LZWW},0
{F6U0-R9RA72FQ-5193BISJ},0
{G1G1-X1IS73UL-1559STPK},0
{J4K6-I3BZ53DM-9761EYUK},0
{K6Y6-W5CM84DP-7511XLKC},0
{T7U9-Y6SL03FK-9626YWOO},0
{B1A2-J5HA14YS-4675DCJF},0
{C7G2-P0AX61UH-1691IEOB},0
{W9N1-Z6TX82OW-9410SMEQ},0
{V7N6-W6UP67JK-8973JGQO},0
{M7X7-G7JL04OR-1614JTYE},0
{U7X9-M4VL10RC-6480LRBN},0
{C8F9-G4NX31ID-5291VETI},0
{R1Z2-H9WT26HF-3358ABJH},0
{T7C4-J5OD70DC-1982EYCA},0
{I6Y6-Q9DV00LU-1785UVHP},0
{C9I3-F9YT41AH-6023OPRN},0
{U1P2-H6JM75XT-7875GAQL},0
{M2B9-B6QY85ZB-0377XAQN},0
{F3F2-G9QX08JN-8457ITNN},0
{H4F3-J3SV83NX-6065DZYD},0
{F9A0-C4LE13QR-6493HYDQ},0
{X7G8-D9KC89HV-7583GWAR},0
{D3Q8-T4KX36XU-4630FUKC},0
{L7E1-I7YL19SQ-2576MSUF},0
{A5K1-M6JR06AD-2959YOHP},0
{I5B9-S4EC53UF-7764RGMB},0
{R1P3-O5MC36YQ-2635IDVF},0
{G3L7-N6XU81HC-9007FUUK},0
{J3D0-C6PK41JV-0762BUTV},0
{W1H4-S3EO24XJ-7404QQSD},0
{Q0N4-L6RD36FU-4405BRMV},0
{U7F1-K9NE41IN-5374AGWW},0
{N0O0-D5AU43VM-4495ZXRG},0
{C1A4-J5HH39WF-6187KDIG},0
{Y9J2-U4SG86GI-8141CLCT},0
{D6R9-Y1YM41SP-6012DVOH},0
{H9M8-U0JC23YB-9188REPA},0
{O5W3-G0AE69YS-3693KMDO},0
{Z8X6-L0WA47EU-6451PLGU},0
{W5I9-Q6AG32EB-4945LDLO},0
{Q9N0-O7FT63KT-8166LXEZ},0
{L7T6-M7BS57HT-7525PLXC},0
{S5U2-S7TM86EL-0771ALGJ},0
{D0J5-Z4LP44DN-5473IUFD},0
{S3F4-Y5AQ54LC-9322PQVA},0
{G6H1-D2TG00YX-9488XQIH},0
{A8X5-F1LM85LY-3517KBSO},0
{J6X6-Z5VE67WS-0657JRMP},0
{M3U8-U1WC07WL-1335DBOL},0
{R3X6-K5JZ94JT-2416DRBT},0
{I6Z4-T7SR51HF-2083ESVB},0
{Y2E4-Z5EH55OG-8657CPMX},0
{R4B8-D4NO76HB-6618YFKC},0
{B3N5-G4PY77WJ-3500KZMH},0
{Y4O5-J2WD76NJ-4995DBQP},0
{V3N1-J3QE84RB-1260VIQJ},0
{D9X7-R6XI12RD-9981KLUZ},0
{V3G0-O5LJ27IV-9388JOEY},0
{E6M8-C9OC53ZU-3030NZRS},0
{T5N6-G3AY83FY-0789JPMW},0
{B8T2-P9WT91JM-4699PZUM},0
{P9V2-V8LA69XB-1021AOOS},0
{V0S7-V0CV71CZ-7959XJQA},0
{N2W9-D8XP52PG-1601BHHB},0
{Q9G6-B0SR29FA-3259TRMD},0
{S7Z0-U8FM44LF-8205HHDZ},0
{D6W2-K2IF04QS-3763TNYX},0
{G3Y6-C4QB47NR-3745LYAX},0
{K4H2-N4BH09OO-9633OQHO},0
{M3K2-G2MI74MX-1469YBTB},0
{J3V5-J5UA14GT-0072OYAO},0
{W3Q5-C4HD93YU-1823AIWU},0
{I2Q0-I6CC26SL-9379FQJY},0
{A9N0-Q6KG48NJ-6835NFZL},0
{U7B6-Z0QS98QI-3666XKBV},0
{V3T7-R2YA67ET-0401OJLD},0
{M0G9-E0WR30JA-6744QOIK},0
{F5K9-Z2KO35SI-6983NKRA},0
{H8F1-N2VV33FL-1777RVMD},0
{J3Y2-E0WO73RM-8304RWBW},0
{F6V6-T2HU86FA-6597GEIK},0
{V5P7-O7ZS05VR-1909YMXU},0
{U3W0-P5LQ80DE-0567XPXV},0
{K6L9-Q6XP38PS-5343TOUQ},0
{O6C6-R9TJ65SH-6238JKJK},0
{D2F3-M8KT60GQ-2572PTSS},0
{V1A0-G3KG56CK-3612RZIA},0
{E6S7-E3WE39RP-4526GNGU},0
{I7M0-A3YC02QO-2647LMEF},0
{B5C5-O4BM59WO-5111ALPG},0
{B6C2-Q1TI82NO-4487LUUO},0
{V5G8-P7OO28FG-9093SLRU},0
{R2U3-F0ZR24OK-0146KHGL},0
{K3Z1-K2EZ01BV-1665YPXA},0
{J1Z1-D6QO07UN-7997QBWV},0
{L8L5-L3JG27GH-0633HGZC},0
{K8I5-R2YD43ZI-2735SQBO},0
{V2V3-G6WL82AE-6651IMKY},0
{H1V1-E9UF95FE-0568XFYM},0
{Y8A7-W2EU70NE-3785LWHT},0
{T3P7-E7NM96QZ-7337GPFY},0
{A8S6-W6LM43IS-1442CKLM},0
{U5Y4-H8FG97CA-1875JSMF},0
{E9J3-W2GN25GR-4932EFQA},0
{U0O0-B8DC14OT-7363GDDW},0
{P9A4-D2GC04UM-9368SHRU},0
{Q4U9-U4KL41OT-1753YLZJ},0
{C1J1-H3CQ31EF-4849RNHF},0
{A3E8-E2VG06KT-5797QCDQ},0
{P0Z5-O4RN26JC-3745ANKC},0
{T7M7-Q5DK30QZ-2873POLR},0
{W7C5-W1JO81WE-4749FCZY},0
{D2P6-F7LR31VW-1001BCZS},0
{G4J7-F6CA26YT-5060CYJL},0
{R7E9-R8LC99VU-1072XAUD},0
{E3N3-A8RE59US-6716UGBZ},0
{R4N4-S4ES45BI-7805DRXG},0
{B6Q5-R7OD42FR-0694KGBI},0
{Z0M8-C8ZP23TT-1666QFAU},0
{F4W4-C2PH93NR-7610QGXS},0
{Z7K3-Y5VA88FR-5941TLDB},0
{Z6K5-W7PW56RW-8391FJNS},0
{R3G9-H0BM16QF-3895GERF},0
{O8M2-R2JN43NI-1550CMXN},0
{V9J6-P5WD46DZ-2000RRYM},0
{P7W8-K8RQ94LW-4990QZHO},0
{V2L7-Q5EK65XN-9334XVKK},0
{O0U9-X4CQ31WN-4281TYVS},0
{F4H3-F2OW70WT-0170YFVB},0
{R7R3-Y1YH21NM-6004QIYF},0
{V7B9-S0XM63RU-0737QETC},0
{I5F9-A9MN65SZ-9324XIQA},0
{P6P9-E8YA42YM-6403EQLS},0
{M5V0-B4UP44CB-8425SZEA},0
{N7S9-B4PO81FE-3011PMBY},0
{W1R0-K5ZV90WD-1688OJNC},0
{C7A8-P7RZ49GS-7461FHUX},0
{X5U5-P4UP27FN-8451UDHB},0
{X1G3-C8TC17BM-2412ZMSS},0
{Y7Q3-H0IK36ZV-1371NGKG},0
{U6D0-J5WF74QM-8376LIAV},0
{F4I2-K5EZ71QY-8215XQFB},0
{A8W0-R4SX13MW-6812TIFO},0
{S3Z7-A7WF48MV-4642LGPN},0
{A8N6-T8MG06TM-8489NFHX},0
{E8F5-C9JU93UD-8383ATPA},0
{A8G2-L3TI86TH-7305YIQL},0
{O6X4-C0QN53UW-0964MWTA},0
{K9U4-R7JT34SD-7068JCKX},0
{N6X1-L5VO46DP-3972RNVX},0
{J9O6-A5IC70HT-5259USLA},0
{G7P7-F1FD45RM-2202PAYS},0
{I4A1-X1TA47FI-2698ZVSU},0
{X6U5-M4VV18MZ-1932GDTQ},0
{X2H6-Q7CX96XG-2058ZECE},0
{I0F4-C7TD21HF-3080TMFD},0
{L8B0-A1ZN86ZF-1032SXON},0
{M3I1-Q9IW61CG-2106XXUZ},0
{N4Z2-K9OX50CH-8439FHTV},0
{L9P7-E5IH91FA-8731KUZD},0
{O5D7-E2AD02YC-8631TUIK},0
{S3C4-E7VS37GS-7659CCAT},0
{Z9S4-T8HJ66KW-5373AUZD},0
{I6Q1-Y2AR34XC-5102STZW},0
{A1F2-X6VA10XY-0049OUDI},0
{A6I2-Z9WA93BK-6055BHES},0
{A9B7-E2SU86PO-6209RMMB},0
{C9L1-B6MC39YN-1257DXKW},0
{Z9H3-K8JU15YC-5347FEXL},0
{X2A2-R3AU97VO-1870ZGRR},0
{B2Q6-X7KH50AO-8276VVHI},0
{A1M1-X2UU66YY-0304LIPL},0
{W5I1-J4MA79TO-8921LZJB},0
{J6C6-E5QB22GJ-5997JBME},0
{B0D8-P3NW61LR-9898HNFC},0
{N7R1-Q8JK65AX-0752CZUX},0
{P3O7-R7XU11ZZ-8208BFMC},0
{N1G1-N0VM16ME-7175NTZP},0
{S5O6-N2RR81PX-6245EPBX},0
{H9C7-V1NU26BL-5220MHGT},0
{V4P6-F0JV97WD-7582KXSV},0
{M6R2-N3OW30XN-2257OHZQ},0
{N3H9-D4JI78KS-6904WCTG},0
{Z3C8-Z4YY78BN-1679EYKJ},0
{M7Z8-Q6TH63NV-3780IUGX},0
{X2B6-K1LS76EW-5665ZGIA},0
{D9P6-I1DZ98BQ-5693IMAK},0
{V2Y7-T7JB40OX-8696DHVQ},0
{F6V5-C1IL34IK-4812SJJC},0
{C8G1-P7ZZ23MK-0549IDDF},0
{E0B8-Y1RA31GH-7545NRYX},0
{I9P5-O7VT77JM-4471HJLQ},0
{O8R9-F5VN72QX-3996PPOK},0
{Q0D7-Q4XJ09IC-4272FYUB},0
{Q3L9-N9FV40DY-0817WVGV},0
{H3X8-I7BM13WX-5471GAUW},0
{W6M8-O1AL25NM-8596VAUF},0
{C5S0-H3CY97JD-4662PQQJ},0
{Q5D7-F9AP74XF-5805SKKO},0
{V2Q9-H1BF68JV-7180FLES},0
{S1N0-Q8RT62IO-2766XWLG},0
{N5Q3-X9ZQ25PN-3488DNPJ},0
{Q8Y7-P5XU53SX-0654KJJW},0
{Z5U5-C7YK55FN-9178ZHQR},0
{G0A4-W7PV03CB-6086JZLX},0
{J3I4-R5LI49SM-8538IIPG},0
{K3G7-Y6CT87AH-5118DQKG},0
{O1A2-T7SK80YK-6824BYYH},0
{Y5H5-S5CL89VL-1735HUEZ},0
{Z5N9-D1HS93AE-9081IKWF},0
{T1R7-G8RJ37QE-3023XMSN},0
{F6E6-B7RJ33AA-1681PCQY},0
{Q3P2-T3WL41UW-1388WUZN},0
{B3M3-J8ET63BE-8713YITX},0
{S5B7-O7TE44JS-6266PHYD},0
{P4S8-O6KP59EY-9240GDJQ},0
{P2T5-B9PG72VA-8881QSJI},0
{O5A2-F2QV83BR-7011ZXSZ},0
{C0D1-P0LI32DY-7301BRGC},0
{C0A4-D4MN25XN-1826QWDP},0
{T2F0-Z1SX92OH-5631FGSA},0
{Y7T7-V8PY77AZ-2473BJYI},0
{B0B3-S0EW68AB-4619TGRI},0
{O3F5-G9XR97OC-5892KAMU},0
{D1S4-H6YX78PX-7457NMCO},0
{W4T4-B9QC74DA-4765FAUS},0
{Z3F4-W0ZZ23VE-6916GUAY},0
{T6F1-E1FW02JK-8635OAOD},0
{D9B6-I7NK03YK-3022BPEG},0
{O4Y5-T0RF44KH-4337BPZE},0
{E3O6-X6EO77KY-3116XIGT},0
{E1G5-N2RU04TK-6766TVGU},0
{G6W5-U8NG84RP-9149VZRV},0
{G9S0-C5LW86ZG-0569HJMT},0
{V1T8-S7JN14RA-9926JUJX},0
{I3Y2-S3MW51NZ-8564OFWA},0
{O3T9-N5UK94TD-7564ULLH},0
{H6Z1-L1PK63IP-5503FSAU},0
{T5B8-F1NE79UC-8822AKPS},0
{A7B1-I4EA48ST-0180FNNC},0
{P1Q1-F0DI15UI-5664UAVH},0
{M3U4-J1LJ02TF-1957YZVN},0
{L4O5-E6RL90KO-3931JLGU},0
{L6J4-C2YG80GJ-4769XJJC},0
{L8I1-L9QE58HG-9106CLHI},0
{K1H4-O1TY20IF-0717YRUL},0
{Y7R9-X1BK39XB-0326NNWR},0
{V2E1-L3FN63SC-5625SXYK},0
{Q0R9-T8QV53YY-3138EJNJ},0
{B1J7-J7KZ58XM-7970WRXC},0
{D0F4-B8QM80IE-5746EWHV},0
{U5B0-D3WE37VN-7887NRYX},0
{L2E0-S6PB97WH-1123DKWB},0
{E2U4-F7PJ64EE-0080GGMK},0
{J2X6-M8IC52YE-0849XQCT},0
{Q8P5-J1OP27HS-6749AYYT},0
{G6J2-O4UC40UE-1097FFOF},0
{N4D0-G1EP23KW-3813SBUS},0
{Y1F1-Z7JV53EU-5446PGAO},0
{F4H5-V8FU01AP-7803ABCQ},0
{J2E7-W5LL59KS-3159DENY},0
{T8Q7-M2XS54EP-6008VJMI},0
{J3E1-J4PE98TR-2892NVPU},0
{N7P1-J8VK15FE-3824BGQJ},0
{U3O2-V6XL65TI-1789EMNZ},0
{P5L5-J0XR13GD-7805PKIW},0
{B9S2-D9HJ49SV-3709RLLS},0
{L7J8-E9XO43ZN-2509LEIM},0
{T5O9-Y4MI10XM-9185AESP},0
{W1V7-C8RF40YM-6170JAAE},0
{T8A2-E5GU76XO-9589NPXF},0
{N5O6-M4QC27MN-4938PMPW},0
{S7E0-Q5UC44GZ-1733HXUZ},0
{I6Y9-G0JC79QE-5394DCKM},0
{Y8O6-O8VJ23IC-9549YFOB},0
{J9K1-Y4DQ64LF-9646ZKJE},0
{C4O2-I0CS77UF-0337SKVN},0
{Z6Q7-U8JP14LF-9225OOXN},0
{B9C1-Z2UB10EP-0967GGJO},0
{M7H6-N4OA41TF-4651XCKY},0
{C1D0-Z3KT46XV-4149RTRS},0
{N3L0-H7MM29FU-0167GXAS},0
{K2T3-V6DB86FY-0576RSVM},0
{K8X2-L7OF44YK-1310CZER},0
{R9P3-A7RT06OW-1875QBVK},0
{C8U0-M2YM16LW-0075JREK},0
{F5N9-K0PV51BR-8343YKJM},0
{B1P1-B0ZY29KD-1618SQUD},0
{T4O9-T5FC60WZ-7312VGJL},0
{P9M3-G7XS41YG-1207ZFOW},0
{D4Q9-X5SF50BB-7283EKEU},0
{Y0X3-T9QN44NB-6324ERGC},0
{P3S9-K0JA16WP-0746EOXU},0
{J7B4-V4ZL24NH-4510SVJK},0
{D1R1-L3SO98NU-9624GANY},0
{B1X2-W6SB68TD-9893YWNS},0
{D9E2-E5LO76TL-9855ZSJK},0
{C2G8-I9SL69PO-9703XYWJ},0
{F9H5-U7ZT47NL-4510NZZS},0
{L6E1-O7NL44DQ-3691KADP},0
{J9G5-I0LI72MS-0860FCSD},0
{G8Z8-V2IR40JS-8843GEYF},0
{H3D8-Q5UF41JK-7078JVLX},0
{D8A0-S4BK14VG-7732ZVGJ},0
{E7Y6-K3WD24ZF-1257PYLK},0
{F7H2-Q5TS03OL-1472STXZ},0
{L6Y3-A7GG21IK-3769XTJX},0
{T3W6-I8ZB05TD-3761DVRH},0
{Z8F5-N1MA90ZF-7536YXQS},0
{M1H3-P2AT29GF-7875MYEQ},0
{E0H0-D8VO37GE-2270EYKO},0
{S7O2-R9WX04UZ-5292LQNL},0
{Y0A0-T1VA61GL-6163APYR},0
{D2T4-O0FI63LR-2388XSKP},0
{Y0Z6-M1HR61XG-4370ZKKT},0
{Z5I4-O2DX91GF-5431XNOI},0
{F6Z7-O5XS58TS-5515LCGW},0
{O7O7-R7UW03IF-4233TSCF},0
{E7S2-C7NG97FP-3544ESTB},0
{W4J0-S0NS90KE-1659HVLR},0
{J6N7-D4LO39BU-0273GPLR},0
{D2U5-Z3AO27KU-3028CNOP},0
{K6Y0-G3SM31HS-7202JKVW},0
{C6F4-R4MH86CU-6912LYPA},0
{O8L1-T9WA46LA-4141UINB},0
{M9U8-S9SO19LO-4967IJLD},0
{X5Y1-C8LP13BP-1844JITP},0
{L8A5-W0GE83ZT-6195BUGD},0
{N0E3-V5KI40BL-8982JLYP},0
{E0S7-C4XG33GT-1550ANRR},0
{A0F4-B3ZR09RE-3237NPSR},0
{K2H9-U2VD27LS-8240IDLI},0
{K5M8-F7WI16SX-2431FXFG},0
{B6O6-U1EN69RN-3264ZKJY},0
{W6Y1-O6QO60PY-1147KSSM},0
{W7B4-C7SF22YW-6319ZDOE},0
{V7A5-W6SQ45OU-1361HFFO},0
{B5Q6-Z8TP80HZ-2898LUAD},0
{U0I5-W5VQ70HJ-7492QUDJ},0
{W0C6-A7WA50MR-9914AKDJ},0
{N9H8-D5CX80WW-7573QUHX},0
{L8G4-S2XI81CD-6156XECD},0
{C0A3-Y4MO96MV-6649QTXE},0
{B7A0-S1WX62CA-6619RTGH},0
{C5V5-K6OE46TU-6127WYAS},0
{J7W8-U1JT25UD-6810IMPN},0
{U9Z0-Y4BX33YP-9102CVBO},0
{G5W9-K9FT72ZO-0090JJET},0
{E5D0-H5GR40SN-6530KEAV},0
{O3Y7-G8DH59RT-4626GYJG},0
{I0C8-K1QB48ZU-4630WJFY},0
{I4S9-C0UP68JD-6355WIKE},0
{P6W9-T1KP70SN-5199AOOW},0
{W8N5-E3LH06NQ-9095RISJ},0
{Z6K4-S9VE03KI-9051VFDK},0
{L7X4-E5EW79BE-4364YNRF},0
{J0O0-G4RZ57QP-3213QWZZ},0
{P2W4-P9EH06UC-3536EPIU},0
{A5L7-M5RN64SA-4526USFU},0
{P8M1-O3YT83TQ-7182NZXH},0
{H6W7-C3JL39PC-7017XSWU},0
{M5J9-B0NV38EC-3987NFFZ},0
{G0H1-A6VI30EG-6172QUFC},0
{T3L8-N7PF16II-7792APZH},0
{H3N0-I6LS43DM-0599WRZY},0
{Y2P6-B1AJ39IF-3986VCDH},0
{B9C2-P8ES48CY-3818JPMX},0
{T1Q6-B3TM40CN-5681NEAW},0
{X6C1-J9XJ26OH-9571TFRO},0
{E6L5-E8KR39NX-6608AFHB},0
{C6X8-G2RK04PJ-5212PXVV},0
{L1H3-W2DB47BS-0655JMAH},0
{Z4J3-X7XW64PW-5862JSPB},0
{X9X0-H0TA10CN-5692LKYR},0
{I6K9-X9OU70YL-3827XGFQ},0
{H1Q3-G9OC99QO-9361UKBI},0
{Q4W3-C8GG98BM-2260RPJB},0
{K4C8-Y2VH89CY-7784QKLU},0
{A4S4-O9FF55NO-3581KKOB},0
{F1Y3-C0AB47NZ-5358XFUH},0
{H9G5-O5XJ14UB-4589POQM},0
{W9U8-M1PP99LM-2605JPTK},0
{Y7X1-O9EG65RS-9576LCVT},0
{W6X0-C6ML89OE-9668MDVU},0
{U7M6-N3AU24CZ-6276AOUD},0
{Q6D3-E0ZZ91BL-4915ZTVO},0
{P6Q3-Z2GE21DB-3181VSYL},0
{J6L8-Q9AE93MU-3917XLXN},0
{Z8L9-X0RK10FP-3562RFCB},0
{Z6B7-Z9MM33QV-8193KEOJ},0
{N2Q3-T4EB39NH-0695HPVR},0
{D3W1-N1BQ69XA-6684RBHC},0
{X2O2-U3XV46VJ-3859VFPF},0
{L3I2-U0LC03NS-0349OXNB},0
{W9R0-C6OW19UB-9632BLCH},0
{P8O5-Q3YI98HK-3381VWNJ},0
{F2Z8-Q7HK53DZ-3063KQCB},0
{V5T6-K2BV01LO-7314ZGZH},0
{R7D3-J3WG89MF-2435VNUY},0
{M2B2-N3SC16XV-0068KSDR},0
{X9P3-O5ER39DD-6564SJJF},0
{J2P5-C8IL75WF-5191LJPY},0
{Z4Z1-N6OE85CF-7321XMRW},0
{J3L4-Q1YN12QN-3344TDJS},0
{E6A9-V1TU65QI-8770RFJL},0
{M5Z9-Q4DV45ES-2086FVLE},0
{U0M2-I9KO15CC-0535NYRC},0
{F1C1-T7WN72SI-2264GBNW},0
{X7S4-D9VS49OG-1155CBJW},0
{G6T0-I8VW83JC-0448SITJ},0
{S9D2-O5CE17GD-7128JNRL},0
{A9H8-E1RE14TR-0018ORRV},0
{D4N0-O9FN06ZF-6900WPLQ},0
{A4C6-X2MY80LK-6661KEYA},0
{J6P6-S4WQ05JZ-9770ATHM},0
{K1U6-Y7UC52VG-0974SOMA},0
{L1I3-S9JK90RB-7656LNWY},0
{N6O3-Q9IB69CK-7637EBQD},0
{N7G5-B0YX16AU-5985RXXP},0
{A1C8-G8JI97KZ-9620LJIA},0
{L9U2-J2II24UO-3071WWZJ},0
{X2A7-B2PM65MI-7965BQHB},0
{G5N9-U8MZ57JS-6956GRPW},0
{N9Z1-H6HF33EO-0329GYBL},0
{B2W2-L4YS78QD-5538XKWP},0
{D2O6-O3ZZ29JG-3845SKGW},0
{B7W0-O0AZ89DL-4938PYZL},0
{T1B2-Y5TC03IY-3177BUZK},0
{K5Y8-C9SS27AF-5518XVCT},0
{T3T7-O7EJ77PK-2115TIKJ},0
{J5R3-V9VG84BY-7110DJTQ},0
{J4C4-T5EX32RX-8135HLTW},0
{P8L9-F7GN45NZ-8276YXQT},0
{Z7Q4-W4WF11XE-6957YRVO},0
{V2H2-U8AS78DZ-9313DYTR},0
{N2U8-J6IN48HH-2279QWGU},0
{H4D2-J2HU87YH-5102LXZK},0
{H2R4-P1FJ37SU-5087GRCA},0
{T0V1-I3ES22WM-8475USXX},0
{Q9J4-I4AR72KC-8479ZHQD},0
{L9G2-M1BZ08LW-1751CRJL},0
{D7K8-V6CJ37II-0255YTNZ},0
{J6Q6-S9JT61HL-9674FAYZ},0
{O3J8-D0GG43UF-4117AJLF},0
{R9P7-V6QA85KX-3380ONXD},0
{I1V2-E1WL90EX-8822EQCJ},0
{N2D9-S0OH86CA-0382YSVU},0
{W7G0-E1FH59VB-6827ICYE},0
{F1Z1-Y3HC14SJ-3474AHDA},0
{A2K6-J4YH13TW-3393ZNWP},0
{Q1Y2-Q1DS43WV-9460JQLL},0
{B3R7-W8VA27SS-9382EMMQ},0
{T1I7-S3VU88XA-1640ENBY},0
{G9R6-R8PF17FH-2100IEGV},0
{P6S2-B4KX56HZ-9604JUUW},0
{O2V1-Z5ZZ40KA-8396KEKM},0
{Z3T0-Y8UF43CY-2735GZDF},0
{E7S6-D5HG20GS-1247DMVP},0
{Q2E0-A1XW34FY-2937TQAE},0
{V6R7-Q9LK75YU-7338QMUI},0
{L2B9-M2LY54LY-5741IOIM},0
{O5M1-T3VA77IJ-1895FWCP},0
{L9V9-S5RA98JV-7904HRQN},0
{H7P8-W7RZ78HS-5701YJZS},0
{C9D5-W7PQ98DE-8413IIFF},0
{R1L8-X6ZO08LW-9514NWMP},0
{L4Z2-S4SH68QV-1119IIRK},0
{X2J4-W7WE22GD-8935RFHJ},0
{Y5Y5-Q5IH18BP-7667URCF},0
{W4F9-T9BH07JU-8981HYVO},0
{L8M7-X7LQ19OT-5895IWAS},0
{D5Z6-S9OU48XZ-6624JVNS},0
{G7A9-F4EF28AE-6268ASPY},0
{M6Y1-K7ZM22JA-8934OSYF},0
{R2V7-K1VZ37EH-6845LERV},0
{V5K5-G5WA62CY-8756LGYB},0
{D7G7-U8IK34PE-6919MGHX},0
{A3X2-T2SQ66HC-0067QURM},0
{J9N3-S8KG66HM-6395SVFG},0
{N5W7-Q5YX96LT-4727IBZL},0
{F5D9-Z8NV53AE-8624MNEZ},0
{S1S8-M6KU17UA-8087MJLX},0
{U5O8-W4EH55WI-0947YYZW},0
{X6B5-F3PJ82HV-1697IGUU},0
{C6J9-U2IV53YD-3184ADGG},0
{A4Q0-D2NO47UT-6220XIKU},0
{J5A6-R5UI71EB-5487WWZG},0
{V7Y5-O3NH70CX-2192QUGG},0
{J3T9-M8XF66BT-5748QEAO},0
{B6T0-G5OW24YO-0844QRBX},0
{K0F1-B0AN24SB-7852DXSL},0
{L8M4-J9UV09SM-6876QTFD},0
{N1L2-M3XM78LQ-3251GZOD},0
{E9P5-M6VA48HY-8552BOQU},0
{G1T8-W0OU09BS-4957SLLX},0
{H4I3-M3YF39XR-9107PUFI},0
{B7H1-P5PB71JD-8013BVMD},0
{S7G9-E4NY09LW-3670XXAO},0
{O3Y2-M1HR43JE-3183OSZI},0
{J5A0-V2SF11CH-0119VUMP},0
{I9Z7-E3GF44MB-9155TGGI},0
{G8S5-I6MY91PI-9084PIOY},0
{Q3I3-D5FM59YV-9905LZEA},0
{V2G7-K1VH55DJ-5041MSJY},0
{J5H8-P1NA91QM-3397VYSF},0
{W8C4-J6JU42GD-2387VBEA},0
{N9F6-E7TQ37AG-9211QPZQ},0
{N3G4-I4AE10CY-3746VEPE},0
{F7V0-Z9CZ15KU-4757KLRP},0
{U4W5-R3GI69JZ-5744EVDC},0
{P4Q8-T0GZ10PV-5299ULWU},0
{V6X5-I7WM32MV-8073EFIP},0
{T8W0-P0LR85MQ-9287LANV},0
{V8F5-C2GT88LR-0558MXDS},0
{G9U1-W1LH24GC-1664YCKI},0
{S4C0-Y0GV33NT-2105JPBY},0
{Z2Z9-W8MR18UW-0859XUUK},0
{O4D7-D7RQ65IY-3935BAUQ},0
{G6H2-M1BM07AW-8504YDFY},0
{D6H5-I5RK14GO-4689HPER},0
{P4H1-W3HJ50IL-0988BKNO},0
{B2J5-T4DK28SK-0858NWUO},0
{V4D7-D8XX33KP-1017DGSE},0
{C2V9-Y1ZG85VJ-0022TXSS},0
{I4C1-F6SP87AK-5118QVOK},0
{D3B3-D1ID89HB-2184BDCH},0
{D5G7-M3SG38XX-0228AOUZ},0
{Y9N0-Y1AJ17VM-5780PXCR},0
{V6D3-L2AP69SC-4884DQML},0
{E8E3-F1RH64YN-6645UAPA},0
{V4A4-P1JC99SV-0278LLPF},0
{R3Z8-N6LD24HX-9720IIKF},0
{W2D2-M7ZZ42HC-8983IYNI},0
{S4T2-F5AL56WY-1505VYJB},0
{P9B6-P6FV78XS-2433ALYE},0
{X1N1-C7XV14KV-2619BCWC},0
{I2O7-S1CS25XJ-9380LEIX},0
{N9B0-A9HN86EH-2641ADAK},0
{Y2Z8-Q8XM25AN-3363FGSD},0
{H3N4-T5UZ92TW-9396KPGS},0
{O3L5-D1SC26DV-5115HRZN},0
{R6S3-L3IO50LK-7431GKMX},0
{Q9C8-E4GK97DY-5316HZTY},0
{I7A3-M6QV46VY-0014JRZU},0
{H0A8-Y9AS67ZC-4214KINK},0
{D6G0-M7AX07TH-2639TQXD},0
{W3W9-L2LF54BQ-0376RYXD},0
{W7Y3-N3SU31FM-9348DAWJ},0
{U6H1-J9SA27WN-1855EEIO},0
{R3F6-F3CR57WZ-3181OOMW},0
{Y1J3-K3DY87KM-0193TLEK},0
{Z2H8-L9SU22JV-1997AUPK},0
{D4B6-E1UP27OB-8939BMCK},0
{I4Q3-P2VA06AH-9554FQNI},0
{E2W3-W5ST79GR-7476AXMR},0
{J0N9-J1CR82LU-1119HKDR},0
{Q9W2-D3UJ31UC-4667HYGV},0
{M2V8-M0VB85WF-8451VTEY},0
{T4R5-W9QB30SS-8877OIPK},0
{L5E8-H0SF84TI-1600KHPR},0
{K3V2-V5JM39US-8732ODLC},0
{F1I1-B8PR17BD-5880DYER},0
{A7T4-B4RN79FY-6141HYZQ},0
{J9L2-D9AW71KJ-4021TYOH},0
{I2U8-U9WN47HB-7645HCFX},0
{C5M9-S0IM46GN-7532EENH},0
{B4N6-K0SY58BQ-5850VLBZ},0
{R8I7-X0RO23CC-6303SRKK},0
{R8W8-K4HL17CG-5776ZJNX},0
{Q6L1-Q4QS94BC-5951XWFD},0
{I3F7-K5YY54KD-5861MQLE},0
{U6P0-H9NL22WG-6829ACLL},0
{H7K9-V5MJ88TL-2414BNZY},0
{Y6F3-D2YL74JG-0286CPAV},0
{Z6O4-N6PG25UF-7965OMDH},0
{O7X3-B7KO95PM-0711IZKZ},0
{Y3G0-J4PP72YN-0477XXBR},0
{P6O9-J8MH34KN-1520LUIE},0
{O0E7-J2RG65DU-2907DBMN},0
{W2N5-M5QP36GU-1489AGIJ},0
{S4B9-Y1VC09XX-3267GLNM},0
{V2C7-J7IX29GI-3803DJBZ},0
{L1H4-W4XA92CL-5091UHLT},0
{N5C1-M6EQ98DT-3321ELBN},0
{S3B3-Z5YN57XB-7748QFJO},0
{G9F2-Q3VJ88ZK-6841EOMZ},0
{R9P1-W7QK34NL-5044CQRJ},0
{P8P9-R4TS46GR-0749NMYI},0
{G7Z1-U7SG44XD-6691SNMX},0
{I6M9-W3JR96XU-7479BVPP},0
{W7X4-W6SU42DW-1194WRVM},0
{F8I1-V0KK16RW-2683OVAZ},0
{B1V2-M9GX49IB-8444GTMP},0
{V0W0-X0WZ72BG-7389ZDUT},0
{H3D0-D2DF28DR-2805NXIA},0
{C8V3-Q9OM69GN-9278DDNB},0
{S3Y0-A4JB68EJ-1711OMDL},0
{X1D4-C6AD68VY-8455HBUI},0
{I8N1-L2DZ35FK-6563WLXK},0
{O3N6-E9QH13AC-2180KKUQ},0
{N2T5-V5TS82VI-6894COBB},0
{I4D9-Y9TH88ZY-2397LCXH},0
{T4R2-F2LX25VB-4793JJWP},0
{E1Y2-N6AD37DI-7579DGQJ},0
{H0C1-T1MQ10TI-7945IYON},0
{W9U4-A2HC40GV-9829KGOG},0
{J4R3-T0VW03SV-7837GRCU},0
{Y3P1-L8ME09MO-2835AWWS},0
{J8T7-A0UK75HE-0375XMMS},0
{L5J4-T3KD48ZE-1314NZNR},0
{G8E5-J8VJ60FK-8534JZPW},0
{B2L3-B4TU97MT-2983ABNT},0
{X3C0-I4SM33NS-8981KWOL},0
{V6I1-E5GZ51KU-8851YWQD},0
{S8T8-U1IU65QM-2513XRIY},0
{O1G7-O2GD74FO-8064FIMO},0
{K2M4-P5HJ91LD-5848MDJN},0
{R3A4-P6CY26JB-5249ZUXP},0
{F7L3-U7MP55WO-1893KXUW},0
{W7P2-R6VX11HB-7166PEHB},0
{G2V0-G1PP28IY-3853ZEJY},0
{C3X1-Y9VG96BM-7127RFKF},0
{W7S3-Q0PA94EI-1901LNRR},0
{M6P6-T7DB69SS-1014VNDS},0
{M6W2-G3HC59SS-5727UJMM},0
{V0L0-R1IA90AF-5278QMGO},0
{J1E9-B4WU97AJ-7558IGWR},0
{A6U7-E6KD13VA-8520DXWT},0
{Y0M9-Z3EN97VS-6323UTJV},0
{X1C4-I1JV82DX-6406EAAD},0
{S8E4-Z1KU00OH-4626XKMB},0
{U7V7-Q7JU88UM-6547YXIY},0
{G4W3-R7BY35NR-2847DSHI},0
{M6H2-G7ZE69AV-4695NUYE},0
{U5C5-N6VC82JY-9804AFEJ},0
{F1D6-B1CX18QU-3958TWLJ},0
{Z3H8-O2IM65WI-1899CCNS},0
{E1J3-V1CL64VF-2314ZPKE},0
{O4D9-O5NG28RY-1345WAVV},0
{U7M4-M1FN09GO-0288RPTL},0
{J2I3-C0JL04QS-1165ZWIJ},0
{T6S5-J0ZR21JJ-1106AMSW},0
{T8E0-G2WB75NN-3875HGHW},0
{R7R7-E5HC29LT-7523WJDG},0
{K3Q5-X8ZC65MF-2496MJOR},0
{H0K0-C7EJ84XI-2898NACA},0
{O7O6-F4ES78BF-8326SXSB},0
{X9O5-B8JL85BZ-2159XFPS},0
{A9R1-A7PU33IS-3931DIQQ},0
{N7Q8-P7CV59CM-1612OOYH},0
{F1I2-Y0OQ32NG-7351VFFY},0
{L1G9-L0GU64QL-0621EFUB},0
{W1F3-X6YE53CF-9901QKNY},0
{S5P2-N9TR26FD-6992EKRP},0
{K6N5-E9WH77MG-0896MCBZ},0
{S4B8-S3QF33HE-0253RJBP},0
{Y7H8-I0LN42IS-0666ITPW},0
{J1P0-U9JT83XV-1155LAXG},0
{B8I5-J8YN44QD-7900YZKF},0
{A2C4-F4YB91BI-6367PZVV},0
{E2K4-U5CW23DD-4576VXBO},0
{O0I8-O7PE09EJ-9801FHGF},0
{G6M1-H1SD46UD-9064OAYT},0
{C3Z1-F8YM64NQ-9777AOQK},0
{K4P0-U7TS25NP-6511IMUA},0
{V8A6-N8FK00EE-9384QZPT},0
{U0P9-F5NK83CM-5269AORC},0
{P3I2-S2CA36GB-4336IQGZ},0
{M4I7-S2CC89UZ-5215SNKN},0
{H0O8-E8JY11XA-0460FHPJ},0
{M0Q4-N4UJ72DZ-7578LNNA},0
{U2N9-P8UT06YK-2277CMTK},0
{P3Y7-Y0FS45DV-8208ZOLI},0
{W4F3-A4JX91AC-4525WQAR},0
{R6E3-U2FG47CS-8960VHIM},0
{E5N6-Q4OO47MO-3855VTAN},0
{J4H8-I2PX70IS-9801KOYU},0
{S5G9-D3VK60IF-9578LXFY},0
{L2W8-I5FQ60GX-9700INYR},0
{W0Z7-O0PL55UY-5303SWZT},0
{Y1K7-V5VT31CN-3904AKMV},0
{Q2Q1-J1BC56VQ-3990LVKV},0
{G9P9-R4WS91MK-2540SUFU},0
{A1J8-N9VF91AS-1714DNDD},0
{L2E1-P0FK43FC-4218KDBJ},0
{L0C5-P8ZT33WI-7315BOVZ},0
{S9F1-M9ZV54CJ-6377BNKZ},0
{H3A3-C8RN19UT-2865WXIF},0
{M3N6-U6BF40TH-3600COGX},0
{Z6C3-N2FG34RL-1962JCYV},0
{Y8A6-X9LQ44XR-1706SZJI},0
{C6M7-K3HO95AW-6798YLEY},0
{U3E5-W5LA38OH-4613KXNX},0
{G5A6-D4ZF00DW-4995YNGD},0
{E9L7-J2WN97LJ-3244BMCN},0
{V6O7-Y8WG47LF-5180BECS},0
{E3R5-O3XR66TQ-6682UQXZ},0
{Y5J9-Y3KV90EK-4327MOXG},0
{G6U9-Z4HX53CH-6203EVCQ},0
{J4D3-B0PY94ZM-4690ZNXF},0
{D8V4-B3AT59CQ-6269TEWV},0
{I1K0-M4BH34LL-9973SHBQ},0
{P6S2-N8NX17ZM-3426JHKT},0
{X3Q8-L7JS33WH-3303DFVH},0
{M5W6-Q0IR55KY-4600GZCB},0
{A4Q7-R9EW19CA-7110FEJO},0
{E9N3-I8BI13OM-8558PSAO},0
{E0A9-P6EH09AI-8529NXEJ},0
{T5I2-F0NG74XI-5323GBBT},0
{M9C5-S1VW93QQ-5917GDZI},0
{X3S4-Q7XH12KI-3518OKGS},0
{A3N8-V3FS69ZV-0428PQOD},0
{E2I3-V4KZ63ID-4700VVDW},0
{T0K7-S3RZ12PS-7126SFPA},0
{U9Z2-J5DS68FK-6107IPAA},0
{A7N5-I1BJ69AD-9688PETN},0
{I1Z3-S0VD41KL-4523PMOK},0
{N1J8-L2QD89KL-4317KMKT},0
{P4L8-A9WG22VH-4821PXYJ},0
{B3H6-F7VZ16VW-8732KYYX},0
{U1X2-H5OX77DE-7194EXAU},0
{A9L8-H4AV62TL-8108MZCS},0
{R7Y9-N8BP70QG-2450OOJT},0
{S9K8-T8TW97VO-8563BZRM},0
{M2D3-D4WQ79MM-1457CRDP},0
{O0A7-G3SC62VU-1596FFOD},0
{P2Z0-Y7UE61LJ-8652AKAE},0
{E6V9-Q6CZ30WC-1100DYCZ},0
{X1W0-W6NT92CL-0723MMPZ},0
{B5Z1-F6MU25JN-3101KFKB},0
{V0K9-A9ZH73MD-5569NFRH},0
{Z6R7-U5ZQ85PD-6664KFYB},0
{X0U2-Z6KH03LJ-0053FAPM},0
{H6P7-S0IA05QV-2066PJKX},0
{F3A2-J1XH55RK-8490XSNB},0
{O2U3-M5YO91FW-7831TSON},0
{Y2T0-A0RY49KK-8470JSMG},0
{A2T3-D6QC69YD-7714GEWN},0
{F2C2-K2UT00ZM-7997ZPGN},0
{X1X9-W3OS83QG-2056ITDF},0
{Q6J6-D9EA65EY-7784FLPM},0
{V3A6-M8DI76XT-7401RBND},0
{R6P7-O9MQ75MF-4825DWVG},0
{S9K1-D8KW16IC-0474CQAY},0
{R9S9-D8BR72PW-3948ERYR},0
{Y2S8-J0MT29DS-5866NKFE},0
{M7C5-J5QM98KZ-2770OHOL},0
{T6H1-M0TB30XT-6066RPOR},0
{W9D8-S2PR07DZ-5176BVAQ},0
{X1M9-E1JB25OK-3362IGZD},0
{F0X1-F4CZ20RA-8144BHSP},0
{G2K8-I6EQ44UT-3520LPCE},0
{D8T1-P7JQ02SS-7904LFZS},0
{T1H5-E1LB13HN-3244XBJR},0
{C1P0-K4LB44HX-3155RDWM},0
{B6T6-P9IF46NJ-6523XYXL},0
{D5N6-J1AL31KI-5763NVAJ},0
{K3C7-G4XV71JR-5525PPEB},0
{J1Q6-N3KQ65JH-9188FLTK},0
{Z3Q9-O7HQ76HI-0305MSJG},0
{R6N3-S8AG54SW-6804ZNNN},0
{Z9Y0-H7YU69WO-1907JMNF},0
{K7A7-T1JF82RZ-0470MNNV},0
{G5J6-G1NH91SA-7845TXHV},0
{N3V3-N3JA27BW-4880VIEO},0
{Q5S8-R4GD90CJ-2873RSEN},0
{F0H4-F7RL84ZO-8549CYTW},0
{E9T4-O9BA72AW-2579XCJP},0
{K0B4-J7EA54TW-4313YREO},0
{F4N5-S4UF26RA-4928AGPZ},0
{X4G9-N4MM00MA-9570GMZX},0
{J6X0-D9WU57AU-2861FOSV},0
{U8M0-Q8VK88VW-2614XHOM},0
{S8V3-H4BI20MF-9334BUZR},0
{T5B7-S0EX78YJ-8922LUHU},0
{W2U5-D0NL55PK-3858WVLO},0
{K8G8-X8LV87UA-3725ECII},0
{P4N2-L5GR89FB-0674WNQT},0
{O7F5-R7LN09IK-5908BYHF},0
{Y8O1-X0MC23ZK-5251DKGS},0
{J0M9-K4JM51US-7542XCLD},0
{P6A5-Q9GW29WJ-7262APVL},0
{N3M9-H0BQ85JL-3012IPFB},0
{D2L8-G9HE84SV-2965CDKU},0
{K7O9-O9LX73LC-0024JJQB},0
{L8Y0-C1IN37LV-8269CDXE},0
{E5H4-C6HJ97BX-7994JHMD},0
{F0M0-H0IT11SI-2453FKTU},0
{U3N4-U5RO79US-1888ITVJ},0
{I3R7-M9RQ26RZ-7768GSGJ},0
{N1V1-W2SX61AG-7259IGZQ},0
{B0N1-D6KR02EZ-7307WUBJ},0
{A6E3-O2FG10QO-7708ZPNZ},0
{M5V6-D7GL54OR-4770FKFP},0
{W7O7-J9BV51KE-9547LDHI},0
{U3D0-A8TJ50LF-6400AQOQ},0
{E5B3-D0NH77WR-2537ESLK},0
{D0S1-Y5JP13EI-1243RHBP},0
{Q7T2-K6BP12GW-2670MYPF},0
{I7J6-K7KZ35XN-2173NHJS},0
{Q6B6-I4VO57JU-3874JNWX},0
{I5S5-Q4TT55ZV-0468QTAV},0
{K8L4-I0XA70NE-7794XOQC},0
{H2N6-I3TG87VF-7015HKHM},0
{E0U3-X5QN91IR-2770WPNE},0
{C2G6-H9DG40GR-1852LINA},0
{C0K0-K4EG95VK-0648CUZL},0
{T0A8-Y1CJ36CX-3052NBMI},0
{X5T5-G4LU80SM-2798GSOF},0
{Z1Y5-H9JS86BJ-4694GJJA},0
{G5H2-P2IX24OS-6762IDIH},0
{J3W1-A3UK33CF-2611HDVP},0
{D5J9-T7DH38RB-4794CZGB},0
{W9B6-I6RQ06ZV-8146OJBQ},0
{N1U2-O0GT59BH-8967GBOH},0
{Q2M9-I9DY77GZ-9527TVPJ},0
{O1M1-J6GH00EO-8738GLWK},0
{M7P0-E4MA01QV-6266BHQN},0
{S0D4-X8WV95DC-4327DCQJ},0
{S9R9-I3QG67BD-6967BODK},0
{J8Q8-C1OM62BS-8404NKFC},0
{V5J9-N2ZD19SE-5472HARB},0
{N0J0-R7QR13GJ-1455XPXU},0
{X7G8-T2AN98CB-2163VWUY},0
{Y3R7-E5TY21VP-8148IICC},0
{N9S6-E8AW58UQ-2605XMEN},0
{U8R2-Q8NP75WG-7243MVRI},0
{G5X9-O3DS44NN-2903WUIS},0
{S6G4-Q4HG15RU-7474WSDN},0
{R3I9-E4HF35KN-7146MHPO},0
{G6I6-D8LH19CU-1514ZQUB},0
{S4E2-V5WN99VZ-8770NMSI},0
{I6H1-P2BV50FT-5815KZIP},0
{J5Y7-E8NK51BB-8739LTIH},0
{H1U7-G6IG37HG-6330GTBL},0
{H7X1-G2DD35RQ-6515LUUY},0
{B7Q4-X8KF66SA-9969MZYX},0
{V9G2-N8AX69UM-2884LWSU},0
{S3A3-A8HM27HO-5558PYBW},0
{L0V1-N8YS24LK-4485IFIL},0
{K2L3-U7YC63YB-1939IPCS},0
{A7H2-D9DI11YL-0826SKLD},0
{C8U7-U1WF72WJ-1547BAVT},0
{L7O8-U2ZM69BG-1693CDTE},0
{H6C8-K2PU12BK-2239HBJM},0
{I0O8-O5CQ02IW-3040YJSX},0
{W6L6-Q5YA71QR-0864UMQI},0
{C8L5-U6WS86RM-4504JXMO},0
{T8A6-K6VL33SQ-6111CRCR},0
{W0C4-J1UT79TE-2758JYGA},0
{R6W0-R2OO10GX-9805NAVR},0
{I7D6-W1JT69MR-3559ONCJ},0
{W8E7-Y2BF08CV-7553TSRP},0
{G0X0-T5IZ53GP-8442DPTO},0
{W1H0-O8HC92VC-6719IIMF},0
{J7J3-M0NY44BY-8135ZAXZ},0
{C4X3-I1AD53YB-1164FLGP},0
{V0Y5-G9LR31GH-8083WZYC},0
{F6Y0-V1PK84CE-7884XKIX},0
{B4T7-I2NZ33HH-8309TMWM},0
{R5T8-R6WV42DB-9596APTA},0
{U7H0-G8GE97KJ-0690RGHR},0
{B7Z1-I4FX44ZP-5517CBGY},0
{O0G4-B6QT11IU-6171KZCU},0
{I7J1-J0DU86CS-4647VMRV},0
{F6N4-S6TS16IM-6010AWEK},0
{O6N6-O0TP06JI-1883ACVB},0
{H6T3-E7ZZ41BG-6598XIED},0
{H6N5-F4KI88RD-1599KNOP},0
{Y0Y2-T9BT04ZY-0117ENVN},0
{Q0Q1-K4OD86CO-4802ZZIR},0
{Z4U4-G1JZ20OL-0893WFKV},0
{A5W8-D0PD18GD-5020UUFQ},0
{Y5R7-Y5QK48TQ-4414CYQC},0
{O1T0-R4CY66YB-6454ZRYK},0
{O0Y1-C9XF96EJ-5991FVNB},0
{T1H4-H4QY54JR-8290GFHI},0
{J7L3-M2FW66YS-1803RBZK},0
{R7B8-W7OZ01DM-4087NYEU},0
{U6Q6-I5VG61KR-6138SOER},0
{I9Z2-I7JY26YG-1277PNSQ},0
{Z2N9-L9LM06GZ-4695GTJV},0
{O7I4-S6ZO83CL-1745MOWV},0
{D9O7-T8KD80ZQ-1592OEHQ},0
{L3U6-K7DE49CA-4414IWYU},0
{X9P6-T0ZL20VO-7285BOHD},0
{Y4U1-P1GN82UR-9820AEEF},0
{L3C6-K2LF33FB-5324ZRHZ},0
{I6X1-W9UF95BZ-9229HLRC},0
{L6N0-M1PE55GB-0385TAAT},0
{U3Z0-Y0JI26HJ-7578NTXB},0
{Z7J5-C7MH80BK-0104ULPK},0
{Q8Z0-L4LA05WU-2735EDIY},0
{N3Z2-I7KN78VD-7165UAWM},0
{B2F7-C2KT14YP-4406KTQS},0
{T3N4-C6LP70NU-3801PQCV},0
{O2Y5-Y8HI49EX-3438GWYX},0
{C2G5-H1IE82AQ-0538NEKM},0
{D2M6-U9VW27MZ-7122MRNT},0
{K2Q7-Z8IA38EH-6494WQDI},0
{B3A0-F4VK78XC-9018EJUO},0
{X0U6-R0RI31IE-4261OHRO},0
{M4Q3-D8HE29OM-8133LMDN},0
{J9O3-J1PY27OE-5495OCZX},0
{C3L0-U6HF35NA-3067OFKB},0
{Z9U5-B8PQ35JA-2112EVYA},0
{O6Y1-V4WC99QD-5674VWEM},0
{B5N2-F4QQ07RE-4538EYJM},0
{M3P9-C1IT54OB-6506DYIK},0
{U2O9-W5HY92FI-4287RIYQ},0
{B7U1-D9CD25SF-4352YFBJ},0
{K6P8-Y7XG90RL-9646TKFG},0
{O6J3-U2FK37UG-4411ZGDO},0
{X2B8-O2GJ71XX-3123JRUS},0
{C2K3-A6UU96JP-4988PLMX},0
{L4Q8-M2LQ73ZY-9763COWR},0
{H6R3-Y8UM36EO-8565VJOB},0
{Z5X4-L8BH44JE-8913OVJU},0
{K8L7-H6IM71RN-0322BFNH},0
{I2K2-K6TY09BB-0633UBXS},0
{N9I7-H9JQ37QC-4025KYZG},0
{V4H5-P2WW12FP-9774VBOH},0
{J8C5-W7VQ50TK-6333VFPU},0
{Z7H3-H3VA77ZS-7499THLW},0
{M7R3-X0TN33MR-7294WAKR},0
{P5K1-C8RU12NI-7948AFHW},0
{Z3T1-G1ZL03EP-2675JDTI},0
{M5D9-B6DO33SQ-2784JKPT},0
{O1C8-P1CC27XN-8737BIQS},0
{Z5I1-R6HA85IM-2087QGWF},0
{O5V8-K4TO04NT-7298HDTH},0
{V4Z2-R7OF94GK-1830JUCF},0
{Y2B6-G1XJ83XD-5816SUQR},0
{R7Q3-N1XE54XA-7680DSXS},0
{A8Z3-N2YY32LJ-9673KTMW},0
{N4A5-W8CL80OB-8958BOCJ},0
{J8K0-Z4XH96TE-8671JGXP},0
{Z1H6-Q9AB48GS-7425PSZU},0
{W2L8-E2MW78HE-8726ZYOQ},0
{A5Z3-I9VU51JX-0387JCXW},0
{U5F3-V0UO87CV-9473WTZS},0
{W8R1-O0UB49XP-8962AANW},0
{Z1E2-I8OL18OD-3582YGJW},0
{Y2R7-X0NK90PD-2805HUEF},0
{X1X9-Y9LJ21YJ-9346JEVY},0
{P6Y9-Z3RQ59HQ-4478CQKQ},0
{F3H9-B1WC74YD-0632LYWL},0
{Y3S8-E5DI25RU-3978LNMA},0
{U5B8-M9NA25NQ-9693WBVP},0
{Q8Y5-X5MR31YV-9527CATE},0
{Q7C8-J0PB51XO-6321ISXU},0
{A5M8-I6WN70QD-1646MVEW},0
{I7R2-H0IW51KY-4392NPZP},0
{C4R0-F4KR98TD-5639COYU},0
{N4R2-X7HG87XK-8241JNXE},0
{E7O3-A6RO13UL-0062XMFO},0
{N0A8-M1CO80XD-9116OPUP},0
{C9A3-M3QT51EI-9600CIXX},0
{I2Z1-H0AE92JI-4231AYRD},0
{Y1X5-K9CT92OC-9578GTTN},0
{W9I7-D2PR69QO-7188NFNT},0
{Z8H3-T7ZC34KA-1531RFZI},0
{W7C0-A6GI40FC-6052MOML},0
{Z8L0-Z8UK38FD-6169XZFJ},0
{P8U8-X6XN82RD-2726JDUZ},0
{D0Z8-R7YG28AX-6498KTTM},0
{S2J9-R4VJ34TF-7766XWDM},0
{W2W0-P1TI30KH-6979LJRA},0
{C5U2-K9ZR48RS-5150KDKA},0
{F8L0-J7RD68HD-9755BYUJ},0
{W3D8-E7PN62IT-7771FOFQ},0
{V3Z7-V0XU41NA-8610YVMV},0
{D3J5-L2UZ36XX-4466DFYQ},0
{X9Z8-R8SB46SU-4929SBSM},0
{E7W9-N4WX49ML-6396IGMM},0
{Z7T5-X1HG91KT-0466GJYG},0
{L1G7-I2CN69FR-3705XCCC},0
{W9X4-Y4FJ37VI-9538CPAC},0
{J0K4-T1CV43UD-9081ZWWS},0
{S6K6-Z6QV65VY-2249FLMB},0
{V4V0-L0EP52RP-7784QVVR},0
{K5N9-G9DW55WD-9768NKOC},0
{X4D1-C6KG32ZW-8792GFSH},0
{V4P6-E8TB99FS-6264OIAB},0
{J4D9-E2AT95WY-1438AFYF},0
{T7K9-F7VZ07OM-4101UFST},0
{F1L9-L3FG65OU-8298NNLV},0
{N5E3-G5HW37ZA-0037TAKP},0
{L5J0-D5JA13YJ-6791VGIS},0
{B9I7-K6QT00LH-0938OAIB},0
{L1L3-A0EE34GF-0712OQHF},0
{E8N2-H0GT26UN-3903PNQB},0
{O4X6-L5QP97MX-7437MBQW},0
{E1J9-B4NX89TP-2104UJAW},0
{B8P6-T6MQ63TK-9399JAVE},0
{L9A2-Y1UG23EU-9433NALO},0
{X8C9-P9SH36WZ-8435EFJJ},0
{T7K7-Y5JD40TL-5024HUFT},0
{R9B5-B3WQ17ZA-9491MQAS},0
{F9G0-E9QH44ZA-7609PSSP},0
{M5E1-D5PC10VH-1932IDXM},0
{M9S7-H7MB87FZ-0443EGCB},0
{R2D8-F2AO52WU-4128ZNEX},0
{X5B6-M1TM24LC-7664MPWM},0
{L4E5-W5LD95NM-5071GPFV},0
{S1U8-N4UU81OQ-8762NTHN},0
{W1A2-M4LP86FI-8860KSLS},0
{J4D6-W3XP15PN-1288BYOL},0
{D8G7-Z8LR59VN-4603TILW},0
{T3H9-H0LP79HX-1458LDFO},0
{V6C3-H8NT08WU-2178JHSZ},0
{C9D5-W9BI67FE-1554SNPI},0
{S0J9-R6QC55ZI-6964KUTM},0
{D2T1-N7AD71HI-3227NRVE},0
{Z7H7-Q9MB01LT-5855FUJQ},0
{J2F9-H9PI42VV-6059EFEO},0
{N5L6-P6TM12NS-1851DDUN},0
{M6P5-P8AW85OG-9769IEMT},0
{P6T8-G6PU23PF-5821GVRV},0
{N2G6-S4LW73JU-1240HIGN},0
{Z6V5-H8LT86QG-3771KYMX},0
{L1D7-Q8OR85AN-4481USKT},0
{Y7W6-Q4FJ26CS-7059HWPE},0
{V8W1-W4JZ40DM-1345DMBO},0
{B4W0-S6ZU68KA-8165VIEV},0
{U5M6-S0PK87SS-2662BMMT},0
{K5W6-M4IF84ZL-3484JDKZ},0
{Q9M9-F1LN17MF-9500ILPD},0
{D8Z7-V3VT15QQ-2754FORP},0
{J8Q1-I0NV11EQ-6568CYOI},0
{V5B1-Q0AK96PA-0639TXIT},0
{N1A5-N1WB70TV-3560TLEL},0
{D2P9-V8QP87LH-0480BSLU},0
{W9I9-I1BN03XQ-1745BXXF},0
{W8R6-M7FT64ER-5340IAUI},0
{C2E0-X5FE93KN-5337NUYX},0
{Z2L7-X6JN73YQ-6858YHXP},0
{C7W4-N6MD87UV-9365TBGG},0
{G0U0-G4IM45IP-6527CVQU},0
{M0X6-G7NC74UD-1080ADGK},0
{R1C9-Y8PC19XO-7055RPDF},0
{I4L1-W2BQ05LP-7258NZBW},0
{U0F3-I7KN37YW-1395SDYV},0
{E5B7-N6NW71WG-7975JQDP},0
{V3D6-H2CD35NP-4550FYDN},0
{R4P9-V3RP28ZJ-1918TZDY},0
{D7Z2-A5IS42WF-4330FGGX},0
{C4K7-X1MH99NM-9036UEHZ},0
{V5L6-T0CY40LT-7130ONQH},0
{A9K1-U5QC93WI-9712QZLM},0
{Y6Z0-O6GF61HM-2955SMCL},0
{T6A8-M2FW56ZM-8669JOXO},0
{L0E6-W9PR49YO-4912XVFV},0
{B3L3-T8TX03KZ-2741UIMJ},0
{B4W0-R1TM26LP-1036ENKN},0
{D4Z7-M9GX49NJ-2145VTAQ},0
{E7L7-C2TU41WU-4852WDIH},0
{J9D9-C0BB79YK-7452FYYT},0
{V7V5-V7ME83YS-6001MGXX},0
{F0P5-Q5PO40ZO-3593FFSJ},0
{D1R4-K5FE84HU-4183DYRJ},0
{Y8P4-S8JQ70SW-3231SQEB},0
{G3V0-W0SO83UD-7017JWQO},0
{J5K2-C3UH54WX-0955LTSH},0
{R5X8-L9FE10IF-8101YHAJ},0
{W9D0-M2HA74SL-1425DOQZ},0
{N6S2-Q6XU45BP-9773BRYZ},0
{W3J4-G0FX12IS-6222ZCIT},0
{V7L9-S3LO43VK-0550MKDZ},0
{S5Z2-I2HM39BK-2097ZZNH},0
{P9P3-J6NT40EN-6477NXDF},0
{R0J8-N1GX75HV-1253TELW},0
{V2R5-L7GL23DJ-6893JJHX},0
{Y8G6-Q5TB13YI-8798KMRK},0
{X9V6-U7LH52GR-1718WSXE},0
{S0M0-R7JD36SY-2586RBHB},0
{B1L8-N8VI05EY-7603RLGV},0
{D9M1-K2WB31IB-9490UKNH},0
{O1O6-U4TM79AY-5567RBHC},0
{F0S3-M5TA59ZM-6175GYIP},0
{P3P1-B0KL33HR-5107BUHI},0
{O8S6-L3GT89KD-0799KZRS},0
{Q3W4-B9BM71BL-4935ZVLW},0
{W7L7-G0VO42JP-2762LGJJ},0
{L7T1-U5LP58FJ-8031OYUL},0
{M2R3-D7RB34CS-3373NCBB},0
{N9C0-R3TL68ZT-0549ELRI},0
{M1P6-O7FQ26PJ-1192MGWU},0
{M9S2-G2NU04AB-2192QDWO},0
{J1R9-Z1WV60IR-5081JYLH},0
{S8W5-F2UJ24XG-2140YFLV},0
{V4E0-K6CD59XI-6220OEGT},0
{S3F2-S9HP13DI-7467BKOE},0
{E4D0-N6MK10RI-0638PEUA},0
{Q1E0-V7RA15CM-3335GQGN},0
{C0V6-B6PH64DH-3115QNJM},0
{F2O6-D8JJ95LV-9698OOPD},0
{M4E2-J9IC06VO-1776FFTJ},0
{L4Y4-F4UA17RU-5574TABI},0
{R0X6-R5UA68OY-6856STYO},0
{L9X9-T4ZU40PE-1181GETL},0
{G9Y3-U9MV85QG-3990HVDP},0
{P4S1-X9HI34PR-9432MKLK},0
{J3M5-D3OV78FS-8969HCHU},0
{V7O3-Q0EG79XC-4135POJU},0
{Z7C8-Y9SO04JV-8441LOBP},0
{S6I0-Q8PE98EC-5626VLUW},0
{Q5Z3-R3OT37GA-4884NESE},0
{H8R2-D7XT13XZ-1057NNZW},0
{P6O5-M7TQ44SX-6098ZGHF},0
{A3A7-Y4VQ78CP-0667NGDC},0
{Y6Y4-M7LK63KI-2381BBGR},0
{L2S3-W4SN76TE-5594GVJO},0
{U4N9-Z7FP84GV-2081PQII},0
{H2K3-V8ZA49HM-7708AINQ},0
{A3H7-R2DY24UM-9423CHGN},0
{B4Q2-Z3FX52DY-2723ZWHE},0
{T7C3-O6DG77WY-0991DTEP},0
{L9C2-O6KV97FL-1597YUUY},0
{M3J5-O1MT90JK-7297RWHY},0
{N9Y9-G9XS58QR-8765LPCG},0
{U2S5-Z1NH78WV-0715XZBI},0
{H2O7-S7VA50CD-3495UYHU},0
{C7O7-X8MC41RG-8205XEIU},0
{M4M0-P1WH50OC-9957GXBQ},0
{C8W9-L2ID79OI-8583PGAF},0
{P8W1-T2DS68GJ-8939SCOQ},0
{F1W9-J7VN73HU-0540WXEL},0
{J0V2-P5DE25CH-9232CYWV},0
{E4T4-S3NL01OO-9253CIPU},0
{F7I3-C1TW16HN-5673GFYU},0
{Y8C0-Z4HI89SF-7894TOBX},0
{V1Q3-S1DP35PS-5417ZPBR},0
{N6I3-W0MR77AH-0582BCKV},0
{P5H7-Q3OP55QJ-9764KIAV},0
{X4Z4-B3PJ28MQ-5640ENOC},0
{Z5W1-G6ZG20PH-3151HLPG},0
{I4U9-X8UI30YJ-3474QTMZ},0
{I1Y9-G4SB28CW-9627SGBP},0
{K6D3-A6OY65NN-5292QUZB},0
{J6G9-Z1GR61PH-2362AGCS},0
{G9T6-Y2LS09MJ-9244YBVI},0
{Z5O0-M2WA29IP-1280XGGE},0
{W5D6-T7AB19FD-9694NVFT},0
{X6V0-M5DG32OF-9546ROYB},0
{S6Q8-X1NF35IB-3032YPRR},0
{I0Z5-Q7IE40CM-1744PUHS},0
{U7O0-Q7FF53GO-6840OONH},0
{U1B8-C9SC67UV-5712SUMY},0
{B6O5-K4MG83FV-8888VHSO},0
{J7J5-Z5OQ52YA-2386UYSP},0
{N3C1-N8RP66AY-0846HSBK},0
{T0T2-R3JL83JJ-6350MOME},0
{L2N2-E6TE34XM-8031UZUL},0
{A8X6-E6DU92UY-0990NITT},0
{Q4E9-Y2HZ97GJ-0405MHCF},0
{I1L6-S7OT31JJ-8297KIAP},0
{K4L6-S8UC21ML-0515CNSJ},0
{B2Q3-J1QW39UH-0838AYND},0
{W2G4-M5KY26FR-0628OSGW},0
{Z3J3-N2CQ52MJ-0985GWQB},0
{Y6A1-C5KX68GT-6460WQMA},0
{V3I1-V2TM58DE-6698VLOT},0
{Y2Z6-Z5ME83QP-0368TOUM},0
{N6Z6-U3KA86BC-9363TMTO},0
{E0D1-P4PY34DG-7527STVG},0
{L4N0-U4PZ70QB-4440PZSS},0
{F2K3-E2OH96WK-0361RKDE},0
{J5S5-Z3ZT32DE-5317TDHB},0
{H5Z1-W2IM35JW-4954WXJL},0
{A5G0-N4BG12LT-2912MYOB},0
{O4V6-F6CJ29XM-3577LYJS},0
{F0A4-R2AI00FS-9044QRVU},0
{N4U3-T6WC73NA-8284IXYW},0
{T5N2-L2AS16OS-5978PVQG},0
{H1S6-F0IM39KJ-7455MIMK},0
{P6Q2-N3LI55TV-9405QDSQ},0
{Q4R0-E0HI53BN-2904KMOO},0
{P8S5-Y2YI75IY-2498DEQM},0
{Y5D5-A3LR46VH-7549NNDX},0
{J3O4-K9XN00ZW-7952PQTV},0
{Y3M4-K5ND77KC-7099VLSH},0
{V4C2-F4OO17VR-0165KZJA},0
{M7W3-C0QZ99OL-4702JQHJ},0
{B7S3-Y4VW62YM-7440QWBQ},0
{U7X2-H1UZ67WT-2992PPWP},0
{W6V4-B6FM21ZM-4074POJP},0
{I3Y9-O6FS66XL-4465KZKZ},0
{O3R3-O4NB34RA-6128ECUN},0
{G0U1-J7WE73QE-8953BDLC},0
{O5X5-Y2RP25HT-6706ZALQ},0
{X6W2-U2HL00OL-8946AXKJ},0
{B8H9-C5WV16ZL-6605HWKU},0
{C9L4-F0UZ77RZ-5436JHUM},0
{G5M7-A6HB40ON-6163TIJC},0
{D4P1-B8AQ51QG-3963QHME},0
{S5G7-N7YC57MH-0068YFJY},0
{O7A9-Q6MS04GX-9695CGXU},0
{G3N9-K1VZ99RU-0225CXGB},0
{V0G5-I8DH05AT-6496JURF},0
{S2G5-F5XV07JY-1506FTEO},0
{G0I8-C1EL80LW-2568MEWH},0
{F3O5-T7ND68TY-9400QKJF},0
{F4H3-F4NC66VR-3269ILBY},0
{W2A8-H0LH31YO-9942XEQO},0
{R3Q7-S0RT49OD-6909ONHD},0
{V5R5-A8UN99MT-6331BDGE},0
{W0U4-X8QU44GM-3275OFKI},0
{W5G2-H5LI19GB-5788RKEM},0
{V6Y9-Q5OQ79TB-4416EKGX},0
{Z1I4-R4KB55SK-5439HKPB},0
{W9Y0-N8UM20SE-9479XOEG},0
{E6I5-B2JS58PA-6458QISJ},0
{K3J2-F9VB92TI-4330SWJK},0
{U4U8-B1MC50DN-4867LLXV},0
{T8S9-M6LA69QN-2628METZ},0
{R6P9-J0WE16ET-6230VUYS},0
{P4D4-I9RY92MT-7964NJHO},0
{H0A7-Z5MC13RQ-0272IQDC},0
{Y4R4-P2YI26JL-1241RCXU},0
{B3S3-T7VY10LN-5841SETO},0
{K6C0-N6FC84VJ-3492QANH},0
{N2W4-I1YF40SP-2650ELXL},0
{T0N3-B1UQ24EQ-2726MONI},0
{H2W4-Z5ZA00SC-9086SMFY},0
{X8L6-S9VW53KD-8770FJWR},0
{Q6S8-W4YD68VY-3891CBLG},0
{R7V7-Q9AP32EV-2746BSCJ},0
{U0U5-W9EU87ML-6339AVXT},0
{Z3Z8-F8UV35HC-2353IVCJ},0
{A1B0-B6JT74VW-1232HTOV},0
{O7I2-H9WV92SL-4339XOMB},0
{R8B2-E1BM44WQ-6615WSKI},0
{T0X9-Y1ZH46EC-0569VOYP},0
{J2C2-T4QV33AX-8034INUG},0
{V7G7-L4GV86OA-5891NWHE},0
{K3R8-H5CA36PV-1293CKQZ},0
{D5S8-Q6IZ74KK-7413SJUM},0
{X1I8-C5NR35JQ-7345JBJG},0
{I7M7-J7ZB93DP-3216KIUG},0
{X9Y1-W5UP06PL-4333VFUO},0
{P0X2-G1FQ06VE-1678TMDE},0
{T7W2-V0TA74HF-3121CZSO},0
{G7V9-Z9PF41MV-0581KUHL},0
{B6F5-M8YW15IN-1421JWRN},0
{C9O6-R2GA79JC-0809QUZE},0
{P3E4-B1QI78UG-1905QNAI},0
{M2T2-W2UG33FU-1560XVMD},0
{J8Y0-R1EP94EU-6572SRWL},0
{A8P8-I5CD15AW-6293XLFM},0
{Z2W7-U6BG49PI-7740QEWY},0
{E4H2-G1TX46DD-0417XTCF},0
{T6M6-M4YH29BA-3729WFNY},0
{W7C4-P3QE42OA-2626GONX},0
{G9H6-P8PB34LQ-6253UJOT},0
{F1R2-N8XQ72QX-1292HBPB},0
{S7K4-K6MS12IC-6728ORME},0
{T7C9-I5LJ48UG-6050BPZQ},0
{K1Z8-B8AR52OU-9495OHEA},0
{O5V4-N4JW20XA-2819WYLF},0
{Y7S8-P2DB13GS-1200NPUH},0
{J7P2-Y4XR38VL-4306WZSM},0
{R2P1-F1OS90HA-7720IWJD},0
{Y3E8-A1YZ35SE-2615NFKM},0
{C6S1-X0JM38LB-0470SNTB},0
{Y2R7-B5WC37JQ-4148IOQL},0
{D6C2-C7MC07ZO-3002VESO},0
{I9K6-Q2US96XA-8521VDOT},0
{P6A1-Y1CV95CW-1327YVKM},0
{U4A7-O0YJ79FE-0294VUUY},0
{B4U4-V9TZ86ZT-3421NSMV},0
{Q2V9-G7MY83FT-4480PJSY},0
{F1K9-C9NB64BW-4095HSSP},0
{G1A3-O0QA65EF-9966JQCX},0
{U7L5-F0LA78PG-5647VIBP},0
{V4U9-B3UU65EO-7805DKRR},0
{S9U2-A6WI92XT-4495GMHB},0
{J7D3-R2LP57CO-6047DQDG},0
{F8V9-M6KE06OR-8121ONDT},0
{V2X6-E2VZ29FK-6323IMYO},0
{I3T6-S2SJ95BP-0751ROPI},0
{Y0Z1-U6HE32EU-4804UKOE},0
{Y8U6-O5OW56FE-4342KHJI},0
{X7Z2-Y0IE07HU-2080FBDS},0
{R0V6-Q3LH35PY-4476QPEB},0
{L0X2-A2VV46QE-1647VYGU},0
{D3N0-L4XI57XL-5310AAJM},0
{O9Q8-Y9YX34EM-5486AEPZ},0
{F4J9-I9VO71RA-9034INYL},0
{Z9Y0-Z6WT95VV-7923GDAA},0
{U7O2-F3DN00LG-8895CXWP},0
{K4B1-C7YA24UK-1051NPCE},0
{P7Y0-Z2MA35DN-1088TFBB},0
{R0F1-J7CN69WQ-4660XAPY},0
{P7B0-Z0HH36YK-5106CJIC},0
{H0C6-Q8JT87HA-2024SVZE},0
{F8Q6-M8AP32OL-7801DWQT},0
{Z7M8-W5SC05TW-1542AFFI},0
{F9Z8-Z8DE09EH-1457YTQY},0
{C0U4-H9BO64EF-7846EIWG},0
{P8U6-C3XA95JB-6475UROS},0
{W8E7-T3MU19DU-5126PGCK},0
{J7U7-U2RQ55OG-0636QDLU},0
{T4C2-H1GR31JD-7509LRHB},0
{K3I1-R5EJ67WP-8114YVTJ},0
{O8C4-U7HF42DS-4714YMMV},0
{M8T5-A3RO86QR-5199TGYH},0
{Y8W7-E8KD34KI-0906SSJW},0
{W7M9-R1CV32PM-6027ZDSF},0
{E8S2-S3ZT21FT-8238MLLJ},0
{O6W0-S8UU79OS-8996SPGS},0
{V9E9-C9RN64YB-5989ZFZQ},0
{S4G6-I7KN72ZQ-4005PNXP},0
{R6R6-K4DJ41GN-5271KGPP},0
{S4R3-Q3YN21XS-5617RNGB},0
{G3B8-X1PF90PI-6040PFFM},0
{V8W2-N0RF03HL-9463LNRZ},0
{N9X8-I6TN76AC-7961RDTV},0
{S3V7-L3QU60XD-1817EVLA},0
{P1F0-F6IC49ML-6660LAUZ},0
{C0R3-C0YQ79VI-7415IRYG},0
{Q4P4-D2SP48YN-3117DUUN},0
{Y0P8-Q9CF61VZ-8671PWLD},0
{N2N0-S0HY03WR-5401PVRS},0
{K8X6-A6FC49AK-6221JHFF},0
{P9B9-Z9NG29CV-6199SDXH},0
{X2J9-D2EB13ZN-9872LLPE},0
{P4G8-S8VR62JP-7278YPGR},0
{S8M4-P2DP91UJ-3858GDWZ},0
{T4Y6-I1UK30GH-0412NQVX},0
{M0X9-L1MI08ZC-8541TQKH},0
{Y3E3-I8PV46LW-2822TSYV},0
{K6E9-R9XM73KG-7451VSJP},0
{E2P6-Y1EG77II-5351RKOP},0
{S5X7-X5VP89SA-2766VPNJ},0
{X3N9-G3ZD39YP-0112OMSS},0
{J8V6-Z9GF36ZX-5063WMRZ},0
{K1H7-Y9NE91OM-4292XAXR},0
{S7X5-P7IG40QX-3188VODB},0
{B2I1-D4JP55KU-8982SHRW},0
{H0E9-B0OL48MF-4216GEZY},0
{R3N2-Z5DY40WC-8418NSHY},0
{J5E7-Y7YA32XY-8319PPJJ},0
{J3J0-H4UJ40EO-9604DAKJ},0
{J1V1-D2OV39EK-0062TRUS},0
{O1T2-X7JA25OX-2417BPBO},0
{P5Q2-K5DN00UJ-2474IQCD},0
{G8C9-A6CP52GS-5818VCXH},0
{M2G7-H9AO53SZ-2353UTQE},0
{C9Y4-P9XT92LH-8038SEDM},0
{I5W5-S1RS87KO-4069BJFZ},0
{W1Q0-L9VL71SH-4610MSJC},0
{E3X5-D7IY99FA-8461AMDY},0
{D4D6-A5ZY72EY-3676AFLV},0
{L0H7-U0SO59DS-1402BBVU},0
{F4Z1-V4OF42IZ-2213LBNC},0
{P9J8-C9BU55JI-5069HCNG},0
{M1R4-M1PW54EM-3826HRMX},0
{W1T8-N4MI47HM-1635FLNO},0
{W4H0-A3KJ33EN-6232CQFL},0
{R1X4-G5JD88FC-4067FEIQ},0
{R8X0-D9ZJ41WZ-4561EECR},0
{L3M6-W3MN30UA-9363HEKV},0
{Q1Q3-B4QC41GS-0984COXW},0
{C5R3-K1CB86TC-4222WBPL},0
{H0U3-M4UT59RG-8167IMRC},0
{U3H7-X7TE31TC-7934UXYM},0
{I8S1-K6TQ28TA-6952IJEY},0
{H7H6-A4WM46XK-8853PSUN},0
{B9B1-U2LO77HZ-3905UOYA},0
{J6B6-Q0GB16XM-7809NDIU},0
{R9I4-K1OE57JB-3841VIEL},0
{K7L3-D3ET98XY-9724EKWV},0
{L1B5-U3AE21ZZ-3819ZCOJ},0
{V9P1-L9ME29MO-2989ALQA},0
{Z9M4-I6RS38KP-6715IVWH},0
{A6K0-B2PH66LG-7662PLRB},0
{S7Z5-Q5BZ14UH-5779PZRI},0
{N1U9-T3SF31LK-8595FMRM},0
{Q2A6-X6XA42LH-5401EUIT},0
{L3Y1-O2RD64KF-5528XUTU},0
{X1F5-E9KC67OM-8668DIHU},0
{C6Z9-F3SU81MR-1100TKZR},0
{E6P6-R7VZ79WL-5181MPTI},0
{X4M8-M4GA99AW-3050JMMG},0
{Q4Q0-Y6YX69ZS-2243KUIP},0
{F4T0-M0BN07GF-3836GGEO},0
{U7V3-L5EA11EA-4920IFSM},0
{Y4J3-M0PB81RB-1952IZGC},0
{Q5U0-L6VZ70XN-5864XMMM},0
{F1P1-N4VS11EH-3314KSSJ},0
{R0J8-S4HQ79PG-8670OTWU},0
{I5M7-W6BN14JB-1983XLNX},0
{L4Z3-Z5EG13RX-5210YMYA},0
{R5Z4-P1TP43VW-9046BFNV},0
{O8D7-T9UX26FN-9005LBTP},0
{H2B9-A1OE52HM-1371BPMO},0
{A2C0-S6BU13ZA-0076BXPJ},0
{B1K5-H1UA16TL-3794EQWY},0
{P7Q2-D4OJ35CM-4801WILW},0
{D3P6-A2KF20OG-6914SDUQ},0
{J8O2-N1OS40UE-1733EQVP},0
{D3M0-V8MV88PD-8372ENHG},0
{G7U5-L5SW99KG-0950SMMT},0
{S5F1-D0SG75DY-4443YKDP},0
{F8L8-Y1RM60VL-0903JFGF},0
{R8P0-D7VB39SP-4598RFCL},0
{B0C5-K4BT58YN-5747RILO},0
{W7G7-T7LN01UV-1731VHSD},0
{T0L7-X3DX50WT-4511UXAN},0
{S4C1-T6EJ73KH-9826CZFT},0
{F4X1-Q7LS26AV-4544XFNO},0
{P0W8-E9CL79UZ-4889ARFA},0
{O7A0-O6FQ01DP-8198WUTH},0
{J5J9-L5FS39IT-4587CXZJ},0
{M2S6-Y0BK19MW-5858AOJH},0
{B2Z0-C9TV79KC-6859ZVZK},0
{E8M1-V8AN99BX-4462TYFJ},0
{M2I0-T6EN19MA-5785LAMQ},0
{J3F9-O6XV18KC-8630PUZT},0
{P7D5-J2AU33FS-8366IZJP},0
{L2D5-N8MI27BD-6178IPSD},0
{F1G0-E2OC43RS-1981DZUH},0
{H3P3-K8LI59TX-0736CGOE},0
{X6O5-E4CW63CU-4143HXHV},0
{V6X1-U1WA10DH-6329ZWYK},0
{M8P7-R1CS87TI-9638SXRD},0
{T6M3-Q6CZ61EQ-3760OBKX},0
{Y0Z1-S3PR82UG-1781HYWZ},0
{R8Q4-C6MM62LF-7688YKMY},0
{G0S0-X2VY27DX-4242SVDB},0
{S8O0-A1CV93VQ-2246ITOF},0
{F7B6-T7PA55DI-2617LBJJ},0
{H7T4-S3JV17QR-4659MFYA},0
{J7M0-I2VY71YE-3725PYTU},0
{G6H9-C1KX12LR-5761VODD},0
{H9B7-A0WP27MD-7785ICZY},0
{I3I4-F3QH02NL-7097PZUZ},0
{U8M1-E4NM25NR-6751ZCWZ},0
{D1C7-W7NS81PT-9679TFVV},0
{H2F3-R5LP15FW-9116GQWD},0
{D2U3-G5VY56GI-4662UUHP},0
{J8D7-R2ZL21VJ-8292DWRV},0
{B0J5-D9MQ58WQ-7469VQJH},0
{P2G0-T6IV88VB-5569GGMC},0
{F0V1-O7VI03CB-8952SDTF},0
{V7E7-L8AQ95HD-2239UYVU},0
{W9H8-A5MU25NO-7206AHES},0
{Q7B8-P7KP84TU-2620XGSZ},0
{V3K1-Q0KQ72QF-8554IXZX},0
{F8D5-O9KY10HH-1438UFXJ},0
{U6O8-F2NH37UO-6649FLCP},0
{E8S4-D9ZS71KA-8856THCO},0
{O8E6-O1EM96PL-4294MVVM},0
{L0K0-V9QB54UI-6456KYXX},0
{Z9L5-H1EQ23VG-5881MSMZ},0
{Z6E2-T4BP03SL-8275NIRQ},0
{F5C2-Z5EH83IN-2116NPOB},0
{I1T0-P9EU16FM-3898UNWY},0
{A6S7-V3VG16UB-3113FKUO},0
{V5G8-U2HX22IU-8752KHQV},0
{C6O2-H5FO78TI-7821OJHP},0
{L4X9-N1HG19EY-0984MNKX},0
{Y1T2-H5ZO39XL-8451CWKH},0
{E7T1-X5EF41XO-4783FXQW},0
{Z2A7-X8JM22EV-0222GMLC},0
{D1O4-E2JU21JV-1291OYLU},0
{B1M9-U1OS66IG-0572IYPB},0
{W1Y3-Z4JG60ND-5701GTIT},0
{G9D5-E3CZ64HO-8606AKJZ},0
{Y0Z5-P8TQ13KN-7481FDQC},0
{V6P1-P5RH83FK-5875CKJY},0
{L7D1-H7CL41UY-2626IHQV},0
{A5T1-J5GW60EH-6787FNPQ},0
{Q6A3-Y5WF88HR-4670GGBV},0
{F1F9-G3WR79OQ-9181PXJN},0
{Q7N2-O2MX23SI-5854WYNY},0
{C7K6-V1HO88GL-0190YAPV},0
{I3D2-G5MT13WI-4472XLRN},0
{H2Y2-U8YK32NK-8542YALC},0
{R0Y5-C6BN90VM-3798BYZS},0
{K1Z9-W0PK63JJ-9435RDED},0
{Q8R2-G5NS89YR-0436OHDP},0
{C7M6-T3KB74VX-9093CZDF},0
{F3T2-F0IX09BG-3402AKLT},0
{B0P0-Q7XN06AJ-7124ERPU},0
{V8J5-I0RT36PF-2086BQIX},0
{M8H4-P7LH16UA-3377PQRN},0
{N5E6-O7MJ10CQ-1704FMJQ},0
{N2O0-O3WM78CB-8369WTLP},0
{Y7Y8-B7QZ70TG-7890ZBLN},0
{Y9P5-B8HO62XQ-5398DPLH},0
{F4C5-W8DN73RR-5062TMKP},0
{X6Z7-J4LS67SX-8776SAFQ},0
{O3M9-V9DY56GS-5211SURM},0
{C9H0-C9QG90FD-5162AOBO},0
{X3K5-F7XA46IZ-8126RNTD},0
{B8X4-N3CE66VA-2831DVNR},0
{D7C9-W2JR11WY-2870QQVZ},0
{W8W6-R0MU00TP-3690EPGK},0
{E9I6-A5KY32HT-7109UEII},0
{Y7Q1-G3QE58KW-0984NKXA},0
{V5E0-U1UY30ZV-3979RDUU},0
{U6H9-V6OC98RY-5118MMQD},0
{U1F2-Y2QJ68VO-7027OIJS},0
{N1D8-D0VC41FG-1670RAVV},0
{L0K8-R7GN24YK-5795VKLU},0
{C4Q2-W1SB21VO-8679BPAC},0
{L8A3-W1WG74EQ-7646KSDG},0
{W3C8-X1WM82GK-5967TVLB},0
{B4T7-O9MR00EG-7333UWVI},0
{N5K9-Y6GX68JX-8244AGDT},0
{C3I1-U8KU00JS-9962OXUJ},0
{M1Q3-M5XK12WM-4572NRNK},0
{T1N2-N5LI51HY-9411WSVP},0
{R7O9-N6BR92BA-9814HDZB},0
{Z8X4-T3FE06DY-2255WIYW},0
{I5N2-R2PH17MB-2613EDNH},0
{K2I4-I5NA48AQ-5572JYLL},0
{E3R3-S6BY43SD-3385PGYB},0
{U1F5-V6YM09PQ-8526DYNH},0
{S2R1-R9JQ31WV-6612YSYJ},0
{O7W2-O4IG02VV-2981NJVB},0
{Q7V3-U8UK00FH-7168PNZH},0
{J9X7-H1XP27UR-6258MTBE},0
{T6R1-J9QQ49VQ-7818XJCQ},0
{P6V8-N4CM28BT-6782YZNM},0
{E9R6-U9IG30YP-6667IJKL},0
{K6X5-U6HD49XG-6990WXHH},0
{M6Z6-D3UD81YZ-2149DGPW},0
{V1Y7-M7UN47VS-3955CVIF},0
{G7U3-L2OM10WX-8647QIQB},0
{A1E0-E3FQ14IR-2455TPGN},0
{Q3R6-B0XI51KJ-9105FNNA},0
{L5P5-G7RH62FH-5488CIPU},0
{H8E4-C6NL29LC-1635LFRZ},0
{Y3U5-S3QT31DQ-2001CPGI},0
{F6C2-Y5KP55QC-3339MKPR},0
{E8P6-V1LF18LM-9012GAHV},0
{N0W1-H3TG03LB-4980WUAP},0
{C9W3-P2JW13ME-5432WTAA},0
{E8A3-X6XI00JP-9934KLNF},0
{N3M3-B6FC56ZL-7536SGGK},0
{M0N0-J2BX02VU-4268YICQ},0
{S8M0-O8KL90BB-6739CEBU},0
{S6G7-P1GH19VK-6257LOGR},0
{X3G1-G5BL41UM-0877PGKV},0
{N0Y1-Z0LK68WL-1687IKPI},0
{P7B8-F7KO98DY-4461XTZK},0
{W2R6-Z7ZE32EG-4882IKLG},0
{U2H9-C2GI39HB-0771NOZL},0
{U1V1-H0LB56NI-6237HIJF},0
{F1C5-I3IB45BO-7156IWSH},0
{Z8F9-J2DQ29DB-0463DMDX},0
{S3T5-W3LI32BV-5363EEPB},0
{L4R6-C0JR03UX-3358LHKD},0
{D7C5-C7CX67ZQ-6666MVCK},0
{P3N1-F0PF28YE-8633AZGI},0
{H8K8-H6AM42NL-1905NVST},0
{Z4E0-S7LV28KU-7735SNZU},0
{U6S8-N5PG96DS-9925KSCR},0
{D4O2-N8WP94VM-6734UIOC},0
{I9G4-Y3OT33VR-4729YLHO},0
{G8X2-U0VJ49GB-3744JICG},0
{T1A8-R3FW29WC-6565XGKF},0
{B4V3-E3SY69MH-0675VDLE},0
{H8R0-N8WE29TV-2230GCTT},0
{G9Y9-H3SX88ZW-0140LUTA},0
{G3I3-X8TF19YG-8335IIFG},0
{C9E8-M8UC45JZ-4184EAJV},0
{S7O7-M0DP60AM-7315XVMP},0
{U9Q7-X4CX88AU-0646UTNZ},0
{I5K9-P9IA97PH-2595ZNOJ},0
{M0Z1-U4WJ81YS-9860IJLQ},0
{R8I7-R7YG19RV-6873APGA},0
{A0K4-A4WT51GU-1355AKIJ},0
{U8O0-A5DF21MA-9239JYWF},0
{S6W3-L7VX57HQ-3321NYDH},0
{O9B3-W2LM41WS-6854NZKU},0
{V5U7-P0EA67CL-9623KDMC},0
{D5K5-L3HH36RT-8552NCRZ},0
{W0K3-R4NJ85CR-1167EFWX},0
{C6K4-S7LC45MD-1014BMHE},0
{Y5O4-U5FD22NG-0003ASJG},0
{Q3J3-F0VJ88GW-4110OEIQ},0
{Q5H3-G7LN64QE-7018RTZD},0
{E8D9-C0MO27NW-0210UUBD},0
{S8J4-D1NK75QY-8409YITB},0
{D1T8-V2MW08MP-5201XFBS},0
{X7N5-J7RO39NG-7621XQWG},0
{V5C4-A4EQ94ML-8284HKRU},0
{O7O2-U0PO53FJ-2151SYFM},0
{O9W8-H5QY85IO-3506MXLM},0
{E9B9-V6MS28BF-2046TMLC},0
{D4I4-E5CA66RC-0406DKBM},0
{A0H8-O9CF63EB-5604XQRH},0
{G3P7-L8EM15OY-8437EECH},0
{Z9Y1-O8XG97XW-8311PMAB},0
{I9E4-S6GD48YS-9778GVMQ},0
{C7F8-Q4NS61DR-4347DMGB},0
{N9E7-F0WK73EP-9913IRTC},0
{Q5C5-Y1YV01ZI-1401SAOR},0
{Q8Z1-Z1XV69CZ-9456GMRT},0
{D0A4-P6JU12ET-6158SAYQ},0
{M8V0-B1AA91LJ-6981KJCM},0
{F5R7-V9RO41LK-3118FLHZ},0
{U0V6-W0LX71GL-2035ZJQA},0
{D0G4-K1CH63IY-4140JDHY},0
{O7K3-F5KE72FC-0437AQMY},0
{K4D8-Y5KQ13ZI-9723WJCZ},0
{E6J5-I6WR65CJ-6463POOJ},0
{K1G6-U5BA98LD-4706ANKA},0
{U7V3-D9LC36AC-8413KHTG},0
{I6C6-S1XY67DA-7174LBPU},0
{B9N7-G2RP87MR-7737NMWG},0
{P3T8-S4WO05VG-4610RJNG},0
{M2N1-R0TG71SY-1211YQXI},0
{A3N0-U5AZ31NY-9950MXXK},0
{E8Q6-L3BN28KP-5681EFCH},0
{D2G4-A0OF72RX-7613BQAR},0
{Z0M4-E9TC53UQ-5172YVVB},0
{N0X0-F4DA66MN-5363DCZV},0
{F8O3-X3WX37CY-9488MZGB},0
{A8P1-T9JJ50BH-3503ULJS},0
{I7S5-H3KJ61RN-3369KVQO},0
{R9M6-L5MJ37RU-1502ADWL},0
{Q2X5-X4EZ48HU-2367PHEG},0
{C5N6-G1JO53OL-8575RNVM},0
{Q1S5-E7MI54VD-4964AFEB},0
{T8A0-N4PG16GK-6281KWIX},0
{D9W1-P5RE32MG-7352LPXZ},0
{U2U4-N5KK60ZB-7233ZPZW},0
{W7U4-M1OF43DD-7080OKDD},0
{X9D8-S5CS34WD-2373PQFE},0
{B4C4-Z9AL42QS-0994CYPR},0
{U5L1-F4SE35WO-9838JVHP},0
{S0K6-V9UU70MR-4484HSJC},0
{B2S5-R9AX33WS-6545AMON},0
{P2H9-I6QY94YE-5681XAWZ},0
{J1X5-L7YZ79DO-8422OUTN},0
{I9R6-X8NV82BX-8509NIDC},0
{E8F5-T8CI29WU-1098WCMQ},0
{Q7J3-I2BI26LT-2540VOYB},0
{F2Q5-R6VV63ZV-9063CTPM},0
{D1G7-I1AN40ZY-3265RHFC},0
{R6A8-C1NI58CZ-5051GVWK},0
{L1I7-X7DQ09YZ-1316DLRV},0
{M0W0-S5HV63BS-1505GSIC},0
{H3C8-D4OF78QB-4861TJJP},0
{J7B3-Q8YI09VU-2312IFWN},0
{D5N8-N9BL81LD-1324NQNX},0
{L2P9-F1JP73TA-0964IXBK},0
{I4F0-Q1JM84WG-9012FUBT},0
{I5Y8-W1MT05ZX-1551POAG},0
{P4V9-Q4MV32YE-6880PNBQ},0
{P4L0-A8ZE25KO-4287JEUZ},0
{T0C3-V9PS80RC-9874XCIX},0
{V5Y0-V3GT40QS-2154FXYS},0
{G6G2-W8DC75CB-6709CLZY},0
{L7S8-Y8IH73HU-8067KPKB},0
{E0R4-U3HM42ZH-3792QQMH},0
{K7C0-M4RN11WA-4262ULJZ},0
{C0A4-G3RX11KR-0350JHLF},0
{N6Y1-M8OK69HO-4040EGTV},0
{A4G2-M6EQ82SD-7122ZUQH},0
{U7U3-L9KJ09VO-4775EGHV},0
{I4K2-B2PS41RR-8529CYSN},0
{D4J2-H4ON35NO-8911VXNX},0
{X4O6-O9PZ60YE-5350PXSR},0
{Z8N6-P8TH39RG-5952YNGH},0
{Q0G9-E1YF81BS-4499VZJZ},0
{L8N1-H5HT88NG-8834DCKN},0
{W7R7-W2QY88OI-0911NBVT},0
{W2U3-I8GE64OB-7064IJCG},0
{L2B0-Q8OF42OD-6582EROZ},0
{W3T0-H8RV46HI-5481MAVI},0
{E4N7-C9DQ42MD-3780JZZT},0
{I8I6-H5NB58HG-4947BFOT},0
{M1K1-H7CC14EP-6334FNKQ},0
{S3D6-M2KK60PU-3695POTX},0
{L8N4-W6FZ58VO-6245SDNJ},0
{V0J4-L5VJ84LE-0451STEF},0
{O2W2-E1WA88PC-0161YHSV},0
{G0A3-X9LN85OM-5022WRRZ},0
{P4B9-O7UQ75IP-6703DYRE},0
{N3C9-G8EF36VF-3825FMYO},0
{X9C9-Z1RJ92NI-0047XGOS},0
{R4S2-I0JE32QI-3156MIAD},0
{B1C4-G3YE91CW-5463LROJ},0
{D7Z3-F1GL33NF-4388THTD},0
{P2M0-Q9PM82NQ-3374WZSI},0
{Z5O0-L2II15SY-3383ACLT},0
{Q0I6-T2LG44PH-7967UOQX},0
{X3W2-J1GM54UN-2594YGCL},0
{B3X0-Y4BU07FP-1976GOWK},0
{N9F8-P7HN20WY-9285QNGX},0
{Z5Y9-Z1ZS67EI-5875FRNH},0
{J6K2-J4AV09DE-5124PZZJ},0
{Y7P8-C6ZI29XQ-6239EUDJ},0
{U6I6-R5OT63JD-2474XSMF},0
{I3O9-M8BQ20IG-8385YXUG},0
{B6U0-M3RY70SD-5845MXBN},0
{T8N7-N0NL89CR-4791HBVE},0
{N8D9-B3LM58KQ-7767PSYX},0
{C3T5-V1QR94QQ-8690GKAJ},0
{O1E5-L5XQ23BY-4838VDXF},0
{X1U8-J9UJ43NL-3314LAVC},0
{B5X8-F8GU42CU-5633DXWB},0
{B0O8-M5QH95OC-8404IORQ},0
{Y3X3-B5YI33GC-1502GXYP},0
{M0T6-O8QT80DS-7946LZFM},0
{K8V8-I2GY82VX-3405PDGW},0
{B4E9-Z9YO46AX-2250VHDP},0
{F8K7-E0YP45IU-8297PZJT},0
{S5W9-Z1FA28MO-2977FEEK},0
{M9N5-X8MI28EZ-8231YJRR},0
{V0W7-A2RB89BZ-2355MOZG},0
{N2P9-Z9OA60WG-5087UZKP},0
{Z1V2-J9FZ80SP-7591NYMH},0
{N4O4-C2WZ02TF-8932YMSI},0
{V5F9-D4FP45YE-3288COMO},0
{E3R4-V5JM94OF-6613MFZK},0
{B7I3-K9OZ24CB-9414TYDE},0
{Y2G5-B0OU50KT-0998WSAZ},0
{S6H4-C3SE16JP-0057QOZO},0
{B2K7-O7TI76BQ-3418QNMV},0
{Y5D5-T0VJ67SU-9670QRAK},0
{V5G2-Y5EO89BE-5044SOHS},0
{R9K6-O4RJ63BF-6392EVFQ},0
{L8T9-F4PU23QC-2360KQLU},0
{P4K6-D4FL19LY-0048KOOW},0
{Y2H0-T9LN63ZY-4900LKSK},0
{W2J5-Z8AB51SP-1131MUMG},0
{F4D1-H1AN07RY-0336MBQG},0
{A5B3-D1VS55YB-2883PCYD},0
{R1Y5-O6CU09AW-0256VBKV},0
{Y2V0-X9XY95WX-4331SIOF},0
{Z9J1-W5FW94LA-6196TOEW},0
{L1I1-M2AX97WO-3800MEWV},0
{S0V5-V9UT79HZ-8241DMDP},0
{E8N4-Q1NA31LZ-4922MUCX},0
{V2O2-E3WQ96AF-6178SNZH},0
{N6R5-X6OA95NS-1758GRLI},0
{F4C4-O8DJ83PA-7304ZONE},0
{M4C7-P4QA54XZ-1926PEMY},0
{H1V7-D4LY78CN-0141NXXQ},0
{I0O0-E8LS53LU-1349UOOX},0
{H2A5-D0QD53KT-9564ALDM},0
{U6V1-Y4JL12HY-9885GQMD},0
{Z7J8-A3LW27DW-5462TGHL},0
{N7Q5-F2BE44XU-0826PROK},0
{G0A9-Z3PE16ES-1822OJYF},0
{T2R7-G2GT20XN-3669OLKE},0
{R4Q0-F1BV93DZ-8100DBEB},0
{A3K6-V4SC81CN-8212WHND},0
{I6L1-Y5IU21SC-0772ADRB},0
{I6S3-N1GM12DH-2085NUNA},0
{D4Y0-V8OR02VD-7756ISGU},0
{J0A0-O4JL32AT-7690BDIG},0
{L6J5-K7OG82LN-7696NUGO},0
{I6Q1-I8ZK56UM-8425YFPP},0
{V4A6-T7WR04WO-5020PZAG},0
{R5L8-P4BT88FE-2555AXHG},0
{F9X6-S4ZK16VI-3182AOAN},0
{H3W3-N7SB42XA-1747BXGS},0
{G8J2-Q8WS91VK-5625TEBD},0
{Q4S6-B1YI30VN-8275NWXK},0
{J6Q2-W1TF15RR-1510TQGC},0
{C2L2-H5OH48XM-3988UHHN},0
{G7V0-M9MF22ZA-5872DNLJ},0
{D4E7-U9OF41SO-7937LNMN},0
{H9T3-X6LZ96ZU-0197YGFI},0
{W9O0-J6BL05WO-9702GVEY},0
{H5N9-T3ZB08CW-8688DTMD},0
{Q2F8-V1GD79YF-1253ZQVB},0
{Y7B2-F1BF35IY-1238TJAK},0
{T6Q3-F2RU98CE-9998CLDC},0
{I3M3-A8UK02IA-8146IAES},0
{K2U8-Y5BC05BN-5234ZFXB},0
{O3A2-D3HX65HJ-2243CRMC},0
{S3E3-N4GU85OH-9003YMHK},0
{U5Y3-I9II50BJ-6971PNRC},0
{M9K2-S7IX76QQ-9790BWKU},0
{K1Q8-K0NT21IP-7088JEOO},0
{R7D8-Y9YZ75WZ-5568NVJC},0
{T1R3-A8QJ12NJ-8444MDIL},0
{B1K3-S2NG29XY-6754QTTV},0
{C4D6-W7HD51XA-9709AVUD},0
{D7Q9-D3SJ58UU-2466YKFA},0
{M4V4-R6QO62GI-6443FYEN},0
{V8T7-H6HE20IV-7987UDCH},0
{Y2H9-Y4LQ47ZR-7128BVTV},0
{E9N2-A5KQ56XE-1823XEVK},0
{S4V4-Z8JX68OX-0444FYPJ},0
{I8M8-Q5BO70XB-6770POFJ},0
{D9L2-T5ER67RJ-0303RWRD},0
{A4F9-H6VC02RG-3953BYGL},0
{M0O9-S9IU20KX-3554SHAS},0
{P2S5-X6TT62AI-3272BOBR},0
{B2X5-Q7MH69SJ-9540ZIYP},0
{W2R9-H8YI03NQ-5534FLYO},0
{B1S6-A3EW40LM-5267KDBT},0
{F1P7-V1BC54NK-3937DJVU},0
{K2W9-S8IN58UA-0763QQDQ},0
{R7Y4-X0JM48SI-7428CBRR},0
{H1I7-T0AJ62MG-2262JBIA},0
{C5N8-P4HK68XQ-1845NPSF},0
{Q6W8-V9MY42UH-4679JHEG},0
{N2W4-Y8PL65LN-5213FUMW},0
{S8W0-R4FY97EN-0961EEDB},0
{W0L1-Y4HB96IZ-4397PEDK},0
{D0Q0-V9VN73FM-8860PVJC},0
{O3G4-L3VK72QH-8770DPAE},0
{G5G8-L6AW99WN-5004NAYE},0
{J6C0-I2NY88PZ-4321SJEB},0
{C9I0-F1YU25HC-4629ITBS},0
{H9G6-P4HG64BT-3210MOQQ},0
{I1Z9-O3PB52NW-7642KTEF},0
{D0M3-B3UE02NP-4723VFPA},0
{H5G0-R9IQ91WT-0428XHMJ},0
{D1I4-C7VT59BS-4373LDSP},0
{X9L9-H2KP75XR-2930VURJ},0
{M0N0-I2PV78TZ-9918ONLC},0
{L3F3-X1HE04GJ-3603YHMD},0
{S0Y7-D9NB21UM-5762RPZO},0
{X3M2-X3GF46ZJ-5360LJVR},0
{B2M5-I7CS18HZ-2597TRPI},0
{W6O1-L9RI35DX-9913GAFK},0
{P8W7-A2PH73QW-6959YQTR},0
{Z4P4-J9MY88QE-9343GMCB},0
{L5C2-R9IA61VR-3604GTEM},0
{I7I2-V6FW81XL-4674JBAX},0
{K6R3-K7ZU36YP-8512KKSN},0
{A6M0-G3PH55NX-4622ZHMX},0
{J3O2-U3BD40CL-1669DUHI},0
{S4P2-M7HR85UX-3075SQGD},0
{M8K1-M3RP22GZ-0437BNNW},0
{T4X1-M0PW77TJ-7737BLTY},0
{E4B8-Z6FD11IA-5794YZCM},0
{S0Q8-U0OV74BT-9448KKUU},0
{C4U6-P5VW34OM-1104SJYE},0
{V3R8-V1MC32AL-0748SJRE},0
{M2G5-I2YF44XR-6838CJQC},0
{K8B5-V2QA73GS-4584PFWD},0
{S2W7-W8JP44IR-7738EXHS},0
{T7J3-E8FO34SW-5522TVTI},0
{F5G2-O9RG18KC-1453NNKO},0
{O4Q1-Z6CR96XC-0407GFII},0
{Y1T8-A5BV94JR-8449YIEC},0
{Q8L4-D4VX87QP-4912DJSN},0
{Y1S6-F6YM57XC-6761CSXB},0
{A9I5-I8LJ68PD-7614KKJO},0
{T2M4-N2QA41RT-9465FRCR},0
{X2P9-L6QW90OF-1236YHDF},0
{O4D1-R5HG69MY-4890PRQF},0
{G1G4-B4ZK11HP-3004OSBT},0
{T8Y5-M1XX93EU-1997IZYV},0
{O5W3-E1JR25AH-5061OGOY},0
{T2U7-W6RD22CB-3311WQVX},0
{M9M8-C8DC33TN-6239MLMF},0
{S0K2-D4IR99IT-6740FDLJ},0
{K7Y4-V9YL84OG-8449WFLV},0
{K3N9-D3XX72MO-7402JHIZ},0
{O9D2-L7XL18WI-4055HZVF},0
{I0F6-K5CW56QQ-8036XTOR},0
{Z4C8-F4JI02CA-8974AZBU},0
{O6Q6-L6PC61HX-9557YFVR},0
{Z3J2-W7OG62SL-4963FXZL},0
{D9E8-I4BO47CG-2412NLOW},0
{C3Y9-T6XT16PW-0188PYEG},0
{O3W9-I4PU19AC-0296CXBU},0
{Z9I2-J2EC00XN-9428ZYVR},0
{Y2Y8-K6XY83QS-1232XKOP},0
{X3X9-R7HQ38LR-8522NUSV},0
{N6B6-M2YA44OM-5977PYGG},0
{J2H7-C7MC78CD-0563FQVI},0
{I7F8-S7YK16SC-3347RZWM},0
{S5G7-B4KC74OA-5920PKFB},0
{F0G0-F1UD85VZ-6741TGHN},0
{P8T8-C2JW07WM-9215GUJP},0
{L5H0-A9NU47LC-4261DXGM},0
{Y6B5-S6WL87BI-1282JABT},0
{Y3C6-T9FT73XV-8922YAPV},0
{W2N5-J8RX02QI-9410ZGRX},0
{Q2D1-B0RH99MO-7588WUZG},0
{T8M7-O8TI08CV-3331MMBR},0
{Q3L9-Y6JV08HP-5178UHWO},0
{V6D8-T0OP61LB-1097JKYN},0
{A1O6-F8XL43YF-9194YBIQ},0
{R9L6-Z6AV77NZ-5581YYTH},0
{O0C2-G9TC53IH-3803DXMM},0
{Z8F4-I1TQ06QL-6056MKJW},0
{Y7Z9-P8VM30UW-5249AFZS},0
{A8G8-U4FZ99XW-6471OXUP},0
{P1X3-G3VT06EP-2871HJND},0
{O6I3-A0OJ16EI-4974ORUW},0
{D6O3-O1JW13CP-9423QNBB},0
{W0K4-R5EB96WB-4680ICNO},0
{J1N6-D3CE67FY-8787SOFB},0
{M7D1-R6LX36FH-1426UHNQ},0
{C8Z2-F0AB30PR-3723DEMV},0
{E0Z0-N3OD29KC-1903UWEU},0
{H3P3-B0NU58WF-9080RJMX},0
{H8B2-Z0QJ39KY-3659CDMW},0
{V0B6-R5ZI45YI-4316IJPA},0
{E7E0-G6RM53HX-3780JFKK},0
{I1M8-O5QV71XS-2121GJIO},0
{N7R4-W6PW22ST-1186TLLT},0
{Y7H5-N5SX82RY-8308XYXW},0
{J3W9-N6TH33YI-6196DMTA},0
{A7Q9-F1LK50VP-4725GEPL},0
{D6I1-G9ZZ40JX-5160LYGI},0
{F4X2-I3WO80YW-4836GPFU},0
{W7V7-M5YN07YU-2593XESA},0
{F7Y5-N3EG96QA-2044OVOU},0
{L1H5-H6UG25OW-6137AIJP},0
{B5D7-P1GK36GJ-8431MCOP},0
{R1O9-F3QV43ZB-6420ENTL},0
{S1V0-J4ZC88AU-1490CEYO},0
{K3H5-J3YS43JI-6698HZAS},0
{R1O5-Z0QN71LH-7387ZXXT},0
{C9X4-Z5DO22VR-4162TATZ},0
{J7M5-B3KK17PQ-0936UJFK},0
{H9Q1-H1VZ25AO-0159WCZW},0
{S4J9-A8MV91KG-3587EZFG},0
{R7C8-Z4JA11ND-6854VYYA},0
{X6N7-F3JO29BZ-4959UTMU},0
{Y5L7-S4LW78DC-2799PQYF},0
{L5P8-D5OG77HR-1875DASW},0
{M5O2-R2TK54EL-6116CVFC},0
{T4Q3-Q5OJ95YL-1934VDLZ},0
{H3P8-C4GJ46UX-4379PMKD},0
{P0R6-Q9LB30LN-4795POPV},0
{A9V9-J5DV87BZ-8930FMNQ},0
{G0N3-N0FQ44EF-0691CVCB},0
{N2G0-Y6GQ30AP-7743BSML},0
{J9U0-F2WZ33IN-8373TFLK},0
{A0B2-I8EI88AG-4750MHFS},0
{D8V1-E2KB72JD-8877JUUW},0
{U9V7-W8VR54PF-8146ZUZH},0
{A3Z7-Y0DL50BF-6289BVCQ},0
{Q1U7-B6NG77BG-6159ATKI},0
{A0O5-C0HB79XV-0310AVYI},0
{M6Z1-C1QO11GB-4823XGHB},0
{B0K8-D8HC56SD-8580JMME},0
{U3I9-W5VF42HA-9524ALEC},0
{Z0Z0-K9BZ29AS-9390PBRY},0
{H2S7-B8OD25NI-6734BQUM},0
{V5W3-R0LF99YQ-0747OKOX},0
{J5B4-S1WH40MS-1352UQYR},0
{N8D8-I5NB82FF-0989OWHQ},0
{H0Y5-K8TF14QD-2261MABZ},0
{D4W4-O9AH40CH-3393ULQH},0
{I5Y9-T4YZ93DY-5781UFGP},0
{H9H7-U4YI59CE-8090UCXV},0
{H6L1-Q5IP47HO-1803KHJV},0
{J0A6-Z7OS51UK-6304XVTS},0
{G7S2-B1ZP37TV-2809FJKU},0
{L4K4-L5EI74OB-0312NUTS},0
{N5Y0-E1HC13VD-9793AIIS},0
{K0D9-G6HT71QE-7297FCBT},0
{V0N3-P0LI85CB-3114VZKA},0
{Q1Z0-L5YC19GW-8703LNOA},0
{F6L2-B1LD88TU-2249DPVW},0
{Z3B2-L9ZA75RU-7718ZNSR},0
{G1Y5-R6CK55SD-2820OERY},0
{U6Z5-C7NO33EU-5736HNHU},0
{P8U6-L6UB90ZF-9178YNZE},0
{P6S9-P4ZL70SY-2300FHKK},0
{K0Y6-L3RC18XX-8581XULT},0
{S7G3-O6SP04MT-1899ORBF},0
{N2T0-Q8UU64QP-5283LMFX},0
{G0L6-X6XC15JC-6196FHLF},0
{R7V2-D5ES33VR-1182WTOB},0
{P5U6-M1TC68IW-0527JNNP},0
{S2X5-P4AD54AW-2511EGRJ},0
{L1M9-Y4AI02TL-9142EOAY},0
{P6B8-H5IE22LH-4594JWXN},0
{R3A5-A8DG20IJ-3647BZEC},0
{Z3J8-K7VJ87BM-3634FYUG},0
{D4D6-R6NI81FW-8016BLLE},0
{H7U1-C4UU22IU-8499FXRM},0
{N0Z4-N5YR00AX-4828GLLT},0
{G3Q3-H2RR70HT-8784UTAN},0
{B9S5-U3WL96FE-7701HBLK},0
{M3Q4-M4LW16HG-7750UZTP},0
{V7V6-B5UK85EZ-1613FVLP},0
{U7Q1-L0BN39PY-6555NNME},0
{K1H7-T4UY45CP-4279JFZK},0
{M5W4-K7CD03MW-6410SOHW},0
{C3K8-S7TN06MA-0054ELCX},0
{F5Z8-G0JI18HM-0144ZCPZ},0
{V6J8-N8HJ89NM-3195MLTP},0
{E4V9-D7TJ16SX-2244VPQY},0
{S8S9-E1GH22JH-3955JGJQ},0
{X3I5-Y7YU74YH-4255SZMK},0
{J2O3-O1TT83AU-2343SQEU},0
{V9Q8-J2SN92WV-4516UJUS},0
{Q0U6-U2FV81QF-4583ALOG},0
{V2B6-G2GD51HZ-5776GIQN},0
{M1G7-N1PU33YB-3142SEQT},0
{P9H7-E1GY60GT-9880FBFK},0
{W7H0-W3VP21HC-1217OJFT},0
{T7J3-G6OQ24SO-4373BKTW},0
{X8S3-Z4OS21HO-4081LERM},0
{M1J1-C0MC91NY-3749EWMC},0
{Q0V2-D4IS41NL-4055FGLA},0
{G4X8-T8QG96BM-7752MSVM},0
{Q3W8-J8TQ69NI-9696PLBQ},0
{V0N1-G5FI69WI-7245MWGJ},0
{R1D3-O1IV86AB-7756OPAA},0
{D9O7-M8JD14PO-8725AUEQ},0
{I4M2-Y2SX10YN-6518IURZ},0
{N0U2-Q5KU43AH-4675VBEW},0
{H5N8-Z9RJ61MT-5260PWAD},0
{R3K0-A7IG91SO-7747RQNU},0
{U9R3-B2RP31MJ-0237LMKL},0
{N9W6-P4YR81TD-4838ZKDY},0
{I3T1-D4OF23HW-8340MODQ},0
{C5V7-V3DO16QD-2012CTQK},0
{J1H4-W5AY46CK-1762TPDI},0
{D0D3-L1RJ10EW-4999YBKQ},0
{N2Q7-X9CE73OK-2081KBOY},0
{H0L7-I1WM47NI-6363XFPK},0
{U1I3-K1XZ59HX-2725OTDI},0
{E6U6-O4PO89MJ-3384SBBF},0
{J4E4-L7RV74UR-6901KQVW},0
{M0K4-A3DG38GI-2492PZZK},0
{M0B6-O1PT37OP-1249MOFY},0
{M2F1-K1HK30SF-0190BULL},0
{U8O9-U6HY17LI-8204YOIV},0
{K9S8-M7FC64NE-9942FXFX},0
{U1T0-S6WE47HA-5018FJSD},0
{E4N9-C5EV86DO-0943BRTI},0
{V3B4-Z2BF53GS-3476FOGF},0
{H8P6-S3LY01CL-7055YSXK},0
{E3D2-E4NT80EM-5441CIRZ},0
{L8B4-S1WQ08IX-1850DCHX},0
{H6Z7-V5RV92KI-3765NNTD},0
{A4P7-M6NK61NU-3249BQUG},0
{Z2Q6-R6KC16PB-7942MPLC},0
{Q0Z5-T8NW34GA-1482UAYB},0
{L7H1-X1UY97YB-7703LLBA},0
{H9Q7-R1XN04MR-0162COJN},0
{Q6T6-N5OP26IQ-7838FUSF},0
{Q1B1-B1BU27FW-1201YKKW},0
{H8B7-I9FH49MC-6655PSVE},0
{U5Z3-K4PT73HI-5288MSBX},0
{B3B3-D9ZQ55LD-2347WDVR},0
{Y4O1-C0DC47DQ-6533ZLDT},0
{D8J2-D7BP94SB-6433CRAC},0
{V6N1-W6HJ10VZ-2761KCWE},0
{G9E7-Q2XW01SN-1620MLQZ},0
{G6I3-E6HW82MC-3912YVMY},0
{V6D9-D2MG84PA-5932LKOF},0
{G3H3-U9EU28XA-5996GCRP},0
{D1C2-Y9WG43LI-6908NYEF},0
{O7A4-I2ZD13HE-5795LGWG},0
{J4X9-Z9VQ02YT-2357CNTW},0
{Z7Q7-U7ON08GA-6180JFTM},0
{E0Z7-R2XM03QI-5401MBQG},0
{J0S8-K4IX18CM-3038QJHB},0
{L8H1-D1GX78PP-7920MNTH},0
{X8F5-J8PK00VT-0176OIAE},0
{U9V6-A6IF56MT-8860NVHF},0
{U8N2-Q4XR23ZC-3818GQKG},0
{F2P1-J3AT57HN-3899AUCY},0
{K3P3-Y6MN46WF-4952ZJZL},0
{K2W4-X0KO26VC-9806BVYO},0
{B6L3-R5RX06WR-5425MDBM},0
{W5C1-Q9BK22AH-3345RXNB},0
{N5K4-R4CV92AI-1005QNLQ},0
{Z8D5-G9DI77IC-2737FCRO},0
{F5M3-Z0IC52JE-9369BJPV},0
{C4T2-Q6FA77IN-5967TGQY},0
{H2C2-X7WB00GN-0984NBPL},0
{J0C1-G6ER37LL-6032LCBN},0
{T9E9-Z3XH93VG-2462EQDY},0
{N7N7-U5EB74WO-3165WNJE},0
{O9Q1-U9HU59DT-6224PZDJ},0
{Q8R7-A4YR07HC-8732KDMZ},0
{O4I8-L7LV21NH-3003TOID},0
{B3R2-L8ZU40FD-8956OHCV},0
{D5M9-P7IM25WJ-3438OVGD},0
{W8I5-G0JP61CY-4665TBXD},0
{W2C4-L8QT99WC-0995WJEA},0
{F8J6-Z2PC94WC-4973ZNVO},0
{B7N3-N6JB03NY-1857TVLO},0
{J0Y8-S8KC17SW-4030GWLF},0
{P7D9-V0XH09XJ-2328LDSD},0
{E1N9-Z3VN47CV-5185QUTQ},0
{C2R7-I8JE90HT-0934TESX},0
{X4J0-G0HQ77AB-8570PTOI},0
{B7I4-R0MJ91CZ-0065AJMD},0
{Z3M0-U4LQ64WD-6307KBLA},0
{H2K6-F5OY71QV-9666YSFD},0
{D3T5-B5FD95WZ-8647GUYV},0
{V1Q2-H8UK27AI-1362AJKO},0
{P4F0-P4KQ36SU-2260ABBD},0
{Y8Q6-G6MB44RZ-3858JKDQ},0
{Y3F6-X1CZ40HT-2773XHEI},0
{K8M1-W8XS64JK-0946ZPRU},0
{H8Z9-W5NZ44LN-7457KWKX},0
{S9H8-N2XQ87HJ-5037RHUV},0
{P6D3-B8JV83VA-0254UCBX},0
{S9T8-V4LU02IJ-8624QQQK},0
{S9T5-L3ZV24BU-6086EHVB},0
{N0P8-Q9XC89EA-8356UUGK},0
{B4T9-C7BO57RB-1399FQDO},0
{D9N2-C9CL56ZP-9645MNLU},0
{T9P6-S7WW37VE-3834UYPZ},0
{J7F3-K0MJ56OJ-9090YSWP},0
{R1C4-M4OR28UK-0670YSJE},0
{N4P8-R6TB79MI-2534WLCU},0
{U2P4-T7CU97EY-4596GZJR},0
{A8K3-S5FO51TI-4507OLJB},0
{Q7Y6-G0RO25YO-0861EWXC},0
{N4B6-R5FM69VH-3233LWTL},0
{X5F6-E3HE49XB-3922INDH},0
{F3X4-C3RR79LM-3437NVJO},0
{G8C0-H6AP18JS-4407DPTL},0
{M3K1-V8VD40BH-8207JNKN},0
{W6S4-V5LR92ZM-2507RSBV},0
{J7Z0-L4WK02VO-5924CYFZ},0
{S1H1-P5VG05US-6294YHZF},0
{R5M4-M3SC83GN-9430HONS},0
{Y6O9-N7AO39AB-4432JQVM},0
{Q7Y4-X3NS57JT-2484FGAW},0
{Y9X2-O1AZ57YQ-9797VFRZ},0
{U7S2-R0LL35YJ-2528HRGW},0
{P3N8-P2VT50QL-1085OZEM},0
{O3V2-M1OC67VG-9290STUF},0
{G2O4-B0DL16QE-1747FVJC},0
{I4G5-J2CJ68BU-0142YCTO},0
{E5N0-M3UO81GI-6591SQHJ},0
{K1E2-C7JH75MX-9293AMVH},0
{A9E8-N2PS77OZ-8798VJRB},0
{T8E7-Q9EK19HJ-4170YMJR},0
{S1R2-C4BJ69CW-5938IPBD},0
{X7T2-J3BQ05NM-9941EWWX},0
{X7N5-C5KS52UC-2875QYOL},0
{X3M8-E1BC54TB-5483AWWI},0
{O8B2-B3LS17WL-0141CRVX},0
{T8R8-C5NQ02HY-1051AZCM},0
{L8X3-K2PX75DQ-9023FPIG},0
{O7X2-X2AZ55WT-6920KOSJ},0
{L7N1-L8CX55AE-8734JRHH},0
{K5L2-I4SM19CH-8576AXDG},0
{A5I9-K1BA71BB-3775AOYA},0
{T6T7-H7UJ96NF-0947BTLF},0
{R0W7-T7KO09AE-5388YCGV},0
{K1W1-J1AN21QQ-8709DJXU},0
{X8O3-F4NW65JN-2677SPPH},0
{O5S0-D4NU28YH-8317KSUZ},0
{P1F3-H1VK32BO-3537MGCZ},0
{Y8N0-H3AZ88XJ-2318IGRV},0
{E8G8-F1MS43AL-5896TXVT},0
{H1A2-Y8OY33WZ-4425UPEO},0
{R0T3-P2NK15BX-6712WECE},0
{P7B7-I5SM02ZP-4464TQVW},0
{M5Z5-E5HU28HZ-3316HYPN},0
{W6E2-Y3YY71PC-4674UNWN},0
{M6P9-M3KT73MX-5367VPAG},0
{T0K1-Z2CJ68EC-9306WNQX},0
{D1B4-X4CO57WQ-5553PJND},0
{V0C6-T4HY45LD-1129NGAU},0
{E3T2-B2ZW54ZZ-2922JSDS},0
{C5Y7-G6UK42IW-1833KYVI},0
{P6M9-K6TH56QC-9924RRZU},0
{P5W4-D4TK82IE-2981QBOC},0
{Y4V4-J1HB57JV-3590BUHB},0
{E0X3-B9FK38VF-0628UQNZ},0
{R9I9-Z8CB91GM-9384QVGS},0
{Y6Y5-D9YO10SE-6338IDGY},0
{E7Z6-U0ZT09IH-2269TZHM},0
{U6D0-R1KD63SN-9881LFGK},0
{D6J6-O3NY85LI-8402CYMG},0
{K2F1-N3XW32SI-0342COTR},0
{E8R4-W4CN36AC-4672KORE},0
{H7T7-F3FF67VJ-8371OLTY},0
{K2O1-E0GW38WE-4219VVPO},0
{N5E7-S1PK35UQ-5095LJAX},0
{Y9M7-Q2ON25CS-3459FTRB},0
{H2D9-J8LC39QZ-6176DVLT},0
{U2P2-N5UP89AJ-0610LXHT},0
{V9W1-O3DA12ZA-9699ORTH},0
{K2F6-L8AH12HO-0759SYNE},0
{R9K6-B7LM69ME-9046IACV},0
{L1I2-S5OL89RM-9750QDDO},0
{O1Y4-A1OF75NN-8974YWSL},0
{R0Z8-L6LC48QW-3823JORJ},0
{L2S8-G0EX08IS-9515ENEZ},0
{A2L7-L9LW61BW-9977QUAF},0
{A8V4-C8EO07UF-8320JCYS},0
{D3J9-Z4GG77YO-3120WRHD},0
{X2H2-G4RR74NS-8620NFTU},0
{A8H0-X7FR82JK-2696GGSW},0
{X2O6-J3PI02OC-2333WQSL},0
{V0L7-Q0KU52RC-0613UMXA},0
{B4I2-O9GX23UY-5650IBRJ},0
{T4D7-G5WC53XY-2363IXVW},0
{V2S9-D5AB81BE-2371CZFS},0
{W9K8-L1WA77XC-6773XQRB},0
{B2M8-O8AU01QJ-5188SOBZ},0
{U6I7-Z6TC32UE-8214YXPP},0
{P7O2-I1BK95ZJ-9092EOMS},0
{N6G3-O5XT27QN-7019EHDD},0
{A8P1-A0RV43AQ-9255MVPF},0
{M8K4-K9AN60NV-8454EWYY},0
{M1E1-W4UV61TY-0648BIMX},0
{W8A7-M9DM48ZP-1687ORSW},0
{Q5P2-P1NZ47DH-5666UOVG},0
{C4P0-L5PV63BL-2275ZCUA},0
{T7R6-L1OZ90EQ-3203EKDQ},0
{X7Y2-N9LE53RT-0849VREM},0
{S0W1-I6LH25LU-6745GLQQ},0
{Q0N1-A4BB06ZJ-1734CHPF},0
{R2Y5-M5GL77AR-5853DBIU},0
{I4U4-K3WH24YE-2784ZSIR},0
{Y7A1-X5OV88WX-1846AALL},0
{Y6X8-N8WI92KJ-7712BUTZ},0
{H1D1-Z4ZH82PX-0908VXWG},0
{V4M8-G9SH17AL-1461ASPO},0
{M4M4-N7BO03BB-5492SFGV},0
{J4I4-P9PV16NX-0710VTNP},0
{N8V9-P9JI95RW-8394URFQ},0
{J6T6-F1XO22GU-4079TQYY},0
{A6E7-S0IQ31XF-0011EWNT},0
{X1J9-D2AR88QE-1465AEZS},0
{M7S7-G0QK22JF-3453HXSG},0
{B8Q9-C2OT77YX-9359CGCK},0
{G8P6-N7SQ35TV-2890ALZK},0
{W8L8-U8VW01EC-6603IEPI},0
{C7Q1-Q3MW85FA-2765PZCT},0
{R8H7-J0JU78DO-4770XWBK},0
{W3O3-H2EX48QF-6519JGCG},0
{E8A1-L7UQ37NS-1473RVSO},0
{U9Y3-D0QM65BW-3133ELLR},0
{C0K7-N7XN48FS-6548RSQY},0
{F0F9-F8DB88DI-3150JVAF},0
{A8I1-C0FE44AW-8690YMLM},0
{D7M1-A3EV23DZ-0954SGTF},0
{F9O7-S8SA84KG-0806JUMH},0
{V1J1-B2KH67ZA-1274GJKW},0
{B5B9-B6VB45TV-0271BPDZ},0
{D3E0-L1TN72BR-9203UDYJ},0
{Q7A4-H8TD47ZJ-5383OMRC},0
{R2A6-B5NL17ND-3996ENXK},0
{H6S7-I3TO18KQ-7568TLGZ},0
{C6A4-H6PO30IQ-3500NXOS},0
{H8X2-R3NG76CG-0989LZDT},0
{D3N0-K6QB16YA-7343QSTR},0
{R6Y2-B1JM32CE-8632YOJI},0
{W5V0-S7RP87FB-3422DSXC},0
{J8M9-P8KW82WJ-2621JUMO},0
{J9U5-Q6VT44EN-9214DZNR},0
{Q1X0-Y5MM68QE-9850IWON},0
{H1H7-M7FL38ZH-3757ADJH},0
{I2Z2-N4XA73OJ-2813PPYV},0
{C3O7-E0CA48NT-7605BMHY},0
{R4A7-T6ZQ68IQ-8086NFGB},0
{K7R8-Y4FQ69TK-8096TYCH},0
{W5U5-P8AK90PJ-6158JQZL},0
{W0Y5-L1IE44QL-8775RSRU},0
{Y2Z7-O7AI23RL-4410CAFP},0
{M1U6-F6MO43PB-5699RNYH},0
{N1C1-J2XJ07TD-4770HWJQ},0
{O6U2-F9EJ86NL-1739QCFP},0
{V3A9-A5DM28UQ-2961RYRD},0
{H0E6-S8WA90XC-6536UIGD},0
{Z4A9-Z9KI68TX-3511CARV},0
{G1M9-K2DG65OA-0844SBGQ},0
{S4V7-Z3BX89VP-4129ETSX},0
{F7X6-G8PN83QX-6904NTCM},0
{O3L4-O5OY58UM-8860IBJL},0
{P6Y4-Z1OD31RV-3526GAVR},0
{N3O0-E1BG73IF-2132IAPE},0
{P4Q3-A6HT77SY-5302SHWC},0
{G9F3-V8GP16HU-5430VKRO},0
{O9A3-V9DF57YW-1275PJQJ},0
{V7T8-G8EU26JA-4909PXEI},0
{K0N1-O3UW85AZ-3147AYCR},0
{I0L3-V4BP88EO-4602DPOB},0
{H8L6-O0VA22GD-6235ELER},0
{H9G1-N9GJ32VD-3380KMNB},0
{T4Q3-B8VQ10CT-6744GLHE},0
{M2P1-N0SW88ZV-9118IUPU},0
{J5L2-A7EW02PO-7086LRJM},0
{T8C1-X7HZ63AZ-1368NLIU},0
{F7B3-T5MK61OL-7327MUWS},0
{U0D6-D9SN69SE-8682DFTA},0
{O3E5-P6KK09LX-7179AIKQ},0
{Q1Y1-E9CU98EO-2563VXUA},0
{S9S7-T4KI99ZR-3906XMUQ},0
{G6R8-O9FN63RT-8005BNGK},0
{U6M4-N7OS91PI-6180BVHR},0
{I3D8-A2IX99RP-3557NTJP},0
{J4H9-S9LQ49LC-6230EQQH},0
{O2A9-T1ZQ72UW-3194CSVZ},0
{J5L8-T3WU98WP-1549GNPY},0
{F3Z6-Y0ZU01IT-7104QCZZ},0
{E1N8-D7XG18BH-5386YDSS},0
{V6F7-A3VD52YV-5781WCHG},0
{W1X4-F9KE12AF-5395ZSTD},0
{I9M6-K9LM85EC-3143SLTE},0
{T8H7-C7SD91CG-0284TZYH},0
{T1B9-W7AK25DU-0744CQLB},0
{S4Q2-Q6VP25GJ-5282QWUU},0
{Y5P6-R6CC52ZQ-6892LCSR},0
{J4P8-U3ZS88TZ-6223RXSQ},0
{M7N8-J6RC74XL-2342UBDH},0
{T5J8-F7VF18BD-8196BJYK},0
{N5R8-A1CW13IC-8341TOOF},0
{E0F2-P7YF29QM-0392OGES},0
{K3W1-R5YT53NK-2583XWAQ},0
{D3L9-Y3WU26UE-2434DUMB},0
{E2X0-E3AG57FT-9861SFBA},0
{Z2J5-U5WG16AN-8661JJJT},0
{N2S7-B9DN31AC-1463BLSY},0
{N6J9-N3YZ75ZK-4749IBMN},0
{E9G6-T7TY78QL-5393OTPS},0
{T3F6-X8XO95YY-4500KOMP},0
{F4A9-B3HJ37ZX-6972KAKU},0
{G2N7-L3XB00ZD-0158XVBZ},0
{L3I8-V7TD99ED-6577SVKT},0
{U8Y7-N6RY55RY-4466WCAL},0
{R2U9-M7WI56XM-5794EKEV},0
{F9J2-X1DK90MW-3547MCRT},0
{U7Z0-Z0NL01RH-0953TJQA},0
{S8L4-S5WZ34YE-9349WFFC},0
{Z1K3-X9ER27PX-7989GDXV},0
{Z6G4-Q5PC89TI-9571GODI},0
{X4A7-D2BI76JH-1115DBVO},0
{F4R5-T8TI45QC-2688AIWB},0
{K7S8-Y7QE32PA-3095SOBY},0
{S5U0-M4SM07OI-8301PCRW},0
{G2D1-N1HV92GA-5999GCEH},0
{T5W9-Y9QU16ZH-4520PCNI},0
{Z7O8-O6EY24TS-7265GRHR},0
{V7W6-O2WN66AS-5565FHTH},0
{J7H6-E4FE97UH-2642ECKS},0
{D9F6-X9FH08AY-6427TRGQ},0
{S1E7-Z7PB73GB-5443OXFJ},0
{E5K0-K8MM57DW-8540HQDN},0
{B3M9-K2DH04MG-2825KUMW},0
{T9Y4-F7BJ48PY-7290PPAE},0
{J3A6-L1ZT78CJ-3537FAVE},0
{T9Y8-B0FM34XD-1758JJWN},0
{A3W6-A9OU63TH-4193JOLD},0
{B7K0-N4TM79XK-2061IUEL},0
{J6M4-J3MR07IL-3070IIWZ},0
{N0Z8-G3OH61VX-4071PCMC},0
{D8X2-M5EZ46TK-9341AKAL},0
{T7S0-K7LJ03LA-7174ANFW},0
{Z9I7-X6LL02LZ-8543ZKVS},0
{L3H0-W9AF80ID-6723UUSK},0
{P6A7-Y5UO14EN-7589KHVW},0
{H9L9-Y5AE23RN-5009TCMV},0
{W8M0-D2DS17RW-0466BQHS},0
{D5X0-R1EA34WB-4093PHEZ},0
{D5P2-V7VX99CQ-5065ZEIH},0
{O4U1-L5JU77FK-0108DJPJ},0
{Q7U4-X8BF91AZ-3807CCOH},0
{U1I0-Q4LM97ZR-2732ETCN},0
{P0U6-U0NZ08AI-7575BKVM},0
{X6T9-E2MW81WJ-5409OHXY},0
{E4E1-Q7HD61UY-0041GYZZ},0
{K2L6-P9TA15KE-7132HAJS},0
{E2H8-V9EN69DA-6505CEYX},0
{Y9O7-X2FF40EY-2104XGJB},0
{A6U9-O3HS49OC-1191KUYJ},0
{D2G5-U0BW33WK-4214QFXO},0
{H3Y6-D4IB04JP-8233JDTW},0
{T1J5-B6WS28HV-0306LMEM},0
{C5T8-D9YV80KG-4096OIAG},0
{A1U7-M2LX26HB-5824ILKS},0
{W9V4-G9TM54VS-3158YBBT},0
{M9B3-E0TM50HV-7789ROHE},0
{Z9R4-B0ZK96EE-6810GJVC},0
{U6C8-M7VI83YW-6604NKJQ},0
{D3F4-F6UT39HV-5533IHZH},0
{A6R5-O2KJ66JT-8359YGUT},0
{L7U4-N5XU36VW-4511ZRVJ},0
{Y0R6-H8OC03YC-3270GOYQ},0
{H4N6-J4BY47NC-6546CDHI},0
{Y9E1-G4ZF49UK-0023FZNL},0
{K5S5-T6PV59VF-7857XGJJ},0
{F9K9-O8NJ30SS-2038WAAD},0
{L8W9-S0YV91HJ-2573CNDZ},0
{G4N6-C4PB31GR-9030TLAY},0
{C0S5-Y2AT64SV-4528XEZC},0
{I5B1-M8ZX62TM-2417CUQM},0
{E8D9-U8ON63ZD-4391ASZK},0
{E7S0-Y1BH75VY-0872QLCM},0
{U2Q9-U9AN47KT-9367UICO},0
{X1T9-Y4II42XA-0491ZECO},0
{H3Z3-F3EO03TW-1626PIXA},0
{I7E7-T8TS33LT-1421MXCC},0
{M1G5-Q8SA74YS-6729HRDO},0
{Z6S9-S9TL92EF-8123FJBP},0
{H3F6-R7TP82FT-4707JQAG},0
{X0B8-D2LH34IH-2463AUVJ},0
{D4J3-P0WV84BS-2760ZIJX},0
{X9P7-G0YJ08UY-7657HZQF},0
{R7T6-G1DP33JY-9093DGZX},0
{A4C8-E2OW43JG-7847BESH},0
{T2T0-A0QA01EN-7701OZAG},0
{I6N6-U3KA13WH-1461CPYV},0
{S2B7-A8QP59FD-0501AVYO},0
{C7I0-K8UI65SU-4912PRQN},0
{E7Q5-P6GC12YP-0418KYVK},0
{S0L4-Z0AQ03QY-4974JSHZ},0
{A4I9-H1EI67SE-0458UOZQ},0
{M6A5-E2EF99LU-9632SQMU},0
{Y4B0-R5DW07WD-6053OBDN},0
{O4L1-P4GT93FZ-9269KWXU},0
{K6D5-R3KO94YM-1904WDVK},0
{Y8N7-K6UX13QM-8608OBHI},0
{J8Q9-D6JR02ZJ-9225GLGE},0
{M4S2-T3KE84RW-2286HINX},0
{B3R8-R1WZ74OP-7225OSFO},0
{W0H7-L9JD80XK-2130UVSM},0
{O5A4-M3UN04RM-9395LJRF},0
{I0L6-C4UP37UQ-9041CPQD},0
{C3E4-B9MS47BS-1948GSMV},0
{M3R4-Z3CZ45UY-6164VHTQ},0
{N3M0-G4TD63LF-4653QVNU},0
{S9D8-W6MC82GS-4930FDLM},0
{R7L6-G5SJ05DH-8721PFYW},0
{T8P3-P4HT26RN-2731CBBO},0
{I0L6-Q2TR02PD-0691IMAU},0
{Z8E0-H0PR76OR-0879ZWLB},0
{V4M3-D8AU24BT-7054EKKT},0
{V5O2-S0AS11WB-5176VTCI},0
{D0Z4-M3HK83JJ-8860FZWX},0
{B8B2-P5PI12CL-2478IQCO},0
{B9H1-Z4SQ75DS-5101DYYP},0
{P8M4-S2OL49ZZ-0029CAXA},0
{R8G9-H4CQ59TL-4226HJJO},0
{X1O1-P4UI52QX-0163XANX},0
{Q5W4-Q0UQ94TI-8498WQKC},0
{C5L1-L6CV86NH-7483BHYD},0
{Z9Y6-Y7PK54UL-5337NDGU},0
{G2X4-C3KX56VH-2960JWEP},0
{Y9P1-K2WE27NX-8698OPIT},0
{Q3T8-K0TV55RZ-6493IIYJ},0
{P5U2-H0JD65UU-9918MOQS},0
{P9O6-L2SC63YK-6578ILZW},0
{G2X2-D0PX67RE-4612NMHM},0
{R8H2-U8HR95RA-6937CPRX},0
{Y1B5-H8BB23KE-0191SFST},0
{R5U1-V7ZI42HP-0568KJAH},0
{C6R6-D3NF76NJ-6834VMPU},0
{D3Z3-N8OV09HY-2638CZVW},0
{G0V4-X7XQ17WE-1995WRUW},0
{G1S9-T5IX49CQ-0819DVHT},0
{V8I6-I8KD06GJ-4724ZYJM},0
{H5Y1-N3NH71MC-9038ANGX},0
{Q5M3-G4GK59XP-3555GTBO},0
{T6K7-R0AQ61XO-6270WFBT},0
{H1T8-X6XG87NA-8823MYVW},0
{I9S7-Y4ZE13IE-8866SSVQ},0
{B0Y0-M6RE27MA-8990LRPT},0
{S5I8-K8BO60WX-7913QBHR},0
{D8P2-L6EK91AP-6202ULVT},0
{Q0J9-O5LI15RS-8300ASLU},0
{K2R1-U6VM21OL-4458WDOE},0
{B3V1-F1QQ41QB-3511ECWG},0
{V1V4-B7BE77NQ-0173EAJC},0
{V7I4-K6YW38KT-5835YPXW},0
{Z3V1-R3SE53VX-1616YLTK},0
{B6V3-E0FM25XP-4118DNOD},0
{C3S4-T2CJ95LW-1587PWBB},0
{U3X0-K3MI67YP-9190XCHN},0
{G3J3-D4MM98FH-7600QYFM},0
{A3W5-M3XN23LD-9456FRQJ},0
{X9B0-V5KL82GP-6181UZIW},0
{O7W9-S2CB79WH-2739HYJT},0
{P8H6-S5SF26TY-3170BZHM},0
{N6K0-J4ZC59JH-9089DIDJ},0
{O1V0-P4HK84WY-4627MRQV},0
{R5B8-L2EP58OP-8599OFKF},0
{L0O4-X2IK54CD-4880UZKB},0
{T6Y2-A4YK23DL-8649QSJI},0
{W8O2-X3TT50GD-8392YMIE},0
{N7V5-R9GD87YJ-2881GUDF},0
{S8F5-T2PM70AF-9468XKFH},0
{E2I6-X6IH92QB-8143LXKP},0
{T1Y4-S1NM24BU-2555XEDY},0
{L2V2-W7JP63HG-2913CIVE},0
{M4G7-N2HM62CL-7003GUSP},0
{Z4R4-Q9TA91SX-3203HQAV},0
{B2P0-K6MF27HI-2446ENHB},0
{C7N2-M2PE56VV-3404BOUW},0
{K3B7-H5HH52VT-4480BYOC},0
{M5L5-I9IJ72XR-6714RCJG},0
{V0T5-Y8HV24DT-7796QIEH},0
{E4S3-T9XK71OQ-2385ADJO},0
{T8B0-C7JT14BA-6271NVNA},0
{Q5A6-R6LL63WM-7168ODEY},0
{E3P8-I5IO92WO-0239ATBF},0
{K0C0-G9TZ14RE-9256ZYPS},0
{C6L7-B8YS89NK-5267NOGY},0
{J1T9-D0ER91YE-8756HQMG},0
{E3W3-P4LR93TY-2603OCTK},0
{R9B0-N4BE18JL-4011AYHF},0
{R4L6-B9RL66QD-3541NKBZ},0
{Q5V9-E2YG57LT-1172RPNX},0
{Q5G6-Y2FY86DY-1021RJOW},0
{S1C7-P0CR43ZD-1651IIDM},0
{A7B6-B0FM09US-7183VMED},0
{U8W1-Z5HI17PO-7537WPWA},0
{J3B2-O3VO73OR-5204KSHO},0
{S8U0-B6BQ03QV-7438EHRY},0
{L9L8-F0ZR21OY-3971GTIB},0
{B6X4-E2GB82BZ-4370FMXV},0
{I0R0-P7TE55BF-8992FAHL},0
{H5W6-K8BU98SX-7154FBVB},0
{V5U6-O8KZ12HV-7348AENK},0
{R2M6-V4VV91KS-4147EUID},0
{E1F4-B4CC08QT-8472YEXV},0
{V1H2-G4CY81HN-8651YQDM},0
{D1B3-H8FY79CO-3649TLXV},0
{R7F0-X0ID76UT-4778LBND},0
{K5K0-W0UU75TH-8871OBDD},0
{N2Y2-Z0BS40YS-9286DJWM},0
{Z5M1-M2UA64PR-6773HCSX},0
{C2H3-T3BH69KX-7773UTOB},0
{P2A3-T0GR52TW-9884UQGP},0
{E0W0-T0MQ16NL-4335PKLU},0
{T7C1-K7LA28CZ-4645AHCX},0
{Y4Q4-F5SA80FX-6704RLYM},0
{K4X3-W8PX47LC-7265BWUF},0
{X9P5-D3CA45WY-2561GNQW},0
{A5P2-G6PU61DZ-6191QIIR},0
{N2S0-C0TO64RF-7039SRLW},0
{F6X5-U4VL99GT-7286YRCK},0
{Q2W1-X6TB06WJ-8497ANWX},0
{B4N8-O6BC99EQ-3705LWMH},0
{G2Q9-I2QF31VL-7017IJPS},0
{Y3K9-L8QW94GG-7886IVQI},0
{E9U5-G5WE48JV-4042USNL},0
{D3M1-R2UR19EU-9042TQER},0
{G8B5-Z8GW03DZ-3040QLON},0
{O2X6-J3AD00MM-5452PQCY},0
{Z8L3-X7OL32QP-8021KAAQ},0
{U8K7-E5RV43EJ-2877JLZG},0
{O5X1-M9OK87WL-1524WLXJ},0
{R2B6-R3AT67KZ-4610AUGB},0
{F5O0-Z5SA23OU-3142ADKZ},0
{R1L9-F2UZ41AI-1550PIZU},0
{Y1Q2-L0WZ65HY-3587IMGX},0
{K2U5-O7KL15NV-5666PVWA},0
{L4H9-L3ZV20PF-1831XCME},0
{W6R3-L2YP73YK-3897VKNF},0
{U3G7-P4PX71OD-2986QOUU},0
{I9E0-O4YU99HC-7594RCHA},0
{A1V1-E9BF89OF-0166HBXK},0
{R6K5-A6EZ68XZ-3515TNTK},0
{D0Q4-I9OK78AC-7708VKVJ},0
{Y4D4-L4YD48CK-0349EVGH},0
{Z2Q1-E1UM94BW-4658SPCX},0
{L0W9-F0XO46BC-2780YTOH},0
{T1L7-S8MW50FT-4050MCCK},0
{G2P2-Y0PU04YW-3257AAMU},0
{O7Y0-C8VT64CM-1455LKFF},0
{V9O2-I6XO24PY-8175PNCB},0
{K7Y5-K0AJ12AV-2072LCLV},0
{V0R6-A8VO15BL-7979UEIA},0
{O8U4-G3DW43XL-6229ZJQJ},0
{T4S1-F4HF59WW-7605AIEK},0
{J9G4-D7JG24JG-7661FQCU},0
{E5V4-E4RH36ZM-7799EHXA},0
{Z3X0-F1JV32LO-2272ZYNY},0
{D7S2-N7RV19BZ-8233OGPC},0
{F2F5-G1LK86BF-8965UPDI},0
{R6V5-K4DC04QP-7371FYKY},0
{P6G0-V8UH07ME-5968URNZ},0
{O1C4-A6AI57GH-3896RNAQ},0
{A2O9-B4GJ78NJ-6195LINZ},0
{C9M5-P6RE73EY-6112BNWM},0
{R6O0-W2ZQ12LW-3128FCMO},0
{H9R9-C9HL97RK-3394GGRU},0
{C6W0-I2AK91XJ-4749BLHO},0
{K7X8-I5NL96TL-2100BSLL},0
{U7C5-T6TU50MD-8669RHVW},0
{G7B4-Z4WX88EL-6838KYXW},0
{S7E3-D6WP32YU-0300PDIV},0
{T1Y3-Y6DO04TA-8976AVJO},0
{I0G6-M1DE74KH-2649URUE},0
{X9H9-N4PJ18ON-4317TFMR},0
{S4W8-O0JH15UH-0526FVEX},0
{M9Q5-B7EV10KZ-4024JUUK},0
{N4R7-D6WB68QF-0344OWTQ},0
{O4K8-C7CA68DZ-4728HKKG},0
{L6H0-N1BR35SA-2647BVUK},0
{V2J2-V4ER83AP-0743GCLP},0
{I3U0-N3OR65NC-8722XYBK},0
{F5R3-R2XR78ZR-5195DIBJ},0
{W5C9-U4OH08EY-8281FLON},0
{Q4P4-C6XP51FO-6384RMNI},0
{Z2F9-G2KE44WY-9101DAYI},0
{K1G0-M6ZW46YP-3775QURZ},0
{X0N0-O9ZB52SV-1592IJKC},0
{F7U0-A2FR80TV-7677JBKK},0
{H1S0-H7WR37JD-2569VMLC},0
{P7C3-N8DJ51LX-5176MAOO},0
{V1A4-Z9TH40ZI-4771YPFA},0
{W5X6-F5WL82KV-3140MUNZ},0
{E7N8-Q3ME98XA-2800NBGK},0
{Y7P1-O0YM99BF-3973WELD},0
{I3I9-F1DA40DD-5847XTRP},0
{W8O4-U1UJ02DE-3208KQYW},0
{L7C0-X3BK00IU-8177ICIO},0
{U8P0-E5XC22YI-8901QUUA},0
{P9L3-N7IP29UU-8425CLXX},0
{W5A8-V5TI94RB-2425EYTH},0
{L0D3-F6JV45RX-1384QDPL},0
{A1T6-U8KM83PB-8169ZNFN},0
{E4K6-L5WP84MO-3404PGUD},0
{R0D7-A1OL99LG-9618JKJH},0
{V6Y4-D5BU79EV-5390YFCK},0
{M7E6-O9OT32SP-0573GKQT},0
{X9I3-H7SB58UP-2215VPWR},0
{G9D2-K2PJ44RV-3305ECVR},0
{T0Z9-X9WB63YW-7434CAPL},0
{A9B5-N0OS92OK-1647WFGZ},0
{N5U3-L0PH34YH-9615NWMV},0
{Q9F5-I5IG47IG-1449MIZA},0
{O2P9-C3QJ85WN-8285UWEZ},0
{E7Q2-L1VG98WM-0116DKIZ},0
{T9I3-Z2KZ98YB-3875RLNS},0
{Z9N6-Z1DQ30YB-1758HQLA},0
{B4Y9-X0OR40NS-4082PFDU},0
{V1Z2-B9QJ30GO-3952DSSF},0
{T0E5-V6DI73HV-8124NQMI},0
{V6Q0-G2LN81ZM-7431CRZD},0
{X1T3-M9LL77KO-0939SZFR},0
{U8F7-I7TZ47BA-0226DSNH},0
{A4Q0-M2YC67QI-2602MKRE},0
{P4E4-S3BY66VD-4588MFQX},0
{B5R4-M5AN21DB-4508DHJY},0
{C2I3-W2FM62BZ-9330CXKL},0
{V4O6-C8DU35JM-1166KYQP},0
{F4F1-F2SO80ZV-3013HCYY},0
{W9M0-R6TR51BT-0266OYTR},0
{B0T3-G4SZ46XO-6960PIFG},0
{O9N6-Q8LS16HN-2546ZCPU},0
{G2A6-U5DT21DN-5193NEBE},0
{S8A1-U1MT11IS-1021XLPC},0
{D0V2-R3TW07AN-2896XTSQ},0
{S6J6-X3PY53IA-6219VPQR},0
{C7S6-L0MR55YC-2246BOIQ},0
{F1L7-R9ZW42QQ-5626BALH},0
{S1N4-E9UI49VQ-8463XVLG},0
{R0Z8-S4MX97VX-8899UFYA},0
{J0A1-X5SV20GV-2027YSVH},0
{Z6U0-Z0TI06GN-9158FZGR},0
{K8Y9-E8DV83BN-1428LPQD},0
{I6R5-J2CD65EL-6841GCUE},0
{B7D4-A3UK95VE-0745IGXL},0
{H4F1-K2SA63US-6838QSFD},0
{R8R9-C7UV90IM-9600HJZV},0
{K6W1-H1SZ27CB-5448VQIB},0
{V3C0-K7QO48RC-2805YHPF},0
{M5D6-S3FQ06JK-6143KQUD},0
{G8D1-O7XW26LT-6690UNID},0
{Q8C0-Y5OR85PH-0285OHGM},0
{V9K8-H5KJ51ZO-1819AVRV},0
{Z7D7-M3XJ22KU-6347LZDD},0
{T6P9-L8UB29CL-6146DXCF},0
{L5T7-F3FT96FJ-9380MRBN},0
{F2H2-H1AA71CC-9919NPMW},0
{A6Q3-E0GF89YW-4699EIQJ},0
{L0X6-J0JZ39GW-4881XIWK},0
{H1O4-K8TJ96FO-9032IJEH},0
{A6Q9-S2QZ14UU-2177RNKH},0
{I6U6-N1XK96QU-1071IPXO},0
{B3G8-F9ID08AO-5316BBWE},0
{H9H9-Q4KQ15IB-8559LSKS},0
{B6U6-S5XI53SX-4629WBIP},0
{P3Q6-P0ZQ14AP-0413MPPT},0
{E2V7-V4HB45FE-0895RUPA},0
{D3W8-H2KJ62MV-0923YOGD},0
{I6K9-N1QU32XM-3257IMXY},0
{I5K2-D1JX50LD-8425TDDH},0
{Y6K0-Y6MS80TS-1866EIHS},0
{P3U2-G7YE68JZ-0455FLVL},0
{F7K7-J0WG41ZR-2252VXPG},0
{G1F5-P9IX03XU-2357NLTG},0
{B9G5-V0OB39JI-7381RODG},0
{Z5Z1-U3MD07BH-7672WHSI},0
{Q9K8-I3SD53PC-8981ECUU},0
{R1X8-C4IQ32KH-9600KTFC},0
{D6S0-B2VU30OO-1815JVPU},0
{Y5S0-X2KS04HD-7401QPIS},0
{Y6K4-R5NN68FS-8386IIVX},0
{E5N3-E6AZ12QO-6452OCMO},0
{Z8M1-U3CV01CQ-8552UETG},0
{J8J1-H1FW57KU-7647RBVV},0
{W7K7-X3LN76TA-2635PDXC},0
{S5J1-E7ED21YX-5719YFRF},0
{U3X6-B9LG50QN-8972FVIV},0
{Y8Y5-Q3VS03LK-7918IADX},0
{H7H3-X6HB81AQ-5225OQCW},0
{P8C7-Q4AP78GQ-0955FMYN},0
{L2V2-O7NM77OJ-4686ABTF},0
{E4Q3-L5KH63DF-4427FQYY},0
{W6N5-Q8DK53SD-2775GZXE},0
{Y9X0-N7CH84KH-5155BCAJ},0
{V8B8-O2MB91PQ-4309ZWUC},0
{U3J8-P1OZ08QC-1112AFHK},0
{M5X4-Y9OC75ZW-7471YHBN},0
{K6Q6-M7JO31AH-6511TQAV},0
{T1M2-A7WN01CK-8604WTAG},0
{E3B5-A5RI38SS-8195PZYV},0
{A0N7-X7PG27NV-7165ZVWU},0
{Z4S0-E0AP04VO-7119OSPO},0
{H9U5-F6NW44PT-0928VXQE},0
{Y9G9-X1UT75XC-9568IVRE},0
{P3D1-S0HK27VT-9641AWRR},0
{J2R3-F9NM00ZM-6875YCAO},0
{F4Q9-I3KL82KM-4054ODEC},0
{N8A2-U1HV40HH-9968AATO},0
{P5Z8-M6EB88BU-8537XUED},0
{R6L4-V2JT06HG-0571KROD},0
{X4C7-C4WM31SD-4874WPFZ},0
{F8E0-W8CA62GC-3005PGPC},0
{H1I3-K6LX07YT-6942DAEV},0
{C1R9-N2DA34NQ-4660RAOB},0
{M9M0-R6VG44UJ-1085MMJO},0
{C5G8-O3WA15RH-1610OQPH},0
{A5J2-W7ZZ52PX-1225QBRK},0
{N0E7-Z3DI60LD-3573UWXJ},0
{G2M8-R1TR02NX-4397XFTW},0
{X8C3-S8EU20RZ-0991TVCP},0
{J7K0-K7VP03KK-6064JYAO},0
{U4N1-C0BL09UI-2687TFHK},0
{R2E3-S3YQ99JI-6107NAPL},0
{T3Z0-E5FL80VV-2384JSVN},0
{W5C2-O5QU95RE-2932KNZB},0
{P6H7-Y0YS87ID-8648XVBP},0
{P4U5-G0VD74ZK-8084XQTD},0
{R4S9-J9HH19HP-7876QLIW},0
{W8O5-X7PU84YD-5487XUXH},0
{S7U1-V4NC19XY-0287AATE},0
{F1F5-Q7SV38CX-3708YQCP},0
{I9C8-H1SC12JJ-8788QJEJ},0
{P5Z3-V9NA42CZ-2492BQWG},0
{A1P6-I9SQ99NO-2165WBGR},0
{R5S1-N8OF42NV-7525KYPJ},0
{M4U2-C4EB04ZM-8133DNWV},0
{C1T4-Z4JE41FO-4434UPVE},0
{K5C8-X9XD30KR-3851QKDN},0
{M3G0-E8KX83HS-2247VUGZ},0
{D8F2-J8LH94VV-1781FXXC},0
{O3K4-R4MB25AD-0180HNUD},0
{O4E2-B9VM43BW-4693HDUJ},0
{R8A0-O1IW43TH-8523HMXB},0
{Z0D1-N1ZH67YW-2657JXSS},0
{H1O8-U3QL36PI-3148KFHH},0
{Y9E6-Z5TG85BQ-3850OIOI},0
{M4N6-F7YL69GM-5582YUBW},0
{T0I2-T1AR99JA-2323CLBY},0
{L2B9-U9NT14FE-1634JBXZ},0
{D1W9-H2NG43GW-2569EUEZ},0
{D0Z4-B4GW15NQ-2189VKSF},0
{J0T2-Q5JO86LS-1051ZSVE},0
{S9Q8-O9JY38MA-6865HARM},0
{M8N6-A6IU94RL-6077LYUQ},0
{J8M0-R9OF87DX-9808MODG},0
{X5K9-K9GF69YZ-2594QCRF},0
{T7P9-C0WN54IR-4715IJXA},0
{S3Z6-S0IF44QN-9637YBLZ},0
{Y3Z7-V5RW34EJ-4458MTTV},0
{Y3G0-N1HK36EW-0319IGYN},0
{F1Z0-F1LR89QI-3042POMU},0
{M5S7-V7UE76RV-6543HGDF},0
{W5B0-N1CR06ZA-0252VBXL},0
{J0Q9-V4QM15RN-9059QQUG},0
{U4N5-N4RM06VR-0346WKFD},0
{L5L4-H0RF42AS-8171PIVZ},0
{I8E8-T4AI00EP-7403SGFN},0
{L0C9-Q0BL43WB-2621OQYV},0
{V0W1-S2MX40YV-9775DHXL},0
{A0Z5-W3CM53MD-9336TKEO},0
{A0C4-K9AO65KH-8551MZIS},0
{M4L2-B7OQ05DU-9286IFDR},0
{H1M6-B1MJ67KM-2378LOMZ},0
{M0C0-G1IY06AR-1399ZOEO},0
{B5S6-C7QQ81GV-3906RRKZ},0
{B3I8-H2KC28PQ-5678JHRU},0
{B1E0-H9ND06UI-8253JVZL},0
{B8I9-C8IX42OU-5254VPUY},0
{S7E2-F4TR93GN-1037EEYX},0
{U7J1-T8HV36SW-8019XRMS},0
{L2U8-B6UX71AH-2103IEJV},0
{P7K4-R0WA86OE-8743LUMG},0
{T8I2-G6YT21KH-5582IRNU},0
{A8C3-J8BN32IA-1415CPCN},0
{L9C0-I0BU17CN-5972KIZC},0
{B5Y0-G8ZV01VT-8805BNML},0
{N0U9-F4CK12SN-6017UOOP},0
{A5V2-G6CX75GT-4603TKSV},0
{M9S6-P9KZ74FM-9580GHEQ},0
{C0W4-O9ET12NB-8879RAME},0
{X5B3-N5MF47WR-6781JRKT},0
{Q4P8-H6EY14TS-1323VETV},0
{C0G0-P0GE04GM-2591NCWR},0
{Y3J0-N8RN21ZN-7256SSAF},0
{T3Z2-N3TN88NM-5142YPUF},0
{Q9C7-S0MS09FW-5189CFXQ},0
{N1W2-H0MV01UN-0818ZOIT},0
{D6L9-Z7MX55KK-2561FUAB},0
{G9G3-G0KM47SW-1937LPWS},0
{C7O0-F6UP31LD-3821CUHY},0
{O5L0-G3TZ37OD-3273BGSE},0
{F5E9-O9WD75FG-2272JLLP},0
{Z6U5-J8TG18JU-7839CNXL},0
{I4P5-T1UA23TA-4143TNVM},0
{B8Y4-O4ZB24AX-6409QMEE},0
{D7R3-V4TE65MM-1050VRIW},0
{J7E5-R3SM46OD-0743MCGW},0
{S8C1-O3IH31YC-9276IXYU},0
{C7U6-K7UF34OJ-8980LCSI},0
{E6R7-S5CD86JP-3300ZCCM},0
{P3W8-R6VO02VW-3709ILWR},0
{M6Z5-A0PO80OE-0913VGYH},0
{P4F6-T2WE60NW-0758VPEU},0
{F0E6-M8DY07KU-5306PFNP},0
{W0O5-G2ZJ64GW-7810WESK},0
{E4U9-U0IY67FM-2914TRWU},0
{S5K3-L6VP52LS-2787PUTH},0
{F7U1-A0NK14YI-4328QYWB},0
{P4E6-R1RE22TM-5340GJWU},0
{M9X5-H4SK32EK-0740RYBV},0
{E1Z9-M3GQ36LU-8523ZPXC},0
{N4B3-Z5ZS00EZ-5218VDSV},0
{Q6V3-O9MF80MN-3916MWRY},0
{F8V5-E8OQ31AP-2882LZVD},0
{C3D1-I5SV38VM-1322SKVG},0
{D2X0-S0LQ33JO-6648DLQN},0
{D6C7-Y8AT76LW-5413GTCF},0
{A5Q9-F4RM60YF-5322VKMN},0
{R2W5-A0TW14EX-9345YVDX},0
{C3K2-G7TS83LE-2586YRVP},0
{A8D3-H1VS36CM-7633URHL},0
{H1R7-K9FD62UE-2340XVOO},0
{Z4P1-W6HE71LF-4323NKEV},0
{Q2F4-U1JT07QL-1024APAO},0
{X6V4-Z9QV36ZX-4312BFCU},0
{O2L2-Y3OW93XL-6634HNZK},0
{F2R6-H5NO85YW-7477YHDQ},0
{L8V5-Q9QS68VZ-4705NDZT},0
{S7H0-G4JC54QV-0153EACC},0
{D4W9-A6HK78JO-8988JGJU},0
{T5R9-I5DF29CK-7079PERF},0
{G4E6-Q7KQ51EU-8582VCNY},0
{N3O1-W9GR22ZI-8794DYTG},0
{O4H6-S2KG86KO-8614CZTG},0
{P3U3-Z3SF31KO-3008PZFL},0
{G6T5-K3AP16SB-7683RDHQ},0
{N6Y0-D2NK56UF-0054UYCW},0
{B1W4-L0LM05BM-2801DSPW},0
{C0Z9-X5UQ15TI-2997CRYS},0
{E7N6-O9QS56DH-5151FBCK},0
{R1W5-C8NU77HT-1032JHYI},0
{Z2L4-T8IV89KN-5738YRWE},0
{B2F4-B6OW74VT-6715SECA},0
{H9Q3-B4LL39VH-4108DVKI},0
{J4L3-E5ME11UH-4408BHSA},0
{F5A2-Z4BS50II-0389IFIW},0
{S9G1-C4SB42GE-1693TCRZ},0
{J2D9-W8HM13IZ-8985ZNPA},0
{B0P6-O7QB92NL-8711YPBJ},0
{Q3Y6-X5DJ39RY-1110QOKB},0
{H3F5-S7YH76MX-6780HPFF},0
{J6J1-B0CC28VM-7122WGVK},0
{O5D8-L0VP31EG-8540RKMM},0
{O4K1-E4ST01HQ-2298TYGT},0
{O8Y2-V4YF36TO-6708CCCP},0
{B8U5-Y0IX68XH-2996CBSO},0
{Q7E4-I7RB62RZ-2123ZDYH},0
{K5X7-K8OM13EQ-6284OETQ},0
{X4I6-S6DE88ZX-8438OBIO},0
{H0N2-E3MH58UO-5865PRAE},0
{B9Y8-T9SF32FK-8537ZRKC},0
{N2W9-U9RN91UB-9737PYAV},0
{A1J7-R4ID18FA-8287ADEW},0
{Q7S5-L4TD00SZ-4969BVUH},0
{V2N4-N9LN12FP-3935QJKG},0
{F8M1-Q5BL48EB-7101MNUE},0
{L2T6-Q8GJ29RW-2572FGJH},0
{M0R0-G4RV53JW-2818BMAL},0
{S1T7-E8NE22PF-3303LGPH},0
{G2Q8-K5NW81GL-6076KCFY},0
{R8Z3-C3SQ93DQ-1673TAXU},0
{Q9P0-N6NX75ED-1936ACRB},0
{H3T3-P3PJ55OO-1076FAUM},0
{S4V2-N6ZO37RL-6068AWHZ},0
{G5V3-Y1BY60QL-0282LSVO},0
{M3S0-K9CA19AL-7873XVQP},0
{U8C5-K1BU55KZ-0838YTZR},0
{A9Q1-A6EK63RK-0177FXEJ},0
{Q2Z1-V2YI48PR-8903DEMA},0
{X2K0-Y3ID14RC-7588IGVF},0
{X3F2-G7XS31SC-0383ITBR},0
{P1N2-P4OK20TR-2169YPJB},0
{X0A0-M0MY75WC-6056LJKV},0
{R7Y4-R6YB97BQ-7971TWHC},0
{F1L6-R1DI35HJ-8609WGGM},0
{I7T3-E2SY80FL-7363LJCR},0
{A8T1-D4NF79JN-5224HRPM},0
{N1Z0-D8RQ64JG-1782WYRX},0
{M6G7-N9QZ90KH-6189DHYL},0
{P3X8-R1LB53BJ-6441JUDO},0
{Q9K7-Q8VZ80ZC-8553QNBK},0
{G6U9-L0ZN62LC-6592ZHEA},0
{F5Q2-V9FG37PN-0866GYCS},0
{G4A6-B3TX68HE-8042SRTK},0
{I5P2-T2MI98CO-5074GWYX},0
{Z9C5-R8MG70HR-4545RFTG},0
{E9L7-S5BG57VN-3744CHBD},0
{V9Y1-O5OY77QL-6880YDMX},0
{M0Y1-J2OR99PD-6575RHRH},0
{D3V8-J4FB58NV-3616MVDX},0
{T7G8-G0GA19YT-7640EMGQ},0
{R6X8-Z0VW85ZN-1594LGYJ},0
{Q2L0-U3CR54XB-3839RZPO},0
{I9S0-J1WT63NC-6034TZGU},0
{H1B1-S3QP05CA-3239ZKJV},0
{P8Q4-Q5IZ36HZ-2293MRYF},0
{C7D5-I4GK55YS-2556HLPF},0
{O5S9-P0SZ52RY-3044RPMQ},0
{W9I5-Q0DB77QB-5551BEPD},0
{R0T3-S2OT36XQ-4172BTNE},0
{D6I1-T9GT20OE-9777QHDM},0
{X1N8-E0CA17ZO-8742IWYE},0
{W1P4-T3ZW60KZ-6410NAVZ},0
{R4J3-Q4VB17DY-5983YVHQ},0
{L3J4-G2FQ31OA-7679IGXB},0
{V2R6-C9MD92SD-8628MDMU},0
{H0M2-A2DH14DL-7934OVHG},0
{Y4R4-F0WI77PJ-0073TADQ},0
{U0U5-O1BF16LD-1529TJQA},0
{P5M5-I2VJ82ME-5620CZFT},0
{Y0W1-V1FW21ZE-9875NZIA},0
{Y1D7-B2SO76GU-2549LQVS},0
{O7N8-G2BH87TK-0236LXRS},0
{O8F9-R9GU23BT-6583ZAPE},0
{J6C2-Z0AS49UQ-5938FJKD},0
{T6Y9-U7QA88OX-1306CSRS},0
{I8S5-X1LH17HX-3886YYBI},0
{F5K9-R0TF80RF-9621IOIP},0
{T8R2-T9BF75MD-9784DVKQ},0
{J1Q3-S4IA71BT-0765NPTV},0
{B5I0-K0WL61YH-6836APAW},0
{A1E2-M8AD92FP-3448QQWD},0
{F6T7-B3ZA22OO-1031ULAK},0
{W4S1-R5XM85GH-7886TJJQ},0
{X5T4-C6TX99WY-2939LHNK},0
{S8P2-B2NR81AX-8796AEWR},0
{D5C2-E6YD53RY-4440HYAF},0
{K5W5-P9DH90RJ-2990DMRH},0
{H5S0-N3GZ80NT-7268SYZW},0
{O0R5-G4OH97IG-7710GJUM},0
{Y7C0-I2GL83CI-4949ITZT},0
{J3K9-H6RT15BV-3212CSLP},0
{G3Q4-B2WN76BH-7663CIKQ},0
{U5N7-S0PD98JJ-1500KTTW},0
{M7L5-Z4HJ33OW-9740YOVI},0
{Z5F7-W5IY47KY-3457CPZW},0
{H9G7-T0UZ21RA-2502QSEB},0
{U6T7-O1EA52KH-5831WBYE},0
{U9X1-Y7OF01OT-1936WNHD},0
{X1L5-S9PG65QH-4387ULEI},0
{L4J5-G9SH82IM-8959CPBD},0
{R7A0-L0GP68WP-8656IPTV},0
{P5W7-V5GQ82TT-4861KACA},0
{G6G7-Q9HK83PE-5994CXFT},0
{W9B0-V0XQ10XW-2453NHEW},0
{W4M3-J9HZ27PG-6731PEKC},0
{G8A9-C0SK70JH-9554MBTS},0
{O2I8-A8CE38EI-9088QIUU},0
{B4E6-X8PP31ME-3040XJCY},0
{G6O8-G4NL58CG-5165PSEJ},0
{G3X6-Z7IA38OY-2248BODD},0
{E7K3-V8CS88UV-7006LWKH},0
{J8S3-T0OV27KM-4222BMJT},0
{Y7G9-Y0OI27IA-0804USLU},0
{I3C3-K3JB91CB-2357RJKZ},0
{E9W5-G2WD26EE-7936AFWP},0
{B4Y4-O0SX06ZN-6046DARN},0
{I9S0-G1VB65UL-4525XEXX},0
{K0W9-F2UV25NJ-6300XQXL},0
{V5M8-T4SF76BT-5448AOEY},0
{Z9D4-E1CL60JQ-0900QGZZ},0
{B4A8-C3HT72SU-7582ELQE},0
{N4V4-K0PB11JD-3401UNJM},0
{T0Q3-W0YD53TO-3029HQIM},0
{B4J8-J9FF85TH-2825UXYW},0
{B4E6-E2FW68EF-8281VSYI},0
{S1Q8-P2LS18NU-0891SFNT},0
{E1Q3-E5VG06RI-4180HTXF},0
{F2E6-J2MV52TS-8411FZFO},0
{E1W9-E7SC36DD-3494GRFY},0
{U1N6-P4NR69HA-9007HBUR},0
{A9J7-R2TW35TO-8295DZSY},0
{F7P6-A9LD79QA-7990DMFZ},0
{X0L2-U9RY48NY-8765PZCT},0
{J2E2-R3TT62HR-0759DCGW},0
{F6T5-J4MN93WT-9014CLRJ},0
{R4A9-C3HK65UF-7173DGCU},0
{A7G6-L8KN91TO-4853KJUB},0
{W4B1-S7YK21QX-3891GJAK},0
{Q2G2-P6KJ71NN-1868ZOES},0
{F9W6-Z3WW77LQ-1567FXRD},0
{N6M6-I7HL79IT-6349NLAI},0
{S0S0-H5UX11TF-2149HURD},0
{N0I3-N9HZ32LB-2557OEQD},0
{G4D2-N7FS19AX-2244NYHD},0
{E8K1-V1TA95HB-5398YALS},0
{B4C1-D3BV53IA-8910LLAC},0
{W0H1-I8DT72IE-7269ZFVB},0
{W2R4-N9SY92RV-1653ZTLI},0
{Q7F7-Y5NK89CU-4730TVOJ},0
{V6I2-X6ZM62NM-2748OMIJ},0
{I5D2-D6FZ44OA-9960TEXR},0
{F8W5-F3BP97GE-8297QBZQ},0
{F3P5-W4ZE32KE-3957DJQJ},0
{X1H1-I2HT86MF-1070NXGM},0
{V8O6-B6ZH10BA-7242XOOG},0
{E8F9-A3YB30HW-0172VJFM},0
{Y1Z7-M3TH17KP-0626DZEE},0
{P7P3-T2WI08KR-2993QKVW},0
{P2X6-P6KO38XR-5598GDJR},0
{K4R8-J6PH78SR-0425OVOJ},0
{L4A9-G1DM33WW-9359QTUB},0
{M5R9-A1QS57ML-1070XLDP},0
{O1P6-E9OH83VT-6273SVIQ},0
{I0D8-W2OY84OX-6094RVIU},0
{R8E3-F1PV69DP-0730ALEM},0
{Y6X4-R2CD11QJ-5253JVDS},0
{R2N2-T2JG03JK-7501NOCD},0
{C6H3-Z6MC64MO-5550PCLQ},0
{M0P3-C9GE30AR-9611PFYB},0
{D6J5-G1EB79SV-6660MUAT},0
{B9J8-V6EJ19CR-0323ELAV},0
{X6E0-E1FO28ZU-8252VZBV},0
{J1F1-D4TW57RT-4820HPXB},0
{I6P4-L5AL82TQ-5809GBGI},0
{I7A7-T8HO40DW-8032BOTI},0
{K7H3-J4ZL52NA-2071EBQC},0
{H6A9-V2ZU38LG-9537OSHO},0
{L3Z7-V6LU71SB-0573JFMF},0
{T6D6-A0DC35FJ-2676RHXT},0
{L8H7-Y4XY44GL-3228UZNN},0
{H6V7-Y5CZ03IP-2210DSMY},0
{V2B7-D3CT30WY-6202QTZN},0
{S8F8-T0LP32XK-8800RDGU},0
{P9I0-E8ZX32FT-2895DAGQ},0
{X3W0-R6DX57LJ-5930CIEG},0
{V3E4-Q5YE54AX-6141FZJJ},0
{V4H3-I1WL09PS-4599QQWQ},0
{G2Y5-S0BV79CL-6654NFJV},0
{M6B6-D7UV89RH-7922ZHJI},0
{Y2R2-X0LY92AN-6417RQHT},0
{N2U6-G0NS77XM-7838INBG},0
{Q3L2-U2DM68OF-9850QZFB},0
{K6Z3-W8TF42CA-3212UZUS},0
{V7Y4-M4IN31GC-7644GIMR},0
{I2A3-Y5JW71JI-4459PGYD},0
{O6A7-A3PY38XX-1038LMOJ},0
{E0A1-K8SW93OE-4118BCEA},0
{U3E7-D3JL91TL-5220HULK},0
{Y0I0-I5ZR91GG-5537FMGR},0
{U9Z8-E4VP96BU-6367LASV},0
{D9T1-M7MY28US-2199JXFI},0
{H8U1-D5WF83HK-0351NZCN},0
{K2Z5-F5UV96OZ-7806PYPO},0
{J4E8-N3UP91NI-1688XFHU},0
{A8A5-P6TV60KL-4847FUJO},0
{Y5V7-G4VO54BM-2073QWOT},0
{L3P9-T1HQ62UZ-4195NZQZ},0
{C9O6-L7UL45MB-3452BMBJ},0
{K8F9-D2LV29RP-3539HAIL},0
{B1M7-O6DT18SZ-1540ZBQU},0
{W7X1-C7IH20IX-4077BTFL},0
{B4E4-V7KB59NV-3720UWWW},0
{Y3L1-K9JS18QG-2584BRUV},0
{Q5B4-T1QK12LC-3211TFBR},0
{W4J2-T7OJ61OG-3148BVHR},0
{B3S8-Z7XG65CA-1594JKSA},0
{L0O0-N6DQ79XC-0307BEKA},0
{Q0N3-T7TN64SK-9510AXYT},0
{V2C7-W5BT77GH-2348NDBB},0
{T3W5-F6VA15EL-7475DHYR},0
{Q1F0-J9SE42FZ-0368FBAX},0
{C0S2-C2LY65IE-6403MZYZ},0
{S6X8-C4OX49UG-9804MRYR},0
{G9P4-M4VA15AW-5431RGHY},0
{C3J1-S2RW05LJ-1925YSEL},0
{T4D3-B6CC26SB-8484HDXA},0
{H1C2-B4AP45RV-3277RIFJ},0
{D3E3-C7TO24BH-7532QXQA},0
{V8H7-G6KR20WP-4119CIWT},0
{R4K2-O6FM05NG-3907AKQA},0
{S1M0-I0PU37ER-5428HIIX},0
{G2F3-T4SU95TF-3607MOXD},0
{S6F4-Q3MC50EE-3324BDDJ},0
{Y3H8-G7ID34FH-3154ODTP},0
{J5L2-G8PS30BN-9293RRWO},0
{W8P4-H1LY64HX-8331QWVP},0
{I0G0-C7MU32FU-5059RORB},0
{T8E6-H8CG30GY-5883YOLP},0
{T9N5-X5XC81GR-6584SOAC},0
{C6J9-W8IC78QX-0150MSVK},0
{B1L0-A3KG84CX-0108TMCX},0
{Y7G6-J0IN84LI-3213WPJW},0
{D9V5-P2ZM29DY-4935RABG},0
{O8J0-F9AG53GT-4260CRBZ},0
{P9I8-V6PQ15RH-3421CMXH},0
{M8N4-C4UH96AE-6326LLYA},0
{G5E5-O6QQ10IN-9350QYXL},0
{G3M1-X7NQ06MC-9711GQGF},0
{J7J6-L9RV84DI-4843DFZY},0
{W5M0-J5KH55AH-7434SDXB},0
{X1X1-V0BB75OQ-1033XBJN},0
{V4Z3-V9HK03EA-9866TWHE},0
{T7Q4-H6NU38AT-1127MQPB},0
{J2D8-X2US95UM-6232QNFW},0
{B6V7-P4CW43VR-0895FCJC},0
{L0Q3-J1XY18WH-3562QMWM},0
{M5T6-K5WT51XN-5954ELJA},0
{P7R0-W7MQ65QJ-7534XGNK},0
{Z3D1-G6BY63SG-1787PODA},0
{L3H3-V4LO41ES-9065DVYL},0
{T2W9-S0WC93AQ-2156JFWT},0
{V2K3-H2YI59UJ-8345HFLX},0
{G2P0-G2FV26PU-8837CTFY},0
{V8Y1-Q0LD30FJ-9749WYEQ},0
{U7U7-Q5WW16VE-6864FQWM},0
{Y8R1-L3ZW51BI-8773DWDY},0
{S0R4-Y1OE58WX-3786YIQR},0
{L7T2-J6ZI56ZG-6934VDMN},0
{A7F9-P8YS89LQ-2174LNSI},0
{S2M0-S3NB51TI-2421QXGD},0
{N6L5-Q5TF86LF-6744IJAR},0
{N5Q8-H8TR41KZ-6251VDUD},0
{N2N1-J2LE10JJ-2912ZRZO},0
{S8S6-H4NH54XR-3295IIBM},0
{T6F2-P5TT74RB-0367VQYQ},0
{E3Z6-G0PI32AC-4306RARS},0
{O5G4-W5OP21GN-0558FFQC},0
{Q1O3-H1YF46HN-0077ZEWD},0
{G3D2-R3EH84HA-7750EVLO},0
{C9F1-C9LX57FH-5059TXMQ},0
{Z1G7-U4XM04NW-0296XGIP},0
{X7Z2-Q9MD75AG-4474OYBS},0
{M7C4-A5GT66TW-3950MWMX},0
{L3E9-S6YK18PX-9398GLTE},0
{X7W4-L9QP36HV-0721BTSN},0
{W7Q0-L6LJ20QG-7394FBGB},0
{H7H6-K2OW77EG-5676VPBO},0
{A1L9-W6RD66PI-7207FHHX},0
{F4L2-T2HZ33HZ-8715JAJR},0
{N3F2-F3RJ69BG-6684NOKD},0
{L1S9-C3QK91AX-4893GWYR},0
{L3G9-Z6KE60QB-5299ETNK},0
{L6C0-X2GX53HX-6057HJUH},0
{Q8I1-N8BT24GN-5704PXBC},0
{Q6G7-O6NM65EC-4536AYFJ},0
{N7O3-H1HL69VA-9153JETA},0
{G1S1-H0FJ08YV-6152CGOD},0
{L0U5-M6AH65ZQ-7867RBEP},0
{L7N9-F7AH27KN-0651KFON},0
{Z1N4-Y7XU35HM-1844YRXS},0
{C9E9-V5KJ69MS-0797CYMY},0
{J9I8-P1ZM45CO-5596MQWW},0
{D2R9-A3YH77RJ-2793BKLQ},0
{P4Y8-L3RW73PF-0141BPRN},0
{L7R5-Z4WB71MP-9031UUWL},0
{W7Q6-X5HZ32CL-2277LPEZ},0
{P4F6-J6BK94LR-5047DIXC},0
{O0Q5-U6JX89YX-6553HCOK},0
{U5Z3-R4OK38KF-1199LQDU},0
{N1Y4-H3RA76SW-2469DJAB},0
{X2Q6-U1JL66EY-7274MZQW},0
{E7Y5-E3MD36VY-0350VFQN},0
{C1L8-I6HS27TR-3425CJUG},0
{S9N2-J9AX66CG-6387NAEW},0
{A3D5-R7IW66IW-9668SFYC},0
{A4L3-G0VD90ES-0857TOGH},0
{E1O4-Z8HP55XH-8823KXFB},0
{C7R6-J8SD27KZ-1161HAFG},0
{D4J3-G5SQ16RL-5885SUPE},0
{T8A0-F1IQ96GM-4897ABUU},0
{P4D5-K6LP70WF-5931JYAU},0
{P9E5-R1CF58GI-8432UVQQ},0
{L2R8-L4DD89GP-6446UOKR},0
{M5D1-P1NU84VN-6095SYKW},0
{R0K1-S3ZT32HZ-8375ACKY},0
{D5N6-Q8ZU96HD-9097LVNJ},0
{T2J7-J3IU13PD-6237EYTO},0
{H8F3-O7IT24DU-7483UWSZ},0
{K1Y5-A5QE21WK-2591QLRH},0
{U9K7-K3CB23WX-4721NJWW},0
{A9L0-H2SF90TF-4303HMMD},0
{Z0G2-T1LJ42TJ-2533QAYP},0
{K4Y8-M6MY62WC-0627XCWU},0
{G1G5-N4NB88RO-1415ZTYD},0
{H7P3-E6JZ94OD-7345JQDG},0
{E9W1-W9OX03UX-2731UHZN},0
{U1T3-W1LL98CM-7590WZYD},0
{L4F5-B7LD17DV-6167RKQC},0
{W0H4-R9BZ00XJ-2420WCWD},0
{L2F7-T6UF88ZQ-9153FTKP},0
{Z1K0-J3XZ07IC-0622LBSS},0
{Y5X2-A8ED85PM-3679BFAD},0
{V2A1-D1LI62LR-2341CJTU},0
{L1J4-B5ME40MM-8838NZJO},0
{D3R3-H1ET50UM-1814HNXQ},0
{H4U4-R5VS55UH-5597BWWJ},0
{I5P0-S2SU31KG-0363PREN},0
{F4D3-Z1RJ77VK-6515YNHC},0
{N4X2-B4HG44CL-5870DATV},0
{I5T6-V4JQ83BE-8000PWXO},0
{M0I8-G7KC01QJ-5719IRSZ},0
{W0S2-H8UN25CM-5837KOFF},0
{D4F3-L5WI26QY-7713STGV},0
{C1Q8-S2PI46PP-4930VGHW},0
{E6I9-F8RL15MB-9646LKGW},0
{F6T5-Y8XV55DH-2335BALB},0
{Q4Y9-J3XC83XA-5581HSBO},0
{E6H7-W1DO85SC-4552FHFM},0
{G5S4-V8BK08XO-4811UXVY},0
{N2Y2-D2XD98WK-4143AWKA},0
{X4Q7-O3XV53UH-1422PMSW},0
{W2V7-G7GD60NH-2444REFH},0
{D2B5-J2TB01SM-8496IGLE},0
{P5O2-U3SG76IT-2048ILPA},0
{R7Z4-M7WK62YH-6249LFNC},0
{I5N6-Y6ZJ03AE-9756KBUX},0
{V3Y3-A4YZ39GR-4006XYAP},0
{I0Q9-R3WM07MZ-1276JPUC},0
{Y5L4-Z2PM62TR-2689HMPF},0
{U8E1-P5SD70SC-1489YJTL},0
{P3M5-C9UO13ME-9150UFVO},0
{R9C9-K9OJ66JP-6325HCWS},0
{L5J1-Q9AU81VO-9924WAQD},0
{B8V0-H6OX91DK-1160UYRS},0
{Q6H5-O2FV42CO-2099LIBM},0
{C1A7-F8RS26LU-0787XVHL},0
{M5F6-C6ZL47EB-2861ZIAX},0
{I3D1-N7WO51FJ-5260XXYV},0
{U5Q9-C8HC21ZY-2340NSMJ},0
{H3T8-T6TM58LV-2564BHWX},0
{A4W6-B6CZ14SE-1089BWWC},0
{X6A1-D1HE48ZX-0773CYWS},0
{J0P2-G1SI76YU-1826YGEX},0
{N2Z4-Z5UO68XO-5252FASW},0
{J8N4-M7HK17SB-9282CMMH},0
{R9K6-J0CL88NV-4242HBZT},0
{M5Y5-J1SO50GU-4917HSXM},0
{B5N3-B0DE87QB-9991QSCN},0
{L4O3-P5HO47XP-8847RNBY},0
{L8Y2-T6TP58DX-7290TPTS},0
{S0I8-S6TY50OZ-1596GEFH},0
{Y4Q7-D3WZ87HR-2908AXWA},0
{D0J5-J4NN91WB-2137NUTL},0
{X4C7-O8CD43TM-3366LDNP},0
{P1V7-V9WN27TD-3594YLUW},0
{H7L0-Y7NS89XM-2924XZML},0
{E1G6-V4IN90UK-2817APKJ},0
{N0V1-X7OR12XO-8138ILIG},0
{G3J9-E6JJ47RZ-6065PRPH},0
{V9P3-O4FS47YW-3991VIGK},0
{A8T2-Z1DN40LP-6565EKGH},0
{P1Q8-F6GE74AQ-5719SMVI},0
{F0R3-F8KN55AY-0773AMAM},0
{B8R7-G9YN94YE-3987AFIO},0
{J2M4-P1SX52XP-7725VLRP},0
{G9I0-Y7UL56QW-6268ZAHB},0
{F1F2-S6PC92PY-9354DFPF},0
{M4S7-C1RR55CB-3489KNEF},0
{F0H3-G9VC80PF-1989UECV},0
{S6R0-D2IN45BD-0779JSLJ},0
{V9H5-J2WA31IZ-2554IJDQ},0
{D7N7-X9OM24ZS-3134ERSB},0
{O9Z4-Z4BV66VE-8742UQOK},0
{Y0P9-M8WI58AL-6065PNKJ},0
{P8W6-Z2TP64CM-1177SDAF},0
{X5L9-H7CB22KQ-1724LYFW},0
{T9B9-B5LR75QY-9538SQEX},0
{D2L0-F3BM74CH-7011NASC},0
{N3T3-B6XL59MA-8379XYNJ},0
{C4B5-W2OE82XQ-9549MDNR},0
{B9M8-D9XH61ZK-4876SNQP},0
{B8A1-J6NG24DV-7861VHGJ},0
{Y8B8-G6AR70NZ-2265WRYF},0
{A1E9-M4GP26YI-2033KTBL},0
{O4Z4-H3QK70SN-9245TDPS},0
{H9C9-H5HH70XZ-7416IRRB},0
{J6D7-J8TR19JV-7054YQMS},0
{G9B9-N4XS34DH-1249IZWR},0
{P9W2-S7KC39VB-6095COOR},0
{J4F3-V5KF17RH-5531YNNZ},0
{D1O9-X5PM76PP-5945TWZP},0
{R8H7-L5JT70XQ-6798TRKM},0
{S5Q0-R0FM92HO-7930JSGY},0
{Y1A1-I4RP60NB-2146LVIK},0
{A7A3-Q3ZB81GR-2163DZFZ},0
{T2F9-H8UL83BM-0552IBLI},0
{S0M7-P6UO35ZV-6238LZQG},0
{P8T6-K1EH49BQ-3985KITP},0
{W0B6-K9ED95OA-5336VJXO},0
{T9G4-T2TY76BC-8430JNRN},0
{S2Y5-I0EP15MT-1728BYTP},0
{U1Z9-L3LD04RC-4575UIQO},0
{N7A5-O0KB79FC-7454DOMT},0
{G9I0-Z0YG79WB-0539EQGD},0
{Q2N8-S1TL55BX-9078BDYC},0
{D2Q7-H0AM23GR-8214IQSY},0
{X2O9-K5YE97HO-5263SNXU},0
{Q4P8-U9JM09IT-9199AKWE},0
{U2A3-U2TP78GT-9277MBZB},0
{F5C3-J5GR71OG-7166ROAT},0
{X0Y7-F1BB41QS-6769AEGC},0
{K3G8-A9UQ19NC-9041EBVB},0
{H3L1-T9RJ92CU-0247RUWY},0
{Y7Q8-M8WV96KR-5343NMYK},0
{G6F5-V8OV19IO-4470RBXB},0
{A2F7-N0SI90PB-8269SLTN},0
{X7E2-A3IP62PG-0714ZUYF},0
{P2O7-T1PP00MX-2110EHBI},0
{C7Q9-D8JU56YD-6119DFGC},0
{R2O5-K1HV99DB-7858YKUW},0
{X2A4-T3DX33AE-9305CXDT},0
{Z0Y8-X9KY39PJ-3388SUEU},0
{T2E9-H0HF11OK-1906GETE},0
{I1G5-D9LD13BW-3542ATBM},0
{L9P1-I2QE16WP-0315WZJD},0
{Y3O9-H9OJ66PO-5578PYDH},0
{X8R1-W6CR31US-1928UFCG},0
{L2H1-G7SF66TQ-9863TYSP},0
{V2D3-M9QH86OH-5852RNLI},0
{N4P3-A6JW18YW-2365HORF},0
{F5G7-L5BI03WS-2637ALJW},0
{S2S3-Q6PA72WH-7169MEJI},0
{K5M3-D7RR67OB-5915HEFA},0
{C6C3-R6OW50YQ-3745EJMT},0
{Q7S9-R5SP81IZ-2947UNUT},0
{R6X3-V4UN72VF-5152DINS},0
{U1O9-D7CO98KW-2530FKKJ},0
{F7E6-G5EY11MI-3305PCDR},0
{F8D6-H2XF99EQ-0014SJEC},0
{Q8B7-B2GU28HL-2896GOGK},0
{K7Y6-P7PE92MP-4878PCUZ},0
{J0Y4-Q1TV07MG-4584NFFR},0
{G4P4-W1WF23FU-6784DVWI},0
{R2Z1-O0RZ98HE-8508NONM},0
{N4D5-V5FC03TM-0530NXZJ},0
{W8B9-R8AT50TO-5557WYOF},0
{Q4P0-O5BQ50LC-2632FJCO},0
{J6Y3-I0FR76SW-3184MVOZ},0
{P4F3-P2SX71CZ-8844WFSC},0
{E6B4-M9DM35FZ-6934NIQA},0
{L3X3-A0TC18KZ-1372FDRD},0
{B4V6-O9VF39SM-2002YCSY},0
{V8H7-D9EG34XB-5548ANLP},0
{A1X0-W6JQ87WT-8167RFOJ},0
{Q1J0-E5PV20DG-2858UJDX},0
{M0E5-D4LD92BF-6693FXKL},0
{C5O7-X0UR73RJ-9670AKBB},0
{B5V6-S1TY44CO-0458IEWX},0
{M7W5-R4LM91KV-1934WCRV},0
{F5P8-G1AZ68SX-4808ETVV},0
{O7E6-W7HG36NR-1382MXXA},0
{M7U9-U0DF99UW-9745VGTC},0
{H6I8-X4PI92DV-4337VSIW},0
{B9P4-G8LO54YF-8955VMLW},0
{H2Y1-O9SL32HC-0145CPYQ},0
{S8G4-A4MC47GM-0122NUZE},0
{A8Y5-X2UB79PS-3046IYYQ},0
{P5S6-C8QX04FW-8021FIQW},0
{A0C8-N1GX96XK-4175JXWA},0
{L9L8-I1MV08WR-5818WBSP},0
{D1Q8-S6NU43RT-9738ELRD},0
{T6U4-Z5GK31RU-2636XZNQ},0
{J7L7-W2WH01YT-2532BDYT},0
{A3X8-W8HT13DR-5294JLIL},0
{G1K4-J6OZ68QY-8999LGPA},0
{J8W4-C1LR79SC-4956AXGE},0
{V9W2-U8SD30VN-9185PJJN},0
{A7Y4-G3XO13IL-5110MIZS},0
{D4T8-Y1GH89SS-9971UIWA},0
{C4B9-P1CP49HC-5876KTWP},0
{D8L0-F2GS50RB-1772BECJ},0
{N8I2-T2OO80GI-4619AJTU},0
{A8D8-P5FJ62ZE-7737JFJK},0
{N2N4-O2MG16FI-9134YKMO},0
{V1U8-Q2AR98XL-4841VAZA},0
{W4I4-J7PI91VL-9395YDRN},0
{F2C4-E0QE05ZJ-7512TIGZ},0
{X9S1-I6BU13BD-3374GUZA},0
{R1X0-G2CW40TT-5972BHPV},0
{C1R4-L0EC80ZA-6455HULA},0
{Z8M9-G7HD92ZA-2742HLIN},0
{Z5S8-R9RN91NV-2836RDVZ},0
{C0R0-A3AX78JP-4616HVSG},0
{Y5S3-Z9NP17QO-4150OCFO},0
{E5F3-T7MT66PD-5376NKHP},0
{S3W1-G1CP11AM-8970FGDM},0
{V1X8-Y9EP30HT-2047ADLX},0
{E6V5-N1LJ30PL-5567DCEZ},0
{X6S2-L5HU00XA-3662WJAN},0
{D1M5-O3QX50FS-3132UCRA},0
{W3K5-J8LM91PU-9423NDUL},0
{G6G0-W9RJ60UA-8583QFLV},0
{S5D0-Y1XT37ST-4279TXFQ},0
{R4V0-D4NL12KI-8104VNAM},0
{O3J3-R3SD73EE-9112MIZA},0
{U6L8-B2AG38RM-3337XDQO},0
{D0S2-Y7NE11HX-8848RAWH},0
{A7X3-Y5LP69DW-1462OJWB},0
{Y6W3-A6XZ25BS-2422DKSI},0
{J8Y0-R1KT81KZ-4384EZBG},0
{S6D0-V6VG01NC-0373RTNZ},0
{L7K8-T6EZ72SE-6744FSYB},0
{H5O8-H0GW87GS-9696TINF},0
{V0Z4-F7EM76SY-1269WDUA},0
{Z6R9-S6IC58YR-8083SOUL},0
{Y9O9-Q7FI33FH-2520ELPG},0
{H6N1-Q0XW05ER-0632NTEI},0
{A2A1-I8ZG71NA-4706UIRP},0
{K9L5-E7LW03CV-4982BELU},0
{V1W9-C3PN65UL-7595VLQS},0
{L8M7-Z3PY45IM-9005ZFCD},0
{Z2A0-T2SB46JH-7749NBGA},0
{Y7J7-H8BX41AV-1897UDVD},0
{O5Q1-N0PT08FL-1962NKZM},0
{L2G2-V6OF51SI-0637GFGY},0
{P1T6-H2OX32EF-9515OZXH},0
{I6Y1-F2UU35RA-3529PFMB},0
{T0F8-M7TU20IT-6706OCNS},0
{D1V5-H8MD81SY-0388TZVU},0
{I7H7-V9YJ71HD-4112TZXA},0
{C3V1-Z0BH21KD-1980RLBZ},0
{B0V7-V6FI69EU-9309SUJE},0
{L1Y5-P5HO99UE-9180BQMG},0
{T6I6-C1UF97AW-8766XAIM},0
{W7X3-F4QH06PV-5980YCUQ},0
{S2Y0-B1JM23AJ-8086PFAD},0
{W2R8-U3DN52LO-1601SLUU},0
{I5U1-R8RP74UT-6805JQSN},0
{R6E5-G8TN00VP-7117DZJN},0
{Q0I8-H2XH59RH-2238ZLYI},0
{B4A9-Q2EJ10UQ-3228QLFW},0
{U2O6-I7ZC07AJ-3500JLBQ},0
{Z3R1-V6EV12CN-5841NWEI},0
{X8B9-F1SW55VT-7727SSHU},0
{B0V6-G3HE45EC-0505TVWL},0
{F7P1-C8AI93XJ-8163OMZO},0
{I0Y0-B0EW69WG-2882UCIW},0
{X1R9-V1LO16BY-4527OOVO},0
{L6O8-L1AE53VV-3585NBKL},0
{G1I0-A6UE31FQ-2932CGXA},0
{D6C7-X6KN98HI-2705RFCV},0
{S3G1-O6CU95OU-0841JTIB},0
{J6Z4-K4FX26MG-2028QHZC},0
{Z4C7-A7QX05EH-3110LYNO},0
{I7L3-M1UP56CF-8537NFSG},0
{R7W8-E1DV41LS-6236GZTB},0
{G2J1-W7FU14GD-8623OLWE},0
{N1Z3-V5DD36SC-9551JIAZ},0
{P9S5-C6BN40UU-4489RQST},0
{K1E1-E3SH21JY-9404OZLE},0
{E3H0-Q4RD22NL-2918FOSJ},0
{B0S1-W4JI41TW-8604RCIP},0
{K2U7-N1ZU35BB-7605DHPL},0
{W0L2-J7QG99RX-5049BTNH},0
{K1S8-N7BO15UM-6441VWNJ},0
{N3Z3-X4XD82LY-1082YDKV},0
{B8Z6-Z1PW98QW-4106SFKY},0
{H7N9-C2LX05KQ-1207JSFM},0
{Z6A6-J8YF82MI-2434VUXO},0
{X2Q0-S4AK14VC-5028EPEF},0
{G9S0-P1YE37ZW-6405ZJJR},0
{H2Y8-K3LM17AT-6268MWVX},0
{M9F1-L1YB36TX-9926ZGTC},0
{P4C3-O4BG00KR-6968LTSK},0
{V6K3-J0FE90VH-4501NJZH},0
{L7Q5-J0WC58LD-9683HXZY},0
{M6D1-B8KY12XD-9408HFXF},0
{R1O6-C8YF08NL-8559JORH},0
{I1X4-L9FD56BM-7035WLIQ},0
{U0V3-U0BF00NE-4873PDZW},0
{J4B8-A4XA24TX-2915DCBZ},0
{Y0L7-S1DG36PD-9024SGCF},0
{M5F0-T6MY57IN-2921XDEO},0
{H1Y8-Y2MY72MS-5742JSOO},0
{J0M5-Y7GS85IV-0490LDPP},0
{T3X7-A5JI13EC-2385JNXN},0
{V8C3-O2XB80OZ-7849MALH},0
{I4S0-G5IE71XJ-5867GUYZ},0
{Z6B9-F7OT85TW-8410SJRZ},0
{H2Q8-K5TG93VS-1887ESEM},0
{X2M2-L5XO89IF-3393YCVV},0
{P3V3-Y7FA59RQ-4387XZKR},0
{C3E5-X0FC92QW-4053GSKQ},0
{P4Y3-T5VN78VD-4084ZBYJ},0
{S2K5-L8AY87AI-3312EEWC},0
{J5K3-P3RD21OW-8659UXMM},0
{Z9P5-W9UW44JO-1260CLZP},0
{N0Q6-P7TG17CM-1388CUYC},0
{X7Y9-P4VP74LB-3576NZWC},0
{R8H7-Z5OJ60IA-8435TSDA},0
{X1M5-X2OJ21PS-7964FJBU},0
{T9M0-E7VZ49HK-0330LLXC},0
{Z7G7-C3VO62BC-1392AYBI},0
{W1G0-B0DY48SG-2189OBOK},0
{T7U3-I0QQ50YL-2378SOBB},0
{L2A6-P8OZ01QP-8128YDJL},0
{P4X6-B2FV84TG-6453RTCO},0
{P5I9-M5FA70TS-2101XGXU},0
{J0F6-M8KR43RM-1906QYRN},0
{K6I7-W0CU44AF-0298UDXO},0
{J0A2-H8TP39PY-1188IDLM},0
{T1X4-U3SM00ZJ-4400EEYY},0
{N6E8-Z8ZU44XN-4699TWIU},0
{S5G5-B4UW02CT-1653IYST},0
{J5G9-D4KI52TB-1046VHIK},0
{Q4A4-E0SH95ZC-9758LDWF},0
{D0Z7-M3FJ98IL-2241IGUR},0
{E2C3-U0BN87BP-2238FSPH},0
{E4Y5-D9FH89VQ-5784GWKZ},0
{Y6N8-O3OY20WS-5886MPUU},0
{G3J3-S8EM97VK-8335EDWO},0
{B6F0-N9PK89DA-3983YLLF},0
{J4G6-L0TH42WT-5162ADDA},0
{T6D4-V3MN37BY-3813VAUQ},0
{N8Q0-K0PJ15FW-7376LOHK},0
{F0D9-V8GC58OE-5348RAHL},0
{M0E7-E9CW14TE-8101ZISX},0
{N4Z5-V2ZF52MO-6442AKKB},0
{D2O3-R9DR18MH-7471TIOO},0
{L8A5-J7IN59XV-5372QTSP},0
{Z4U3-E3HW36XZ-3062YANY},0
{J9N8-M1AQ26YW-2118ZNDZ},0
{A5E4-N2US44QB-4071MEDH},0
{V7U1-L5AX51KS-4526CMOM},0
{G6F8-N0XN71EO-5997XQTQ},0
{H5N9-V7YH13CZ-1309GUMJ},0
{H0X5-R1LN28SB-0783PBYU},0
{Q2N3-G5EW38SQ-5798PULF},0
{O3R3-O3LK83PM-8909SILA},0
{R6U3-Y8ZC42UP-4320QVGS},0
{L8X8-H8QQ26ZY-2965RBGO},0
{E5W6-L4PX68WM-8630KPVF},0
{U8L0-U5SA79HM-9540EQAF},0
{P5I4-M5OG52PW-2219TGQK},0
{Y7M0-H8CC94TP-4765DLLA},0
{O7I3-Z2TR90EU-4979RBBM},0
{K4L4-A6LC14XE-5285GEIT},0
{N7A0-D7BS43QB-2386GNSE},0
{B4F1-I0DE02JC-6191QMZB},0
{Z7S7-G7YZ31EP-0630PVYK},0
{Z5V1-L1UA06CW-4305ETWU},0
{Q6B3-A3ZZ85BP-2799NNBZ},0
{P0U5-T2EP14UK-3454BMEJ},0
{G8N4-T7QT49IQ-2418SWWR},0
{E3N8-X0GD10QI-7018KTAV},0
{N5C2-Y1FG57FC-3896KJVV},0
{H7S9-Q8YI12YV-3150FLTV},0
{H5E7-M0QO07EY-2032ZUIQ},0
{J9Q6-H1GO57FF-6743GDPE},0
{P0X2-X8XB25VP-9974KMGQ},0
{Z7M0-Z3PF49YQ-7593QNIQ},0
{K3Y6-X9QH26UD-7349YYNM},0
{G0S3-V8FL67XY-7314NKMZ},0
{I2X4-Q3WB62SE-5318RBCH},0
{G9W7-N8WB10NT-8508KIVA},0
{G6D7-C4KH40SF-0122XCKB},0
{Y2G3-Y9UC54HS-8670JBYL},0
{I1I4-F5BR33SD-4044OLMS},0
{I8E6-G8QT44QV-6887NYEZ},0
{U2J9-O9QQ91DH-6530MVDM},0
{G0A3-M1IH49GY-7763IEWZ},0
{E2B1-I2VV12IW-7448ZXSN},0
{G3C5-X4BQ25UK-3705YWMA},0
{I4A7-W8QO85RM-7144NDBU},0
{Z8Q0-I6FE78EY-4260PKGN},0
{L6X3-S3DD06YJ-0222PQAX},0
{F9D5-B2AN04XC-6622UQSN},0
{O3Z2-R6UW97KI-9615UXGE},0
{M5S5-E2KL84KQ-0822TUAW},0
{Q2R1-U1UY44TF-8223UMDC},0
{L2L8-X7ZM50HE-1427BPTU},0
{H1B1-G8ES31FN-9446DABB},0
{J6C6-W5ZN65XI-6131UMAN},0
{Q2H9-B0OK60SO-5499OGYG},0
{U0F0-X4DK28ZX-8750KCJR},0
{V1K5-G1MF52JW-2690IMFT},0
{K0P7-R1NQ63RA-2967SGGL},0
{M4I4-C2CQ19XH-7453QRCD},0
{D7T7-Y2MU09JB-0976LDTM},0
{J5N6-H8TP86NF-1328HQSS},0
{Y7J0-Q2RD75YX-1285UMUR},0
{Y9Z0-Z0UN06PF-0296HGCF},0
{X4N0-B1GQ38LM-1391UUII},0
{K1P0-P2DL06FB-2367SHGM},0
{P0W8-Y0CR95LB-7344MXGB},0
{A5P9-O2VB58VA-3440SFNA},0
{M2T8-Z6WC50NT-5161LHMG},0
{Y7D7-T9BM80OD-6434NPJI},0
{M7F5-N5ST06TD-7057CWOZ},0
{H1J4-C6RE69ZM-4795XSJV},0
{M9K3-C0PA57TV-7358LCCC},0
{F9O1-X4HQ17KY-8015YRDS},0
{X6N3-K6OJ21AX-7523FDUJ},0
{T3Z2-K2LQ21EH-1019VUAX},0
{P7V6-U3EM85AD-7250PCQE},0
{Q0A6-D7XE32PQ-0898PSOK},0
{U4Z1-T8AM80UZ-7403USFB},0
{E3O1-M3YB11FL-6696MDRE},0
{I2P7-Y3ML73SQ-7651KNJC},0
{M6Q4-F1JF18PA-5898HBTN},0
{W3B7-G1XJ22CJ-7739JJDH},0
{P6Z4-B4CZ54FY-6909WPAI},0
{Y7A3-A4BQ67PR-0922QKLI},0
{W9R2-T8YU22SM-3753AGEP},0
{Q4I4-L9CC66XZ-2355ISBW},0
{V6Z0-N8VJ03WD-8168AIMH},0
{K3I9-S2JS88WF-1061NBIC},0
{Q2T6-P5RV71RM-7869IVTQ},0
{E6Q1-X5CK43ES-8842PYUB},0
{E7L0-P4DB71HO-5170SDNT},0
{A4W2-Y7IM18AV-5178RLSR},0
{S2P8-H0PZ96VY-8464SPXU},0
{B2K5-F8WW98HB-6745JMMJ},0
{E3Q8-R1AJ06TM-7741DKLE},0
{E9Y4-P6YM83CZ-5504UTUC},0
{R0X4-I2PS20BI-0091MHFU},0
{S1L7-M6UA84DT-8160EXHW},0
{N5P6-I2AL70GM-4203GHQA},0
{Q0O3-T0AJ06VL-7740TAIC},0
{W4G6-Q8OY74YU-2926CVND},0
{X2C9-N9GJ70EU-9510XFFQ},0
{D2E4-X6WR30WU-6679FQTA},0
{J3H5-Q8LM39KP-8924MCHI},0
{K8L5-T7DT52TR-5327CQFX},0
{M9S5-P1MV41CR-2477AVEO},0
{R1N6-A2IR00SR-7639APQN},0
{H4R3-V0YN10DA-8995ZWTG},0
{M3U7-D6FX72WS-3419JEKB},0
{X4M0-K1JF60QR-2142GGSP},0
{I2W8-I7LF44BI-8613DAAQ},0
{S3X5-W7VS91VG-4024BNGE},0
{E7M8-Y9CF42NW-7699SINX},0
{C1O7-V8TR74TH-2017EKYL},0
{K1N3-K9BF49MK-3402REMV},0
{T9K5-A6CS01XG-7565DTMP},0
{G5Q6-U7PM51HI-1254ZHDB},0
{M2G0-J1ZO93TO-9759LCHM},0
{O1Z5-A9LC19KS-4905ACDQ},0
{X0F3-S1EM01UX-7664VGGE},0
{W6W4-L6KA49NH-3938XZEZ},0
{U7T7-Q4ZA66GC-4112XTJB},0
{E5M7-R7CL20EW-8574XIOB},0
{M3N5-G8RT34UX-7175GFQO},0
{Z7L9-L8CR88KT-0404ANMP},0
{L5D5-U6AG62VL-0189RJQP},0
{X5L3-H7LP82AH-1791CNHF},0
{J2A4-D9VB30DD-2653PDKU},0
{C4A7-X8MN09XZ-6968QFXA},0
{T4B9-X0TX55RY-3663YJDS},0
{E8Z1-B8TD29GW-9906YTEE},0
{T1A1-L7RC99UZ-6956JPWC},0
{W1P7-Q4ZE07UV-0007SGNN},0
{O7F5-E4IB15WW-7041SOXR},0
{B2D3-O8XK60MQ-5393YCAT},0
{V9Y2-Z5PG15BJ-4671SSRQ},0
{E7S3-N0NP02BV-6373GGRL},0
{K4W4-A4WF66FC-6795GBBK},0
{O3T4-H7KE10PR-4346HSZX},0
{W5A8-F5WS69FZ-5079BPLV},0
{Z7F5-E6NF75EC-1201NEAT},0
{H0G7-V0SB65HB-0083IEBN},0
{F0X5-H1GM45WS-3281CRTX},0
{T4X6-D2UW40LX-0837ZKYH},0
{U7K8-E4QE12QT-6662QKRR},0
{X1M5-N5YR59GW-5135ANHQ},0
{Z9H6-C0IR92NB-7163IXGN},0
{V2N4-L2AP99WU-1748GYSO},0
{K0A3-L6BQ71JV-8057CBYP},0
{G8B4-G9KS92YJ-8258YKBO},0
{D6I5-L2QK67FW-8085BKKU},0
{M9N4-B3KY11YC-1622BROP},0
{W5L2-D0VH45PX-6772XQIA},0
{L9T3-U8TH63BJ-9192PHCY},0
{K9S9-S2RA52PH-0216GUQT},0
{Z1M3-P1FR49DC-1236AALU},0
{L3N2-V6WK88OJ-0586CPCZ},0
{C6G3-M1MG96NE-3075OXVW},0
{C1P4-T3IJ62MT-8786ZBFY},0
{S5R9-F4GB10BA-3883KTJN},0
{J9N3-D0KP46GQ-1925AOIP},0
{V8D1-Q9RC27NM-3685GFTE},0
{N0Q4-O1RX55DW-0093MCXQ},0
{P8T9-Y5NM05BJ-5072CIBM},0
{O1X7-F9BA72VS-3551DUOV},0
{R9F8-Y8DX86WP-5413QBUZ},0
{G7P2-O4YC31TV-8390JPQT},0
{K5W0-M9JU53CX-3155LUOP},0
{O7J3-U8MX10KD-2910IEQC},0
{N6Q6-N1SB43VI-5611IGXD},0
{Q1O3-S1CV80OW-2838ZCXE},0
{J4F7-X1SO62JH-4421EMYQ},0
{Q5I6-O5CP07NN-9871MXRW},0
{Q9O4-D6MV28WP-0862TOZG},0
{E7D4-U4IW64AB-9640CTPA},0
{M2Z2-K8TO50BJ-6095BWWH},0
{H5A8-I3SG48LM-7786SXKN},0
{L8U1-G0VQ14JT-0182LWPF},0
{I5X1-V0CS44QJ-0248BQSD},0
{F8Z7-U1ZS12MO-1229PDKX},0
{W2Z7-J4CG24RW-2509CRGX},0
{V3X2-N8CV61OA-4721OOWD},0
{E5A8-N0EE31XE-6156TNLI},0
{B9C4-E6OR62IK-4484VVRY},0
{X7K1-D2XX76KF-8933GVDG},0
{F2G8-S9HM61YM-5372FKIF},0
{C5K9-L6XC89CY-5314JAFW},0
{C4A0-F1WX93MN-8847VQTH},0
{Z5P5-R0GK62AH-1479QYJE},0
{C6H5-T6EA03VO-6754ZXEZ},0
{V9L0-H6DA84GA-4680EZGW},0
{X6U8-T1XG41SJ-0887GOOU},0
{I0Q4-I1QH68NL-3473MHUK},0
{K7S1-Q8KN37VW-4632FHAE},0
{U7D0-B4ZO85UY-8816GLPO},0
{L1I1-X7WZ85RC-7172MDTK},0
{B3O1-Z7YH91IT-9951TKTI},0
{W7R7-X8UW22TT-9019DQVP},0
{G7Q9-M3XG68AC-6104IBOG},0
{P9O6-H7CV33UB-0780QFKJ},0
{C5X8-G4QY76EK-4876RFSI},0
{N2J9-P6ZG81TL-9726RUCE},0
{N9K8-D9VW84AD-1995FXCV},0
{P1O7-Y0YS56PJ-3929EEKK},0
{X0U5-Z3YL09CY-7978IUUE},0
{K1M5-D9OP86EA-2161LWQC},0
{N3G6-Y6XZ34GX-4225XIIT},0
{A6T8-X4IY33NI-8924LFEE},0
{H8M3-Z7UQ11SC-3500ZOZZ},0
{R5C5-E7MS47WQ-5321DUXP},0
{Y4S3-X4XH95BX-6613NQCK},0
{O0M2-G8TY17KQ-9322UUCZ},0
{U0F5-R5ZW33TP-8994OGKR},0
{Q2D5-B2JK98JQ-9221DAVO},0
{T6K0-G1BR06OC-6069KFDB},0
{L5C4-A6RD50HW-6674VBKN},0
{F8M0-A5AZ82XG-8547UAXV},0
{E1X6-U7CC83YI-5425BKFL},0
{D5O2-U2MA93FF-5996JWFG},0
{P7R4-E8GY49TV-5616WHSS},0
{A9E7-C0GA44VC-7211HXNV},0
{J9Q6-W5JC46WM-4123SAAK},0
{Y5T4-S0DM26IR-0185SBAG},0
{D2T9-H4DN42XU-2676TJCS},0
{L0T9-S9GH81FU-6013ZXMZ},0
{V8F3-P9DT25XN-4746WRBH},0
{O0G7-R3JI19OW-3013MOWW},0
{V5D8-B5EA22ZR-0865VSLD},0
{Y8A6-M5PS48PJ-8910IIRM},0
{C4R5-L6NM42VL-5531JAXK},0
{I9Z8-R5EK09PT-2034QIYM},0
{K6N8-O4CQ75FY-6788CTOR},0
{O4C2-Q8QX90XL-2828MSPW},0
{E0W2-H2PV20TX-4252OVAV},0
{Q8T6-P7KB38QB-5914PIBA},0
{B9H3-P2DU45CJ-9818EXSS},0
{P7O9-H4LM47EO-2614NMII},0
{U4A2-N6SC55EN-6919HBOP},0
{F0D3-J2TV99GC-8305TTPT},0
{R0L5-T8XO78UG-4305HMCG},0
{T7H9-P4PP49YB-2386FZKK},0
{U2S0-O0GY72WN-5848BTQC},0
{F1W8-K7GQ44IE-6119WHEO},0
{W4A6-P1KP92ZO-7121CUHY},0
{G4O6-X1HX14LH-7394CGVG},0
{V3V8-N4WU60SX-4841HBQF},0
{A3F2-F4JL39HJ-2039NGFI},0
{Q0K0-Y3XL04YL-9647HQQF},0
{U6R2-S5ZG74QK-2742EZIC},0
{D8O8-U6ZX51IY-4989SCQD},0
{L4C5-N2QX72XW-5933XMTH},0
{N4T3-F7GM00HH-5753TYEZ},0
{X6C1-X5PI46CD-7406WBZI},0
{N2O4-W4HD45TH-0749HLIH},0
{Y2L7-T6NU49GO-4741MQQJ},0
{N4E9-B9QI40WE-6273USOB},0
{X5A1-M6IF85XK-2529NZHS},0
{H7R1-X1JW70ZI-8907BISD},0
{B8Y2-T0FI17YF-7325BJNE},0
{Z1V4-H4IS34MV-5381DRCZ},0
{X7D1-E4PC57UL-5774GRMD},0
{U4N9-I4ET42XF-3199MAXQ},0
{P8U3-T1QR11FZ-2764NNUO},0
{K0Y5-R9BW85LX-8720DEHA},0
{M3H8-L6DG86GL-4514GVRR},0
{V2J6-L1VK18AH-6978ITPO},0
{I4O2-K3YJ64YH-5044LQBL},0
{A8V8-K7YS17TK-7816HOOA},0
{L5T4-T7MF15PL-5810ULWD},0
{H5J6-Z5OS24LK-1385WDTJ},0
{O1A4-E1GI23QH-2856GMXP},0
{B6G2-X5DX44SE-6083TKXR},0
{J3Y4-H5BZ80IZ-4381ZPZS},0
{Z2A6-P3MN22XT-1307FFLT},0
{W1V4-P9ZD39WW-9702SIYY},0
{S6N2-T5ZQ54LW-8273XKRA},0
{I7W1-B8TT06MF-2696UNPS},0
{J8Z4-D2MT09PI-1449OCYB},0
{Z8Z6-J0IN01TA-3838HEKP},0
{R9G3-M9PL67RL-8876ISGL},0
{D9I3-G8TR46HD-0624TVEQ},0
{R6C5-D0RF10ZZ-5793FACL},0
{G6X4-L7LF32MJ-4356IMYJ},0
{Z7J7-W3PD94GD-3665YXSU},0
{H9A7-H1TS12TK-2713SNRX},0
{G6B4-M6AY70SZ-3607OVIN},0
{H7Z7-S4LR07FZ-5133BOAG},0
{K2Q7-K7LB55KM-9220GQME},0
{S9M4-O4XO00BX-0325ZIDZ},0
{C3W0-M9EK37GN-2619MNTZ},0
{W7D1-G0YG01TE-8102CVSK},0
{F5C8-C6HO49RY-7118KPWR},0
{G0D5-T0FR40SM-0644ZEHM},0
{F4M9-S2TA77BD-9568OGSZ},0
{G1B5-F1MR62PJ-8194XICC},0
{M1R2-Q6VB65JQ-3445ALOW},0
{A7X2-D7QH59UQ-5562YJRZ},0
{Z9Q4-Y1XX70MD-0111IIJD},0
{O7J2-Z9OL33EB-6488CIMG},0
{S0T3-N7NW54VK-3758CXRJ},0
{D5V8-J7EU48BF-4623RROZ},0
{S3O2-R1OL84WO-0780RSYY},0
{T3Z9-G0ZQ68XO-7050UBUA},0
{W7B5-Z9CN91DX-8744KSVV},0
{Q9H9-R2KM94DE-2613PIHG},0
{H8B6-Q0EL70OJ-6473ZMRE},0
{K7W3-A6OT24JK-0405RKEZ},0
{A9K6-M2WL62KM-0410CIPT},0
{E8U4-E6YQ75WQ-8101NROJ},0
{Q0M0-M1XT58AF-0543VGLN},0
{M2N0-P2CA41RY-0043EQKZ},0
{C3J5-L3WV63OF-4506VXZO},0
{L9E1-D8HU84BW-3752IOKH},0
{X5S5-B3SP02VD-1951UJCT},0
{M4I7-I4DF68FV-7881KMUJ},0
{Z9A2-O7YB69FR-8283NNSR},0
{I0J0-B0GI91XK-0777OQNB},0
{G8F3-P3EW69OI-8913RYHM},0
{G8Q4-F7QF62IF-1057VYTO},0
{G1P3-R7TY79CE-1633GRTF},0
{G5Y9-C7YX56JA-4696LSNX},0
{D5K4-Q2ZC47GK-7734EOQB},0
{A5J0-R7CA91ZU-2123GOBB},0
{R1F9-T8XX23JL-3523JSLA},0
{M7H7-B6KK70YL-8199WGVQ},0
{N2K7-E3AJ20LN-0892SMBM},0
{Z0Y4-N7II84KX-8067JSPV},0
{B7U1-W1XL51JU-2400UBRI},0
{U4I1-R2AG02YT-0097KRJZ},0
{I6S3-O5IS79KT-8273CMNN},0
{P7L1-H4HR38ZN-5423BAXN},0
{B2Q1-N0LR90IG-9395QMRI},0
{M3M1-P4RM48QB-4698HGLQ},0
{B2V8-S1HN23AI-4480ICFZ},0
{Z1F3-D0IR66JU-6033TVBF},0
{M7H6-R1QK63ZA-1444TMLO},0
{H1U3-T5VZ23HU-1955BSLM},0
{D9V0-V0KP76OO-5566GUED},0
{M8D3-T2JR45XY-2909KEDZ},0
{U3I2-B0TG48JW-2700URMJ},0
{T7A6-T6OJ78SZ-5693EFPO},0
{O4Z9-W0YP43SD-8722HYSC},0
{P5G3-C4WJ35FC-9822ZBHM},0
{X5A7-I7EL05UP-1535JRKI},0
{M8W3-S9CZ54MC-1435OPYF},0
{M4D1-O2HO29FT-3252XMFB},0
{Z6W3-K2GP30VI-3016PLPE},0
{U9W5-M5DG08IB-6146UHLQ},0
{E3V0-Z8UW29YL-0249IPSD},0
{V1S2-C1GB96AX-6442BRJA},0
{W6Z1-K0OX78UI-3641RARJ},0
{M6A4-J7DR37QN-7599NVJC},0
{M8Z6-O1HI52YD-3397ENGB},0
{H9S7-B0BL50SQ-5009HGQS},0
{U8L1-I2IX95YI-2160WIWB},0
{S4L1-I9KO52LU-0567LWIH},0
{M2U8-F4AG10NY-8087XMGE},0
{H1L0-C5XR07FD-6481ZPWW},0
{D4G7-E2AK38TB-5434NTKV},0
{G6M8-U1FV45YU-4418AUXH},0
{J2S7-O2QV43JJ-6200LRLD},0
{P4U3-B0PE79QK-7891STSP},0
{G0F5-A6HS09SV-2876MWHR},0
{H7T1-V6RB66OE-2767LVHG},0
{N1E8-W6JV80OO-0068CUQM},0
{M2Z0-O8MO51VC-4504KPIO},0
{T7X6-N8HS17AT-7111FZSU},0
{Q8R3-J5EF74EE-0619JQCJ},0
{I9G3-A3DI41ZI-0276MGYD},0
{E3A2-D5PW00NY-3163UUVT},0
{P9K1-Q2SG82HL-5245QRWB},0
{W7Q9-F4FI28HM-0603DWYS},0
{H2H6-S5PS91MI-2148DGLD},0
{D6A2-T5FC25LX-8023SPXH},0
{Q1P2-T4XX09HP-4850CBSV},0
{H6N4-P4SF21BE-9251HIST},0
{B2O6-M8DV30JE-5366JTGG},0
{Y2Q1-G6FN42NE-8972YTEF},0
{S5S8-Q8YP99HX-0508FVAK},0
{B1B9-G6DK81UR-8735TEVM},0
{R5K5-Z7LS36PZ-1161LLSV},0
{H6M8-R2US73TA-6069NRUG},0
{P1H1-Q1RJ05DS-4036HESC},0
{W0Q7-O4OJ30TN-7221WGJS},0
{E1J9-E9II11SE-9127ZUCE},0
{P0P3-O9BC80KD-1879ZAXW},0
{M2M5-N1MH60ZO-3083PZQE},0
{V0W2-S0YU19JS-9469CZSC},0
{Z5M5-B3LD42ZF-5241MTZQ},0
{T2F8-T7LE36JN-5294DHQA},0
{E9A9-Y6NV80FQ-2146QCYR},0
{H8R8-B6QN08NZ-0271LIRR},0
{N2E9-M6JY31VM-1523XUXM},0
{N7X9-X4IT87YJ-1816DMYA},0
{E4V5-C9BO29SM-5029LRCM},0
{L4X8-N7SQ57PP-7677FQWV},0
{J5F4-S5LS99CK-3550JZJL},0
{B0Y9-I1JT03DC-4356CIZG},0
{M5P8-Y0PX50GM-0194BNNL},0
{C8V4-H7WW79NM-7584CVIP},0
{V8W9-Y6MT92TT-3156ZQSJ},0
{U0F5-L1ZN44CI-7955UOKT},0
{W3F3-Y0QS40DU-5919UZPI},0
{X1C8-N1TV15RO-0430BUGI},0
{M7Z6-S4RN03UI-6118YPIP},0
{M2N0-W7JX09BH-6093TDRN},0
{E6X1-K2GM98HI-6489NWOL},0
{H3J8-O6UT18KW-5169KYNF},0
{M5L0-I3WY86FO-5508DXLR},0
{X1X3-W8WT18NS-6906KYLJ},0
{N4O1-T1GZ67QC-0382SRYX},0
{E1W3-P5AK74HR-9210UFUO},0
{Y4C5-C4VW22WN-9618MJMZ},0
{P7O7-X0AB90OJ-1583POJQ},0
{E3E1-A7TF35XR-6732JGXR},0
{A0P5-R9IP24GP-7271YJMQ},0
{Y9M4-G1BI73KT-7369SAJY},0
{F4N1-T5OD59XM-4490ZUGV},0
{N7I9-W7QZ04KD-5567FROU},0
{T4Q0-Z6TI16FJ-2459UTKU},0
{O9O2-N0IP45XX-7303LLUL},0
{O3B3-O0ML48AG-7912QMPR},0
{G7B8-F0QG44AY-5241UIHB},0
{R7G9-O5NQ13NW-3707YVCU},0
{V4G5-M7RQ52FW-2845MDER},0
{S5G1-X6NX72KH-2834KXZL},0
{C5T5-D2UL98TJ-4043DRWQ},0
{W2D2-Y5HP19UQ-5572ASGX},0
{I1V5-Y2LV43JV-8275QACG},0
{V9U5-W6XE21WX-7166LTCF},0
{D5Q2-O5BX30JN-9423KHNF},0
{H2S8-O2YR92YI-3264OSCX},0
{T9W6-E0UM11TJ-6428IXKZ},0
{D4W2-G1IL18PP-9500SBXF},0
{C6K9-Y3LF60CR-1384GDZH},0
{S9D0-W6XB72KA-8671UCMZ},0
{O7M2-P6DC96RF-5091JKQG},0
{O6B2-D7SX93PJ-8439WHTL},0
{S5C3-A7YK06UR-2993OLSE},0
{V7E2-U0CE19HJ-6705RYSS},0
{N0V2-I6RM91RA-4519TWQS},0
{K2L6-K5NS71GL-0105ILSN},0
{N9Z2-J7ZU25EH-4511KMKG},0
{H6N8-T2PC75YL-5269ZQZF},0
{O1J9-W8TI34JV-5774JZLC},0
{X7U9-I3EB01SV-2702ILAD},0
{L7A7-S0KY45SD-9201LSRK},0
{O4X2-J3KC97MV-9112HINO},0
{V9P3-W9GP80DO-3403VTAD},0
{V7O4-C1HB03QY-1438ZKTG},0
{R1N0-Z2YW92EN-7071JYHO},0
{H6T3-V5PQ63BA-2224YUGM},0
{Q9I6-R7RC67TQ-6733RQYM},0
{U3N7-C8QY44AH-0201IZQM},0
{G1G7-L3TE75RP-4800VJNY},0
{F1M6-Y4YJ26TJ-2017OSBD},0
{R6I3-R3MU66GX-6784TLMQ},0
{I2W9-Q5UJ71OH-2052DHCZ},0
{U3Z3-N6YO09SJ-0864TZCY},0
{J3H5-L9RQ93SO-1213EBGU},0
{P3C8-H7WW64HN-7037YKUH},0
{C0O9-W9YR62VY-7501JRVW},0
{L7T6-H8LV30AJ-9434RYIR},0
{Q7X2-Q3YC69GV-5132ICJL},0
{Z5O0-H4RN98ZE-7313ILWG},0
{W7M0-N3RH21UE-1320ALOD},0
{Y5S5-U5QH55FQ-8778FJQI},0
{N7T4-Z6SE81LA-3006UPUG},0
{X5J2-E4PF54UQ-8254PPEP},0
{J6G7-C7WH71BI-0106CKVJ},0
{P6F6-I9CS38ZF-7157DVVD},0
{A7Y4-Q5WC02KO-2797DVCU},0
{Q2Q8-D9XH35TU-6992AUVD},0
{D5A9-N5VN95OS-0552HIAH},0
{Z3M4-X0GJ18ZP-2403ZODG},0
{K4Z0-T2XI16TE-5184OIVN},0
{I1V7-G5MA59SQ-9256QJPS},0
{P3X3-S7BE05AC-3815MXXT},0
{O2C6-Z4QS71GS-7345FRUG},0
{B9K2-Z8YI52HK-4545FUUJ},0
{M2E2-P6UX64VB-7442EESU},0
{J3Z4-Q0GM58YX-6215WZZW},0
{I7X2-U3KI71OP-9116ZWAE},0
{F0Q9-S6NZ58FA-7483CBAJ},0
{Z1B6-T2SA56NJ-9421BYZI},0
{P0X3-V7XM78HU-9583NFWU},0
{Y9W5-L3AU65JG-0649LITD},0
{L4F5-T5WQ78RT-0301UGBX},0
{H2R3-D9MS56ZJ-4930MEXU},0
{O6O2-M6BY19PI-0938YJMD},0
{L0Z6-V7YC54SB-8739ACMJ},0
{P0J3-Z7IP81GJ-2612ZLHL},0
{F2A8-V1BK94WQ-0395JZPI},0
{S2K0-M5WU01KT-1978WCWS},0
{P7M0-J9VG97TV-7019YNMZ},0
{R0D6-R8RE61ZU-0749UESB},0
{Y9Q9-Q6WB63VA-6104LMJE},0
{T2U1-H9PG25OJ-2174LLJS},0
{U9H8-T1RI04BL-4037EOVD},0
{O8C3-Q7PV63VR-0173OITZ},0
{U4K9-G6ZK30JH-2765WDJI},0
{J2V2-K6EN96VC-8680UMPY},0
{Q5Z7-P1XY68NJ-0098AHXM},0
{J6C1-W3TU50HO-9100LQCE},0
{R4F7-N2QJ38VV-7113QDFI},0
{K9X8-Y9LC12FU-4509OKUB},0
{O6K7-H1EN04SN-4783WPAV},0
{O4H3-K8EM63FH-2092EWMF},0
{B2A5-E4NB81AK-3729EXKZ},0
{Q9L4-Q1YY19MC-4603KAQW},0
{B6O3-M6TC79SO-3042DGVP},0
{J4A2-G9GM39RH-9470TDOG},0
{W1Y9-F6QE72HF-2764IQUE},0
{Y2S2-I3GI75DP-5362JEBW},0
{Y4J9-U9VC68AV-7406WVZJ},0
{W3B4-F8MJ43EJ-0046HGNJ},0
{L1M1-C4YP90LK-6798NKVT},0
{S9Y3-S2AX96LQ-1901BZOJ},0
{I6D5-W9HC29KS-9703XHBQ},0
{N0L5-R8LZ88UB-5462SREQ},0
{F2P2-L9NQ94EB-0945MMNA},0
{Z1M3-V4BE23DR-5175EOBK},0
{G9X1-Q6QP52NR-5048LTUV},0
{H0L1-O6CA58AJ-4514SRKC},0
{L7V1-X3OH88RL-8077ALMW},0
{T8P5-F8WO65DO-2154MIDL},0
{S8P1-O9IN63KC-1164PNSU},0
{V2S0-I1WA54LA-0224WNOD},0
{U6M5-J4GI45PZ-8532ZKMG},0
{L4D7-I4KF19DN-7432LCJW},0
{W4V0-N0ZZ85CV-0859SWVZ},0
{E3D2-V8AL69AE-8300SFVT},0
{K4E2-N2MU02NL-2827IJOW},0
{P6P1-K6MV00WE-7176JYZV},0
{F4B9-Z9FH73YI-3983EVNM},0
{L1H8-Q5QB26ON-4174DSZT},0
{A8F4-M7MR75WH-7343ILYJ},0
{G8H0-R1QS88KJ-6415IJCZ},0
{H5T4-T5ZO66BJ-7935RVPN},0
{V8K0-P7CP19NA-9698SIGC},0
{H9Y2-B8OE92LU-4493NNAC},0
{B1K8-N4UO01YH-7041LEIZ},0
{V2P4-O9SX31IK-7300XNOG},0
{N3M4-Z2VJ90PA-9247VXGR},0
{K0O4-U4QM89EQ-2629GYYL},0
{Q7U0-D1BH27JA-0373AUEO},0
{X9S1-J5BP20MB-0916IMFJ},0
{G8K8-G2ZW19LP-4416FRJD},0
{V8S5-C4LZ42MY-5949ERGB},0
{H4M3-V7XQ30NT-5637VPPM},0
{C4A3-K7QO50SQ-2864SIMN},0
{I1I7-U5QV59VR-1026DMKT},0
{L8N0-Q3PD82YP-0025GCVV},0
{C8P8-A4WT74DV-4475WTMR},0
{I7M8-N1YJ26HF-0991ZQAC},0
{W4Y3-J1CR58ZI-6666SLKH},0
{R4O1-B6JA46OV-4153DHEL},0
{N5H2-X5KF99LP-6601EYUE},0
{F6Y9-K3JQ85NL-6329SNLA},0
{V3Z9-Y0PJ98QT-4854UVSM},0
{V5Y5-Q0WK80EZ-8374UPNN},0
{P1S6-H9VG05TI-4874BCBY},0
{Y6W7-J7DW06KO-4404FFDV},0
{N2Y4-M3WQ10KR-0356XKUB},0
{D6M8-C4ZQ86YT-8272DNRD},0
{J9C3-G1GK02SZ-3047SNSX},0
{W4K5-L1VR12RN-9088FZZI},0
{L7K1-Q7LH84UO-4872WBQW},0
{X7D3-Z2XJ50OX-5743ENAG},0
{F7G6-R6UM19QU-1616IFQZ},0
{K7G2-V0NI28AY-6631RRQH},0
{H0I5-D1VT80KY-6337IMZV},0
{E0D8-E5RA76JA-1015XVWM},0
{A3F9-Z9US21VN-3035WDRY},0
{X9L5-F6YG04YU-7042EJGV},0
{Z3N6-T0XJ16PE-3097NWZB},0
{F7U7-Y1AY68VV-6569PKBY},0
{R7V3-K8TO19PO-9192OJWM},0
{Y3N1-J8AH84MH-7999MMHX},0
{F7A5-P8OC44OI-5630UFVO},0
{Q2J5-A2GK18XH-8734OTJL},0
{M4P3-H2DI42MP-9374OOSO},0
{T6W9-Y2GJ24OJ-8565YYLO},0
{B9U8-Q4SJ70ZZ-5701JDVI},0
{W0Q6-C9RK29PN-6099HJQJ},0
{D3R7-T0HN26UY-3841KWYC},0
{J2B1-U6HU50YD-2623PYYH},0
{A7D9-H1KP16CU-8357GDGT},0
{A2J3-V6US65KS-5108JLEW},0
{J0B7-Z5XY08NS-5179QEPO},0
{Y4X4-U8HY18QR-8496YJVX},0
{N2J4-R5BQ75AR-3786FEII},0
{U4R5-A0LJ89HG-5480WJBU},0
{X9A6-H1OB61DT-0935RVJT},0
{U6V6-P0LY04DT-4404ZQLO},0
{Z5V4-D4RG07NZ-2813LENQ},0
{V4W0-W6KJ63BE-3900FDVU},0
{Q7A0-Z7SI80PU-6951DKOY},0
{Y2N1-E0DV99KS-0596GVRD},0
{Z6A1-Z2CY74BG-3551BEQP},0
{K5L6-S8KC22UT-7583LJZL},0
{L8Q4-M5TT08EA-4761MITP},0
{L0F0-M9FK68SY-3969JPBF},0
{E9H8-G1JO14EL-3636UFOJ},0
{Y9K3-V3QE27UH-9178DPFN},0
{X8X5-F9OA73GF-3139TFGU},0
{Q8D8-O4ZF38TH-3741JPKC},0
{W3U8-T0TA71IB-7705ZOZB},0
{B3Y3-M2BX83XV-5833ALIA},0
{Z4Q9-W2EK68RY-5433FNRW},0
{Y7G4-P7PC62QI-3120QGKA},0
{H0J9-R4PJ14SK-8835FFBT},0
{J3E9-M1UP16SZ-8640WBWZ},0
{X8I2-T6EZ15BE-1547EMUQ},0
{F0F0-H2BR57JC-3754KIUM},0
{S6U1-W8RF51IJ-5655EKGA},0
{B7M1-G9QJ90ZF-8831ASIE},0
{C7K5-K1WY45ST-9944ADFU},0
{D8M3-H2WR62WY-0272CUMU},0
{T9G5-C2SC24XY-6794PVML},0
{U0E6-M3TZ77TY-0070JMCR},0
{B7B3-C8HU79XQ-1008RBYS},0
{M4S8-Q7IA88DD-8605ELNW},0
{J9W6-G2MZ27SQ-1013YNTI},0
{Q5R6-R9VD75VH-2815YVOQ},0
{L4S0-B8QF79GQ-2817XVZU},0
{Q4V6-Z6KB01CF-9709FPQL},0
{Z6K8-Y2FK27NI-0599JGPL},0
{R8W4-M7BX03WV-1927JNNZ},0
{W6D6-U4IG98MI-1854WLBD},0
{C4P6-E8MX59TY-1858PMEO},0
{K4T6-X8PY29GP-9253PDKI},0
{Y7I5-D1XA74EZ-4060PKDE},0
{X3C9-N2QT32TF-7517BEDI},0
{Y8K0-R5YU27NX-3610PEOX},0
{L6P3-Y4KB88SY-6368JYGI},0
{P2W1-B3BS01PZ-6773NAGO},0
{K3I1-Q5KL92HI-6582UZCG},0
{T3U8-U8GP15CN-2031AFSQ},0
{B1O5-N5QA44XM-7923RPAC},0
{N4K7-L3NJ84MZ-7365MIIN},0
{R9D9-Q1IB20WD-5060EEZN},0
{P1H5-U1VM83RF-3992TSDW},0
{F2M7-J0LW92KX-7097CFAP},0
{K9Y7-K6IU94YH-3542BSZF},0
{S7Q4-V7AB89LL-4502FKVC},0
{X5K8-C2TR38SS-8621VAKV},0
{R3T2-U2KN21QU-6227RPQR},0
{Q8L1-B3TP95VA-1303NDWW},0
{X2O9-C0SW18EB-0319OLLA},0
{L4Q4-F7EU03MC-3853PCJL},0
{W2I3-M8MG26SO-0333KHDZ},0
{Q2T8-M8BJ34PZ-0792EHXY},0
{E9H5-K1OH84VK-9743KYCQ},0
{G0A2-Y5NC74YR-4401LFQG},0
{S8X1-S9RL61CZ-9875LWJU},0
{Q0C5-W5QA69XD-3801VXBU},0
{F2N9-F6BY26VY-8613TWQK},0
{W7P3-K0WO44HV-9531AWQS},0
{T1T0-Z9DB88EX-1538JKBT},0
{P0M5-J3HP27GM-5126MDTX},0
{R3D2-W2PZ63XT-4474BZIT},0
{Y4J6-X3YS51HP-6521ZGZO},0
{S4U5-J3IS20WK-0808HCAP},0
{Q4R9-Z2YH55PB-1581GUGP},0
{X3K0-G7LM80FU-6957QSFV},0
{M7Z4-D2WN29GG-0851BHRT},0
{X6I1-S3QF41OT-2844MMRA},0
{T6Z7-N7HW47NA-3392PJMD},0
{D8R8-N1DE69HS-5819KHLB},0
{X7S4-J7VD83YE-9150ZBZF},0
{F7F5-N2GG55MF-7277GGJI},0
{Q6G4-F1WJ95LA-8648KRCM},0
{T6M1-Z0YK51TK-0445HDID},0
{V6P0-G6NY97KR-7425YJDQ},0
{O6V0-A8XD11YW-2091RGWU},0
{Z0D8-B6HQ24PO-4738FOCI},0
{L2F5-Z1KC91HF-3041IFPQ},0
{J2X3-A0FH23AS-5530CKNG},0
{K8Q0-E9PR23TA-4489FGYI},0
{V0T8-X3OY69UM-7290AKXH},0
{X2M4-Q3ZS51GX-0276JFFH},0
{E4P3-U0VC82HK-7823TJNK},0
{U1G1-O9IR07KN-3782XFSC},0
{T5Z0-U8WC60EI-6232NDBX},0
{O4L0-D3AR96LF-3016OUCS},0
{Y4J1-S9ER85GP-2252ZXSN},0
{C7I2-J5SR94NQ-1583RUCD},0
{V7G7-E1SN73SO-3083LEXX},0
{L1Q5-Z8IK03VY-0053LBEK},0
{W5F6-A4MT16HW-7918OVGS},0
{M5P4-D3IQ97PW-4052TOUR},0
{J0K0-S8BJ00AY-4510FOQF},0
{X4F4-A9AV96ZW-6083BUJF},0
{C5A1-X8WT62SM-6083TOIU},0
{J8W5-P1IL88NN-8889WILT},0
{K0B9-I2FI87YS-4514RQVI},0
{Z9E6-L7XF01XK-2265IYJB},0
{Z2D4-E0UG41AP-5621ZIJW},0
{V8A2-P0MF65GG-8622NFYN},0
{U4W4-B0XV92QV-6836KFDU},0
{B6Q0-R7TY72VW-1886AHZX},0
{P7S1-M7ZL74VQ-2804TNZM},0
{D2D7-R1AA85PC-5410LTOK},0
{O4N8-A2HT83DG-3301WPVI},0
{T5D5-M7HW68PW-8936MHBE},0
{V7K2-R0ZG16IC-1052JUDG},0
{G3K8-S3QO66EM-8095HWNU},0
{P9Z9-M0ZY37WD-3493TLHN},0
{P9R5-T8TD64PU-7064VEGI},0
{U9S2-M0KX90SL-9193GYLX},0
{J5B7-W3XN61GZ-1326KEIH},0
{H9E5-S2UA45XI-7512RQMO},0
{X8V0-W1CX13FI-1178HOAZ},0
{N0U7-F4KU82MJ-1951GVJC},0
{Y2K2-U8EH76WJ-3874JYLX},0
{J5H7-D1SO56QU-2153PNLK},0
{N2V5-I8VY34CE-0113HQYV},0
{A0A7-K1OL34XA-4600CVPV},0
{H3F1-Y0DW79JV-6506RVNC},0
{V1B9-O7EC22DV-2540IKYT},0
{I1K6-O8WX31EV-4450NOAO},0
{G3K7-V5JC85EZ-9027ENCQ},0
{M9P0-H6NL05NS-1810MNXK},0
{F0K7-T9DZ56TJ-2431SCNT},0
{R4P2-M9FM13RI-6818DKXE},0
{U2A5-Y9GF05EZ-8597YAGM},0
{Z6T4-S0FG24FO-6574ZQAP},0
{B5P0-M8ED81IQ-9884NTNG},0
{M1Q1-J8TS30JX-0170NMDY},0
{K5I7-L9SB80RK-9914DRNB},0
{E2D1-M2IJ95PZ-6645IRSB},0
{R2W6-G8FP80AJ-8120WZXV},0
{V2W0-H0RA92FW-5442REIB},0
{L9P6-O1AV17XM-3115YXRF},0
{K7L7-V7DE83HR-8368CTPM},0
{E5C6-M2FO94OD-1768SKSM},0
{X5J3-Q9QY56BP-2910QDSJ},0
{L9P5-Z4ZX71KQ-4500QVHQ},0
{U4S5-C7EL79DI-5063WSST},0
{W9T6-Y0UB17ZX-3905YDAS},0
{N5F6-K7CI92GB-1750ETCG},0
{R5C3-O5FZ26YP-3725DBGM},0
{V2Y2-F4BD69OZ-5467LCUQ},0
{W7D1-P5BK86AR-5863RMGM},0
{Z6W5-O4OK61SU-0491EOAW},0
{F3G9-R1LD16RL-1884EKOV},0
{A7Z4-T6UL95WO-3217JNIQ},0
{L1H8-D7TY47YU-1616SFWY},0
{D0P2-N0CW08FC-0257JPZL},0
{A9X7-P2ZI46LJ-3868DWNS},0
{I8O1-O7AU46JF-6414HAEO},0
{P0U5-J2LR83OE-2652QTNM},0
{I7K0-O9CB77GP-9928DKKP},0
{P1S6-A9MF46MH-5131AUPO},0
{A8Q6-A7GE33RP-6172MFML},0
{K3J6-M7IH12PS-2675JYRQ},0
{H6M7-R8RN46TQ-8567BCPF},0
{D0I9-B1GL75CQ-5336VBMH},0
{G4D9-A9AA08DX-5249WNGA},0
{B1Y0-Y4TG02AM-3925VBDV},0
{O7G8-V6TK22EW-4529GVTD},0
{H2S8-T2HQ52QF-6692TEWJ},0
{N0O6-F9OA12RY-4507GEKE},0
{W9K0-F6XC88GJ-1840SWSR},0
{J3J4-P8HZ86FU-8046CXNI},0
{F9Q6-M8SD30BC-7485TXDA},0
{V2D9-I7PV08AQ-8669PKIQ},0
{B2V6-V9OX10LQ-9948SSUD},0
{N6F6-V6TW63HP-7690YUJF},0
{U3U5-R0HF35XM-5578QPEX},0
{L1K1-F2SU82WW-2091PPGB},0
{C3Y9-P5EN14NB-6173RTVP},0
{F5H1-D7WN75MJ-8831RYGF},0
{B9Z5-H2RL20PR-2908DTGZ},0
{X7M5-U2TI00ZX-2092ZZFW},0
{W9Y4-C8QC95ZO-4150GLDG},0
{I1E1-S5ID18PV-3726LMZW},0
{X6Z5-X5ME33VB-2093TTJH},0
{I1E0-X6GO22MR-0641ZGXZ},0
{Y0S1-M5FS43XW-6741RMPJ},0
{Q5O6-Q5OG21KV-2324AHMD},0
{R9I6-U0TQ15KM-6206OEQA},0
{J0Z2-J7DL61JP-4162XRYH},0
{Y0P2-K9SQ69BN-0202LHOM},0
{R2G8-N5RM33AW-1408APZU},0
{C9X0-L2HZ57SX-2132XKJZ},0
{S4T3-X7JQ85IE-2275JEUN},0
{T9K4-W9XC80EG-7600GIBJ},0
{Y9F8-X2NM30ZH-9526VDOM},0
{A6N1-P0IB51OU-6543VYFM},0
{D3R9-B5HB61RP-3373EBWT},0
{Q2E2-O0QF90QW-7807GIBL},0
{H6Y2-E7NT91ZI-8195RKWW},0
{Y8X9-S5TQ31AD-5308ABBE},0
{C3D7-M3IN08SH-8680KGYC},0
{H0L0-Z3FD62PL-5618JBNX},0
{R6I6-F4FK07NA-5182ATBE},0
{R7P7-Q3ZO77QI-8001COKP},0
{R6Q0-Z2YI58OU-1439HBED},0
{I3B8-Y0MZ91UO-8578BHDF},0
{P0I2-W6CG22HC-9034CWRR},0
{O9U4-X0JP85WG-2371BPDA},0
{Q4Y4-K9CS88GJ-8267PWPQ},0
{O2O7-E8IF76VT-6498ASUI},0
{Y8R3-X8IZ48DK-5391TSRT},0
{B1H7-B7QM98MN-4227PYGR},0
{E6A3-A9VJ47GJ-9635TUSQ},0
{W5M6-Z9PH21UB-1017TIUM},0
{G6K4-F5WD31JW-8943EIVW},0
{P0G2-Q0PN00DK-7564PBCS},0
{E2N4-W6BF76OC-2187PUBY},0
{G3M9-F9CS30MU-7289AVOR},0
{Z3Y7-Q4DI69ON-1032OKPJ},0
{G5Q3-W8UT17XI-8582TPCE},0
{K9O7-A7IF42CU-2428XYPD},0
{U1Q4-D1GL84QA-0220CEQY},0
{E1R3-X2FU45OH-2630RXAK},0
{I4B5-Q8YQ93HW-3293QZVY},0
{C3A4-R6WZ98UR-5796SYOJ},0
{P3F8-W7OU35ZK-3300YYOU},0
{B9D0-D3IK98NN-8907HKDB},0
{Y4G9-Y6AQ18EY-4709UIYZ},0
{D2M1-Q2PJ62EB-9220FVYH},0
{J8Y9-V9EJ92KS-8927WODR},0
{L5Y0-E4LL83DS-7389DKLM},0
{A9W2-E4BO41NB-3970JURU},0
{G7F3-B6SK32LT-1059GLRZ},0
{U7A5-X6HS14GJ-3882GDHV},0
{J8P0-Y9JJ57CB-4061KNFV},0
{B1M2-R4DA09TW-0948KRCP},0
{U7H2-H0GX62CR-3930LNKN},0
{A8B9-C9GR51UJ-9949WCLV},0
{J5X4-W4RX30ZH-4921NINB},0
{C1E4-S7JG86JV-5587GZRK},0
{Y0W9-E8PB26EZ-2981ZCFT},0
{Y3T5-L1CE21QG-9851NLSL},0
{Z9C1-Z2IY65BT-5287DLCP},0
{C4B3-B5MM25ZC-2144PRGI},0
{B5Y7-L4CL04JH-2647BBCL},0
{R9Z4-D2LU37LT-5280RSRZ},0
{Y3P8-S8TB00PR-6547CYXJ},0
{H9D9-V4MP39BA-0790TJID},0
{N9G1-C5WH21NP-9692YBSZ},0
{I3O7-R2XL19BV-4256XOFI},0
{N2J3-K5SB37XV-3917NVHS},0
{V7N5-J7IR74VE-1701IPCA},0
{X1K0-O0KX41MZ-8817GYTP},0
{E1U9-C9JE13VO-9603IJGQ},0
{D6A7-C7UQ30JC-8979DTMQ},0
{T4J1-H9ZP70YQ-2059TDMN},0
{T6R0-W4YJ87XU-9746GEWW},0
{S7Z4-V2KH26UR-8411YUEF},0
{A4N0-I2NS57GA-3632BFWX},0
{M0U5-V5TR39QP-6269TWSB},0
{O8E9-W8LC77RE-9509WGGO},0
{E2L2-M6GA03WE-8902SVPH},0
{A9Z1-G3ZI84QY-7905USBP},0
{V4H5-W2DH20TA-5827QDCF},0
{O1Q2-K6QV77EX-7089TWIC},0
{L9I9-N5ET19WD-9663PLLX},0
{E3Y5-T1BQ26VC-0746HMNX},0
{T7X7-D1JP53IL-0503KZRT},0
{T4A3-J0NB86HV-0385LPIR},0
{J8T7-Q4DT31TU-1101GTKN},0
{L9A8-B9JY72VM-9915VXDF},0
{W6J0-L9YH04GP-1933SCED},0
{S1I9-B0DL27PU-3175TCEP},0
{V7F2-G6DN68MN-0356MJXL},0
{A1O5-N8NQ81IA-9534IHII},0
{H8A6-J5CB83MH-0719EJMC},0
{Q4T4-G9GG62HC-5749TQSS},0
{U0R8-F3EO94UU-1075OBOX},0
{Z8Z3-D9YI19GU-5342JBMU},0
{H8B6-E2OX31EN-5244VIJH},0
{J1Q5-Q1ZH78WR-1631THWT},0
{P2N3-Z7TC20RQ-0400AZMS},0
{E8D0-E6LB57DU-2585VDSN},0
{E4W5-Y6GF54DT-3791DIOT},0
{B0T0-F8DL91DZ-1515USLY},0
{V4J4-I6VO60OG-0841KNJS},0
{L9R4-G7RN56GL-2786OVYL},0
{A1L6-N3JF36FV-4972WMHH},0
{O9P1-Z2JI00DE-5596EQTW},0
{I3E5-F0PU35DW-8470LAYG},0
{N6Y3-C0JX42NA-8122KFFA},0
{T9R2-I6ZV48LQ-2557KHHW},0
{Z2C7-O3GW25IK-8073RFQI},0
{M8T1-X8SS67ZR-0652QVAS},0
{W9W5-W6LI40DO-3947WTDF},0
{P8P0-V1DZ70SB-0593YPEO},0
{Y9M2-J9SP08FY-8229RXNH},0
{S1T9-H8BD47PE-4347USCG},0
{P7R4-U5JS58OB-4952NSJY},0
{X3C0-C8LP82IE-8720EHUX},0
{B5Y4-O6AB02FE-0158ZMFX},0
{D6A3-W9EK30FH-2902RQGC},0
{H2G4-U4GL15QC-0863OLQJ},0
{Q3W1-D7DO50XY-8750NEVN},0
{V5O9-V3OP85YE-6360VVEU},0
{K1C1-X4QD87PZ-7190BVCR},0
{E0Y8-L3ZM05UZ-4479NGPR},0
{Y9B1-I5AR49OJ-1680JLWS},0
{B3W0-V5HF86IH-3161TVJU},0
{I6Y2-D6SV17II-4463JZBO},0
{Y1V5-I5MK65MX-1727WVZI},0
{P2D1-K6OV31MR-6551CDBF},0
{W6Q8-K3VV71MJ-5769TKZC},0
{J8I8-H4GQ96VA-9623CUKL},0
{R6B9-O2EL94GH-4471AZRB},0
{X7B8-A6CF81LB-8816ZJJD},0
{Z0D2-N0UP97TR-3142DUMJ},0
{C6F4-C9YS57NL-9717PPEY},0
{K5J0-I3CF57LF-8072ORJI},0
{P5W9-E8XV62QU-2946UYBB},0
{O5Z7-Z0HR44OX-0684OGKR},0
{H5A3-N6IS83DA-7886ITRC},0
{T0T8-P5BT01LA-5033QNYW},0
{S2F1-F9JB17ED-2323QBXT},0
{G5C2-G7BO33GY-9911VCEW},0
{T7K1-R1TJ12TX-5110BFOV},0
{K8W1-G8RG00XY-0224NCEZ},0
{V2U3-V8DI09TI-9534SIID},0
{O9H8-X2WN96EU-2270RRWU},0
{J3L0-P9YK12DJ-3513LWTH},0
{F3M8-A4XG04ZG-8131ZHMD},0
{O6U0-S9QL07JJ-1563VGSQ},0
{R5T6-Q2ZK51MC-1776QKFO},0
{T3U9-W3UA91SQ-4035EVYU},0
{N0J3-S9SY82MH-7637GZAO},0
{C8P4-M0TR86WU-3838VLCB},0
{B4T5-B7JG58MT-0227AZMW},0
{I8H8-C6XP02MA-9446LHVY},0
{K2H5-Q8AI71VS-3297XNJD},0
{Y0T9-N8VQ91PW-3196CXOP},0
{U3M5-B3PI07DJ-2518ZVTT},0
{U8N2-T1GE66HB-4902NOJX},0
{K1N6-B0LP37UB-7252TDHM},0
{L9X7-G3XO99EO-8309NECZ},0
{J9A6-W9CI15BK-1050KFCU},0
{X7Q0-B3RB71BC-3518FMSN},0
{G5I5-H3JY69KI-6698MJFG},0
{Z1K1-A4RK37YS-0426TEKQ},0
{W9Y2-T6ZH75CU-2980JXBO},0
{P2U5-D8UI38AW-1006UUHH},0
{G3Q6-E7NC51CZ-3605QNFA},0
{N3T7-Q5JF86OZ-9086FNAG},0
{I2F0-Z9MW69WX-4559ZTMR},0
{Z3G8-B6ZV42HR-1895LGSL},0
{P2V4-I5RF96HO-6531WPGS},0
{J1D7-B9QN53FO-6815CTTL},0
{D8Z8-L6HF51HK-7259DLXV},0
{W0O6-T6YU70QS-8210NZHE},0
{G5R3-E2LL63JV-9650UDAU},0
{B0R4-Z9VG68DC-3344QAZC},0
{C1M4-T8ZJ32CJ-7777XYMI},0
{P1N3-M1NN13AF-5640WQHX},0
{U8Z1-G7HJ22KS-9592BOAW},0
{M5N1-Y2XJ47RO-4854CTCF},0
{O7W4-D8BY88DT-6650ULRI},0
{F4G7-J9NG63CK-8946JIGA},0
{C1Z4-F4EJ52RS-4813AHOU},0
{A4O9-U3NX55PY-6723AQHL},0
{O3J3-X8NR08EC-3075CYYS},0
{S7V7-Q0XX94TT-6327WLDD},0
{S7W4-C6TQ19FH-4248NAOV},0
{X5J5-H7GQ59OU-1557SFYP},0
{L1U2-M2HX87ML-8808FXOZ},0
{M3T0-I2ND96OQ-9773RGIF},0
{M6A6-C0BI44EA-1325IYPT},0
{P0Y4-P7CE91WU-7987UZXN},0
{A7M7-L6HP70WA-7946FJHF},0
{B5L4-B0AU86IN-2131PKRV},0
{U8R1-L5VN27QX-4118WYMB},0
{O9A9-P9BW90IE-4979GICO},0
{B7C5-A2SU52CQ-4329NHKF},0
{R2J2-F2YL48MT-2338UFSP},0
{B1Q4-Q8PG43UO-0037YIHX},0
{P1J8-W9VT40VN-7737OXMR},0
{U0D5-H1CP63FI-2433DUBD},0
{O4J5-G5JM89FH-1305BULX},0
{I1A8-J9CH39TC-2236ZNGT},0
{U9P6-T8YS22UN-6081VWRF},0
{H9Z5-N5LW56SO-1236PQSW},0
{G4K0-C3BQ68ED-5937CLIR},0
{C8A3-I3KX63ST-0050BYOS},0
{F2H7-P1PC58DU-0796WJIF},0
{P9D2-L6BK08JO-5112PIFY},0
{B2F8-C1IK20YJ-5364TVFR},0
{R9D6-W8JJ45MQ-1041YLSP},0
{D5U9-L4AT91XZ-3204SVDA},0
{F6S6-D2KD40IR-5424FCFB},0
{R2M7-R9KF95IN-6524LMXD},0
{X3I3-S7HW98LG-3876BSKR},0
{H0P0-Z9JO36TW-1412EVQE},0
{S9V2-L2NE45KA-9777SHTX},0
{T8W8-C2GG38ZR-0309WUQU},0
{J1H2-I0TU30YH-9069XMEU},0
{Q6K7-Y7SL60LC-0488LAHE},0
{J3A9-F0FU00DZ-6910WWUH},0
{R2J9-I7AJ71FM-2906QWCT},0
{B5H6-D3ZO94IB-0960GTSQ},0
{Z6G5-N9PN25DG-6127DRRM},0
{R6Q3-H5JM34XA-3676XZTA},0
{S2C1-C2EV79QO-0216KMFV},0
{V3W4-Y1RF37ZK-5008MUHH},0
{M1H4-P0VY07XZ-0065DQWT},0
{B1U9-H8VC09LX-1339FTPE},0
{D6R7-D5JV43FJ-9532ERWO},0
{K9X5-O9GG00XP-4615YSPC},0
{C4B4-U1QX97TX-6577HMDU},0
{M1K0-X1ZA87VH-1744UFMV},0
{N8V6-C7YP28FQ-7545DPMW},0
{G1P7-J5OD68VU-9665ASYB},0
{R4S2-L6ZF68TQ-5645NVZI},0
{D9C1-D6RC72GD-3043HXJG},0
{T6R8-H1WY13MM-8474VGLL},0
{D9Z1-V1SK66VV-2311FRQZ},0
{U5U0-C5YH39RQ-5443SWQW},0
{I4E7-T5VR29TS-5050CTCY},0
{O1T6-A3WB87YE-6697EWME},0
{Y9C0-W8DT87GQ-5873COMS},0
{J7L8-F6MK41AI-6245OLHK},0
{T6V9-D8XF88UX-4774HWFW},0
{K8Q4-J2NF87WQ-7572SOGJ},0
{N1H1-L0ON41XX-1566OWPJ},0
{N3L6-O4EV16KW-4988FBFG},0
{H3E6-U8DP80PL-8410YFGL},0
{S2W0-D0NR40NR-9530QXSW},0
{P6F5-J9LR59IT-3917FDQP},0
{Y9B4-B9GK31AH-2787OZSQ},0
{Z3M2-X5VO81WH-6856QIMG},0
{H9P5-K6MZ09GQ-2548KLUL},0
{G4V0-R4WG10VV-4172KYSB},0
{R3Y7-G3YZ11RU-6083TPFB},0
{O4P1-X1WT59NC-8961RVYU},0
{J3T1-J9PQ14IR-8388BLJG},0
{C1S5-U3TL38CC-8080LUIC},0
{M0F6-G1LS12FU-4506TPWR},0
{T9X2-O2DU94JZ-1407RIRF},0
{R7A2-L5KW43EN-0489SZSZ},0
{V8Z3-R7DQ44GU-7262WFWJ},0
{U3T2-S7HE03GF-0557VOMU},0
{P0O5-K7EV22QV-9812YERH},0
{V6P7-A9UD55TI-4550PUGB},0
{K3L6-F7KC81XR-3676EZWY},0
{E7V8-E2FU63OU-4030KWXY},0
{O0H8-K1YI82CD-4248WPVL},0
{G9I6-I4JN54HE-1074UNHB},0
{K8S7-L3WD78BI-6134JJVP},0
{Y9P7-R3FL58YL-7974GCXV},0
{D8P5-H9VY63US-5241ZYHX},0
{V0T9-V1LP43EJ-6906KRLY},0
{D4V0-V0PP41XX-4519DRAD},0
{M7L2-I2BL79QL-8264EATU},0
{H8U0-P0JS56LW-2214XCAK},0
{L8B0-O1XV84XY-5463AXKU},0
{U6E8-X0RA37ZY-8452LCRZ},0
{B6P5-W2FP42LF-9237GXIL},0
{H4L0-G6FY60JL-0344YDPQ},0
{Q5K6-T4WA93LZ-8659MTDH},0
{C7D8-N1GL56XT-3610TEJO},0
{V7A3-M0MK14OA-9069UPPU},0
{S2F1-B6PS48ZK-3730QACY},0
{H4D5-J9RQ08WY-3570CWEU},0
{D7S2-J7VU44SB-4093SCGF},0
{K6I2-P5MG31NG-7002CIXP},0
{A2Z9-W4JP49YE-6725UBHY},0
{B8A0-J6ZP87ZL-9218XZJZ},0
{C3A4-U0JT13GT-5119JWTH},0
{W4M5-Q2PG38AW-8224ZSAC},0
{M8J7-X4OA20HB-4511IRPZ},0
{J5P7-W0FO86CD-8360QTRE},0
{B5Y5-L4AH31US-6192QYIC},0
{D1P6-K5ZQ02IE-7945TBCA},0
{W6S3-F2VF41JP-2838YDHJ},0
{P2L5-V4CE69WY-6558OAWN},0
{I1J8-D0XV90LY-5808GGAD},0
{O6S7-Q9HO93XH-9619UBXM},0
{G8X2-R9PC50UQ-4216JUUY},0
{R6R5-S7DK37LE-3041ABDU},0
{C8P1-X5IK73TQ-8658YTAE},0
{R1T8-G2OY48WC-1837UXNS},0
{T1N8-M3GI21VD-7604WBBT},0
{C1K6-I1HI06ZV-7664FCOK},0
{V9R1-W6II15ZW-9637JQPS},0
{R9C2-X1OF49JX-6273JKLE},0
{H2V0-Q3QQ66CE-1013DVBT},0
{B1T7-Z1MF84PU-7727YBLC},0
{C6W5-D3UA81ZY-7016HIGL},0
{W0Y6-P0KP84FH-9536IKLK},0
{D7A0-B1KO16CG-3943FMTV},0
{H4B0-Q3YD83EL-4067OWWQ},0
{L4R8-F2NB84DL-4739KFDQ},0
{I6F6-P9AW60ZU-1696BKTA},0
{W9T9-N4CT62XX-1724VRBD},0
{Q5A0-B9VS58HM-9536UEOY},0
{I3E9-B9KW76NH-2927PLZD},0
{N4A0-F8RO47BW-5595FWQO},0
{U6Q5-T3OI58PO-7753QDNB},0
{X1L2-I0DU79HZ-1318JKVI},0
{M6U3-R4NR81PW-0594FHVF},0
{A5R4-E4OL63WB-8072QYGZ},0
{T6R4-E4HY19AK-1869UXWA},0
{D2H3-K7DG32FZ-7634VDAT},0
{Z4T2-O7UN21AY-9777TRJW},0
{X6P5-V6FW27JK-4331RALG},0
{U3V1-O5XD92RN-8321LSBL},0
{S2W4-R1TJ05TN-5548PSGM},0
{G6D8-N1IF47GQ-1197CVLD},0
{J5G8-M4YD86UP-1008ZTJL},0
{O0J3-S2YY46KL-5004CIXO},0
{N9V1-A7IW15MK-3165ZBIS},0
{M7M7-N7DA76EZ-9312KXFY},0
{B4Y3-K9GF99SV-1017OMBN},0
{G5U2-Y3GQ02NJ-2382AGWL},0
{T6W2-F9IA27ZU-4330OBZZ},0
{S3T3-P6HJ03RC-7481GMJZ},0
{N3N5-T9IW75GH-9982ETTM},0
{Q8N3-E8NA21ZN-6699ZPPX},0
{N3B6-E6TX40WO-0595ZYUG},0
{N7M9-O1DY31GR-2604RDHW},0
{V1L0-I5JR13FI-8153MFUG},0
{Y9L3-I8IC06OE-9041VUNI},0
{X0E9-B1NS11KU-3545KKRD},0
{A5P2-X6VL36FS-8697SIVB},0
{G3L7-H5UV45FO-0140KLFI},0
{E7L5-X1XD93OY-5190UDDO},0
{A5D5-F9DZ61NC-2213YTTC},0
{W3F6-E3ZG22UZ-1789TSCD},0
{I4R2-A5IJ99XR-6847BWYD},0
{P8W7-W3PA74AA-1510EWFH},0
{P6F3-C5AW58ZI-6124XXZH},0
{J6E0-C3DT05ZC-0091VTBC},0
{X4H1-N2WC57UX-7213QOAE},0
{S9I1-P6IY93JX-5216FTQV},0
{B1M1-Q3OL98VS-0284LWIS},0
{C3X2-K7NT90ED-9932TGOG},0
{G6L8-S8NG73DB-8555EQYY},0
{R0M9-J2PX96OD-8989ZFQV},0
{B3K9-R4ZP84DC-1492GPHG},0
{Y4C9-D8YR74ZG-3085GDEI},0
{P7U9-W4UU90FJ-7203GDQE},0
{D0Y2-I0LT15VV-1008SJBA},0
{L3F6-X5EK00ZG-3900GVVH},0
{Q2T8-I1EK79QQ-8708XWNK},0
{M6B4-R4ZX93MR-5391HPLP},0
{Y8P8-N8AZ94BM-6926YDII},0
{Y4J9-V8QZ96CM-2187BBHL},0
{H5H0-F9JT38WF-5335NGBE},0
{W1U5-G1ML12QR-7264LQQG},0
{X3Z3-Y0AN69PO-1659NNMO},0
{I2N2-S7TV52QH-2837TEAB},0
{B7B2-U0XW33BY-7670IRKM},0
{F4N0-K9UJ04FL-9688YQDE},0
{C6D2-S7OS32JK-9659PRFZ},0
{S9V3-S1PW81YL-4123URTU},0
{F8P7-F1NH60MA-0784ATPH},0
{V6R8-S4PY19MW-3081WILO},0
{Z0L5-Q1DD43RG-3049UXKG},0
{W0Y1-X6CW61XH-0019VORN},0
{J9J3-R1WT86XF-5647GYZO},0
{L6T4-P1UP70GV-9883NLWQ},0
{O1F0-M5BX70FJ-2299QATS},0
{J2V5-N3NG14GH-6218HRTI},0
{C7Q4-T8GA71EA-0686ZWWE},0
{N7K6-F7DJ50IJ-8107HMOG},0
{B0T0-O9HJ20NJ-9843OEQP},0
{M8W1-H4ML25CG-5908AAWV},0
{E9X0-M4AT24MX-9604LQFB},0
{X0Z9-B6MU05AI-2208GQOT},0
{W1W9-G6JV55BO-2999TUXC},0
{S2A0-H7FY14FS-1055BFVF},0
{X5C0-M6YB91ZA-6960LBEZ},0
{F9K7-D0IV60BP-2613ICWC},0
{D5X7-I7OU75BA-7162HTYV},0
{V5Z9-X4QW93JE-4106WMKG},0
{Y8W6-A1JI69GD-8023CWCY},0
{J9T4-J7AP47UD-2796DBTA},0
{C7L0-R9SA88IN-5457GWMJ},0
{F5P0-X8II71LL-9802IBZX},0
{G1X5-U8HN59FK-9717QYOP},0
{C7V8-S9ZY52BZ-1670QYZS},0
{K1J4-T1QY98XR-5192UNDC},0
{E2R0-J5BR09LO-9656AMVE},0
{V0Z6-A5GR26PQ-8365WVOQ},0
{I0A0-X5QK61BQ-2576UNEP},0
{P9Y1-F6CX30UT-5062HDRJ},0
{L8S4-H2DH04MX-4611VXXE},0
{P9L6-Q1SC53CM-7395VGNU},0
{R2F2-I7BC43HS-1433YGNX},0
{Q1W1-T3PT49DM-2748NZKJ},0
{P1F5-M7ST40VG-0081BDYF},0
{G1C8-M1DP62NY-2734PWRP},0
{F3B6-L7SW87ON-1488UDLB},0
{D3U5-X7FP54TB-8846IROV},0
{T4W7-S8YS12YJ-0485MJHD},0
{G1N4-S5XN97RK-9664UENQ},0
{O9G3-V5EY96ZW-3945YWWG},0
{R0P5-N9CP92PA-0746YBCK},0
{K3Q4-X9XP75FF-1376WFIA},0
{V9K1-L1YH74RU-8124BIUP},0
{Q0M6-O6KF15CK-1770HSDS},0
{K2Y7-G2ZZ98PR-5035DUUF},0
{S9O1-N7XF17ZN-6334OKIK},0
{T5U6-F8RF38CM-8404TRQD},0
{O9B0-E3YE21VV-6287HFNR},0
{V2D4-G6SB62IA-1168NDRW},0
{Q0O0-F6VZ14NP-2268WGXK},0
{T4L9-G6QA14HS-2110COTO},0
{E9D1-H8EN66ZG-1086ZOAF},0
{U4Q7-C5TS89DZ-6450YYHQ},0
{U1E5-D6SG57GP-6560HSQL},0
{A3X3-H0CF94LL-8015QGMI},0
{F9X1-U7WI89CI-0841DQUL},0
{D4N1-W2NN02NJ-5907CWGV},0
{Y0E9-H3TL42ZU-2404URTT},0
{X3P7-O1UA12DS-0282XHKY},0
{L1F0-R0TK85CQ-8072GIUZ},0
{P8I5-A4LO92CC-7232YAEM},0
{B9W2-S0NU18JJ-1920RBGX},0
{N7V4-O3ZQ18QE-1209EWLP},0
{X3I2-A4LK17GZ-2678WINL},0
{S8R4-N8ZB67VS-4573JRXT},0
{W3X9-V0RH75VI-9089MMDX},0
{R8F8-A5CD02UG-0542WFEF},0
{D4K8-C6RK07DI-5598QECV},0
{T1T5-L0WS38SL-2104QRGY},0
{G5O5-I0XI40EM-3947JSCD},0
{J6D1-B0LY78BY-5608YZQA},0
{V1W2-T6WJ57OM-3692ERRP},0
{G9T8-X3EK13KR-1344TGUQ},0
{E5B1-J8NX37SJ-6843ZKJS},0
{O1H0-K0TF52KR-2563BHAZ},0
{T0L4-C3AB57XU-9781DJWW},0
{M0M9-X0HY70LH-7592QRFJ},0
{A1I1-Q9OZ82UH-5899JCLY},0
{N9V2-Y0AT71RT-1899OLQR},0
{D6G5-K0VZ18BV-5195AHUB},0
{X8R1-P2CQ34HK-3531LODN},0
{J3Y5-D1AC99WD-5484YGCD},0
{R5J2-W4DT38EL-4235BXSV},0
{P3X9-E5WK75US-2418HXAJ},0
{P3H8-O1UM19DL-6994KNIW},0
{L5Q5-P9YA56IW-3834ETIM},0
{K4Z5-I8UT53AR-9087SAPQ},0
{R8K8-R5PI07WX-7257EDXL},0
{T6B8-Q2GU92RF-4996VGHZ},0
{P8O6-Q2AN33OO-3721WWJF},0
{C5Z1-N6KQ43TY-1494WQHW},0
{A2W0-S5KY18GH-5045UGXG},0
{B0K1-C2AN67GM-9567ZYSY},0
{D5Z9-A8JV18TF-0995MODM},0
{N9Q9-F1NX12VI-2528LGGL},0
{S6S9-Q4PY34UM-2010ECIQ},0
{F4W7-C4CP70TI-1693UZHG},0
{T0B2-D3VJ87YU-6357VNPF},0
{I9F7-C3RY73VE-8819ROHB},0
{J3S2-J2MP80KI-8416RVNL},0
{T7D9-U5LO29HZ-5700OGWC},0
{E0S8-O7PQ10RN-9737VOZX},0
{A2H6-T9GV26YB-2813UZEU},0
{Y0J4-G6XB87MY-9447UVYN},0
{W2B9-E9XZ99DM-4412QKTA},0
{L8B0-P4MI30SP-6554RLTO},0
{S3M6-T6LG66KE-9351VPAX},0
{Z1R2-T3VU21SL-8652YDSA},0
{H0O4-S9GQ07ND-7204RJUB},0
{C8F3-U3HO29DI-8319FRBP},0
{N2Y0-U2DS33OC-7066CAJZ},0
{N3P5-I8VX19UP-9040AQMM},0
{I0F7-Y6QQ07QI-8951LVSN},0
{F7N1-R8XM15YF-8154YQTU},0
{F5B7-M1EZ78TT-5122LXIK},0
{P3W7-N0CN15XT-3481RQMQ},0
{Y6U4-Q5GV65EU-9276LADR},0
{T2W3-B9AD69SB-0593RGNM},0
{N6N0-B4NM60VG-0058EEIX},0
{S2S8-H2WP05QY-5029LARE},0
{Y3J3-K6XB60NL-0145FXPG},0
{J0W9-P0NN48YG-1613QBIH},0
{M7V2-K2QG85YU-2809ZJXN},0
{U4X5-C3VY83NX-8905STXU},0
{G3D6-Z2BP79UZ-3999GNZV},0
{V0U8-Z3FA02PT-9754VZOP},0
{Z8I2-N3ZX60HS-8945NEWZ},0
{F2Y7-B7OF21WD-7663MPRU},0
{O1R8-B4XG78IA-8660IWDQ},0
{B6X6-L4WT79WD-8294IQJA},0
{B2D1-U3XW94RE-5522PJOQ},0
{A1I1-V6QM78ER-3830YOEH},0
{B0M4-J8GB29EA-7562LNUG},0
{A9V6-R1XC64KQ-6511QIFK},0
{G0Q0-Y9LI76ZF-4603BINX},0
{S7J7-P1WM72EA-6586ZAJX},0
{R2C1-O1KW54WO-0175MATT},0
{V1D6-R5UK10PI-3235PMPP},0
{P3M5-T7FH66QW-0861WZNQ},0
{T3H8-Q0TB24HH-6870VVXN},0
{B4L7-U6PW72QY-2368UYJQ},0
{I1V2-C5TE66FM-5289AARE},0
{U3O7-I9BN33IA-9664UGEM},0
{O4M2-W8JI20MV-3685KJSO},0
{Y6A4-H9JJ20YY-7841PLKD},0
{W8E6-O4PG48IN-2959LDJY},0
{T5Q8-F8SJ49LG-8928PXXN},0
{Z9H2-R5HT99NF-0919VDYA},0
{X6E2-K7EK65NP-2999PFKC},0
{J5E9-B5WY39HH-0757KCCL},0
{M2N0-R1FR50SR-9778XRJP},0
{N4U3-H7UG44XE-5777QGAS},0
{Z3M9-Y1UE42KI-2191JPZN},0
{Y5Q4-D5WC75GM-5552SCXC},0
{H4L0-Y2LO84OG-1366ZRPC},0
{E1A4-H7XH11YT-2064PVCO},0
{X2I9-Q8BT55XR-6482QUDO},0
{K1K5-X8ZH72EV-9010XKON},0
{M7L3-S0FS17DX-0682WSVE},0
{D6R6-Y9LT93YE-5218BXLK},0
{B6Q3-C8LC28UK-8783HMUE},0
{I7V6-V7XV17KA-6737BOEV},0
{U4J5-Y8RN20HG-9864BYQH},0
{M7E1-K3PH79RT-6161TFCE},0
{B9Z2-G7OF60IW-7112ZYQW},0
{W2D3-D0ZV09UV-5562TANC},0
{X0E7-J6ZZ71RF-2485VUDV},0
{G5U8-K4FO40VC-8191ECIH},0
{X9Y8-T6XN92MI-7738IYHK},0
{I2Z0-C4CS42LJ-7562KGJR},0
{W7Y8-Y9FH56XT-1190MCJM},0
{A4W7-X9KQ94OB-1450ZILK},0
{K5E1-O0IZ49HE-7274LCCV},0
{B5A2-G5VZ27FT-3997ZHQI},0
{L6P6-Z7JB29BY-2429QIFF},0
{V1O3-D5ET92XY-1439PEYJ},0
{U8V0-X8NU94CQ-7065XXRC},0
{C2K1-H5HK30WG-7632BVIE},0
{B7S4-C1YQ31AM-6077SDMB},0
{W4R9-M4QL67JE-3971ZDWM},0
{D5O9-S4RU62MQ-8882YLEW},0
{O5X1-X2NS84AD-0859JILE},0
{Y0P0-K8JG48NP-2620CNXJ},0
{R6H3-B5BE29HF-1769IZMW},0
{K1D8-Q1IY78DM-3718VNIR},0
{V4F3-W1GN41DV-0067JJOE},0
{A3H0-Y3PB88IU-5461UYVB},0
{K0Q4-D9XN89TA-1305XFEK},0
{L2P2-K6QB46AW-1006HZVH},0
{T5E8-F2VC74WD-9624SSEH},0
{J2W7-H3VV00NB-9538AWFN},0
{U0V1-D7AL42VT-0500GYID},0
{S2M6-Q8UU94SL-8456LYDY},0
{B7Q1-C1GM89DO-9239CNDB},0
{N2N5-U0WG33SI-1714VZID},0
{O1F5-F0TJ50NQ-3498XVBO},0
{Y4E0-R4AU12OP-7957BTYS},0
{A6U1-M6AV95WM-8514KBJP},0
{Z5D4-S0DB61CX-7710INAV},0
{X8L9-E0CJ20LL-0595YDWM},0
{D8V9-P7SW27YE-9076KVUO},0
{F5Q9-W1XZ73CM-9083MDLF},0
{Y6N9-Y5NT53ZW-8143KIIO},0
{Q3X9-U8KK03DP-3755EOKZ},0
{M9L6-L1DI88YN-4213UINU},0
{F3S5-F7EY20OH-7985WBGO},0
{D7N0-X8LK57VH-3174VKVT},0
{A9K0-A3BV20BQ-7452LYDJ},0
{Z6O9-P1JB09CT-6283UNKD},0
{Z4B8-U5KC47PU-4496SZFD},0
{G6J3-B5OR83HS-3871YYCY},0
{M6W1-K6DP86OB-6620ISVF},0
{D6U8-K8EU69OZ-9874NEDQ},0
{C4J9-R7NO15XH-9354AAXR},0
{G4H7-X0SK50MJ-1222DYFU},0
{G1L1-L8CU48MV-6347YDUI},0
{D8H2-D7PR86PV-7524GXLO},0
{A6Z8-Z9XJ56DI-3670RUEU},0
{L8I1-D8AB48VG-0925QBCM},0
{J0U4-V5DW46JY-7288MGKG},0
{W8W5-D2YA18DX-8683EHRW},0
{H9D7-R0ZP65KN-3148OOWH},0
{A9K1-A3IV05IB-8113TGBI},0
{U7N0-O5PQ66XP-5392AEPL},0
{J5Y3-F1YR21FY-4498MRRG},0
{W3S8-X2NR46OJ-3542JPNE},0
{G1D2-O1CM45RH-9186WYMQ},0
{C7L9-A3JY62OV-2548ECSW},0
{B4B1-G9SE42RP-7179YEHR},0
{C5E7-O0TW09JT-1223GLIH},0
{O4F8-N0GD69JP-6877KVHJ},0
{B5J3-H2KJ83CS-2096TZXY},0
{Q5Y8-Y2PK22CZ-5831JPXK},0
{F0B7-L2NJ67TC-9219WWLT},0
{R2I5-J8DZ53JQ-4394RSUM},0
{P9Z9-L4QT71WC-4758MTHF},0
{S9S9-U5FT58BC-3690CMNE},0
{I1F1-F2IL69NZ-6371JMSD},0
{E1S7-S4DF32CQ-7581WMJC},0
{B7R2-P4YF50CV-7519KNAG},0
{B6W5-I1PD11DJ-2010SSAL},0
{U5X7-R7NN44ZW-9689ORYY},0
{X7Y5-X7GQ50IN-0438GIIM},0
{I1R2-C2XC93RL-5088QQCT},0
{W3P4-M4FJ14WG-0114XRND},0
{B0Y8-V0BK09SS-9405YRPD},0
{Y9B6-O2JU78RD-4191XAHP},0
{K3O7-K0XY70NQ-1260UEKE},0
{F9F4-D9HA71KW-8978FROF},0
{W4J1-U6ML81LV-6282FGNA},0
{E5T0-B5KE58IY-2846GRZX},0
{Z6R0-G4BS93MS-5188RYUB},0
{Q5N0-Y3RV87LS-6133WGEH},0
{O3I6-I2DD96RJ-6699UAVN},0
{F0K6-V4UG30EN-0117SLWW},0
{P2G1-C9SF45ON-5437DHKB},0
{A2O8-S2GF12TG-6623KQGN},0
{W9S1-D5UR48AS-5878GNOI},0
{S3N4-G1UY70UP-4519MCYO},0
{H1O1-N6DE96PG-1244DDCJ},0
{O6X6-L1EX12CV-3856MRJC},0
{W2G1-M9ZP77HN-9048WXLW},0
{G7N3-Y4FV13SF-1333YJCS},0
{X4T6-Q5RS00GF-2960FENG},0
{D6P5-X5MZ55OK-9334OMGP},0
{Q1J2-Z2ZF08KD-0916MPAA},0
{J0Z8-X6UX08YV-6838ILVP},0
{N9C7-M0ZL92JX-6497OGRD},0
{G3Z9-J4CW36TO-2044CLTC},0
{N7T7-E8NM11AX-8138VIHP},0
{B4D5-X7TA91AS-4503OLYD},0
{Z1L4-I0JU86KS-2375EMQD},0
{C5H2-E2EE96VY-2552UTWP},0
{X0L0-P0JH94UK-3037QWAT},0
{V1T7-N7EZ16RQ-8447HGLL},0
{Q7Y3-I6KH77NC-1582FDNR},0
{D3H3-N7FM39RL-7905JQJQ},0
{U9N1-R1OS31KT-0446KUEM},0
{M9T5-B0LP31ZK-6246ODBU},0
{X9D7-P7DL86VO-2156AFQB},0
{B4Q3-Q2WS38YE-1503MRSZ},0
{H7V1-O8JI22QY-8645MRRC},0
{E2S8-L6LX43BL-8983BTAE},0
{H9G3-L9MB55SR-5039UHTY},0
{W0T2-G4ZV77DU-1067UUZC},0
{J7G5-K2MA32QL-6358SWGX},0
{J5R5-N3AO83GG-5344JBOO},0
{C8Q4-V0TX17NN-6304AORK},0
{U5S3-Q1ZW59MA-5958REWC},0
{K7X7-C1TU63EB-8757SASD},0
{H0B3-Q3AU78EQ-4177NOVQ},0
{K7D9-B4YL56DF-5800CLWQ},0
{B6Q4-R3NS29DV-0469PPCY},0
{I0K2-Z1EU08YQ-5848RLHB},0
{M7P5-G1TB98VA-4315PGYN},0
{Y5R4-P4YA40JN-9434STXT},0
{L8X3-W9RN68IU-8698QARZ},0
{R4O6-J1RT52XC-0456WWBR},0
{T4J9-O0SP51SX-1122FHYA},0
{C8F8-V7CI89NF-6373TUHX},0
{J7B1-N3SI09BI-3211CVBG},0
{D1Z2-S9OS13GH-8829COIA},0
{Q9O2-U2OH49PL-1545VPEO},0
{D0N7-Z7GY21KF-7360VZZM},0
{X0D8-G7AH28SC-9113ILDC},0
{W2H6-Y8PJ04DG-4705YALX},0
{L9P0-K0OV14SH-5981NYGX},0
{W2T2-F7AI19LL-1962QJZE},0
{B5D6-R7EA07VQ-9230OJDS},0
{J0U9-S3GW94EH-7462JWKZ},0
{H1M6-V5CH12TZ-0109GOWA},0
{Q0H4-G1PX50JT-4295YCTF},0
{D9O5-X7GF27HG-1986HUFG},0
{T6F1-D7CI31BO-9223MRWK},0
{T9Q3-V7BY94XW-7615ZIIB},0
{G5R4-E9QM71BC-1678VLOL},0
{W0R8-L9SN10WU-0605CWBP},0
{Z5O0-N5YP70KU-7862RMYY},0
{N1H9-I1NE73KL-3027NAGO},0
{Q3D2-I0RE39YW-8656YEXH},0
{A1J2-W5DE32LC-6419KOBG},0
{F7N7-P3OS11YI-4665XBSL},0
{L6W7-E1EZ32QU-7736JUJR},0
{D4P7-C8VF82AD-5772QDAN},0
{D3Y0-T4TX58GM-6809WRUY},0
{U3C2-A6SN29VX-1549NQGR},0
{K4S6-W1FN81QO-4594EONS},0
{K7G9-G7FR02ES-4003ZEHF},0
{L2L1-Q2RK23ZV-9312VRYW},0
{X3V0-S9JN65UM-5259FTXF},0
{P4Y7-O7KX25QO-6820QZOO},0
{K5F1-I7VI43XS-9783UERC},0
{W0G4-Q6LU53HX-3459UHYX},0
{K2V0-P4EL27FY-6078BQDS},0
{X0I1-W4VZ23ZQ-9303VAYF},0
{J1K4-A0GX24VT-4716LWFD},0
{K3F9-Q1OL49GH-4931ZBOI},0
{Q4H8-C8JI01CR-4890IAEX},0
{S9L9-Y9AJ30LP-5124ZNBU},0
{M1G4-Y9CY50EO-5841GVKE},0
{O8T3-J6WL02NX-0132WQWI},0
{Y0F8-H6YX38IM-4110YAFO},0
{V4W0-F3GN31BH-1292CUAA},0
{Z4S2-D7HL71GI-1719UQKJ},0
{T1U6-A3YO42BW-3469YLRN},0
{J6J2-Y4LW44NV-1671MWZP},0
{I4X3-U0MR73FW-1638LSAM},0
{P2U0-A7BP25AW-2190EBZI},0
{Q9O8-I3BY71AF-3408IIAZ},0
{M8A2-O9NC75OD-0818PSEB},0
{R9S1-M0PN51LC-8545CIGN},0
{Y6J2-I1QW01TH-1396LPUU},0
{I7Q7-O9OW22CY-6120KVPX},0
{G8J2-A7MM36TA-8168JCWX},0
{P7X6-X2IG36EP-3622RYIM},0
{A2D4-H9GS10XZ-5368PPIB},0
{T6B2-U3FA24KF-6346DNPN},0
{D3O6-Q2QM87OM-7518WSFD},0
{C7Y6-V2UO71VK-0246DFDM},0
{B1A1-G1FJ20YU-5377KSFE},0
{A0G8-Y8GZ48HU-0877SMID},0
{W4N5-D8JM60TV-5065XJOX},0
{M4X6-U8PW21CE-1291QGRN},0
{S8G3-H7FO47QL-3673JDWE},0
{M5J8-B1SB48KU-3488ZSFO},0
{Z8I5-H6SG45VZ-0744TVCL},0
{X0N4-C3UV66EA-0460MTEY},0
{J1R1-Z7SO22WR-4316SVHX},0
{C1B1-D7RC19PX-2988UKLQ},0
{I9K2-U8UQ56TU-2714OJFT},0
{Y6X0-C1XX24KG-1253TQIR},0
{L1W2-U9VU77WP-1624WYKG},0
{B7U1-M0UZ99EK-5696TXAO},0
{X7J9-Z9ZE78SH-6622BYRJ},0
{M5G2-A7NJ48TH-4937VEDH},0
{W9E4-U6FP07CF-5267FLRY},0
{M6F4-Z1BO43OL-8819DHJM},0
{M1I7-L1AP48SP-9806BVNI},0
{Y4T0-O9TK29DS-4844NKNW},0
{T1E8-C2KT02DA-5544EZOZ},0
{A0C0-K0QA61LM-1747IDML},0
{R7C6-L1MX56SL-6424THEF},0
{A8K2-V7BM87GU-1616ZUWN},0
{U8J2-E3KQ38KY-5667PAER},0
{L3A7-T3VV00LZ-1211ACYU},0
{A7J5-R0YW59KB-8264AKGE},0
{C9K5-Q2ZT67KZ-9949OWOY},0
{J2A0-G5CA53GT-5402KYCT},0
{C5A1-R4QJ82HI-0449TUNM},0
{V2S4-W3IN59TQ-9628TUZO},0
{M6R2-P2TT38MH-8683XCBF},0
{X0T7-C3UA34AX-6117YVBR},0
{V6F9-G8BI18JX-9570CMLW},0
{W4A7-O7RI77CP-2340EXIH},0
{K1D9-C0RC79LT-2952XLQI},0
{M4F7-D6WQ25HL-2348VCZY},0
{Z0C9-A1WB18QC-9422BXMF},0
{E6Z5-F0CF20WA-8682KRQC},0
{E2S9-I8IB45BM-6313FOXP},0
{V9Z3-T9ZD01PT-9610MAHC},0
{A2Y8-Y3OX36QX-2390KCKD},0
{G3V4-V8UR80CZ-2588SKKK},0
{R7T0-T6VS49UQ-5484JOYY},0
{J3S7-H3XV36MZ-7395MKSO},0
{T8Q3-N7NJ87ZS-2055CEAS},0
{H7Q5-F7IY29RT-5651RIXQ},0
{Q0K3-Y9KD75KR-8516FPCP},0
{P6W1-P0YZ59MP-0023VDAT},0
{Q9E6-G1UR13OF-4466XIKJ},0
{E1W0-N5JY79QW-8431ZRAX},0
{L6Z4-M8DY62WS-8294XKJI},0
{A9V9-Z0WM70BQ-4194SDTC},0
{F9T6-I2QI33OX-7611NKXY},0
{X5C3-V1CB26BX-0313APXB},0
{B3Y6-B8BX09RK-6237BPLJ},0
{G3P8-Q3MV96AO-6547CPPQ},0
{O7X1-M0SJ49VW-1877JNRQ},0
{R4Y7-T2AZ71IW-8358XDNB},0
{V2J0-H5FF08AD-8024XMSQ},0
{N3K8-F5JH43PZ-1875NGTU},0
{S5B7-Q6AG98AM-1940SNQL},0
{G4U2-J0VK74WO-2823XXQO},0
{X2F2-E6BJ69SL-4838WEWR},0
{W5U2-W6CB58FD-0209DXWO},0
{G9S2-Y5GS56AO-7373ASCK},0
{M2J8-C5RY97HH-1429ERLQ},0
{F7I6-C9FZ36BR-3445HJDV},0
{K8A8-N2WB95IQ-4087KYIN},0
{U1J6-M0NN17ZE-1421JOIZ},0
{X9Y6-N3VR57KI-4668OMOG},0
{W0P7-Y6CJ04SQ-1298UKDB},0
{C7C0-W2TZ62UN-4987VEPC},0
{R3F9-N0KM80CN-0081FFGB},0
{P7Y2-J7WA20JU-0391MNQJ},0
{H7J2-Y3JM21NP-1408MQPB},0
{L8E3-R1YY20EJ-5387QQLR},0
{B4Q9-X4NH13FC-5961TRYP},0
{X2L1-M5QJ17YS-0232KALZ},0
{Z9I0-I5IZ34BP-3347SOGJ},0
{F9D5-U4ZP65CG-5359RUGU},0
{K5H8-B0ME12WS-6173ECPX},0
{Q7G7-X2GE75LF-0611MUOU},0
{J1A6-C3HN42TE-4489SHBD},0
{J6Q6-U1JS28CP-7462MNFB},0
{L2A5-S6RK83XQ-3730JEAT},0
{D7K3-G8SD34FZ-4538ZNVA},0
{J5K5-P4DB34SA-7734EPRV},0
{P3R5-P6QP61AP-8917FQXM},0
{R2Z8-I8IR27YX-9348UMKR},0
{P9X5-S5KO72ZQ-9789VBID},0
{Q6P2-W0GL58KO-0685NISB},0
{L4X6-K1WC69KX-1756RKCT},0
{L6U6-F6DF58MV-7970TKHW},0
{J5O6-Z1QW97BK-7149VVCQ},0
{O6P1-L1LW95UR-2323ONXS},0
{P8F9-H4RP87KZ-4235WQZB},0
{C0E1-F6NS59IP-2224RAEM},0
{J9L2-O7BF47LE-7993ZSVW},0
{H4M8-D2GU12ZV-3160ENCK},0
{R7U4-S7PE06ZH-7274YWHL},0
{J0Z8-W3LX74LT-9458ZHCE},0
{E1Q5-T1MY75AL-9170WUZF},0
{Z3R7-S0FJ58VC-3638ZGZB},0
{J3V0-C4YA91OL-7057TIJQ},0
{C9A2-X2WF11WW-8060GQVX},0
{W8C9-D6CT96OZ-3191UCNC},0
{T8C0-M5JK51VS-5453IRYH},0
{E7U9-H3UF43JE-0146JTTX},0
{Z0H3-X7VZ99CS-6861RTIW},0
{C6C2-Y1FM90QC-7462LEVC},0
{D8R7-C8GW90FF-4026EZBK},0
{B9Y1-B3FU26RT-1828KSVK},0
{A0A0-M2HX09HU-4035MUPK},0
{Z0A9-V5TY82PE-9785GEYI},0
{V2S1-M1YY30XJ-1539SQFI},0
{Q0S9-W6FA96RG-3776XKBI},0
{W1H7-E3JR91FV-9644JAYR},0
{X3N6-P4IL56LY-9917CDSU},0
{Z1V1-D0GY42OW-5439NFBC},0
{M9H7-S2EO22CS-5400SXDT},0
{S3Z5-B7NZ62ZZ-7601XLPD},0
{T9L3-P1KP64RH-0322QECP},0
{J2O3-Z2SK19RE-4565MZMT},0
{V6H7-B7JM76AM-8091YIPE},0
{D3E8-U5SS98KR-9907KOCE},0
{B3S5-M7BN57HE-5265YTOT},0
{G8M4-C2XU03WK-0154PETE},0
{D2I7-P4RI56BY-4382AFLD},0
{L5P6-S3AH36OW-7909LKCI},0
{B5N7-A3RE21QX-9635CAMX},0
{X0T6-O1OH92RC-4709LVLF},0
{E3A3-M8OQ41EO-7189EWSZ},0
{A3L2-N5ER79TW-1807HVNI},0
{O5H6-J6VK40JU-6262DDFP},0
{T3U2-O6KX84SA-0152CXRX},0
{P9Z9-I9UX03PQ-4444YTGA},0
{Q8O6-Q2BH79BD-4137GASR},0
{G4D3-K2DD10FS-2335SHVK},0
{M6V4-J8SQ40RS-7898EHUW},0
{C9D4-O2VM27OR-8711JXKX},0
{J2V9-S9RH40BW-7639DHYC},0
{R8Q3-N4XW51MY-6893XZWM},0
{H2B3-K5NS47KK-3025SKDW},0
{U2W2-Y3PH13SR-6281WGUU},0
{B1X5-Z9QZ80AL-1725QMDH},0
{N3I4-E1DR67HP-2451BRSP},0
{K0G9-B1JL41PS-1756RCME},0
{D3P7-A2TC89CL-4804AYFT},0
{Q5J3-B6DA94NH-7972GCKF},0
{W4N3-Z3BN79VG-3201TGTH},0
{Q0O9-M5DH46EX-7179SSNU},0
{Y3D3-A7OT60VP-9341XXAO},0
{J4M2-D6KG67XV-5110NRPE},0
{Z2O6-Q9WH48SD-3475SWNK},0
{Q4A3-W0LW05KB-0724JODM},0
{S8U8-N9KN95QH-0817HNSB},0
{V3K3-Q7YC46GN-3198REDD},0
{R3T5-J0SW92AT-2732YFLY},0
{V7E8-R8IW66OJ-3867LWWM},0
{F5K4-K2DK55UE-6114GHIX},0
{U3L9-S1ZD90WE-7214CWOH},0
{U1M3-Y6OQ43JH-7888RYIC},0
{X1G0-W8HA01KD-4106TREC},0
{R2D3-E8SE70OW-1176UKTV},0
{A2K1-P9NG40MX-6624AFTE},0
{W7U1-R2CA02ZX-5905JTGI},0
{K6T6-V7KI29UN-3296ABJK},0
{C5A3-Q0RM04VB-6636VDOU},0
{U7X4-I6GH60GS-0435AMDJ},0
{W7W5-U6UJ90HM-8274OYLF},0
{G5M8-T1QW53AB-4266XCFV},0
{E9W1-P3JM71GH-9392BRQB},0
{P0P2-L8NN73AU-3618PDLR},0
{B6I7-D2XO62GY-5927ZBTU},0
{L7T7-H3DX67LR-5955WAEQ},0
{O8M8-F4WL30GC-9767PYLI},0
{P7S2-M3WR88QI-3787OCIG},0
{X1T3-H9XR60ZB-3074WREK},0
{S1I6-J6LG26GE-3828YTIR},0
{T3X5-R7LL20AZ-0126OBIN},0
{V5T7-S6DK07CS-6670BRRX},0
{H4Z8-B1PA31TX-4496MUER},0
{E9D3-X9ZV25AS-1572WBDX},0
{I8U3-A4FX72UW-8176PKAH},0
{S6N5-L0TS14KV-5331XDLB},0
{F8F8-S0EQ25ME-5366FWGC},0
{S1N1-N7WU05FW-3801GRTV},0
{L1I5-S7VH20JE-9257BDIX},0
{R2G1-A6VB72YA-8645SULS},0
{J8O5-J2YT69CD-0181WRLX},0
{O0F9-J6AW90OR-5709XNFP},0
{S3G7-A7RR09IQ-3009OZAK},0
{E3U3-T1EZ64VJ-7247ORIQ},0
{A0E5-B1OF90VI-9584UWUX},0
{S2K9-T6NU02FM-5522OGXN},0
{N0F4-W8KB83HK-8972OHFR},0
{Q7M7-W0AT82WW-6148PHYT},0
{T5U9-O0TU83FQ-2020NIQZ},0
{A7A1-K9FF88MH-4914OPIR},0
{S1U0-G3QG64NI-7113KYVR},0
{M1M5-U7HE07QP-0650KOPJ},0
{P2Y9-H5RP00HX-6946FRSK},0
{W6C5-P8TG85GG-5480LEAF},0
{E3Q2-P2LB39ZF-7604HUFQ},0
{E5G6-O5FR97RX-9991PFML},0
{C3V6-Y2NT93AT-6438LORA},0
{Q2E1-S4JV99ZE-1902IVUY},0
{Y7Z3-Y4WH60CQ-6455CQBN},0
{E0V6-L4KT51KN-7966TGYZ},0
{Z7O0-T7FQ16FE-6547FYZY},0
{C9E1-Z9FP09GY-1400RMGG},0
{B3Z5-Z8EZ08GK-7571PBTC},0
{F4H6-D4PX69HZ-1972DNXE},0
{Z9L5-B3YD59YM-9922BVWJ},0
{Z8R5-W6BV62UO-7716UUMG},0
{H3Y8-B9ML00VN-9171VDUJ},0
{B6L0-X1GD98QZ-3818CAFO},0
{D0D1-N6LT67PM-7900XPFZ},0
{W3A4-O5AQ58RW-2861YFRE},0
{E0D6-G5GF01WH-9026AZXP},0
{B7G9-Q0HT16PR-7977RERS},0
{A5T0-P6CN78HC-2582IUJI},0
{P9R1-G6ER18TM-4563SPNA},0
{H2F5-N7VI32UE-1145RCYI},0
{S7E0-I3VP40DT-9037LSYU},0
{Q6U7-L7UV54HN-0987GEUM},0
{G1F1-O1HB73BL-2142VSIT},0
{F9N4-A5WA25OJ-5733FYZR},0
{G6U2-R0ME12AX-1267SAQA},0
{O2B0-M5WC65LB-3066YOFG},0
{F0E0-W4IF06RQ-7485FOBC},0
{D4R7-M7FW99NJ-9768INTJ},0
{G0C2-V0QB76ZM-1504YHSJ},0
{C7O1-Y0TR89ZO-2320FALV},0
{Q4U7-P4TN83VC-1729NMVL},0
{Y9X1-B9ZR67OT-9546QZYB},0
{X8J3-P8LR57BX-6655EZFO},0
{A7D3-P6LU89WX-6565XVUT},0
{E8B5-Z9XW10DK-2127MEAA},0
{E7J2-L0JA04HL-6624DFST},0
{S3I6-Y1ZX44IN-0853WQLG},0
{E2R2-G8UG09XX-0250KDJP},0
{N8K9-F7WP71LA-4457QKVV},0
{L1D3-K5IU26GU-0201IZUY},0
