user_hash,day,total_events,unique_pcs,canary_hit,logon_count,after_hours_logon_count,usb_connect_count,after_hours_usb_connect_count,url_count,after_hours_url_count,unique_domains,work_duration_hours,context_score
012fb52705cf3c18e19ff7f562c781dcd1736f3e5615ace007e35dee4740f412,2025-01-01,9,1,False,1.0,0.0,0.0,0.0,8.0,3.0,8.0,9.7,0.15
0604919ff2aebe087b97959084f1fffe2fd89b7e92f8997d6249f5617f0ec041,2025-01-01,10,1,False,1.0,0.0,0.0,0.0,9.0,0.0,9.0,6.35,0.0
0b9c9b2a643d502fb0470c0e2d25bd40592ae24d88e27a9cca008632f6491e86,2025-01-01,12,1,False,1.0,0.0,0.0,0.0,11.0,0.0,11.0,8.566666666666666,0.0
0bc6fa557a874432991fb3bef6cc8fecfed275284ca1549c6f502f2f2f86388f,2025-01-01,14,1,False,1.0,0.0,0.0,0.0,13.0,4.0,13.0,9.933333333333334,0.15
12881006a16563a03436c3185999cce893916a7f93bd295d9e51c610390a5400,2025-01-01,10,1,False,1.0,0.0,0.0,0.0,9.0,0.0,9.0,8.033333333333333,0.0
13cc67e7ae2b0731f9c20a2adb450d0ab125f700d392f08a01f5019b4da3be89,2025-01-01,15,1,False,1.0,0.0,0.0,0.0,14.0,0.0,14.0,6.083333333333333,0.0
1481a18bb91c683c9f0e63a3c1ffe035a67c1ee64eae546985a4caedd691f154,2025-01-01,12,1,False,1.0,0.0,0.0,0.0,11.0,0.0,11.0,7.566666666666666,0.0
1481cde120f4ec5a6626478c9222dacd947d0d027e33aa5175c391d3f10b05fd,2025-01-01,8,1,False,1.0,0.0,0.0,0.0,7.0,0.0,7.0,4.133333333333334,0.0
18757c67dbbb1f193d93dfd2c81d93f261d3cc1ab2b6b4a27daddb2a42f0c1e2,2025-01-01,8,1,False,1.0,0.0,0.0,0.0,7.0,0.0,7.0,6.233333333333333,0.0
1e13a5c6539e75908d998e36f94f2baee29b17d341286f7a2af3163b528a2fcc,2025-01-01,16,1,False,1.0,0.0,0.0,0.0,15.0,0.0,15.0,6.533333333333333,0.0
1e813ac9d9c5fbfa50cba6f0032edaff8652f398c5508cc13faa4cc0af6fc3b9,2025-01-01,16,1,False,1.0,0.0,0.0,0.0,15.0,0.0,15.0,7.133333333333334,0.0
1fddb883469b0cd0365153a0ebff0dbefb2b5a252dbaf2b9795ad45003650dcf,2025-01-01,8,1,False,1.0,0.0,0.0,0.0,7.0,0.0,7.0,8.1,0.0
227b301943873690ead2973a5f7d43ef587dc58b46733368a3f16daf8db98925,2025-01-01,11,1,False,1.0,0.0,0.0,0.0,10.0,0.0,10.0,6.633333333333334,0.0
269b850943bbddfb37b8186af3d0cd154525f08057e450bdb93ab26f06b9758d,2025-01-01,7,1,False,1.0,1.0,0.0,0.0,6.0,6.0,6.0,2.2,0.35
27ef13206d1090bf126d0f8dd08b66cc346b18eb199192600e14cdc52d7c9a35,2025-01-01,11,1,False,1.0,0.0,0.0,0.0,10.0,0.0,10.0,6.45,0.0
2b4a1e95204243f32c7235a27dbeae5a0e9d42da4c762132ac84c0817875d614,2025-01-01,8,1,False,1.0,0.0,0.0,0.0,7.0,0.0,7.0,5.316666666666666,0.0
2fdc8fb359ca03d047fec4ad4d7f3b9cfc23ebf54bee30aec8f1a6431bfd0d6e,2025-01-01,14,1,False,1.0,0.0,0.0,0.0,13.0,0.0,13.0,6.55,0.0
32c184d9780b5545a856a0a366a71b86deb3a80c4dc92142aaf6bb3437c336b1,2025-01-01,16,1,False,1.0,0.0,0.0,0.0,15.0,0.0,15.0,7.35,0.0
34977907ef51b1295028838fb56ded6159cee0d58c3200a0276324aac366417c,2025-01-01,16,1,False,1.0,0.0,0.0,0.0,15.0,0.0,15.0,7.683333333333334,0.0
3634cd4e250467a39545675e2f7386734815df9c667903c8c83b43450723a792,2025-01-01,15,1,False,1.0,0.0,0.0,0.0,14.0,0.0,14.0,6.983333333333333,0.0
369a478c83b6f436dd9aade49d6289f250e18ec2a71b9552d7d9bb884bb2b586,2025-01-01,9,1,False,1.0,0.0,0.0,0.0,8.0,0.0,8.0,7.6,0.0
3c32c4971223e549c349880665fa1e81f054571faf44435a8071b4de6b20dffb,2025-01-01,14,1,False,1.0,0.0,0.0,0.0,13.0,0.0,13.0,8.35,0.0
3e05c7d4c2f91af414e809d408787184297b351d1907c225f6f1e75fbec1f3a3,2025-01-01,11,1,False,1.0,0.0,0.0,0.0,10.0,0.0,10.0,7.666666666666667,0.0
44e2b71da8273f1b00b9ec55361a1e542f6812bce0acd27214d62e7de86dd6d0,2025-01-01,10,1,False,1.0,0.0,0.0,0.0,9.0,0.0,9.0,4.783333333333333,0.0
4620b38a9a7c0abed1e91cfdc3926234d098446655b643be9342b610365aa1b6,2025-01-01,11,1,False,1.0,0.0,0.0,0.0,10.0,0.0,10.0,8.666666666666666,0.0
49b020eb7c127b73472cb4fc893577b87b48690b941ca1067751e5a6e3eab262,2025-01-01,8,1,False,1.0,0.0,0.0,0.0,7.0,0.0,7.0,6.866666666666666,0.0
4bef524b2f19749989b990b1af1747f137bfe1d7fbf78fa1358ddfc45b247cf1,2025-01-01,8,1,False,1.0,0.0,0.0,0.0,7.0,1.0,7.0,8.4,0.15
4ef80c0c47503cd20d3a8157080fb28f38e6524b33375c23d5fcd98a2f64545e,2025-01-01,9,1,False,1.0,0.0,0.0,0.0,8.0,0.0,8.0,6.25,0.0
5088fc658035905665368960c940882faf61610a4e1ce57a24c6ffc946f0f5a8,2025-01-01,15,1,False,1.0,0.0,0.0,0.0,14.0,0.0,14.0,8.15,0.0
5379232fec078f04af386b787ed0dc69b2a455a27e52e901c773a11d2d0bce7f,2025-01-01,10,1,False,1.0,0.0,0.0,0.0,9.0,0.0,9.0,8.616666666666667,0.0
53a03335d3716bf67d3ed781065280a46863f8d947c2492c4e33cce33f4446d2,2025-01-01,11,1,False,1.0,0.0,0.0,0.0,10.0,0.0,10.0,7.566666666666666,0.0
603fcd2b8449630833d1b6c7313a10e8a2176025a45ca54002988df4de8536dd,2025-01-01,7,1,False,1.0,0.0,0.0,0.0,6.0,0.0,6.0,6.55,0.0
61127469ce0c27e2d19e0e5ecece9227e60515e12a899bc8bbc29e1c8f68a78f,2025-01-01,14,1,False,1.0,0.0,0.0,0.0,13.0,0.0,13.0,8.45,0.0
62009223daa0ff462d9b377b2b31f5c85b4e95caf611f5339cbb2b5e1dc9cab5,2025-01-01,13,1,False,1.0,0.0,0.0,0.0,12.0,0.0,12.0,8.183333333333334,0.0
620ea76a7f314a9faecfaadf110510d2abcf73e79e56e93b476e80794b9e251f,2025-01-01,11,1,False,1.0,0.0,0.0,0.0,10.0,0.0,10.0,5.8,0.0
685e9623979d1c18a11af39701aaf24188e1a40aee4c205c4d3220d26708793d,2025-01-01,16,1,False,1.0,0.0,0.0,0.0,15.0,0.0,15.0,8.433333333333334,0.0
69295bad69cbd357f13dc891b598791ab746ad0ed9cea2f9da57019f70c847b6,2025-01-01,6,1,False,1.0,0.0,0.0,0.0,5.0,0.0,5.0,6.483333333333333,0.0
6ac76fd52b6451030fdaa8cce0d1126104c034aa0d6cff3c078311dce03e36e5,2025-01-01,15,1,False,1.0,0.0,0.0,0.0,14.0,0.0,14.0,8.366666666666667,0.0
6e0553bc94f1b3457a68943cdeb271536fa0ca87652900b8c47b6b4e2eabc4b7,2025-01-01,7,1,False,1.0,0.0,0.0,0.0,6.0,0.0,6.0,4.433333333333334,0.0
71c200742f059a8380e2f3dd53ca613e2cdd705c24898e5957d46fefeff67336,2025-01-01,7,1,False,1.0,0.0,0.0,0.0,6.0,0.0,6.0,7.25,0.0
768115c2eaa5bf872b6f73af67403e31127811d5dfdaa65f5998e7f57a6be1ca,2025-01-01,6,1,False,1.0,0.0,0.0,0.0,5.0,0.0,5.0,7.916666666666667,0.0
77a935bf01e27db1c86c62c6082710b6fe7046028279183cc90fc11b5a21dd3c,2025-01-01,15,1,False,1.0,0.0,0.0,0.0,14.0,0.0,14.0,7.483333333333333,0.0
7b291901ed6fc90c51c56024b33122026451c19dfa4736a37621d21afa86ab5a,2025-01-01,9,1,False,1.0,0.0,0.0,0.0,8.0,0.0,8.0,7.666666666666667,0.0
7d64092a6e7dfd07913942876a0c314955bce8dc9fcabd12166bcf1ad5666185,2025-01-01,6,1,False,1.0,0.0,0.0,0.0,5.0,0.0,5.0,6.7,0.0
7faca1558937aea9797473b24d153f084fc8bc52e7e16da8f8bf4c48b587b358,2025-01-01,15,1,False,1.0,0.0,0.0,0.0,14.0,0.0,14.0,7.883333333333334,0.0
806e62fd6dd962469b9425c2f7b2550582df8623e5c711ade163292a626414aa,2025-01-01,15,1,False,1.0,0.0,0.0,0.0,14.0,0.0,14.0,7.1,0.0
85bf8422bdd496aa90249b85acbd42b16a6a0ed3121a586f0bcc607d16d09d80,2025-01-01,10,1,False,1.0,0.0,0.0,0.0,9.0,0.0,9.0,8.116666666666667,0.0
88b53efa4c89ad7a3d90cf3c01046d714f1adff9827d0eb5754b4ef76c64f039,2025-01-01,12,1,False,1.0,0.0,0.0,0.0,11.0,0.0,11.0,6.566666666666666,0.0
8eb9feaf80cb3b47e639148a128ff9ae2b814462106966998a7656825b71fa7d,2025-01-01,15,1,False,1.0,0.0,0.0,0.0,14.0,0.0,14.0,6.45,0.0
924ed1bb3874124ad2e307aa33a7e5791cc81dd30c0c079d54cfc1ea14ee310a,2025-01-01,12,1,False,1.0,0.0,0.0,0.0,11.0,0.0,11.0,7.683333333333334,0.0
939b9328b580200251e640b1f2170850525f4fefe336c98f053407a0725f9849,2025-01-01,12,1,False,1.0,0.0,0.0,0.0,11.0,0.0,11.0,8.1,0.0
9a31e4091d5c4c7fb8b9377b091ea9caa9cf26c36e62547a85992d9e109b1b9c,2025-01-01,14,1,False,1.0,0.0,0.0,0.0,13.0,0.0,13.0,6.066666666666666,0.0
9e007677846640b2acc599b1d1d498a20ff8260eeda2d49338e3b6ed111045a9,2025-01-01,14,1,False,1.0,0.0,0.0,0.0,13.0,0.0,13.0,7.466666666666667,0.0
9e7a5e914136e41ca82c366fd529e02d961e7ed1a6019ff724f06dbe447fbb88,2025-01-01,10,1,False,1.0,0.0,0.0,0.0,9.0,0.0,9.0,6.7,0.0
a8848b387af6359642c71478f693e4643381802ccc97f2b0c353264d7729405c,2025-01-01,12,1,False,1.0,0.0,0.0,0.0,11.0,2.0,11.0,9.433333333333334,0.15
b55080c0db11860ea934ecf297a13cf247817b3e34562a5897c18ff2cfa07f07,2025-01-01,13,1,False,1.0,0.0,0.0,0.0,12.0,0.0,12.0,7.716666666666667,0.0
b66c51931f321cca81cc9195f90b3174ae82ebb56c74459770f7800e347ca3b0,2025-01-01,11,1,False,1.0,0.0,0.0,0.0,10.0,0.0,10.0,8.566666666666666,0.0
b8e6c17d68aafa670b598b1cf0c0bd73a2937d6abb11055fded76b5e53231165,2025-01-01,9,1,False,1.0,0.0,0.0,0.0,8.0,0.0,8.0,7.366666666666666,0.0
bc60389887dd911a09f472d0f840e5a268d310cd13f422bfc6f811eb916ec82f,2025-01-01,13,1,False,1.0,0.0,0.0,0.0,12.0,0.0,12.0,6.333333333333333,0.0
c2fa44374f0aab02cb57c9ed348bb43c1fd456bfdf5b296c4f72174a002cd27f,2025-01-01,7,1,False,1.0,0.0,0.0,0.0,6.0,0.0,6.0,7.6,0.0
c5a8e30eed6744da0b641f474ebb407a75bc6fd07bd6e3c7aeb522c884dd456b,2025-01-01,10,1,False,1.0,0.0,0.0,0.0,9.0,0.0,9.0,6.233333333333333,0.0
c734a9d4fd20facb7d4e2f69c7a7be0a0263956653fc71b8d25ad3ed7a1ba446,2025-01-01,13,1,False,1.0,1.0,0.0,0.0,12.0,1.0,12.0,6.483333333333333,0.35
cb50b7517e0741a49adb67908546647f1da3398d8c72f00f00e9ba111909654b,2025-01-01,8,1,False,1.0,0.0,0.0,0.0,7.0,0.0,7.0,7.4,0.0
cc4113bc0f389ec5987bdc5cae8e94c8c01f0c5e127a5fc2b0ef752d7226c0ca,2025-01-01,16,1,False,1.0,0.0,0.0,0.0,15.0,0.0,15.0,7.016666666666667,0.0
cca321773f148695c0ffc5ed365db650aadc5ecdd13b4ddb3e6b57f38bf5a719,2025-01-01,8,1,False,1.0,0.0,0.0,0.0,7.0,0.0,7.0,7.566666666666666,0.0
d111a1427a39ed7f2d2483db714c5e0d79823bc9ecc62a126e1d144d374d286a,2025-01-01,16,1,False,1.0,0.0,0.0,0.0,15.0,0.0,15.0,6.316666666666666,0.0
dab294f3951611f65a9b1e6408fbad19981d1b65b76c28c3408dac6a6b93bbc8,2025-01-01,12,1,False,1.0,0.0,0.0,0.0,11.0,0.0,11.0,8.366666666666667,0.0
ddee12fc509b00889675d637518a8f7dfe216a200b6ad812c397b77d8bccb88b,2025-01-01,7,1,False,1.0,0.0,0.0,0.0,6.0,0.0,6.0,6.383333333333334,0.0
e001292c71d84c28529aed04ab0af1efa767893752908a7b7645f33d09aab74b,2025-01-01,6,1,False,1.0,0.0,0.0,0.0,5.0,0.0,5.0,7.1,0.0
e1a146fdbba0f457a2ea0a102e2c24872edc75865f95a9b842fcefa68e455266,2025-01-01,12,1,False,1.0,0.0,0.0,0.0,11.0,0.0,11.0,9.283333333333333,0.0
e498ed2d854e821dd717169a7b55e586bb647b3bd1ef51990cbd4e847791cc49,2025-01-01,7,1,False,1.0,0.0,0.0,0.0,6.0,0.0,6.0,5.5,0.0
e72c6ef5ea8445fc95b1c3ca1c82368b6c9adc8a29368110f51d81735f76f11c,2025-01-01,6,1,False,1.0,0.0,0.0,0.0,5.0,0.0,5.0,2.7333333333333334,0.0
ea171ad8a99227777c2e7c1664c91caf9c08e47d4ba5c09165812a6d9633998c,2025-01-01,9,1,False,1.0,0.0,0.0,0.0,8.0,0.0,8.0,5.6,0.0
eac146261339b15b8a1e873ed372802ae1c5198377cc8e0f4a23d21bcead9c02,2025-01-01,12,1,False,1.0,0.0,0.0,0.0,11.0,0.0,11.0,7.083333333333333,0.0
ec8eef52024b6815e3113797e206a360a9c324efc2f400801d5eb1179b75a43d,2025-01-01,14,1,False,1.0,0.0,0.0,0.0,13.0,0.0,13.0,6.383333333333334,0.0
eecce08639c689fc3170d254f909a8dedd091d778d0ae7aa829c656b8d085cdd,2025-01-01,10,1,False,1.0,0.0,0.0,0.0,9.0,0.0,9.0,5.416666666666667,0.0
f02fff917d5e1f556f7ca2d8e8ddde98179be018c2669a269bf40d4f64b627f7,2025-01-01,12,1,False,1.0,0.0,0.0,0.0,11.0,0.0,11.0,7.15,0.0
f17b0eabd2530f1710fc19c34c4d29cc782a669753833ca0d88f524467cdf67f,2025-01-01,19,1,False,1.0,0.0,0.0,0.0,18.0,4.0,18.0,15.15,0.15
f26a64875adce083be80130e941dbfa6e94f2202ff0c463336c1300ecc5217f6,2025-01-01,9,1,False,1.0,0.0,0.0,0.0,8.0,0.0,8.0,7.133333333333334,0.0
f441fbdfbb3a65b7660b581790ec8633cd5e9a2bc3450e46f6f6d948e0ebd96b,2025-01-01,10,1,False,1.0,0.0,0.0,0.0,9.0,0.0,9.0,7.283333333333333,0.0
012fb52705cf3c18e19ff7f562c781dcd1736f3e5615ace007e35dee4740f412,2025-01-02,13,1,False,1.0,0.0,0.0,0.0,12.0,0.0,12.0,7.816666666666666,0.0
0604919ff2aebe087b97959084f1fffe2fd89b7e92f8997d6249f5617f0ec041,2025-01-02,7,1,False,1.0,0.0,0.0,0.0,6.0,0.0,6.0,7.533333333333333,0.0
0b9c9b2a643d502fb0470c0e2d25bd40592ae24d88e27a9cca008632f6491e86,2025-01-02,16,1,False,1.0,0.0,0.0,0.0,15.0,0.0,15.0,7.75,0.0
0bc6fa557a874432991fb3bef6cc8fecfed275284ca1549c6f502f2f2f86388f,2025-01-02,14,1,False,1.0,0.0,0.0,0.0,13.0,0.0,13.0,5.783333333333333,0.0
12881006a16563a03436c3185999cce893916a7f93bd295d9e51c610390a5400,2025-01-02,8,1,False,1.0,0.0,0.0,0.0,7.0,0.0,7.0,5.666666666666667,0.0
13cc67e7ae2b0731f9c20a2adb450d0ab125f700d392f08a01f5019b4da3be89,2025-01-02,11,1,False,1.0,0.0,0.0,0.0,10.0,3.0,10.0,11.716666666666667,0.15
1481a18bb91c683c9f0e63a3c1ffe035a67c1ee64eae546985a4caedd691f154,2025-01-02,16,1,False,1.0,0.0,0.0,0.0,15.0,0.0,15.0,8.05,0.0
1481cde120f4ec5a6626478c9222dacd947d0d027e33aa5175c391d3f10b05fd,2025-01-02,8,1,False,1.0,0.0,0.0,0.0,7.0,0.0,7.0,7.233333333333333,0.0
18757c67dbbb1f193d93dfd2c81d93f261d3cc1ab2b6b4a27daddb2a42f0c1e2,2025-01-02,6,1,False,1.0,0.0,0.0,0.0,5.0,0.0,5.0,6.733333333333333,0.0
1e13a5c6539e75908d998e36f94f2baee29b17d341286f7a2af3163b528a2fcc,2025-01-02,8,1,False,1.0,0.0,0.0,0.0,7.0,0.0,7.0,8.416666666666666,0.0
1e813ac9d9c5fbfa50cba6f0032edaff8652f398c5508cc13faa4cc0af6fc3b9,2025-01-02,10,1,False,1.0,0.0,0.0,0.0,9.0,0.0,9.0,8.133333333333333,0.0
1fddb883469b0cd0365153a0ebff0dbefb2b5a252dbaf2b9795ad45003650dcf,2025-01-02,18,1,False,1.0,0.0,0.0,0.0,17.0,5.0,17.0,14.533333333333333,0.15
227b301943873690ead2973a5f7d43ef587dc58b46733368a3f16daf8db98925,2025-01-02,10,1,False,1.0,0.0,0.0,0.0,9.0,0.0,9.0,6.3,0.0
269b850943bbddfb37b8186af3d0cd154525f08057e450bdb93ab26f06b9758d,2025-01-02,22,1,False,1.0,0.0,0.0,0.0,21.0,13.0,21.0,14.716666666666667,0.15
27ef13206d1090bf126d0f8dd08b66cc346b18eb199192600e14cdc52d7c9a35,2025-01-02,9,1,False,1.0,0.0,0.0,0.0,8.0,0.0,8.0,6.616666666666666,0.0
2b4a1e95204243f32c7235a27dbeae5a0e9d42da4c762132ac84c0817875d614,2025-01-02,8,1,False,1.0,0.0,0.0,0.0,7.0,0.0,7.0,5.533333333333333,0.0
2fdc8fb359ca03d047fec4ad4d7f3b9cfc23ebf54bee30aec8f1a6431bfd0d6e,2025-01-02,14,1,False,1.0,0.0,0.0,0.0,13.0,0.0,13.0,8.116666666666667,0.0
32c184d9780b5545a856a0a366a71b86deb3a80c4dc92142aaf6bb3437c336b1,2025-01-02,15,1,False,1.0,1.0,0.0,0.0,14.0,1.0,14.0,7.033333333333333,0.35
34977907ef51b1295028838fb56ded6159cee0d58c3200a0276324aac366417c,2025-01-02,6,1,False,1.0,0.0,0.0,0.0,5.0,0.0,5.0,5.0,0.0
3634cd4e250467a39545675e2f7386734815df9c667903c8c83b43450723a792,2025-01-02,6,1,False,1.0,0.0,0.0,0.0,5.0,0.0,5.0,7.783333333333333,0.0
369a478c83b6f436dd9aade49d6289f250e18ec2a71b9552d7d9bb884bb2b586,2025-01-02,12,1,False,1.0,0.0,0.0,0.0,11.0,0.0,11.0,8.25,0.0
3c32c4971223e549c349880665fa1e81f054571faf44435a8071b4de6b20dffb,2025-01-02,15,1,False,1.0,0.0,0.0,0.0,14.0,0.0,14.0,7.383333333333334,0.0
3e05c7d4c2f91af414e809d408787184297b351d1907c225f6f1e75fbec1f3a3,2025-01-02,8,1,False,1.0,0.0,0.0,0.0,7.0,0.0,7.0,5.0,0.0
44e2b71da8273f1b00b9ec55361a1e542f6812bce0acd27214d62e7de86dd6d0,2025-01-02,13,1,False,1.0,0.0,0.0,0.0,12.0,0.0,12.0,8.55,0.0
4620b38a9a7c0abed1e91cfdc3926234d098446655b643be9342b610365aa1b6,2025-01-02,7,1,False,1.0,0.0,0.0,0.0,6.0,0.0,6.0,7.316666666666666,0.0
49b020eb7c127b73472cb4fc893577b87b48690b941ca1067751e5a6e3eab262,2025-01-02,8,1,False,1.0,0.0,0.0,0.0,7.0,1.0,7.0,8.55,0.15
4bef524b2f19749989b990b1af1747f137bfe1d7fbf78fa1358ddfc45b247cf1,2025-01-02,15,1,False,1.0,0.0,0.0,0.0,14.0,0.0,14.0,6.733333333333333,0.0
4ef80c0c47503cd20d3a8157080fb28f38e6524b33375c23d5fcd98a2f64545e,2025-01-02,16,1,False,1.0,0.0,0.0,0.0,15.0,0.0,15.0,6.983333333333333,0.0
5088fc658035905665368960c940882faf61610a4e1ce57a24c6ffc946f0f5a8,2025-01-02,16,1,False,1.0,0.0,0.0,0.0,15.0,0.0,15.0,7.4,0.0
5379232fec078f04af386b787ed0dc69b2a455a27e52e901c773a11d2d0bce7f,2025-01-02,10,1,False,1.0,0.0,0.0,0.0,9.0,0.0,9.0,7.9,0.0
53a03335d3716bf67d3ed781065280a46863f8d947c2492c4e33cce33f4446d2,2025-01-02,13,1,False,1.0,0.0,0.0,0.0,12.0,0.0,12.0,6.416666666666667,0.0
603fcd2b8449630833d1b6c7313a10e8a2176025a45ca54002988df4de8536dd,2025-01-02,10,1,False,1.0,0.0,2.0,0.0,7.0,0.0,7.0,7.65,0.15
61127469ce0c27e2d19e0e5ecece9227e60515e12a899bc8bbc29e1c8f68a78f,2025-01-02,7,1,False,1.0,0.0,0.0,0.0,6.0,0.0,6.0,8.45,0.0
62009223daa0ff462d9b377b2b31f5c85b4e95caf611f5339cbb2b5e1dc9cab5,2025-01-02,8,1,False,1.0,0.0,0.0,0.0,7.0,0.0,7.0,7.466666666666667,0.0
620ea76a7f314a9faecfaadf110510d2abcf73e79e56e93b476e80794b9e251f,2025-01-02,15,1,False,1.0,0.0,0.0,0.0,14.0,0.0,14.0,6.7,0.0
685e9623979d1c18a11af39701aaf24188e1a40aee4c205c4d3220d26708793d,2025-01-02,14,1,False,1.0,0.0,0.0,0.0,13.0,0.0,13.0,7.0,0.0
69295bad69cbd357f13dc891b598791ab746ad0ed9cea2f9da57019f70c847b6,2025-01-02,8,1,False,1.0,0.0,0.0,0.0,7.0,0.0,7.0,5.616666666666666,0.0
6ac76fd52b6451030fdaa8cce0d1126104c034aa0d6cff3c078311dce03e36e5,2025-01-02,6,1,False,1.0,0.0,0.0,0.0,5.0,0.0,5.0,4.9,0.0
6e0553bc94f1b3457a68943cdeb271536fa0ca87652900b8c47b6b4e2eabc4b7,2025-01-02,15,1,False,1.0,0.0,0.0,0.0,14.0,0.0,14.0,7.733333333333333,0.0
71c200742f059a8380e2f3dd53ca613e2cdd705c24898e5957d46fefeff67336,2025-01-02,10,1,False,1.0,0.0,0.0,0.0,9.0,0.0,9.0,8.1,0.0
768115c2eaa5bf872b6f73af67403e31127811d5dfdaa65f5998e7f57a6be1ca,2025-01-02,3,1,False,1.0,1.0,0.0,0.0,2.0,2.0,2.0,1.0166666666666666,0.35
77a935bf01e27db1c86c62c6082710b6fe7046028279183cc90fc11b5a21dd3c,2025-01-02,11,1,False,1.0,0.0,0.0,0.0,10.0,0.0,10.0,7.366666666666666,0.0
7b291901ed6fc90c51c56024b33122026451c19dfa4736a37621d21afa86ab5a,2025-01-02,13,1,False,1.0,0.0,0.0,0.0,12.0,0.0,12.0,5.683333333333334,0.0
7d64092a6e7dfd07913942876a0c314955bce8dc9fcabd12166bcf1ad5666185,2025-01-02,8,1,False,1.0,0.0,0.0,0.0,7.0,0.0,7.0,6.15,0.0
7faca1558937aea9797473b24d153f084fc8bc52e7e16da8f8bf4c48b587b358,2025-01-02,11,1,False,1.0,0.0,0.0,0.0,10.0,0.0,10.0,7.616666666666666,0.0
806e62fd6dd962469b9425c2f7b2550582df8623e5c711ade163292a626414aa,2025-01-02,9,1,False,1.0,0.0,0.0,0.0,8.0,0.0,8.0,8.033333333333333,0.0
85bf8422bdd496aa90249b85acbd42b16a6a0ed3121a586f0bcc607d16d09d80,2025-01-02,13,1,False,1.0,0.0,0.0,0.0,12.0,0.0,12.0,7.416666666666667,0.0
88b53efa4c89ad7a3d90cf3c01046d714f1adff9827d0eb5754b4ef76c64f039,2025-01-02,3,1,False,1.0,1.0,0.0,0.0,2.0,2.0,2.0,1.3166666666666667,0.35
8eb9feaf80cb3b47e639148a128ff9ae2b814462106966998a7656825b71fa7d,2025-01-02,11,1,False,1.0,0.0,0.0,0.0,10.0,0.0,10.0,6.0,0.0
924ed1bb3874124ad2e307aa33a7e5791cc81dd30c0c079d54cfc1ea14ee310a,2025-01-02,16,1,False,1.0,0.0,0.0,0.0,15.0,0.0,15.0,6.883333333333334,0.0
939b9328b580200251e640b1f2170850525f4fefe336c98f053407a0725f9849,2025-01-02,14,1,False,1.0,0.0,0.0,0.0,13.0,0.0,13.0,6.983333333333333,0.0
9a31e4091d5c4c7fb8b9377b091ea9caa9cf26c36e62547a85992d9e109b1b9c,2025-01-02,7,1,False,1.0,0.0,0.0,0.0,6.0,0.0,6.0,6.966666666666667,0.0
9e007677846640b2acc599b1d1d498a20ff8260eeda2d49338e3b6ed111045a9,2025-01-02,10,1,False,1.0,0.0,0.0,0.0,9.0,1.0,9.0,8.433333333333334,0.15
9e7a5e914136e41ca82c366fd529e02d961e7ed1a6019ff724f06dbe447fbb88,2025-01-02,12,1,False,1.0,0.0,0.0,0.0,11.0,0.0,11.0,8.05,0.0
a8848b387af6359642c71478f693e4643381802ccc97f2b0c353264d7729405c,2025-01-02,6,1,False,1.0,0.0,0.0,0.0,5.0,0.0,5.0,3.7,0.0
b55080c0db11860ea934ecf297a13cf247817b3e34562a5897c18ff2cfa07f07,2025-01-02,6,1,False,1.0,0.0,0.0,0.0,5.0,0.0,5.0,8.15,0.0
b66c51931f321cca81cc9195f90b3174ae82ebb56c74459770f7800e347ca3b0,2025-01-02,15,1,False,1.0,0.0,0.0,0.0,14.0,0.0,14.0,8.783333333333333,0.0
b8e6c17d68aafa670b598b1cf0c0bd73a2937d6abb11055fded76b5e53231165,2025-01-02,8,1,False,1.0,0.0,0.0,0.0,7.0,0.0,7.0,7.783333333333333,0.0
bc60389887dd911a09f472d0f840e5a268d310cd13f422bfc6f811eb916ec82f,2025-01-02,13,1,False,1.0,0.0,0.0,0.0,12.0,0.0,12.0,7.483333333333333,0.0
c2fa44374f0aab02cb57c9ed348bb43c1fd456bfdf5b296c4f72174a002cd27f,2025-01-02,16,1,False,1.0,0.0,0.0,0.0,15.0,0.0,15.0,9.0,0.0
c5a8e30eed6744da0b641f474ebb407a75bc6fd07bd6e3c7aeb522c884dd456b,2025-01-02,15,1,False,1.0,0.0,0.0,0.0,14.0,0.0,14.0,6.916666666666667,0.0
c734a9d4fd20facb7d4e2f69c7a7be0a0263956653fc71b8d25ad3ed7a1ba446,2025-01-02,16,1,False,1.0,0.0,0.0,0.0,15.0,1.0,15.0,8.116666666666667,0.15
cb50b7517e0741a49adb67908546647f1da3398d8c72f00f00e9ba111909654b,2025-01-02,9,1,False,1.0,0.0,0.0,0.0,8.0,4.0,8.0,8.8,0.15
cc4113bc0f389ec5987bdc5cae8e94c8c01f0c5e127a5fc2b0ef752d7226c0ca,2025-01-02,12,1,False,1.0,0.0,0.0,0.0,11.0,0.0,11.0,3.65,0.0
cca321773f148695c0ffc5ed365db650aadc5ecdd13b4ddb3e6b57f38bf5a719,2025-01-02,11,1,False,1.0,0.0,0.0,0.0,10.0,0.0,10.0,8.116666666666667,0.0
d111a1427a39ed7f2d2483db714c5e0d79823bc9ecc62a126e1d144d374d286a,2025-01-02,13,1,False,1.0,0.0,0.0,0.0,12.0,0.0,12.0,7.433333333333334,0.0
dab294f3951611f65a9b1e6408fbad19981d1b65b76c28c3408dac6a6b93bbc8,2025-01-02,11,1,False,1.0,0.0,0.0,0.0,10.0,5.0,10.0,9.85,0.15
ddee12fc509b00889675d637518a8f7dfe216a200b6ad812c397b77d8bccb88b,2025-01-02,14,1,False,1.0,0.0,0.0,0.0,13.0,0.0,13.0,7.366666666666666,0.0
e001292c71d84c28529aed04ab0af1efa767893752908a7b7645f33d09aab74b,2025-01-02,8,1,False,1.0,0.0,0.0,0.0,7.0,0.0,7.0,6.783333333333333,0.0
e1a146fdbba0f457a2ea0a102e2c24872edc75865f95a9b842fcefa68e455266,2025-01-02,9,1,False,1.0,0.0,0.0,0.0,8.0,0.0,8.0,8.516666666666667,0.0
e498ed2d854e821dd717169a7b55e586bb647b3bd1ef51990cbd4e847791cc49,2025-01-02,7,1,False,1.0,0.0,0.0,0.0,6.0,0.0,6.0,7.633333333333334,0.0
e72c6ef5ea8445fc95b1c3ca1c82368b6c9adc8a29368110f51d81735f76f11c,2025-01-02,10,1,False,1.0,0.0,0.0,0.0,9.0,0.0,9.0,8.366666666666667,0.0
ea171ad8a99227777c2e7c1664c91caf9c08e47d4ba5c09165812a6d9633998c,2025-01-02,15,1,False,1.0,0.0,0.0,0.0,14.0,0.0,14.0,6.6,0.0
eac146261339b15b8a1e873ed372802ae1c5198377cc8e0f4a23d21bcead9c02,2025-01-02,14,1,False,1.0,0.0,0.0,0.0,13.0,0.0,13.0,5.483333333333333,0.0
ec8eef52024b6815e3113797e206a360a9c324efc2f400801d5eb1179b75a43d,2025-01-02,8,1,False,1.0,1.0,0.0,0.0,7.0,1.0,7.0,5.9,0.35
eecce08639c689fc3170d254f909a8dedd091d778d0ae7aa829c656b8d085cdd,2025-01-02,8,1,False,1.0,0.0,0.0,0.0,7.0,0.0,7.0,6.333333333333333,0.0
f02fff917d5e1f556f7ca2d8e8ddde98179be018c2669a269bf40d4f64b627f7,2025-01-02,10,1,False,1.0,0.0,0.0,0.0,9.0,0.0,9.0,7.5,0.0
f17b0eabd2530f1710fc19c34c4d29cc782a669753833ca0d88f524467cdf67f,2025-01-02,15,1,False,1.0,0.0,0.0,0.0,14.0,0.0,14.0,7.95,0.0
f26a64875adce083be80130e941dbfa6e94f2202ff0c463336c1300ecc5217f6,2025-01-02,8,1,False,1.0,0.0,0.0,0.0,7.0,0.0,7.0,8.666666666666666,0.0
f441fbdfbb3a65b7660b581790ec8633cd5e9a2bc3450e46f6f6d948e0ebd96b,2025-01-02,8,1,False,1.0,0.0,0.0,0.0,7.0,0.0,7.0,7.133333333333334,0.0
012fb52705cf3c18e19ff7f562c781dcd1736f3e5615ace007e35dee4740f412,2025-01-03,6,1,False,1.0,0.0,0.0,0.0,5.0,0.0,5.0,7.133333333333334,0.0
0604919ff2aebe087b97959084f1fffe2fd89b7e92f8997d6249f5617f0ec041,2025-01-03,13,1,False,1.0,0.0,0.0,0.0,12.0,0.0,12.0,6.883333333333334,0.0
0b9c9b2a643d502fb0470c0e2d25bd40592ae24d88e27a9cca008632f6491e86,2025-01-03,7,1,False,1.0,0.0,0.0,0.0,6.0,3.0,6.0,9.05,0.15
0bc6fa557a874432991fb3bef6cc8fecfed275284ca1549c6f502f2f2f86388f,2025-01-03,13,1,False,1.0,0.0,0.0,0.0,12.0,0.0,12.0,8.533333333333333,0.0
12881006a16563a03436c3185999cce893916a7f93bd295d9e51c610390a5400,2025-01-03,15,1,False,1.0,0.0,0.0,0.0,14.0,0.0,14.0,8.816666666666666,0.0
13cc67e7ae2b0731f9c20a2adb450d0ab125f700d392f08a01f5019b4da3be89,2025-01-03,9,1,False,1.0,0.0,0.0,0.0,8.0,0.0,8.0,7.166666666666667,0.0
1481a18bb91c683c9f0e63a3c1ffe035a67c1ee64eae546985a4caedd691f154,2025-01-03,16,1,False,1.0,0.0,0.0,0.0,15.0,0.0,15.0,6.766666666666667,0.0
1481cde120f4ec5a6626478c9222dacd947d0d027e33aa5175c391d3f10b05fd,2025-01-03,13,1,False,1.0,0.0,0.0,0.0,12.0,0.0,12.0,6.45,0.0
18757c67dbbb1f193d93dfd2c81d93f261d3cc1ab2b6b4a27daddb2a42f0c1e2,2025-01-03,6,1,False,1.0,0.0,0.0,0.0,5.0,0.0,5.0,4.8,0.0
1e13a5c6539e75908d998e36f94f2baee29b17d341286f7a2af3163b528a2fcc,2025-01-03,16,1,False,1.0,0.0,0.0,0.0,15.0,0.0,15.0,7.133333333333334,0.0
1e813ac9d9c5fbfa50cba6f0032edaff8652f398c5508cc13faa4cc0af6fc3b9,2025-01-03,15,1,False,1.0,0.0,0.0,0.0,14.0,0.0,14.0,8.316666666666666,0.0
1fddb883469b0cd0365153a0ebff0dbefb2b5a252dbaf2b9795ad45003650dcf,2025-01-03,14,1,False,1.0,0.0,0.0,0.0,13.0,1.0,13.0,9.383333333333333,0.15
227b301943873690ead2973a5f7d43ef587dc58b46733368a3f16daf8db98925,2025-01-03,15,1,False,1.0,0.0,0.0,0.0,14.0,1.0,14.0,8.466666666666667,0.15
269b850943bbddfb37b8186af3d0cd154525f08057e450bdb93ab26f06b9758d,2025-01-03,15,1,False,1.0,0.0,0.0,0.0,14.0,0.0,14.0,6.05,0.0
27ef13206d1090bf126d0f8dd08b66cc346b18eb199192600e14cdc52d7c9a35,2025-01-03,13,1,False,1.0,0.0,0.0,0.0,12.0,0.0,12.0,7.733333333333333,0.0
2b4a1e95204243f32c7235a27dbeae5a0e9d42da4c762132ac84c0817875d614,2025-01-03,11,1,False,1.0,0.0,0.0,0.0,10.0,0.0,10.0,6.8,0.0
2fdc8fb359ca03d047fec4ad4d7f3b9cfc23ebf54bee30aec8f1a6431bfd0d6e,2025-01-03,7,1,False,1.0,0.0,0.0,0.0,6.0,0.0,6.0,6.866666666666666,0.0
32c184d9780b5545a856a0a366a71b86deb3a80c4dc92142aaf6bb3437c336b1,2025-01-03,14,1,False,1.0,0.0,0.0,0.0,13.0,0.0,13.0,8.733333333333333,0.0
34977907ef51b1295028838fb56ded6159cee0d58c3200a0276324aac366417c,2025-01-03,16,1,False,1.0,0.0,0.0,0.0,15.0,0.0,15.0,7.716666666666667,0.0
3634cd4e250467a39545675e2f7386734815df9c667903c8c83b43450723a792,2025-01-03,7,1,False,1.0,0.0,0.0,0.0,6.0,0.0,6.0,4.933333333333334,0.0
369a478c83b6f436dd9aade49d6289f250e18ec2a71b9552d7d9bb884bb2b586,2025-01-03,16,1,False,1.0,0.0,0.0,0.0,15.0,0.0,15.0,7.933333333333334,0.0
3c32c4971223e549c349880665fa1e81f054571faf44435a8071b4de6b20dffb,2025-01-03,10,1,False,1.0,0.0,0.0,0.0,9.0,0.0,9.0,6.033333333333333,0.0
3e05c7d4c2f91af414e809d408787184297b351d1907c225f6f1e75fbec1f3a3,2025-01-03,7,1,False,1.0,0.0,0.0,0.0,6.0,2.0,6.0,9.033333333333333,0.15
44e2b71da8273f1b00b9ec55361a1e542f6812bce0acd27214d62e7de86dd6d0,2025-01-03,6,1,False,1.0,0.0,0.0,0.0,5.0,0.0,5.0,8.983333333333333,0.0
4620b38a9a7c0abed1e91cfdc3926234d098446655b643be9342b610365aa1b6,2025-01-03,16,1,False,1.0,0.0,0.0,0.0,15.0,0.0,15.0,9.183333333333334,0.0
49b020eb7c127b73472cb4fc893577b87b48690b941ca1067751e5a6e3eab262,2025-01-03,13,1,False,1.0,0.0,0.0,0.0,12.0,0.0,12.0,7.016666666666667,0.0
4bef524b2f19749989b990b1af1747f137bfe1d7fbf78fa1358ddfc45b247cf1,2025-01-03,8,1,False,1.0,0.0,0.0,0.0,7.0,0.0,7.0,5.566666666666666,0.0
4ef80c0c47503cd20d3a8157080fb28f38e6524b33375c23d5fcd98a2f64545e,2025-01-03,9,1,False,1.0,0.0,0.0,0.0,8.0,0.0,8.0,5.35,0.0
5088fc658035905665368960c940882faf61610a4e1ce57a24c6ffc946f0f5a8,2025-01-03,10,1,False,1.0,0.0,0.0,0.0,9.0,0.0,9.0,7.5,0.0
5379232fec078f04af386b787ed0dc69b2a455a27e52e901c773a11d2d0bce7f,2025-01-03,7,1,False,1.0,0.0,0.0,0.0,6.0,0.0,6.0,5.566666666666666,0.0
53a03335d3716bf67d3ed781065280a46863f8d947c2492c4e33cce33f4446d2,2025-01-03,14,1,False,1.0,0.0,0.0,0.0,13.0,0.0,13.0,7.033333333333333,0.0
603fcd2b8449630833d1b6c7313a10e8a2176025a45ca54002988df4de8536dd,2025-01-03,9,1,False,1.0,0.0,0.0,0.0,8.0,0.0,8.0,6.483333333333333,0.0
61127469ce0c27e2d19e0e5ecece9227e60515e12a899bc8bbc29e1c8f68a78f,2025-01-03,8,1,False,1.0,0.0,0.0,0.0,7.0,0.0,7.0,4.366666666666666,0.0
62009223daa0ff462d9b377b2b31f5c85b4e95caf611f5339cbb2b5e1dc9cab5,2025-01-03,10,1,False,1.0,0.0,0.0,0.0,9.0,0.0,9.0,8.1,0.0
620ea76a7f314a9faecfaadf110510d2abcf73e79e56e93b476e80794b9e251f,2025-01-03,6,1,False,1.0,1.0,0.0,0.0,5.0,0.0,5.0,4.833333333333333,0.2
685e9623979d1c18a11af39701aaf24188e1a40aee4c205c4d3220d26708793d,2025-01-03,11,1,False,1.0,0.0,0.0,0.0,10.0,0.0,10.0,7.066666666666666,0.0
69295bad69cbd357f13dc891b598791ab746ad0ed9cea2f9da57019f70c847b6,2025-01-03,15,1,False,1.0,0.0,0.0,0.0,14.0,0.0,14.0,6.416666666666667,0.0
6ac76fd52b6451030fdaa8cce0d1126104c034aa0d6cff3c078311dce03e36e5,2025-01-03,16,1,False,1.0,0.0,0.0,0.0,15.0,0.0,15.0,8.15,0.0
6e0553bc94f1b3457a68943cdeb271536fa0ca87652900b8c47b6b4e2eabc4b7,2025-01-03,14,1,False,1.0,0.0,0.0,0.0,13.0,4.0,13.0,9.45,0.15
71c200742f059a8380e2f3dd53ca613e2cdd705c24898e5957d46fefeff67336,2025-01-03,13,1,False,1.0,0.0,0.0,0.0,12.0,0.0,12.0,5.366666666666666,0.0
768115c2eaa5bf872b6f73af67403e31127811d5dfdaa65f5998e7f57a6be1ca,2025-01-03,30,1,False,1.0,0.0,0.0,0.0,29.0,15.0,29.0,20.75,0.15
77a935bf01e27db1c86c62c6082710b6fe7046028279183cc90fc11b5a21dd3c,2025-01-03,8,1,False,1.0,0.0,0.0,0.0,7.0,0.0,7.0,7.3,0.0
7b291901ed6fc90c51c56024b33122026451c19dfa4736a37621d21afa86ab5a,2025-01-03,16,1,False,1.0,0.0,0.0,0.0,15.0,0.0,15.0,5.7,0.0
7d64092a6e7dfd07913942876a0c314955bce8dc9fcabd12166bcf1ad5666185,2025-01-03,11,1,False,1.0,0.0,0.0,0.0,10.0,0.0,10.0,7.033333333333333,0.0
7faca1558937aea9797473b24d153f084fc8bc52e7e16da8f8bf4c48b587b358,2025-01-03,8,1,False,1.0,0.0,0.0,0.0,7.0,0.0,7.0,7.316666666666666,0.0
806e62fd6dd962469b9425c2f7b2550582df8623e5c711ade163292a626414aa,2025-01-03,13,1,False,1.0,0.0,0.0,0.0,12.0,0.0,12.0,7.166666666666667,0.0
85bf8422bdd496aa90249b85acbd42b16a6a0ed3121a586f0bcc607d16d09d80,2025-01-03,10,1,False,1.0,0.0,0.0,0.0,9.0,0.0,9.0,6.933333333333334,0.0
88b53efa4c89ad7a3d90cf3c01046d714f1adff9827d0eb5754b4ef76c64f039,2025-01-03,17,1,False,1.0,0.0,0.0,0.0,16.0,9.0,16.0,17.7,0.15
8eb9feaf80cb3b47e639148a128ff9ae2b814462106966998a7656825b71fa7d,2025-01-03,11,1,False,1.0,1.0,0.0,0.0,10.0,0.0,10.0,7.433333333333334,0.2
924ed1bb3874124ad2e307aa33a7e5791cc81dd30c0c079d54cfc1ea14ee310a,2025-01-03,16,1,False,1.0,0.0,0.0,0.0,15.0,0.0,15.0,7.316666666666666,0.0
939b9328b580200251e640b1f2170850525f4fefe336c98f053407a0725f9849,2025-01-03,9,1,False,1.0,0.0,0.0,0.0,8.0,0.0,8.0,8.0,0.0
9a31e4091d5c4c7fb8b9377b091ea9caa9cf26c36e62547a85992d9e109b1b9c,2025-01-03,16,1,False,1.0,0.0,0.0,0.0,15.0,0.0,15.0,7.266666666666667,0.0
9e007677846640b2acc599b1d1d498a20ff8260eeda2d49338e3b6ed111045a9,2025-01-03,10,1,False,1.0,0.0,0.0,0.0,9.0,0.0,9.0,7.1,0.0
9e7a5e914136e41ca82c366fd529e02d961e7ed1a6019ff724f06dbe447fbb88,2025-01-03,7,1,False,1.0,0.0,0.0,0.0,6.0,0.0,6.0,6.616666666666666,0.0
a8848b387af6359642c71478f693e4643381802ccc97f2b0c353264d7729405c,2025-01-03,15,1,False,1.0,0.0,0.0,0.0,14.0,2.0,14.0,9.75,0.15
b55080c0db11860ea934ecf297a13cf247817b3e34562a5897c18ff2cfa07f07,2025-01-03,16,1,False,1.0,0.0,0.0,0.0,15.0,0.0,15.0,7.633333333333334,0.0
b66c51931f321cca81cc9195f90b3174ae82ebb56c74459770f7800e347ca3b0,2025-01-03,15,1,False,1.0,0.0,0.0,0.0,14.0,0.0,14.0,8.133333333333333,0.0
b8e6c17d68aafa670b598b1cf0c0bd73a2937d6abb11055fded76b5e53231165,2025-01-03,7,1,False,1.0,0.0,0.0,0.0,6.0,0.0,6.0,5.016666666666667,0.0
bc60389887dd911a09f472d0f840e5a268d310cd13f422bfc6f811eb916ec82f,2025-01-03,8,1,False,1.0,0.0,0.0,0.0,7.0,0.0,7.0,5.566666666666666,0.0
c2fa44374f0aab02cb57c9ed348bb43c1fd456bfdf5b296c4f72174a002cd27f,2025-01-03,11,1,False,1.0,0.0,0.0,0.0,10.0,0.0,10.0,5.516666666666667,0.0
c5a8e30eed6744da0b641f474ebb407a75bc6fd07bd6e3c7aeb522c884dd456b,2025-01-03,11,1,False,1.0,0.0,0.0,0.0,10.0,0.0,10.0,5.033333333333333,0.0
c734a9d4fd20facb7d4e2f69c7a7be0a0263956653fc71b8d25ad3ed7a1ba446,2025-01-03,13,1,False,1.0,0.0,0.0,0.0,12.0,0.0,12.0,6.75,0.0
cb50b7517e0741a49adb67908546647f1da3398d8c72f00f00e9ba111909654b,2025-01-03,10,1,False,1.0,0.0,0.0,0.0,9.0,0.0,9.0,7.866666666666666,0.0
cc4113bc0f389ec5987bdc5cae8e94c8c01f0c5e127a5fc2b0ef752d7226c0ca,2025-01-03,7,1,False,1.0,0.0,0.0,0.0,6.0,0.0,6.0,8.016666666666667,0.0
cca321773f148695c0ffc5ed365db650aadc5ecdd13b4ddb3e6b57f38bf5a719,2025-01-03,15,1,False,1.0,0.0,0.0,0.0,14.0,0.0,14.0,8.7,0.0
d111a1427a39ed7f2d2483db714c5e0d79823bc9ecc62a126e1d144d374d286a,2025-01-03,12,1,False,1.0,0.0,0.0,0.0,11.0,0.0,11.0,7.166666666666667,0.0
dab294f3951611f65a9b1e6408fbad19981d1b65b76c28c3408dac6a6b93bbc8,2025-01-03,15,1,False,1.0,0.0,0.0,0.0,14.0,0.0,14.0,8.216666666666667,0.0
ddee12fc509b00889675d637518a8f7dfe216a200b6ad812c397b77d8bccb88b,2025-01-03,16,1,False,1.0,0.0,0.0,0.0,15.0,0.0,15.0,7.366666666666666,0.0
e001292c71d84c28529aed04ab0af1efa767893752908a7b7645f33d09aab74b,2025-01-03,12,1,False,1.0,0.0,0.0,0.0,11.0,0.0,11.0,7.1,0.0
e1a146fdbba0f457a2ea0a102e2c24872edc75865f95a9b842fcefa68e455266,2025-01-03,9,1,False,1.0,0.0,0.0,0.0,8.0,1.0,8.0,8.6,0.15
e498ed2d854e821dd717169a7b55e586bb647b3bd1ef51990cbd4e847791cc49,2025-01-03,6,1,False,1.0,0.0,0.0,0.0,5.0,0.0,5.0,7.2,0.0
e72c6ef5ea8445fc95b1c3ca1c82368b6c9adc8a29368110f51d81735f76f11c,2025-01-03,8,1,False,1.0,0.0,0.0,0.0,7.0,0.0,7.0,7.85,0.0
ea171ad8a99227777c2e7c1664c91caf9c08e47d4ba5c09165812a6d9633998c,2025-01-03,12,1,False,1.0,0.0,0.0,0.0,11.0,0.0,11.0,8.1,0.0
eac146261339b15b8a1e873ed372802ae1c5198377cc8e0f4a23d21bcead9c02,2025-01-03,11,1,False,1.0,0.0,0.0,0.0,10.0,0.0,10.0,7.133333333333334,0.0
ec8eef52024b6815e3113797e206a360a9c324efc2f400801d5eb1179b75a43d,2025-01-03,9,1,False,1.0,0.0,0.0,0.0,8.0,0.0,8.0,8.2,0.0
eecce08639c689fc3170d254f909a8dedd091d778d0ae7aa829c656b8d085cdd,2025-01-03,14,1,False,1.0,0.0,0.0,0.0,13.0,0.0,13.0,7.8,0.0
f02fff917d5e1f556f7ca2d8e8ddde98179be018c2669a269bf40d4f64b627f7,2025-01-03,6,1,False,1.0,0.0,0.0,0.0,5.0,0.0,5.0,5.416666666666667,0.0
f17b0eabd2530f1710fc19c34c4d29cc782a669753833ca0d88f524467cdf67f,2025-01-03,2,1,False,1.0,1.0,0.0,0.0,1.0,1.0,1.0,2.65,0.35
f26a64875adce083be80130e941dbfa6e94f2202ff0c463336c1300ecc5217f6,2025-01-03,9,1,False,1.0,0.0,0.0,0.0,8.0,0.0,8.0,5.0,0.0
f441fbdfbb3a65b7660b581790ec8633cd5e9a2bc3450e46f6f6d948e0ebd96b,2025-01-03,11,1,False,1.0,0.0,0.0,0.0,10.0,0.0,10.0,7.766666666666667,0.0
f17b0eabd2530f1710fc19c34c4d29cc782a669753833ca0d88f524467cdf67f,2025-01-04,6,1,False,0.0,0.0,0.0,0.0,6.0,6.0,6.0,5.65,0.15
012fb52705cf3c18e19ff7f562c781dcd1736f3e5615ace007e35dee4740f412,2025-01-06,11,1,False,1.0,0.0,0.0,0.0,10.0,0.0,10.0,8.2,0.0
0604919ff2aebe087b97959084f1fffe2fd89b7e92f8997d6249f5617f0ec041,2025-01-06,13,1,False,1.0,0.0,0.0,0.0,12.0,0.0,12.0,8.533333333333333,0.0
0b9c9b2a643d502fb0470c0e2d25bd40592ae24d88e27a9cca008632f6491e86,2025-01-06,8,1,False,1.0,0.0,0.0,0.0,7.0,0.0,7.0,6.1,0.0
0bc6fa557a874432991fb3bef6cc8fecfed275284ca1549c6f502f2f2f86388f,2025-01-06,16,1,False,1.0,0.0,0.0,0.0,15.0,2.0,15.0,9.316666666666666,0.15
12881006a16563a03436c3185999cce893916a7f93bd295d9e51c610390a5400,2025-01-06,16,1,False,1.0,0.0,0.0,0.0,15.0,0.0,15.0,7.4,0.0
13cc67e7ae2b0731f9c20a2adb450d0ab125f700d392f08a01f5019b4da3be89,2025-01-06,11,1,False,1.0,0.0,0.0,0.0,10.0,0.0,10.0,6.116666666666666,0.0
1481a18bb91c683c9f0e63a3c1ffe035a67c1ee64eae546985a4caedd691f154,2025-01-06,7,1,False,1.0,0.0,0.0,0.0,6.0,0.0,6.0,6.05,0.0
1481cde120f4ec5a6626478c9222dacd947d0d027e33aa5175c391d3f10b05fd,2025-01-06,11,1,False,1.0,0.0,0.0,0.0,10.0,0.0,10.0,6.916666666666667,0.0
18757c67dbbb1f193d93dfd2c81d93f261d3cc1ab2b6b4a27daddb2a42f0c1e2,2025-01-06,15,1,False,1.0,0.0,0.0,0.0,14.0,0.0,14.0,7.116666666666666,0.0
1e13a5c6539e75908d998e36f94f2baee29b17d341286f7a2af3163b528a2fcc,2025-01-06,6,1,False,1.0,0.0,0.0,0.0,5.0,0.0,5.0,5.583333333333333,0.0
1e813ac9d9c5fbfa50cba6f0032edaff8652f398c5508cc13faa4cc0af6fc3b9,2025-01-06,13,1,False,1.0,0.0,0.0,0.0,12.0,0.0,12.0,6.35,0.0
1fddb883469b0cd0365153a0ebff0dbefb2b5a252dbaf2b9795ad45003650dcf,2025-01-06,11,1,False,1.0,0.0,0.0,0.0,10.0,0.0,10.0,7.366666666666666,0.0
227b301943873690ead2973a5f7d43ef587dc58b46733368a3f16daf8db98925,2025-01-06,9,1,False,1.0,0.0,0.0,0.0,8.0,0.0,8.0,8.15,0.0
269b850943bbddfb37b8186af3d0cd154525f08057e450bdb93ab26f06b9758d,2025-01-06,13,1,False,1.0,0.0,0.0,0.0,12.0,0.0,12.0,6.0,0.0
27ef13206d1090bf126d0f8dd08b66cc346b18eb199192600e14cdc52d7c9a35,2025-01-06,6,1,False,1.0,0.0,0.0,0.0,5.0,0.0,5.0,6.2,0.0
2b4a1e95204243f32c7235a27dbeae5a0e9d42da4c762132ac84c0817875d614,2025-01-06,7,1,False,1.0,0.0,0.0,0.0,6.0,0.0,6.0,6.166666666666667,0.0
2fdc8fb359ca03d047fec4ad4d7f3b9cfc23ebf54bee30aec8f1a6431bfd0d6e,2025-01-06,16,1,False,1.0,0.0,0.0,0.0,15.0,0.0,15.0,7.45,0.0
32c184d9780b5545a856a0a366a71b86deb3a80c4dc92142aaf6bb3437c336b1,2025-01-06,13,1,False,1.0,0.0,0.0,0.0,12.0,0.0,12.0,6.983333333333333,0.0
34977907ef51b1295028838fb56ded6159cee0d58c3200a0276324aac366417c,2025-01-06,6,1,False,1.0,0.0,0.0,0.0,5.0,0.0,5.0,4.2,0.0
3634cd4e250467a39545675e2f7386734815df9c667903c8c83b43450723a792,2025-01-06,7,1,False,1.0,0.0,0.0,0.0,6.0,0.0,6.0,6.8,0.0
369a478c83b6f436dd9aade49d6289f250e18ec2a71b9552d7d9bb884bb2b586,2025-01-06,16,1,False,1.0,0.0,0.0,0.0,15.0,0.0,15.0,7.866666666666666,0.0
3c32c4971223e549c349880665fa1e81f054571faf44435a8071b4de6b20dffb,2025-01-06,12,1,False,1.0,0.0,0.0,0.0,11.0,0.0,11.0,6.866666666666666,0.0
3e05c7d4c2f91af414e809d408787184297b351d1907c225f6f1e75fbec1f3a3,2025-01-06,16,1,False,1.0,0.0,0.0,0.0,15.0,0.0,15.0,7.5,0.0
44e2b71da8273f1b00b9ec55361a1e542f6812bce0acd27214d62e7de86dd6d0,2025-01-06,7,1,False,1.0,0.0,0.0,0.0,6.0,0.0,6.0,7.5,0.0
4620b38a9a7c0abed1e91cfdc3926234d098446655b643be9342b610365aa1b6,2025-01-06,11,1,False,1.0,0.0,0.0,0.0,10.0,0.0,10.0,7.35,0.0
49b020eb7c127b73472cb4fc893577b87b48690b941ca1067751e5a6e3eab262,2025-01-06,14,1,False,1.0,0.0,0.0,0.0,13.0,0.0,13.0,7.15,0.0
4bef524b2f19749989b990b1af1747f137bfe1d7fbf78fa1358ddfc45b247cf1,2025-01-06,6,1,False,1.0,0.0,0.0,0.0,5.0,0.0,5.0,4.383333333333334,0.0
4ef80c0c47503cd20d3a8157080fb28f38e6524b33375c23d5fcd98a2f64545e,2025-01-06,8,1,False,1.0,0.0,0.0,0.0,7.0,1.0,7.0,9.283333333333333,0.15
5088fc658035905665368960c940882faf61610a4e1ce57a24c6ffc946f0f5a8,2025-01-06,12,1,False,1.0,0.0,0.0,0.0,11.0,0.0,11.0,5.65,0.0
5379232fec078f04af386b787ed0dc69b2a455a27e52e901c773a11d2d0bce7f,2025-01-06,13,1,False,1.0,0.0,0.0,0.0,12.0,0.0,12.0,7.516666666666667,0.0
53a03335d3716bf67d3ed781065280a46863f8d947c2492c4e33cce33f4446d2,2025-01-06,16,1,False,1.0,0.0,0.0,0.0,15.0,0.0,15.0,8.25,0.0
603fcd2b8449630833d1b6c7313a10e8a2176025a45ca54002988df4de8536dd,2025-01-06,12,1,False,1.0,0.0,0.0,0.0,11.0,0.0,11.0,7.716666666666667,0.0
61127469ce0c27e2d19e0e5ecece9227e60515e12a899bc8bbc29e1c8f68a78f,2025-01-06,13,1,False,1.0,0.0,0.0,0.0,12.0,1.0,12.0,9.333333333333334,0.15
62009223daa0ff462d9b377b2b31f5c85b4e95caf611f5339cbb2b5e1dc9cab5,2025-01-06,7,1,False,1.0,0.0,0.0,0.0,6.0,0.0,6.0,5.65,0.0
620ea76a7f314a9faecfaadf110510d2abcf73e79e56e93b476e80794b9e251f,2025-01-06,16,1,False,1.0,0.0,0.0,0.0,15.0,0.0,15.0,7.5,0.0
685e9623979d1c18a11af39701aaf24188e1a40aee4c205c4d3220d26708793d,2025-01-06,9,1,False,1.0,0.0,0.0,0.0,8.0,0.0,8.0,7.033333333333333,0.0
69295bad69cbd357f13dc891b598791ab746ad0ed9cea2f9da57019f70c847b6,2025-01-06,8,1,False,1.0,0.0,0.0,0.0,7.0,0.0,7.0,7.433333333333334,0.0
6ac76fd52b6451030fdaa8cce0d1126104c034aa0d6cff3c078311dce03e36e5,2025-01-06,16,1,False,1.0,0.0,0.0,0.0,15.0,0.0,15.0,7.4,0.0
6e0553bc94f1b3457a68943cdeb271536fa0ca87652900b8c47b6b4e2eabc4b7,2025-01-06,7,1,False,1.0,0.0,0.0,0.0,6.0,0.0,6.0,6.283333333333333,0.0
71c200742f059a8380e2f3dd53ca613e2cdd705c24898e5957d46fefeff67336,2025-01-06,15,1,False,1.0,0.0,0.0,0.0,14.0,0.0,14.0,7.0,0.0
768115c2eaa5bf872b6f73af67403e31127811d5dfdaa65f5998e7f57a6be1ca,2025-01-06,17,1,False,1.0,0.0,0.0,0.0,16.0,2.0,16.0,11.35,0.15
77a935bf01e27db1c86c62c6082710b6fe7046028279183cc90fc11b5a21dd3c,2025-01-06,10,1,False,1.0,0.0,0.0,0.0,9.0,0.0,9.0,6.433333333333334,0.0
7b291901ed6fc90c51c56024b33122026451c19dfa4736a37621d21afa86ab5a,2025-01-06,6,1,False,1.0,0.0,0.0,0.0,5.0,0.0,5.0,6.716666666666667,0.0
7d64092a6e7dfd07913942876a0c314955bce8dc9fcabd12166bcf1ad5666185,2025-01-06,16,1,False,1.0,0.0,0.0,0.0,15.0,0.0,15.0,6.15,0.0
7faca1558937aea9797473b24d153f084fc8bc52e7e16da8f8bf4c48b587b358,2025-01-06,14,1,False,1.0,0.0,0.0,0.0,13.0,4.0,13.0,8.966666666666667,0.15
806e62fd6dd962469b9425c2f7b2550582df8623e5c711ade163292a626414aa,2025-01-06,14,1,False,1.0,0.0,0.0,0.0,13.0,0.0,13.0,7.216666666666667,0.0
85bf8422bdd496aa90249b85acbd42b16a6a0ed3121a586f0bcc607d16d09d80,2025-01-06,15,1,False,1.0,0.0,0.0,0.0,14.0,1.0,14.0,9.816666666666666,0.15
88b53efa4c89ad7a3d90cf3c01046d714f1adff9827d0eb5754b4ef76c64f039,2025-01-06,12,1,False,1.0,0.0,0.0,0.0,11.0,0.0,11.0,6.8,0.0
8eb9feaf80cb3b47e639148a128ff9ae2b814462106966998a7656825b71fa7d,2025-01-06,10,1,False,1.0,0.0,0.0,0.0,9.0,2.0,9.0,9.266666666666667,0.15
924ed1bb3874124ad2e307aa33a7e5791cc81dd30c0c079d54cfc1ea14ee310a,2025-01-06,13,1,False,1.0,1.0,0.0,0.0,12.0,0.0,12.0,6.933333333333334,0.2
939b9328b580200251e640b1f2170850525f4fefe336c98f053407a0725f9849,2025-01-06,16,1,False,1.0,0.0,0.0,0.0,15.0,0.0,15.0,7.95,0.0
9a31e4091d5c4c7fb8b9377b091ea9caa9cf26c36e62547a85992d9e109b1b9c,2025-01-06,14,1,False,1.0,0.0,0.0,0.0,13.0,0.0,13.0,6.233333333333333,0.0
9e007677846640b2acc599b1d1d498a20ff8260eeda2d49338e3b6ed111045a9,2025-01-06,8,1,False,1.0,0.0,0.0,0.0,7.0,0.0,7.0,8.35,0.0
9e7a5e914136e41ca82c366fd529e02d961e7ed1a6019ff724f06dbe447fbb88,2025-01-06,8,1,False,1.0,0.0,0.0,0.0,7.0,0.0,7.0,8.633333333333333,0.0
a8848b387af6359642c71478f693e4643381802ccc97f2b0c353264d7729405c,2025-01-06,6,1,False,1.0,0.0,0.0,0.0,5.0,0.0,5.0,4.2,0.0
b55080c0db11860ea934ecf297a13cf247817b3e34562a5897c18ff2cfa07f07,2025-01-06,10,1,False,1.0,0.0,0.0,0.0,9.0,0.0,9.0,6.683333333333334,0.0
b66c51931f321cca81cc9195f90b3174ae82ebb56c74459770f7800e347ca3b0,2025-01-06,16,1,False,1.0,1.0,0.0,0.0,15.0,2.0,15.0,6.85,0.35
b8e6c17d68aafa670b598b1cf0c0bd73a2937d6abb11055fded76b5e53231165,2025-01-06,12,1,False,1.0,0.0,0.0,0.0,11.0,0.0,11.0,6.433333333333334,0.0
bc60389887dd911a09f472d0f840e5a268d310cd13f422bfc6f811eb916ec82f,2025-01-06,9,1,False,1.0,0.0,0.0,0.0,8.0,0.0,8.0,6.466666666666667,0.0
c2fa44374f0aab02cb57c9ed348bb43c1fd456bfdf5b296c4f72174a002cd27f,2025-01-06,6,1,False,1.0,0.0,0.0,0.0,5.0,0.0,5.0,7.65,0.0
c5a8e30eed6744da0b641f474ebb407a75bc6fd07bd6e3c7aeb522c884dd456b,2025-01-06,8,1,False,1.0,0.0,0.0,0.0,7.0,0.0,7.0,7.866666666666666,0.0
c734a9d4fd20facb7d4e2f69c7a7be0a0263956653fc71b8d25ad3ed7a1ba446,2025-01-06,7,1,False,1.0,0.0,0.0,0.0,6.0,0.0,6.0,5.4,0.0
cb50b7517e0741a49adb67908546647f1da3398d8c72f00f00e9ba111909654b,2025-01-06,9,1,False,1.0,0.0,0.0,0.0,8.0,0.0,8.0,6.766666666666667,0.0
cc4113bc0f389ec5987bdc5cae8e94c8c01f0c5e127a5fc2b0ef752d7226c0ca,2025-01-06,8,1,False,1.0,0.0,0.0,0.0,7.0,0.0,7.0,6.066666666666666,0.0
cca321773f148695c0ffc5ed365db650aadc5ecdd13b4ddb3e6b57f38bf5a719,2025-01-06,8,1,False,1.0,0.0,0.0,0.0,7.0,0.0,7.0,7.5,0.0
d111a1427a39ed7f2d2483db714c5e0d79823bc9ecc62a126e1d144d374d286a,2025-01-06,13,1,False,1.0,0.0,0.0,0.0,12.0,0.0,12.0,5.466666666666667,0.0
dab294f3951611f65a9b1e6408fbad19981d1b65b76c28c3408dac6a6b93bbc8,2025-01-06,13,1,False,1.0,0.0,0.0,0.0,12.0,0.0,12.0,6.6,0.0
ddee12fc509b00889675d637518a8f7dfe216a200b6ad812c397b77d8bccb88b,2025-01-06,13,1,False,1.0,0.0,0.0,0.0,12.0,0.0,12.0,7.633333333333334,0.0
e001292c71d84c28529aed04ab0af1efa767893752908a7b7645f33d09aab74b,2025-01-06,14,1,False,1.0,0.0,0.0,0.0,13.0,0.0,13.0,5.816666666666666,0.0
e1a146fdbba0f457a2ea0a102e2c24872edc75865f95a9b842fcefa68e455266,2025-01-06,9,1,False,1.0,0.0,0.0,0.0,8.0,0.0,8.0,7.55,0.0
e498ed2d854e821dd717169a7b55e586bb647b3bd1ef51990cbd4e847791cc49,2025-01-06,13,1,False,1.0,0.0,0.0,0.0,12.0,0.0,12.0,5.266666666666667,0.0
e72c6ef5ea8445fc95b1c3ca1c82368b6c9adc8a29368110f51d81735f76f11c,2025-01-06,12,1,False,1.0,0.0,0.0,0.0,11.0,0.0,11.0,7.966666666666667,0.0
ea171ad8a99227777c2e7c1664c91caf9c08e47d4ba5c09165812a6d9633998c,2025-01-06,7,1,False,1.0,0.0,0.0,0.0,6.0,1.0,6.0,9.466666666666667,0.15
eac146261339b15b8a1e873ed372802ae1c5198377cc8e0f4a23d21bcead9c02,2025-01-06,12,1,False,1.0,0.0,0.0,0.0,11.0,0.0,11.0,6.85,0.0
ec8eef52024b6815e3113797e206a360a9c324efc2f400801d5eb1179b75a43d,2025-01-06,13,1,False,1.0,0.0,0.0,0.0,12.0,1.0,12.0,9.216666666666667,0.15
eecce08639c689fc3170d254f909a8dedd091d778d0ae7aa829c656b8d085cdd,2025-01-06,9,1,False,1.0,0.0,0.0,0.0,8.0,0.0,8.0,5.883333333333334,0.0
f02fff917d5e1f556f7ca2d8e8ddde98179be018c2669a269bf40d4f64b627f7,2025-01-06,7,1,False,1.0,0.0,0.0,0.0,6.0,0.0,6.0,4.683333333333334,0.0
f17b0eabd2530f1710fc19c34c4d29cc782a669753833ca0d88f524467cdf67f,2025-01-06,13,1,False,1.0,0.0,0.0,0.0,12.0,2.0,12.0,12.233333333333333,0.15
f26a64875adce083be80130e941dbfa6e94f2202ff0c463336c1300ecc5217f6,2025-01-06,6,1,False,1.0,0.0,0.0,0.0,5.0,0.0,5.0,5.216666666666667,0.0
f441fbdfbb3a65b7660b581790ec8633cd5e9a2bc3450e46f6f6d948e0ebd96b,2025-01-06,7,1,False,1.0,0.0,0.0,0.0,6.0,0.0,6.0,7.3,0.0
012fb52705cf3c18e19ff7f562c781dcd1736f3e5615ace007e35dee4740f412,2025-01-07,11,1,False,1.0,0.0,0.0,0.0,10.0,0.0,10.0,7.883333333333334,0.0
0604919ff2aebe087b97959084f1fffe2fd89b7e92f8997d6249f5617f0ec041,2025-01-07,11,1,False,1.0,0.0,0.0,0.0,10.0,0.0,10.0,7.166666666666667,0.0
0b9c9b2a643d502fb0470c0e2d25bd40592ae24d88e27a9cca008632f6491e86,2025-01-07,14,1,False,1.0,0.0,0.0,0.0,13.0,0.0,13.0,6.516666666666667,0.0
0bc6fa557a874432991fb3bef6cc8fecfed275284ca1549c6f502f2f2f86388f,2025-01-07,11,1,False,1.0,0.0,0.0,0.0,10.0,0.0,10.0,7.116666666666666,0.0
12881006a16563a03436c3185999cce893916a7f93bd295d9e51c610390a5400,2025-01-07,14,1,False,1.0,0.0,0.0,0.0,13.0,0.0,13.0,5.45,0.0
13cc67e7ae2b0731f9c20a2adb450d0ab125f700d392f08a01f5019b4da3be89,2025-01-07,15,1,False,1.0,0.0,0.0,0.0,14.0,0.0,14.0,8.383333333333333,0.0
1481a18bb91c683c9f0e63a3c1ffe035a67c1ee64eae546985a4caedd691f154,2025-01-07,12,1,False,1.0,0.0,0.0,0.0,11.0,0.0,11.0,7.266666666666667,0.0
1481cde120f4ec5a6626478c9222dacd947d0d027e33aa5175c391d3f10b05fd,2025-01-07,13,1,False,1.0,0.0,0.0,0.0,12.0,0.0,12.0,6.683333333333334,0.0
18757c67dbbb1f193d93dfd2c81d93f261d3cc1ab2b6b4a27daddb2a42f0c1e2,2025-01-07,7,1,False,1.0,0.0,0.0,0.0,6.0,0.0,6.0,7.683333333333334,0.0
1e13a5c6539e75908d998e36f94f2baee29b17d341286f7a2af3163b528a2fcc,2025-01-07,10,1,False,1.0,0.0,0.0,0.0,9.0,0.0,9.0,7.783333333333333,0.0
1e813ac9d9c5fbfa50cba6f0032edaff8652f398c5508cc13faa4cc0af6fc3b9,2025-01-07,11,1,False,1.0,0.0,0.0,0.0,10.0,0.0,10.0,8.083333333333334,0.0
1fddb883469b0cd0365153a0ebff0dbefb2b5a252dbaf2b9795ad45003650dcf,2025-01-07,8,1,False,1.0,0.0,0.0,0.0,7.0,0.0,7.0,5.4,0.0
227b301943873690ead2973a5f7d43ef587dc58b46733368a3f16daf8db98925,2025-01-07,13,1,False,1.0,0.0,0.0,0.0,12.0,0.0,12.0,8.116666666666667,0.0
269b850943bbddfb37b8186af3d0cd154525f08057e450bdb93ab26f06b9758d,2025-01-07,12,1,False,1.0,0.0,0.0,0.0,11.0,3.0,11.0,14.516666666666667,0.15
27ef13206d1090bf126d0f8dd08b66cc346b18eb199192600e14cdc52d7c9a35,2025-01-07,12,1,False,1.0,0.0,0.0,0.0,11.0,0.0,11.0,8.916666666666666,0.0
2b4a1e95204243f32c7235a27dbeae5a0e9d42da4c762132ac84c0817875d614,2025-01-07,11,1,False,1.0,0.0,0.0,0.0,10.0,0.0,10.0,6.65,0.0
2fdc8fb359ca03d047fec4ad4d7f3b9cfc23ebf54bee30aec8f1a6431bfd0d6e,2025-01-07,6,1,False,1.0,0.0,0.0,0.0,5.0,0.0,5.0,5.083333333333333,0.0
32c184d9780b5545a856a0a366a71b86deb3a80c4dc92142aaf6bb3437c336b1,2025-01-07,7,1,False,1.0,0.0,0.0,0.0,6.0,0.0,6.0,8.133333333333333,0.0
34977907ef51b1295028838fb56ded6159cee0d58c3200a0276324aac366417c,2025-01-07,16,1,False,1.0,0.0,0.0,0.0,15.0,0.0,15.0,8.316666666666666,0.0
3634cd4e250467a39545675e2f7386734815df9c667903c8c83b43450723a792,2025-01-07,16,1,False,1.0,0.0,0.0,0.0,15.0,1.0,15.0,8.266666666666667,0.15
369a478c83b6f436dd9aade49d6289f250e18ec2a71b9552d7d9bb884bb2b586,2025-01-07,14,1,False,1.0,0.0,0.0,0.0,13.0,0.0,13.0,7.783333333333333,0.0
3c32c4971223e549c349880665fa1e81f054571faf44435a8071b4de6b20dffb,2025-01-07,9,1,False,1.0,0.0,0.0,0.0,8.0,0.0,8.0,8.5,0.0
3e05c7d4c2f91af414e809d408787184297b351d1907c225f6f1e75fbec1f3a3,2025-01-07,9,1,False,1.0,0.0,0.0,0.0,8.0,0.0,8.0,9.3,0.0
44e2b71da8273f1b00b9ec55361a1e542f6812bce0acd27214d62e7de86dd6d0,2025-01-07,13,1,False,1.0,0.0,0.0,0.0,12.0,0.0,12.0,7.866666666666666,0.0
4620b38a9a7c0abed1e91cfdc3926234d098446655b643be9342b610365aa1b6,2025-01-07,15,1,False,1.0,0.0,0.0,0.0,14.0,0.0,14.0,8.183333333333334,0.0
49b020eb7c127b73472cb4fc893577b87b48690b941ca1067751e5a6e3eab262,2025-01-07,6,1,False,1.0,0.0,0.0,0.0,5.0,0.0,5.0,8.666666666666666,0.0
4bef524b2f19749989b990b1af1747f137bfe1d7fbf78fa1358ddfc45b247cf1,2025-01-07,9,1,False,1.0,0.0,0.0,0.0,8.0,0.0,8.0,5.816666666666666,0.0
4ef80c0c47503cd20d3a8157080fb28f38e6524b33375c23d5fcd98a2f64545e,2025-01-07,14,1,False,1.0,0.0,0.0,0.0,13.0,2.0,13.0,8.9,0.15
5088fc658035905665368960c940882faf61610a4e1ce57a24c6ffc946f0f5a8,2025-01-07,11,1,False,1.0,0.0,0.0,0.0,10.0,0.0,10.0,7.483333333333333,0.0
5379232fec078f04af386b787ed0dc69b2a455a27e52e901c773a11d2d0bce7f,2025-01-07,12,1,False,1.0,0.0,0.0,0.0,11.0,0.0,11.0,7.65,0.0
53a03335d3716bf67d3ed781065280a46863f8d947c2492c4e33cce33f4446d2,2025-01-07,13,1,False,1.0,0.0,0.0,0.0,12.0,1.0,12.0,8.8,0.15
603fcd2b8449630833d1b6c7313a10e8a2176025a45ca54002988df4de8536dd,2025-01-07,14,1,False,1.0,0.0,0.0,0.0,13.0,0.0,13.0,7.166666666666667,0.0
61127469ce0c27e2d19e0e5ecece9227e60515e12a899bc8bbc29e1c8f68a78f,2025-01-07,7,1,False,1.0,0.0,0.0,0.0,6.0,0.0,6.0,5.016666666666667,0.0
62009223daa0ff462d9b377b2b31f5c85b4e95caf611f5339cbb2b5e1dc9cab5,2025-01-07,9,1,False,1.0,0.0,0.0,0.0,8.0,0.0,8.0,7.433333333333334,0.0
620ea76a7f314a9faecfaadf110510d2abcf73e79e56e93b476e80794b9e251f,2025-01-07,6,1,False,1.0,0.0,0.0,0.0,5.0,0.0,5.0,6.15,0.0
685e9623979d1c18a11af39701aaf24188e1a40aee4c205c4d3220d26708793d,2025-01-07,6,1,False,1.0,0.0,0.0,0.0,5.0,0.0,5.0,5.416666666666667,0.0
69295bad69cbd357f13dc891b598791ab746ad0ed9cea2f9da57019f70c847b6,2025-01-07,7,1,False,1.0,0.0,0.0,0.0,6.0,0.0,6.0,6.616666666666666,0.0
6ac76fd52b6451030fdaa8cce0d1126104c034aa0d6cff3c078311dce03e36e5,2025-01-07,6,1,False,1.0,0.0,0.0,0.0,5.0,0.0,5.0,6.016666666666667,0.0
6e0553bc94f1b3457a68943cdeb271536fa0ca87652900b8c47b6b4e2eabc4b7,2025-01-07,14,1,False,1.0,0.0,0.0,0.0,13.0,0.0,13.0,6.65,0.0
71c200742f059a8380e2f3dd53ca613e2cdd705c24898e5957d46fefeff67336,2025-01-07,11,1,False,1.0,0.0,0.0,0.0,10.0,0.0,10.0,4.116666666666666,0.0
768115c2eaa5bf872b6f73af67403e31127811d5dfdaa65f5998e7f57a6be1ca,2025-01-07,11,1,False,1.0,0.0,0.0,0.0,10.0,0.0,10.0,4.966666666666667,0.0
77a935bf01e27db1c86c62c6082710b6fe7046028279183cc90fc11b5a21dd3c,2025-01-07,11,1,False,1.0,0.0,0.0,0.0,10.0,1.0,10.0,8.683333333333334,0.15
7b291901ed6fc90c51c56024b33122026451c19dfa4736a37621d21afa86ab5a,2025-01-07,14,1,False,1.0,0.0,0.0,0.0,13.0,0.0,13.0,6.316666666666666,0.0
7d64092a6e7dfd07913942876a0c314955bce8dc9fcabd12166bcf1ad5666185,2025-01-07,15,1,False,1.0,1.0,0.0,0.0,14.0,2.0,14.0,7.233333333333333,0.35
7faca1558937aea9797473b24d153f084fc8bc52e7e16da8f8bf4c48b587b358,2025-01-07,7,1,False,1.0,0.0,0.0,0.0,6.0,0.0,6.0,5.383333333333334,0.0
806e62fd6dd962469b9425c2f7b2550582df8623e5c711ade163292a626414aa,2025-01-07,11,1,False,1.0,0.0,0.0,0.0,10.0,0.0,10.0,3.966666666666667,0.0
85bf8422bdd496aa90249b85acbd42b16a6a0ed3121a586f0bcc607d16d09d80,2025-01-07,13,1,False,1.0,0.0,0.0,0.0,12.0,0.0,12.0,5.316666666666666,0.0
88b53efa4c89ad7a3d90cf3c01046d714f1adff9827d0eb5754b4ef76c64f039,2025-01-07,16,1,False,1.0,0.0,0.0,0.0,15.0,0.0,15.0,7.633333333333334,0.0
8eb9feaf80cb3b47e639148a128ff9ae2b814462106966998a7656825b71fa7d,2025-01-07,14,1,False,1.0,0.0,0.0,0.0,13.0,0.0,13.0,6.216666666666667,0.0
924ed1bb3874124ad2e307aa33a7e5791cc81dd30c0c079d54cfc1ea14ee310a,2025-01-07,7,1,False,1.0,0.0,0.0,0.0,6.0,0.0,6.0,7.016666666666667,0.0
939b9328b580200251e640b1f2170850525f4fefe336c98f053407a0725f9849,2025-01-07,10,1,False,1.0,0.0,0.0,0.0,9.0,0.0,9.0,8.616666666666667,0.0
9a31e4091d5c4c7fb8b9377b091ea9caa9cf26c36e62547a85992d9e109b1b9c,2025-01-07,13,1,False,1.0,0.0,0.0,0.0,12.0,0.0,12.0,5.55,0.0
9e007677846640b2acc599b1d1d498a20ff8260eeda2d49338e3b6ed111045a9,2025-01-07,8,1,False,1.0,0.0,0.0,0.0,7.0,0.0,7.0,7.85,0.0
9e7a5e914136e41ca82c366fd529e02d961e7ed1a6019ff724f06dbe447fbb88,2025-01-07,7,1,False,1.0,0.0,0.0,0.0,6.0,0.0,6.0,6.433333333333334,0.0
a8848b387af6359642c71478f693e4643381802ccc97f2b0c353264d7729405c,2025-01-07,10,1,False,1.0,0.0,0.0,0.0,9.0,0.0,9.0,5.833333333333333,0.0
b55080c0db11860ea934ecf297a13cf247817b3e34562a5897c18ff2cfa07f07,2025-01-07,6,1,False,1.0,0.0,0.0,0.0,5.0,0.0,5.0,5.7,0.0
b66c51931f321cca81cc9195f90b3174ae82ebb56c74459770f7800e347ca3b0,2025-01-07,11,1,False,1.0,0.0,0.0,0.0,10.0,0.0,10.0,8.5,0.0
b8e6c17d68aafa670b598b1cf0c0bd73a2937d6abb11055fded76b5e53231165,2025-01-07,16,1,False,1.0,0.0,0.0,0.0,15.0,2.0,15.0,9.283333333333333,0.15
bc60389887dd911a09f472d0f840e5a268d310cd13f422bfc6f811eb916ec82f,2025-01-07,13,1,False,1.0,1.0,0.0,0.0,12.0,1.0,12.0,9.533333333333333,0.35
c2fa44374f0aab02cb57c9ed348bb43c1fd456bfdf5b296c4f72174a002cd27f,2025-01-07,11,1,False,1.0,0.0,0.0,0.0,10.0,0.0,10.0,7.983333333333333,0.0
c5a8e30eed6744da0b641f474ebb407a75bc6fd07bd6e3c7aeb522c884dd456b,2025-01-07,10,1,False,1.0,0.0,0.0,0.0,9.0,0.0,9.0,9.516666666666667,0.0
c734a9d4fd20facb7d4e2f69c7a7be0a0263956653fc71b8d25ad3ed7a1ba446,2025-01-07,14,1,False,1.0,0.0,0.0,0.0,13.0,0.0,13.0,8.583333333333334,0.0
cb50b7517e0741a49adb67908546647f1da3398d8c72f00f00e9ba111909654b,2025-01-07,8,1,False,1.0,0.0,0.0,0.0,7.0,0.0,7.0,6.266666666666667,0.0
cc4113bc0f389ec5987bdc5cae8e94c8c01f0c5e127a5fc2b0ef752d7226c0ca,2025-01-07,12,1,False,1.0,0.0,0.0,0.0,11.0,0.0,11.0,5.733333333333333,0.0
cca321773f148695c0ffc5ed365db650aadc5ecdd13b4ddb3e6b57f38bf5a719,2025-01-07,13,1,False,1.0,0.0,0.0,0.0,12.0,0.0,12.0,6.683333333333334,0.0
d111a1427a39ed7f2d2483db714c5e0d79823bc9ecc62a126e1d144d374d286a,2025-01-07,8,1,False,1.0,0.0,0.0,0.0,7.0,0.0,7.0,6.4,0.0
dab294f3951611f65a9b1e6408fbad19981d1b65b76c28c3408dac6a6b93bbc8,2025-01-07,9,1,False,1.0,1.0,0.0,0.0,8.0,0.0,8.0,7.766666666666667,0.2
ddee12fc509b00889675d637518a8f7dfe216a200b6ad812c397b77d8bccb88b,2025-01-07,11,1,False,1.0,0.0,0.0,0.0,10.0,1.0,10.0,7.95,0.15
e001292c71d84c28529aed04ab0af1efa767893752908a7b7645f33d09aab74b,2025-01-07,12,1,False,1.0,0.0,0.0,0.0,11.0,0.0,11.0,8.266666666666667,0.0
e1a146fdbba0f457a2ea0a102e2c24872edc75865f95a9b842fcefa68e455266,2025-01-07,16,1,False,1.0,0.0,0.0,0.0,15.0,0.0,15.0,5.733333333333333,0.0
e498ed2d854e821dd717169a7b55e586bb647b3bd1ef51990cbd4e847791cc49,2025-01-07,15,1,False,1.0,0.0,0.0,0.0,14.0,2.0,14.0,9.566666666666666,0.15
e72c6ef5ea8445fc95b1c3ca1c82368b6c9adc8a29368110f51d81735f76f11c,2025-01-07,6,1,False,1.0,0.0,0.0,0.0,5.0,0.0,5.0,4.633333333333334,0.0
ea171ad8a99227777c2e7c1664c91caf9c08e47d4ba5c09165812a6d9633998c,2025-01-07,14,1,False,1.0,0.0,0.0,0.0,13.0,0.0,13.0,7.266666666666667,0.0
eac146261339b15b8a1e873ed372802ae1c5198377cc8e0f4a23d21bcead9c02,2025-01-07,14,1,False,1.0,0.0,0.0,0.0,13.0,0.0,13.0,8.316666666666666,0.0
ec8eef52024b6815e3113797e206a360a9c324efc2f400801d5eb1179b75a43d,2025-01-07,12,1,False,1.0,0.0,0.0,0.0,11.0,0.0,11.0,7.633333333333334,0.0
eecce08639c689fc3170d254f909a8dedd091d778d0ae7aa829c656b8d085cdd,2025-01-07,8,1,False,1.0,0.0,0.0,0.0,7.0,0.0,7.0,7.366666666666666,0.0
f02fff917d5e1f556f7ca2d8e8ddde98179be018c2669a269bf40d4f64b627f7,2025-01-07,9,1,False,1.0,0.0,0.0,0.0,8.0,0.0,8.0,5.883333333333334,0.0
f17b0eabd2530f1710fc19c34c4d29cc782a669753833ca0d88f524467cdf67f,2025-01-07,4,1,False,1.0,1.0,0.0,0.0,3.0,3.0,3.0,1.15,0.35
f26a64875adce083be80130e941dbfa6e94f2202ff0c463336c1300ecc5217f6,2025-01-07,15,1,False,1.0,0.0,0.0,0.0,14.0,0.0,14.0,7.616666666666666,0.0
f441fbdfbb3a65b7660b581790ec8633cd5e9a2bc3450e46f6f6d948e0ebd96b,2025-01-07,12,1,False,1.0,0.0,0.0,0.0,11.0,0.0,11.0,7.116666666666666,0.0
012fb52705cf3c18e19ff7f562c781dcd1736f3e5615ace007e35dee4740f412,2025-01-08,7,1,False,1.0,0.0,0.0,0.0,6.0,2.0,6.0,9.133333333333333,0.15
0604919ff2aebe087b97959084f1fffe2fd89b7e92f8997d6249f5617f0ec041,2025-01-08,11,1,False,1.0,0.0,0.0,0.0,10.0,0.0,10.0,6.416666666666667,0.0
0b9c9b2a643d502fb0470c0e2d25bd40592ae24d88e27a9cca008632f6491e86,2025-01-08,8,1,False,1.0,0.0,0.0,0.0,7.0,0.0,7.0,6.9,0.0
0bc6fa557a874432991fb3bef6cc8fecfed275284ca1549c6f502f2f2f86388f,2025-01-08,9,1,False,1.0,0.0,0.0,0.0,8.0,0.0,8.0,5.65,0.0
12881006a16563a03436c3185999cce893916a7f93bd295d9e51c610390a5400,2025-01-08,12,1,False,1.0,0.0,0.0,0.0,11.0,1.0,11.0,9.216666666666667,0.15
13cc67e7ae2b0731f9c20a2adb450d0ab125f700d392f08a01f5019b4da3be89,2025-01-08,16,1,False,1.0,0.0,0.0,0.0,15.0,0.0,15.0,7.033333333333333,0.0
1481a18bb91c683c9f0e63a3c1ffe035a67c1ee64eae546985a4caedd691f154,2025-01-08,12,1,False,1.0,0.0,0.0,0.0,11.0,0.0,11.0,7.1,0.0
1481cde120f4ec5a6626478c9222dacd947d0d027e33aa5175c391d3f10b05fd,2025-01-08,13,1,False,1.0,0.0,0.0,0.0,12.0,0.0,12.0,7.883333333333334,0.0
18757c67dbbb1f193d93dfd2c81d93f261d3cc1ab2b6b4a27daddb2a42f0c1e2,2025-01-08,12,1,False,1.0,0.0,0.0,0.0,11.0,0.0,11.0,6.75,0.0
1e13a5c6539e75908d998e36f94f2baee29b17d341286f7a2af3163b528a2fcc,2025-01-08,16,1,False,1.0,0.0,0.0,0.0,15.0,0.0,15.0,6.1,0.0
1e813ac9d9c5fbfa50cba6f0032edaff8652f398c5508cc13faa4cc0af6fc3b9,2025-01-08,8,1,False,1.0,0.0,0.0,0.0,7.0,0.0,7.0,5.266666666666667,0.0
1fddb883469b0cd0365153a0ebff0dbefb2b5a252dbaf2b9795ad45003650dcf,2025-01-08,15,1,False,1.0,0.0,0.0,0.0,14.0,0.0,14.0,8.15,0.0
227b301943873690ead2973a5f7d43ef587dc58b46733368a3f16daf8db98925,2025-01-08,15,1,False,1.0,0.0,0.0,0.0,14.0,0.0,14.0,6.35,0.0
269b850943bbddfb37b8186af3d0cd154525f08057e450bdb93ab26f06b9758d,2025-01-08,14,1,False,1.0,0.0,0.0,0.0,13.0,0.0,13.0,7.95,0.0
27ef13206d1090bf126d0f8dd08b66cc346b18eb199192600e14cdc52d7c9a35,2025-01-08,13,1,False,1.0,0.0,0.0,0.0,12.0,0.0,12.0,8.783333333333333,0.0
2b4a1e95204243f32c7235a27dbeae5a0e9d42da4c762132ac84c0817875d614,2025-01-08,15,1,False,1.0,0.0,0.0,0.0,14.0,0.0,14.0,8.166666666666666,0.0
2fdc8fb359ca03d047fec4ad4d7f3b9cfc23ebf54bee30aec8f1a6431bfd0d6e,2025-01-08,12,1,False,1.0,0.0,0.0,0.0,11.0,0.0,11.0,5.833333333333333,0.0
32c184d9780b5545a856a0a366a71b86deb3a80c4dc92142aaf6bb3437c336b1,2025-01-08,11,1,False,1.0,0.0,0.0,0.0,10.0,0.0,10.0,7.5,0.0
34977907ef51b1295028838fb56ded6159cee0d58c3200a0276324aac366417c,2025-01-08,7,1,False,1.0,0.0,0.0,0.0,6.0,1.0,6.0,8.333333333333334,0.15
3634cd4e250467a39545675e2f7386734815df9c667903c8c83b43450723a792,2025-01-08,14,1,False,1.0,0.0,0.0,0.0,13.0,0.0,13.0,7.733333333333333,0.0
369a478c83b6f436dd9aade49d6289f250e18ec2a71b9552d7d9bb884bb2b586,2025-01-08,15,1,False,1.0,0.0,0.0,0.0,14.0,0.0,14.0,7.916666666666667,0.0
3c32c4971223e549c349880665fa1e81f054571faf44435a8071b4de6b20dffb,2025-01-08,10,1,False,1.0,0.0,0.0,0.0,9.0,0.0,9.0,7.433333333333334,0.0
3e05c7d4c2f91af414e809d408787184297b351d1907c225f6f1e75fbec1f3a3,2025-01-08,13,1,False,1.0,0.0,0.0,0.0,12.0,0.0,12.0,7.366666666666666,0.0
44e2b71da8273f1b00b9ec55361a1e542f6812bce0acd27214d62e7de86dd6d0,2025-01-08,12,1,False,1.0,0.0,0.0,0.0,11.0,0.0,11.0,6.966666666666667,0.0
4620b38a9a7c0abed1e91cfdc3926234d098446655b643be9342b610365aa1b6,2025-01-08,9,1,False,1.0,0.0,0.0,0.0,8.0,0.0,8.0,6.933333333333334,0.0
49b020eb7c127b73472cb4fc893577b87b48690b941ca1067751e5a6e3eab262,2025-01-08,14,1,False,1.0,0.0,0.0,0.0,13.0,0.0,13.0,5.783333333333333,0.0
4bef524b2f19749989b990b1af1747f137bfe1d7fbf78fa1358ddfc45b247cf1,2025-01-08,16,1,False,1.0,0.0,0.0,0.0,15.0,0.0,15.0,8.4,0.0
4ef80c0c47503cd20d3a8157080fb28f38e6524b33375c23d5fcd98a2f64545e,2025-01-08,13,1,False,1.0,0.0,0.0,0.0,12.0,0.0,12.0,6.45,0.0
5088fc658035905665368960c940882faf61610a4e1ce57a24c6ffc946f0f5a8,2025-01-08,6,1,False,1.0,0.0,0.0,0.0,5.0,0.0,5.0,7.45,0.0
5379232fec078f04af386b787ed0dc69b2a455a27e52e901c773a11d2d0bce7f,2025-01-08,9,1,False,1.0,0.0,0.0,0.0,8.0,0.0,8.0,4.5,0.0
53a03335d3716bf67d3ed781065280a46863f8d947c2492c4e33cce33f4446d2,2025-01-08,9,1,False,1.0,0.0,0.0,0.0,8.0,0.0,8.0,7.283333333333333,0.0
603fcd2b8449630833d1b6c7313a10e8a2176025a45ca54002988df4de8536dd,2025-01-08,9,1,False,1.0,0.0,0.0,0.0,8.0,0.0,8.0,5.583333333333333,0.0
61127469ce0c27e2d19e0e5ecece9227e60515e12a899bc8bbc29e1c8f68a78f,2025-01-08,11,1,False,1.0,0.0,0.0,0.0,10.0,0.0,10.0,8.366666666666667,0.0
62009223daa0ff462d9b377b2b31f5c85b4e95caf611f5339cbb2b5e1dc9cab5,2025-01-08,12,1,False,1.0,0.0,0.0,0.0,11.0,0.0,11.0,8.45,0.0
620ea76a7f314a9faecfaadf110510d2abcf73e79e56e93b476e80794b9e251f,2025-01-08,15,1,False,1.0,0.0,0.0,0.0,14.0,0.0,14.0,7.166666666666667,0.0
685e9623979d1c18a11af39701aaf24188e1a40aee4c205c4d3220d26708793d,2025-01-08,14,1,False,1.0,0.0,0.0,0.0,13.0,0.0,13.0,7.066666666666666,0.0
69295bad69cbd357f13dc891b598791ab746ad0ed9cea2f9da57019f70c847b6,2025-01-08,9,1,False,1.0,0.0,0.0,0.0,8.0,0.0,8.0,7.666666666666667,0.0
6ac76fd52b6451030fdaa8cce0d1126104c034aa0d6cff3c078311dce03e36e5,2025-01-08,11,1,False,1.0,0.0,0.0,0.0,10.0,1.0,10.0,8.716666666666667,0.15
6e0553bc94f1b3457a68943cdeb271536fa0ca87652900b8c47b6b4e2eabc4b7,2025-01-08,6,1,False,1.0,0.0,0.0,0.0,5.0,0.0,5.0,6.933333333333334,0.0
71c200742f059a8380e2f3dd53ca613e2cdd705c24898e5957d46fefeff67336,2025-01-08,6,1,False,1.0,0.0,0.0,0.0,5.0,0.0,5.0,6.083333333333333,0.0
768115c2eaa5bf872b6f73af67403e31127811d5dfdaa65f5998e7f57a6be1ca,2025-01-08,7,1,False,1.0,0.0,0.0,0.0,6.0,0.0,6.0,7.95,0.0
77a935bf01e27db1c86c62c6082710b6fe7046028279183cc90fc11b5a21dd3c,2025-01-08,12,1,False,1.0,0.0,0.0,0.0,11.0,0.0,11.0,6.05,0.0
7b291901ed6fc90c51c56024b33122026451c19dfa4736a37621d21afa86ab5a,2025-01-08,15,1,False,1.0,0.0,0.0,0.0,14.0,0.0,14.0,8.033333333333333,0.0
7d64092a6e7dfd07913942876a0c314955bce8dc9fcabd12166bcf1ad5666185,2025-01-08,15,1,False,1.0,0.0,0.0,0.0,14.0,0.0,14.0,6.983333333333333,0.0
7faca1558937aea9797473b24d153f084fc8bc52e7e16da8f8bf4c48b587b358,2025-01-08,13,1,False,1.0,0.0,0.0,0.0,12.0,0.0,12.0,8.2,0.0
806e62fd6dd962469b9425c2f7b2550582df8623e5c711ade163292a626414aa,2025-01-08,9,1,False,1.0,0.0,0.0,0.0,8.0,0.0,8.0,7.716666666666667,0.0
85bf8422bdd496aa90249b85acbd42b16a6a0ed3121a586f0bcc607d16d09d80,2025-01-08,12,1,False,1.0,0.0,0.0,0.0,11.0,0.0,11.0,6.45,0.0
88b53efa4c89ad7a3d90cf3c01046d714f1adff9827d0eb5754b4ef76c64f039,2025-01-08,11,1,False,1.0,0.0,0.0,0.0,10.0,0.0,10.0,6.433333333333334,0.0
8eb9feaf80cb3b47e639148a128ff9ae2b814462106966998a7656825b71fa7d,2025-01-08,6,1,False,1.0,0.0,0.0,0.0,5.0,2.0,5.0,9.533333333333333,0.15
924ed1bb3874124ad2e307aa33a7e5791cc81dd30c0c079d54cfc1ea14ee310a,2025-01-08,11,1,False,1.0,0.0,0.0,0.0,10.0,0.0,10.0,7.0,0.0
939b9328b580200251e640b1f2170850525f4fefe336c98f053407a0725f9849,2025-01-08,14,1,False,1.0,0.0,0.0,0.0,13.0,0.0,13.0,7.483333333333333,0.0
9a31e4091d5c4c7fb8b9377b091ea9caa9cf26c36e62547a85992d9e109b1b9c,2025-01-08,15,1,False,1.0,0.0,0.0,0.0,14.0,1.0,14.0,8.716666666666667,0.15
9e007677846640b2acc599b1d1d498a20ff8260eeda2d49338e3b6ed111045a9,2025-01-08,13,1,False,1.0,0.0,0.0,0.0,12.0,0.0,12.0,6.716666666666667,0.0
9e7a5e914136e41ca82c366fd529e02d961e7ed1a6019ff724f06dbe447fbb88,2025-01-08,12,1,False,1.0,0.0,0.0,0.0,11.0,0.0,11.0,7.966666666666667,0.0
a8848b387af6359642c71478f693e4643381802ccc97f2b0c353264d7729405c,2025-01-08,13,1,False,1.0,0.0,0.0,0.0,12.0,0.0,12.0,5.383333333333334,0.0
b55080c0db11860ea934ecf297a13cf247817b3e34562a5897c18ff2cfa07f07,2025-01-08,6,1,False,1.0,0.0,0.0,0.0,5.0,1.0,5.0,8.733333333333333,0.15
b66c51931f321cca81cc9195f90b3174ae82ebb56c74459770f7800e347ca3b0,2025-01-08,10,1,False,1.0,0.0,0.0,0.0,9.0,0.0,9.0,7.2,0.0
b8e6c17d68aafa670b598b1cf0c0bd73a2937d6abb11055fded76b5e53231165,2025-01-08,12,1,False,1.0,0.0,0.0,0.0,11.0,0.0,11.0,5.166666666666667,0.0
bc60389887dd911a09f472d0f840e5a268d310cd13f422bfc6f811eb916ec82f,2025-01-08,11,1,False,1.0,0.0,0.0,0.0,10.0,1.0,10.0,9.633333333333333,0.15
c2fa44374f0aab02cb57c9ed348bb43c1fd456bfdf5b296c4f72174a002cd27f,2025-01-08,10,1,False,1.0,0.0,0.0,0.0,9.0,0.0,9.0,8.016666666666667,0.0
c5a8e30eed6744da0b641f474ebb407a75bc6fd07bd6e3c7aeb522c884dd456b,2025-01-08,7,1,False,1.0,0.0,0.0,0.0,6.0,0.0,6.0,7.033333333333333,0.0
c734a9d4fd20facb7d4e2f69c7a7be0a0263956653fc71b8d25ad3ed7a1ba446,2025-01-08,7,1,False,1.0,0.0,0.0,0.0,6.0,1.0,6.0,9.466666666666667,0.15
cb50b7517e0741a49adb67908546647f1da3398d8c72f00f00e9ba111909654b,2025-01-08,12,1,False,1.0,0.0,0.0,0.0,11.0,1.0,11.0,8.1,0.15
cc4113bc0f389ec5987bdc5cae8e94c8c01f0c5e127a5fc2b0ef752d7226c0ca,2025-01-08,15,1,False,1.0,0.0,0.0,0.0,14.0,0.0,14.0,7.366666666666666,0.0
cca321773f148695c0ffc5ed365db650aadc5ecdd13b4ddb3e6b57f38bf5a719,2025-01-08,9,1,False,1.0,0.0,0.0,0.0,8.0,0.0,8.0,7.5,0.0
d111a1427a39ed7f2d2483db714c5e0d79823bc9ecc62a126e1d144d374d286a,2025-01-08,8,1,False,1.0,0.0,0.0,0.0,7.0,1.0,7.0,8.25,0.15
dab294f3951611f65a9b1e6408fbad19981d1b65b76c28c3408dac6a6b93bbc8,2025-01-08,7,1,False,1.0,0.0,0.0,0.0,6.0,0.0,6.0,6.25,0.0
ddee12fc509b00889675d637518a8f7dfe216a200b6ad812c397b77d8bccb88b,2025-01-08,16,1,False,1.0,0.0,0.0,0.0,15.0,0.0,15.0,6.15,0.0
e001292c71d84c28529aed04ab0af1efa767893752908a7b7645f33d09aab74b,2025-01-08,7,1,False,1.0,0.0,0.0,0.0,6.0,0.0,6.0,7.766666666666667,0.0
e1a146fdbba0f457a2ea0a102e2c24872edc75865f95a9b842fcefa68e455266,2025-01-08,16,1,False,1.0,0.0,0.0,0.0,15.0,0.0,15.0,6.916666666666667,0.0
e498ed2d854e821dd717169a7b55e586bb647b3bd1ef51990cbd4e847791cc49,2025-01-08,7,1,False,1.0,0.0,0.0,0.0,6.0,0.0,6.0,4.633333333333334,0.0
e72c6ef5ea8445fc95b1c3ca1c82368b6c9adc8a29368110f51d81735f76f11c,2025-01-08,11,1,False,1.0,0.0,0.0,0.0,10.0,2.0,10.0,9.85,0.15
ea171ad8a99227777c2e7c1664c91caf9c08e47d4ba5c09165812a6d9633998c,2025-01-08,13,1,False,1.0,0.0,0.0,0.0,12.0,0.0,12.0,7.05,0.0
eac146261339b15b8a1e873ed372802ae1c5198377cc8e0f4a23d21bcead9c02,2025-01-08,15,1,False,1.0,0.0,0.0,0.0,14.0,0.0,14.0,6.366666666666666,0.0
ec8eef52024b6815e3113797e206a360a9c324efc2f400801d5eb1179b75a43d,2025-01-08,16,1,False,1.0,0.0,0.0,0.0,15.0,0.0,15.0,8.466666666666667,0.0
eecce08639c689fc3170d254f909a8dedd091d778d0ae7aa829c656b8d085cdd,2025-01-08,15,1,False,1.0,0.0,0.0,0.0,14.0,0.0,14.0,6.533333333333333,0.0
f02fff917d5e1f556f7ca2d8e8ddde98179be018c2669a269bf40d4f64b627f7,2025-01-08,9,1,False,1.0,0.0,0.0,0.0,8.0,0.0,8.0,8.283333333333333,0.0
f17b0eabd2530f1710fc19c34c4d29cc782a669753833ca0d88f524467cdf67f,2025-01-08,17,1,False,1.0,1.0,0.0,0.0,16.0,16.0,16.0,23.633333333333333,0.35
f26a64875adce083be80130e941dbfa6e94f2202ff0c463336c1300ecc5217f6,2025-01-08,8,1,False,1.0,0.0,0.0,0.0,7.0,0.0,7.0,9.05,0.0
f441fbdfbb3a65b7660b581790ec8633cd5e9a2bc3450e46f6f6d948e0ebd96b,2025-01-08,11,1,False,1.0,0.0,0.0,0.0,10.0,2.0,10.0,9.716666666666667,0.15
012fb52705cf3c18e19ff7f562c781dcd1736f3e5615ace007e35dee4740f412,2025-01-09,14,1,False,1.0,0.0,0.0,0.0,13.0,0.0,13.0,6.383333333333334,0.0
0604919ff2aebe087b97959084f1fffe2fd89b7e92f8997d6249f5617f0ec041,2025-01-09,9,1,False,1.0,0.0,0.0,0.0,8.0,0.0,8.0,5.116666666666666,0.0
0b9c9b2a643d502fb0470c0e2d25bd40592ae24d88e27a9cca008632f6491e86,2025-01-09,14,1,False,1.0,0.0,0.0,0.0,13.0,2.0,13.0,8.916666666666666,0.15
0bc6fa557a874432991fb3bef6cc8fecfed275284ca1549c6f502f2f2f86388f,2025-01-09,6,1,False,1.0,0.0,0.0,0.0,5.0,0.0,5.0,6.966666666666667,0.0
12881006a16563a03436c3185999cce893916a7f93bd295d9e51c610390a5400,2025-01-09,6,1,False,1.0,0.0,0.0,0.0,5.0,0.0,5.0,7.15,0.0
13cc67e7ae2b0731f9c20a2adb450d0ab125f700d392f08a01f5019b4da3be89,2025-01-09,10,1,False,1.0,0.0,0.0,0.0,9.0,0.0,9.0,5.666666666666667,0.0
1481a18bb91c683c9f0e63a3c1ffe035a67c1ee64eae546985a4caedd691f154,2025-01-09,6,1,False,1.0,0.0,0.0,0.0,5.0,0.0,5.0,2.75,0.0
1481cde120f4ec5a6626478c9222dacd947d0d027e33aa5175c391d3f10b05fd,2025-01-09,13,1,False,1.0,0.0,0.0,0.0,12.0,0.0,12.0,7.366666666666666,0.0
18757c67dbbb1f193d93dfd2c81d93f261d3cc1ab2b6b4a27daddb2a42f0c1e2,2025-01-09,13,1,False,1.0,0.0,0.0,0.0,12.0,0.0,12.0,6.916666666666667,0.0
1e13a5c6539e75908d998e36f94f2baee29b17d341286f7a2af3163b528a2fcc,2025-01-09,16,1,False,1.0,0.0,0.0,0.0,15.0,0.0,15.0,6.95,0.0
1e813ac9d9c5fbfa50cba6f0032edaff8652f398c5508cc13faa4cc0af6fc3b9,2025-01-09,8,1,False,1.0,0.0,0.0,0.0,7.0,0.0,7.0,7.45,0.0
1fddb883469b0cd0365153a0ebff0dbefb2b5a252dbaf2b9795ad45003650dcf,2025-01-09,13,1,False,1.0,0.0,0.0,0.0,12.0,0.0,12.0,8.083333333333334,0.0
227b301943873690ead2973a5f7d43ef587dc58b46733368a3f16daf8db98925,2025-01-09,7,1,False,1.0,0.0,0.0,0.0,6.0,0.0,6.0,5.633333333333334,0.0
269b850943bbddfb37b8186af3d0cd154525f08057e450bdb93ab26f06b9758d,2025-01-09,7,1,False,1.0,0.0,0.0,0.0,6.0,0.0,6.0,7.1,0.0
27ef13206d1090bf126d0f8dd08b66cc346b18eb199192600e14cdc52d7c9a35,2025-01-09,14,1,False,1.0,0.0,0.0,0.0,13.0,0.0,13.0,7.85,0.0
2b4a1e95204243f32c7235a27dbeae5a0e9d42da4c762132ac84c0817875d614,2025-01-09,16,1,False,1.0,0.0,0.0,0.0,15.0,0.0,15.0,7.083333333333333,0.0
2fdc8fb359ca03d047fec4ad4d7f3b9cfc23ebf54bee30aec8f1a6431bfd0d6e,2025-01-09,9,1,False,1.0,0.0,0.0,0.0,8.0,0.0,8.0,7.8,0.0
32c184d9780b5545a856a0a366a71b86deb3a80c4dc92142aaf6bb3437c336b1,2025-01-09,10,1,False,1.0,0.0,0.0,0.0,9.0,0.0,9.0,5.383333333333334,0.0
34977907ef51b1295028838fb56ded6159cee0d58c3200a0276324aac366417c,2025-01-09,6,1,False,1.0,0.0,0.0,0.0,5.0,0.0,5.0,5.783333333333333,0.0
3634cd4e250467a39545675e2f7386734815df9c667903c8c83b43450723a792,2025-01-09,7,1,False,1.0,0.0,0.0,0.0,6.0,0.0,6.0,5.45,0.0
369a478c83b6f436dd9aade49d6289f250e18ec2a71b9552d7d9bb884bb2b586,2025-01-09,11,1,False,1.0,0.0,0.0,0.0,10.0,0.0,10.0,6.333333333333333,0.0
3c32c4971223e549c349880665fa1e81f054571faf44435a8071b4de6b20dffb,2025-01-09,12,1,False,1.0,0.0,0.0,0.0,11.0,0.0,11.0,8.25,0.0
3e05c7d4c2f91af414e809d408787184297b351d1907c225f6f1e75fbec1f3a3,2025-01-09,6,1,False,1.0,0.0,0.0,0.0,5.0,0.0,5.0,6.633333333333334,0.0
44e2b71da8273f1b00b9ec55361a1e542f6812bce0acd27214d62e7de86dd6d0,2025-01-09,11,1,False,1.0,0.0,0.0,0.0,10.0,3.0,10.0,8.85,0.15
4620b38a9a7c0abed1e91cfdc3926234d098446655b643be9342b610365aa1b6,2025-01-09,11,1,False,1.0,0.0,0.0,0.0,10.0,0.0,10.0,8.283333333333333,0.0
49b020eb7c127b73472cb4fc893577b87b48690b941ca1067751e5a6e3eab262,2025-01-09,14,1,False,1.0,0.0,0.0,0.0,13.0,0.0,13.0,7.683333333333334,0.0
4bef524b2f19749989b990b1af1747f137bfe1d7fbf78fa1358ddfc45b247cf1,2025-01-09,15,1,False,1.0,0.0,0.0,0.0,14.0,0.0,14.0,4.8,0.0
4ef80c0c47503cd20d3a8157080fb28f38e6524b33375c23d5fcd98a2f64545e,2025-01-09,8,1,False,1.0,0.0,0.0,0.0,7.0,0.0,7.0,5.733333333333333,0.0
5088fc658035905665368960c940882faf61610a4e1ce57a24c6ffc946f0f5a8,2025-01-09,11,1,False,1.0,0.0,0.0,0.0,10.0,1.0,10.0,8.783333333333333,0.15
5379232fec078f04af386b787ed0dc69b2a455a27e52e901c773a11d2d0bce7f,2025-01-09,11,1,False,1.0,0.0,0.0,0.0,10.0,1.0,10.0,15.7,0.15
53a03335d3716bf67d3ed781065280a46863f8d947c2492c4e33cce33f4446d2,2025-01-09,8,1,False,1.0,0.0,0.0,0.0,7.0,0.0,7.0,8.133333333333333,0.0
603fcd2b8449630833d1b6c7313a10e8a2176025a45ca54002988df4de8536dd,2025-01-09,14,1,False,1.0,0.0,0.0,0.0,13.0,0.0,13.0,7.916666666666667,0.0
61127469ce0c27e2d19e0e5ecece9227e60515e12a899bc8bbc29e1c8f68a78f,2025-01-09,14,1,False,1.0,0.0,0.0,0.0,13.0,0.0,13.0,7.75,0.0
62009223daa0ff462d9b377b2b31f5c85b4e95caf611f5339cbb2b5e1dc9cab5,2025-01-09,13,1,False,1.0,0.0,0.0,0.0,12.0,0.0,12.0,6.966666666666667,0.0
620ea76a7f314a9faecfaadf110510d2abcf73e79e56e93b476e80794b9e251f,2025-01-09,8,1,False,1.0,0.0,0.0,0.0,7.0,0.0,7.0,7.316666666666666,0.0
685e9623979d1c18a11af39701aaf24188e1a40aee4c205c4d3220d26708793d,2025-01-09,11,1,False,1.0,0.0,0.0,0.0,10.0,0.0,10.0,7.083333333333333,0.0
69295bad69cbd357f13dc891b598791ab746ad0ed9cea2f9da57019f70c847b6,2025-01-09,7,1,False,1.0,0.0,0.0,0.0,6.0,0.0,6.0,6.3,0.0
6ac76fd52b6451030fdaa8cce0d1126104c034aa0d6cff3c078311dce03e36e5,2025-01-09,15,1,False,1.0,0.0,0.0,0.0,14.0,1.0,14.0,8.833333333333334,0.15
6e0553bc94f1b3457a68943cdeb271536fa0ca87652900b8c47b6b4e2eabc4b7,2025-01-09,10,1,False,1.0,0.0,0.0,0.0,9.0,0.0,9.0,4.516666666666667,0.0
71c200742f059a8380e2f3dd53ca613e2cdd705c24898e5957d46fefeff67336,2025-01-09,6,1,False,1.0,0.0,0.0,0.0,5.0,0.0,5.0,6.366666666666666,0.0
768115c2eaa5bf872b6f73af67403e31127811d5dfdaa65f5998e7f57a6be1ca,2025-01-09,10,1,False,1.0,0.0,0.0,0.0,9.0,0.0,9.0,9.133333333333333,0.0
77a935bf01e27db1c86c62c6082710b6fe7046028279183cc90fc11b5a21dd3c,2025-01-09,9,1,False,1.0,0.0,0.0,0.0,8.0,0.0,8.0,6.516666666666667,0.0
7b291901ed6fc90c51c56024b33122026451c19dfa4736a37621d21afa86ab5a,2025-01-09,16,1,False,1.0,0.0,0.0,0.0,15.0,0.0,15.0,8.35,0.0
7d64092a6e7dfd07913942876a0c314955bce8dc9fcabd12166bcf1ad5666185,2025-01-09,9,1,False,1.0,0.0,0.0,0.0,8.0,0.0,8.0,7.816666666666666,0.0
7faca1558937aea9797473b24d153f084fc8bc52e7e16da8f8bf4c48b587b358,2025-01-09,8,1,False,1.0,0.0,0.0,0.0,7.0,0.0,7.0,7.95,0.0
806e62fd6dd962469b9425c2f7b2550582df8623e5c711ade163292a626414aa,2025-01-09,10,1,False,1.0,0.0,0.0,0.0,9.0,0.0,9.0,8.233333333333333,0.0
85bf8422bdd496aa90249b85acbd42b16a6a0ed3121a586f0bcc607d16d09d80,2025-01-09,11,1,False,1.0,0.0,0.0,0.0,10.0,0.0,10.0,7.283333333333333,0.0
88b53efa4c89ad7a3d90cf3c01046d714f1adff9827d0eb5754b4ef76c64f039,2025-01-09,5,1,False,1.0,1.0,0.0,0.0,4.0,4.0,4.0,1.8,0.35
8eb9feaf80cb3b47e639148a128ff9ae2b814462106966998a7656825b71fa7d,2025-01-09,11,1,False,1.0,0.0,0.0,0.0,10.0,2.0,10.0,10.1,0.15
924ed1bb3874124ad2e307aa33a7e5791cc81dd30c0c079d54cfc1ea14ee310a,2025-01-09,16,1,False,1.0,0.0,0.0,0.0,15.0,0.0,15.0,6.3,0.0
939b9328b580200251e640b1f2170850525f4fefe336c98f053407a0725f9849,2025-01-09,14,1,False,1.0,0.0,0.0,0.0,13.0,0.0,13.0,9.033333333333333,0.0
9a31e4091d5c4c7fb8b9377b091ea9caa9cf26c36e62547a85992d9e109b1b9c,2025-01-09,9,1,False,1.0,0.0,0.0,0.0,8.0,0.0,8.0,7.483333333333333,0.0
9e007677846640b2acc599b1d1d498a20ff8260eeda2d49338e3b6ed111045a9,2025-01-09,15,1,False,1.0,0.0,0.0,0.0,14.0,0.0,14.0,7.283333333333333,0.0
9e7a5e914136e41ca82c366fd529e02d961e7ed1a6019ff724f06dbe447fbb88,2025-01-09,7,1,False,1.0,0.0,0.0,0.0,6.0,0.0,6.0,4.85,0.0
a8848b387af6359642c71478f693e4643381802ccc97f2b0c353264d7729405c,2025-01-09,13,1,False,1.0,0.0,0.0,0.0,12.0,0.0,12.0,8.466666666666667,0.0
b55080c0db11860ea934ecf297a13cf247817b3e34562a5897c18ff2cfa07f07,2025-01-09,7,1,False,1.0,0.0,0.0,0.0,6.0,0.0,6.0,5.183333333333334,0.0
b66c51931f321cca81cc9195f90b3174ae82ebb56c74459770f7800e347ca3b0,2025-01-09,12,1,False,1.0,0.0,0.0,0.0,11.0,1.0,11.0,8.333333333333334,0.15
b8e6c17d68aafa670b598b1cf0c0bd73a2937d6abb11055fded76b5e53231165,2025-01-09,13,1,False,1.0,0.0,0.0,0.0,12.0,0.0,12.0,8.016666666666667,0.0
bc60389887dd911a09f472d0f840e5a268d310cd13f422bfc6f811eb916ec82f,2025-01-09,7,1,False,1.0,0.0,0.0,0.0,6.0,0.0,6.0,6.233333333333333,0.0
c2fa44374f0aab02cb57c9ed348bb43c1fd456bfdf5b296c4f72174a002cd27f,2025-01-09,12,1,False,1.0,0.0,0.0,0.0,11.0,4.0,11.0,14.133333333333333,0.15
c5a8e30eed6744da0b641f474ebb407a75bc6fd07bd6e3c7aeb522c884dd456b,2025-01-09,9,1,False,1.0,0.0,0.0,0.0,8.0,0.0,8.0,7.033333333333333,0.0
c734a9d4fd20facb7d4e2f69c7a7be0a0263956653fc71b8d25ad3ed7a1ba446,2025-01-09,6,1,False,1.0,0.0,0.0,0.0,5.0,0.0,5.0,9.35,0.0
cb50b7517e0741a49adb67908546647f1da3398d8c72f00f00e9ba111909654b,2025-01-09,7,1,False,1.0,0.0,0.0,0.0,6.0,0.0,6.0,8.0,0.0
cc4113bc0f389ec5987bdc5cae8e94c8c01f0c5e127a5fc2b0ef752d7226c0ca,2025-01-09,13,1,False,1.0,0.0,0.0,0.0,12.0,0.0,12.0,7.716666666666667,0.0
cca321773f148695c0ffc5ed365db650aadc5ecdd13b4ddb3e6b57f38bf5a719,2025-01-09,13,1,False,1.0,0.0,0.0,0.0,12.0,1.0,12.0,8.366666666666667,0.15
d111a1427a39ed7f2d2483db714c5e0d79823bc9ecc62a126e1d144d374d286a,2025-01-09,15,1,False,1.0,0.0,0.0,0.0,14.0,0.0,14.0,6.4,0.0
dab294f3951611f65a9b1e6408fbad19981d1b65b76c28c3408dac6a6b93bbc8,2025-01-09,10,1,False,1.0,0.0,0.0,0.0,9.0,0.0,9.0,8.433333333333334,0.0
ddee12fc509b00889675d637518a8f7dfe216a200b6ad812c397b77d8bccb88b,2025-01-09,14,1,False,1.0,0.0,0.0,0.0,13.0,0.0,13.0,5.9,0.0
e001292c71d84c28529aed04ab0af1efa767893752908a7b7645f33d09aab74b,2025-01-09,14,1,False,1.0,0.0,0.0,0.0,13.0,0.0,13.0,8.05,0.0
e1a146fdbba0f457a2ea0a102e2c24872edc75865f95a9b842fcefa68e455266,2025-01-09,16,1,False,1.0,0.0,0.0,0.0,15.0,0.0,15.0,5.45,0.0
e498ed2d854e821dd717169a7b55e586bb647b3bd1ef51990cbd4e847791cc49,2025-01-09,14,1,False,1.0,0.0,0.0,0.0,13.0,1.0,13.0,8.083333333333334,0.15
e72c6ef5ea8445fc95b1c3ca1c82368b6c9adc8a29368110f51d81735f76f11c,2025-01-09,12,1,False,1.0,0.0,0.0,0.0,11.0,0.0,11.0,8.083333333333334,0.0
ea171ad8a99227777c2e7c1664c91caf9c08e47d4ba5c09165812a6d9633998c,2025-01-09,13,1,False,1.0,0.0,0.0,0.0,12.0,0.0,12.0,8.016666666666667,0.0
eac146261339b15b8a1e873ed372802ae1c5198377cc8e0f4a23d21bcead9c02,2025-01-09,10,1,False,1.0,0.0,0.0,0.0,9.0,0.0,9.0,7.166666666666667,0.0
ec8eef52024b6815e3113797e206a360a9c324efc2f400801d5eb1179b75a43d,2025-01-09,7,1,False,1.0,0.0,0.0,0.0,6.0,0.0,6.0,6.133333333333334,0.0
eecce08639c689fc3170d254f909a8dedd091d778d0ae7aa829c656b8d085cdd,2025-01-09,14,1,False,1.0,0.0,0.0,0.0,13.0,0.0,13.0,6.666666666666667,0.0
f02fff917d5e1f556f7ca2d8e8ddde98179be018c2669a269bf40d4f64b627f7,2025-01-09,14,1,False,1.0,0.0,1.0,0.0,12.0,0.0,12.0,7.216666666666667,0.15
f17b0eabd2530f1710fc19c34c4d29cc782a669753833ca0d88f524467cdf67f,2025-01-09,21,1,False,1.0,0.0,0.0,0.0,20.0,5.0,20.0,15.216666666666667,0.15
f26a64875adce083be80130e941dbfa6e94f2202ff0c463336c1300ecc5217f6,2025-01-09,7,1,False,1.0,0.0,0.0,0.0,6.0,0.0,6.0,4.116666666666666,0.0
f441fbdfbb3a65b7660b581790ec8633cd5e9a2bc3450e46f6f6d948e0ebd96b,2025-01-09,16,1,False,1.0,0.0,0.0,0.0,15.0,0.0,15.0,8.8,0.0
012fb52705cf3c18e19ff7f562c781dcd1736f3e5615ace007e35dee4740f412,2025-01-10,9,1,False,1.0,0.0,0.0,0.0,8.0,0.0,8.0,8.6,0.0
0604919ff2aebe087b97959084f1fffe2fd89b7e92f8997d6249f5617f0ec041,2025-01-10,6,1,False,1.0,0.0,0.0,0.0,5.0,0.0,5.0,7.866666666666666,0.0
0b9c9b2a643d502fb0470c0e2d25bd40592ae24d88e27a9cca008632f6491e86,2025-01-10,16,1,False,1.0,0.0,0.0,0.0,15.0,0.0,15.0,7.15,0.0
0bc6fa557a874432991fb3bef6cc8fecfed275284ca1549c6f502f2f2f86388f,2025-01-10,15,1,False,1.0,0.0,0.0,0.0,14.0,0.0,14.0,5.7,0.0
12881006a16563a03436c3185999cce893916a7f93bd295d9e51c610390a5400,2025-01-10,10,1,False,1.0,0.0,0.0,0.0,9.0,1.0,9.0,8.65,0.15
13cc67e7ae2b0731f9c20a2adb450d0ab125f700d392f08a01f5019b4da3be89,2025-01-10,12,1,False,1.0,0.0,0.0,0.0,11.0,1.0,11.0,8.766666666666667,0.15
1481a18bb91c683c9f0e63a3c1ffe035a67c1ee64eae546985a4caedd691f154,2025-01-10,16,1,False,1.0,0.0,0.0,0.0,15.0,0.0,15.0,6.216666666666667,0.0
1481cde120f4ec5a6626478c9222dacd947d0d027e33aa5175c391d3f10b05fd,2025-01-10,11,1,False,1.0,0.0,0.0,0.0,10.0,0.0,10.0,6.666666666666667,0.0
18757c67dbbb1f193d93dfd2c81d93f261d3cc1ab2b6b4a27daddb2a42f0c1e2,2025-01-10,9,1,False,1.0,0.0,0.0,0.0,8.0,0.0,8.0,7.033333333333333,0.0
1e13a5c6539e75908d998e36f94f2baee29b17d341286f7a2af3163b528a2fcc,2025-01-10,10,1,False,1.0,0.0,0.0,0.0,9.0,0.0,9.0,7.583333333333333,0.0
1e813ac9d9c5fbfa50cba6f0032edaff8652f398c5508cc13faa4cc0af6fc3b9,2025-01-10,6,1,False,1.0,0.0,0.0,0.0,5.0,0.0,5.0,6.633333333333334,0.0
1fddb883469b0cd0365153a0ebff0dbefb2b5a252dbaf2b9795ad45003650dcf,2025-01-10,7,1,False,1.0,1.0,0.0,0.0,6.0,0.0,6.0,8.666666666666666,0.2
227b301943873690ead2973a5f7d43ef587dc58b46733368a3f16daf8db98925,2025-01-10,13,1,False,1.0,0.0,0.0,0.0,12.0,0.0,12.0,8.283333333333333,0.0
269b850943bbddfb37b8186af3d0cd154525f08057e450bdb93ab26f06b9758d,2025-01-10,8,1,False,1.0,0.0,0.0,0.0,7.0,0.0,7.0,7.766666666666667,0.0
27ef13206d1090bf126d0f8dd08b66cc346b18eb199192600e14cdc52d7c9a35,2025-01-10,14,1,False,1.0,0.0,0.0,0.0,13.0,0.0,13.0,7.383333333333334,0.0
2b4a1e95204243f32c7235a27dbeae5a0e9d42da4c762132ac84c0817875d614,2025-01-10,15,1,False,1.0,0.0,0.0,0.0,14.0,1.0,14.0,8.266666666666667,0.15
2fdc8fb359ca03d047fec4ad4d7f3b9cfc23ebf54bee30aec8f1a6431bfd0d6e,2025-01-10,16,1,False,1.0,0.0,0.0,0.0,15.0,0.0,15.0,7.15,0.0
32c184d9780b5545a856a0a366a71b86deb3a80c4dc92142aaf6bb3437c336b1,2025-01-10,11,1,False,1.0,0.0,0.0,0.0,10.0,0.0,10.0,8.333333333333334,0.0
34977907ef51b1295028838fb56ded6159cee0d58c3200a0276324aac366417c,2025-01-10,15,1,False,1.0,0.0,0.0,0.0,14.0,1.0,14.0,7.8,0.15
3634cd4e250467a39545675e2f7386734815df9c667903c8c83b43450723a792,2025-01-10,8,1,False,1.0,0.0,0.0,0.0,7.0,0.0,7.0,6.45,0.0
369a478c83b6f436dd9aade49d6289f250e18ec2a71b9552d7d9bb884bb2b586,2025-01-10,13,1,False,1.0,0.0,0.0,0.0,12.0,0.0,12.0,6.2,0.0
3c32c4971223e549c349880665fa1e81f054571faf44435a8071b4de6b20dffb,2025-01-10,15,1,False,1.0,0.0,0.0,0.0,14.0,0.0,14.0,6.066666666666666,0.0
3e05c7d4c2f91af414e809d408787184297b351d1907c225f6f1e75fbec1f3a3,2025-01-10,11,1,False,1.0,0.0,0.0,0.0,10.0,0.0,10.0,7.733333333333333,0.0
44e2b71da8273f1b00b9ec55361a1e542f6812bce0acd27214d62e7de86dd6d0,2025-01-10,15,1,False,1.0,0.0,0.0,0.0,14.0,1.0,14.0,8.95,0.15
4620b38a9a7c0abed1e91cfdc3926234d098446655b643be9342b610365aa1b6,2025-01-10,8,1,False,1.0,0.0,0.0,0.0,7.0,0.0,7.0,8.033333333333333,0.0
49b020eb7c127b73472cb4fc893577b87b48690b941ca1067751e5a6e3eab262,2025-01-10,6,1,False,1.0,0.0,0.0,0.0,5.0,0.0,5.0,7.6,0.0
4bef524b2f19749989b990b1af1747f137bfe1d7fbf78fa1358ddfc45b247cf1,2025-01-10,9,1,False,1.0,0.0,0.0,0.0,8.0,0.0,8.0,7.65,0.0
4ef80c0c47503cd20d3a8157080fb28f38e6524b33375c23d5fcd98a2f64545e,2025-01-10,16,1,False,1.0,0.0,0.0,0.0,15.0,2.0,15.0,8.283333333333333,0.15
5088fc658035905665368960c940882faf61610a4e1ce57a24c6ffc946f0f5a8,2025-01-10,16,1,False,1.0,0.0,0.0,0.0,15.0,1.0,15.0,9.433333333333334,0.15
5379232fec078f04af386b787ed0dc69b2a455a27e52e901c773a11d2d0bce7f,2025-01-10,9,1,False,1.0,0.0,0.0,0.0,8.0,0.0,8.0,6.55,0.0
53a03335d3716bf67d3ed781065280a46863f8d947c2492c4e33cce33f4446d2,2025-01-10,16,1,False,1.0,0.0,0.0,0.0,15.0,0.0,15.0,7.566666666666666,0.0
603fcd2b8449630833d1b6c7313a10e8a2176025a45ca54002988df4de8536dd,2025-01-10,16,1,False,1.0,0.0,0.0,0.0,15.0,0.0,15.0,7.233333333333333,0.0
61127469ce0c27e2d19e0e5ecece9227e60515e12a899bc8bbc29e1c8f68a78f,2025-01-10,12,1,False,1.0,0.0,0.0,0.0,11.0,0.0,11.0,7.016666666666667,0.0
62009223daa0ff462d9b377b2b31f5c85b4e95caf611f5339cbb2b5e1dc9cab5,2025-01-10,9,1,False,1.0,0.0,0.0,0.0,8.0,0.0,8.0,7.366666666666666,0.0
620ea76a7f314a9faecfaadf110510d2abcf73e79e56e93b476e80794b9e251f,2025-01-10,7,1,False,1.0,0.0,0.0,0.0,6.0,0.0,6.0,6.8,0.0
685e9623979d1c18a11af39701aaf24188e1a40aee4c205c4d3220d26708793d,2025-01-10,10,1,False,1.0,0.0,0.0,0.0,9.0,0.0,9.0,5.766666666666667,0.0
69295bad69cbd357f13dc891b598791ab746ad0ed9cea2f9da57019f70c847b6,2025-01-10,7,1,False,1.0,0.0,0.0,0.0,6.0,0.0,6.0,7.783333333333333,0.0
6ac76fd52b6451030fdaa8cce0d1126104c034aa0d6cff3c078311dce03e36e5,2025-01-10,11,1,False,1.0,0.0,0.0,0.0,10.0,0.0,10.0,8.866666666666667,0.0
6e0553bc94f1b3457a68943cdeb271536fa0ca87652900b8c47b6b4e2eabc4b7,2025-01-10,16,1,False,1.0,0.0,0.0,0.0,15.0,0.0,15.0,8.233333333333333,0.0
71c200742f059a8380e2f3dd53ca613e2cdd705c24898e5957d46fefeff67336,2025-01-10,13,1,False,1.0,0.0,0.0,0.0,12.0,0.0,12.0,7.366666666666666,0.0
768115c2eaa5bf872b6f73af67403e31127811d5dfdaa65f5998e7f57a6be1ca,2025-01-10,8,1,False,1.0,0.0,0.0,0.0,7.0,0.0,7.0,7.25,0.0
77a935bf01e27db1c86c62c6082710b6fe7046028279183cc90fc11b5a21dd3c,2025-01-10,9,1,False,1.0,0.0,0.0,0.0,8.0,0.0,8.0,6.283333333333333,0.0
7b291901ed6fc90c51c56024b33122026451c19dfa4736a37621d21afa86ab5a,2025-01-10,6,1,False,1.0,0.0,0.0,0.0,5.0,0.0,5.0,5.366666666666666,0.0
7d64092a6e7dfd07913942876a0c314955bce8dc9fcabd12166bcf1ad5666185,2025-01-10,6,1,False,1.0,0.0,0.0,0.0,5.0,0.0,5.0,7.033333333333333,0.0
7faca1558937aea9797473b24d153f084fc8bc52e7e16da8f8bf4c48b587b358,2025-01-10,14,1,False,1.0,0.0,0.0,0.0,13.0,0.0,13.0,9.05,0.0
806e62fd6dd962469b9425c2f7b2550582df8623e5c711ade163292a626414aa,2025-01-10,14,1,False,1.0,0.0,0.0,0.0,13.0,0.0,13.0,6.583333333333333,0.0
85bf8422bdd496aa90249b85acbd42b16a6a0ed3121a586f0bcc607d16d09d80,2025-01-10,9,1,False,1.0,0.0,0.0,0.0,8.0,0.0,8.0,6.916666666666667,0.0
88b53efa4c89ad7a3d90cf3c01046d714f1adff9827d0eb5754b4ef76c64f039,2025-01-10,24,1,False,1.0,0.0,0.0,0.0,23.0,9.0,23.0,15.933333333333334,0.15
8eb9feaf80cb3b47e639148a128ff9ae2b814462106966998a7656825b71fa7d,2025-01-10,13,1,False,1.0,0.0,0.0,0.0,12.0,0.0,12.0,6.333333333333333,0.0
924ed1bb3874124ad2e307aa33a7e5791cc81dd30c0c079d54cfc1ea14ee310a,2025-01-10,14,1,False,1.0,0.0,0.0,0.0,13.0,0.0,13.0,7.2,0.0
939b9328b580200251e640b1f2170850525f4fefe336c98f053407a0725f9849,2025-01-10,9,1,False,1.0,0.0,0.0,0.0,8.0,0.0,8.0,7.633333333333334,0.0
9a31e4091d5c4c7fb8b9377b091ea9caa9cf26c36e62547a85992d9e109b1b9c,2025-01-10,9,1,False,1.0,0.0,0.0,0.0,8.0,0.0,8.0,8.6,0.0
9e007677846640b2acc599b1d1d498a20ff8260eeda2d49338e3b6ed111045a9,2025-01-10,13,1,False,1.0,0.0,0.0,0.0,12.0,0.0,12.0,8.5,0.0
9e7a5e914136e41ca82c366fd529e02d961e7ed1a6019ff724f06dbe447fbb88,2025-01-10,8,1,False,1.0,0.0,0.0,0.0,7.0,2.0,7.0,8.65,0.15
a8848b387af6359642c71478f693e4643381802ccc97f2b0c353264d7729405c,2025-01-10,13,1,False,1.0,0.0,0.0,0.0,12.0,0.0,12.0,6.7,0.0
b55080c0db11860ea934ecf297a13cf247817b3e34562a5897c18ff2cfa07f07,2025-01-10,6,1,False,1.0,0.0,0.0,0.0,5.0,0.0,5.0,6.133333333333334,0.0
b66c51931f321cca81cc9195f90b3174ae82ebb56c74459770f7800e347ca3b0,2025-01-10,14,1,False,1.0,0.0,0.0,0.0,13.0,0.0,13.0,8.916666666666666,0.0
b8e6c17d68aafa670b598b1cf0c0bd73a2937d6abb11055fded76b5e53231165,2025-01-10,11,1,False,1.0,0.0,0.0,0.0,10.0,0.0,10.0,6.7,0.0
bc60389887dd911a09f472d0f840e5a268d310cd13f422bfc6f811eb916ec82f,2025-01-10,10,1,False,1.0,0.0,0.0,0.0,9.0,0.0,9.0,6.283333333333333,0.0
c2fa44374f0aab02cb57c9ed348bb43c1fd456bfdf5b296c4f72174a002cd27f,2025-01-10,19,1,False,1.0,0.0,0.0,0.0,18.0,4.0,18.0,14.716666666666667,0.15
c5a8e30eed6744da0b641f474ebb407a75bc6fd07bd6e3c7aeb522c884dd456b,2025-01-10,7,1,False,1.0,0.0,0.0,0.0,6.0,0.0,6.0,6.25,0.0
c734a9d4fd20facb7d4e2f69c7a7be0a0263956653fc71b8d25ad3ed7a1ba446,2025-01-10,8,1,False,1.0,0.0,0.0,0.0,7.0,0.0,7.0,7.066666666666666,0.0
cb50b7517e0741a49adb67908546647f1da3398d8c72f00f00e9ba111909654b,2025-01-10,16,1,False,1.0,0.0,0.0,0.0,15.0,0.0,15.0,8.6,0.0
cc4113bc0f389ec5987bdc5cae8e94c8c01f0c5e127a5fc2b0ef752d7226c0ca,2025-01-10,7,1,False,1.0,0.0,0.0,0.0,6.0,0.0,6.0,7.016666666666667,0.0
cca321773f148695c0ffc5ed365db650aadc5ecdd13b4ddb3e6b57f38bf5a719,2025-01-10,8,1,False,1.0,0.0,0.0,0.0,7.0,0.0,7.0,6.233333333333333,0.0
d111a1427a39ed7f2d2483db714c5e0d79823bc9ecc62a126e1d144d374d286a,2025-01-10,14,1,False,1.0,0.0,0.0,0.0,13.0,0.0,13.0,8.55,0.0
dab294f3951611f65a9b1e6408fbad19981d1b65b76c28c3408dac6a6b93bbc8,2025-01-10,15,1,False,1.0,0.0,0.0,0.0,14.0,0.0,14.0,5.566666666666666,0.0
ddee12fc509b00889675d637518a8f7dfe216a200b6ad812c397b77d8bccb88b,2025-01-10,9,1,False,1.0,0.0,0.0,0.0,8.0,0.0,8.0,6.616666666666666,0.0
e001292c71d84c28529aed04ab0af1efa767893752908a7b7645f33d09aab74b,2025-01-10,8,1,False,1.0,0.0,0.0,0.0,7.0,2.0,7.0,9.433333333333334,0.15
e1a146fdbba0f457a2ea0a102e2c24872edc75865f95a9b842fcefa68e455266,2025-01-10,11,1,False,1.0,0.0,0.0,0.0,10.0,0.0,10.0,5.75,0.0
e498ed2d854e821dd717169a7b55e586bb647b3bd1ef51990cbd4e847791cc49,2025-01-10,11,1,False,1.0,0.0,0.0,0.0,10.0,0.0,10.0,9.383333333333333,0.0
e72c6ef5ea8445fc95b1c3ca1c82368b6c9adc8a29368110f51d81735f76f11c,2025-01-10,7,1,False,1.0,0.0,0.0,0.0,6.0,0.0,6.0,7.533333333333333,0.0
ea171ad8a99227777c2e7c1664c91caf9c08e47d4ba5c09165812a6d9633998c,2025-01-10,10,1,False,1.0,0.0,0.0,0.0,9.0,0.0,9.0,8.7,0.0
eac146261339b15b8a1e873ed372802ae1c5198377cc8e0f4a23d21bcead9c02,2025-01-10,15,1,False,1.0,0.0,0.0,0.0,14.0,3.0,14.0,9.316666666666666,0.15
ec8eef52024b6815e3113797e206a360a9c324efc2f400801d5eb1179b75a43d,2025-01-10,8,1,False,1.0,0.0,0.0,0.0,7.0,0.0,7.0,7.283333333333333,0.0
eecce08639c689fc3170d254f909a8dedd091d778d0ae7aa829c656b8d085cdd,2025-01-10,9,1,False,1.0,0.0,0.0,0.0,8.0,0.0,8.0,5.766666666666667,0.0
f02fff917d5e1f556f7ca2d8e8ddde98179be018c2669a269bf40d4f64b627f7,2025-01-10,8,1,False,1.0,0.0,0.0,0.0,7.0,2.0,7.0,9.783333333333333,0.15
f17b0eabd2530f1710fc19c34c4d29cc782a669753833ca0d88f524467cdf67f,2025-01-10,16,1,False,1.0,0.0,0.0,0.0,15.0,0.0,15.0,8.033333333333333,0.0
f26a64875adce083be80130e941dbfa6e94f2202ff0c463336c1300ecc5217f6,2025-01-10,13,1,False,1.0,0.0,0.0,0.0,12.0,0.0,12.0,6.883333333333334,0.0
f441fbdfbb3a65b7660b581790ec8633cd5e9a2bc3450e46f6f6d948e0ebd96b,2025-01-10,16,1,False,1.0,0.0,0.0,0.0,15.0,0.0,15.0,7.616666666666666,0.0
012fb52705cf3c18e19ff7f562c781dcd1736f3e5615ace007e35dee4740f412,2025-01-13,15,1,False,1.0,0.0,0.0,0.0,14.0,1.0,14.0,7.95,0.15
0604919ff2aebe087b97959084f1fffe2fd89b7e92f8997d6249f5617f0ec041,2025-01-13,11,1,False,1.0,0.0,0.0,0.0,10.0,0.0,10.0,7.866666666666666,0.0
0b9c9b2a643d502fb0470c0e2d25bd40592ae24d88e27a9cca008632f6491e86,2025-01-13,14,1,False,1.0,0.0,0.0,0.0,13.0,0.0,13.0,7.933333333333334,0.0
0bc6fa557a874432991fb3bef6cc8fecfed275284ca1549c6f502f2f2f86388f,2025-01-13,7,1,False,1.0,0.0,0.0,0.0,6.0,0.0,6.0,6.883333333333334,0.0
12881006a16563a03436c3185999cce893916a7f93bd295d9e51c610390a5400,2025-01-13,16,1,False,1.0,0.0,0.0,0.0,15.0,1.0,15.0,8.516666666666667,0.15
13cc67e7ae2b0731f9c20a2adb450d0ab125f700d392f08a01f5019b4da3be89,2025-01-13,8,1,False,1.0,0.0,0.0,0.0,7.0,0.0,7.0,8.533333333333333,0.0
1481a18bb91c683c9f0e63a3c1ffe035a67c1ee64eae546985a4caedd691f154,2025-01-13,7,1,False,1.0,0.0,0.0,0.0,6.0,0.0,6.0,6.316666666666666,0.0
1481cde120f4ec5a6626478c9222dacd947d0d027e33aa5175c391d3f10b05fd,2025-01-13,11,1,False,1.0,0.0,0.0,0.0,10.0,0.0,10.0,6.183333333333334,0.0
18757c67dbbb1f193d93dfd2c81d93f261d3cc1ab2b6b4a27daddb2a42f0c1e2,2025-01-13,11,1,False,1.0,0.0,0.0,0.0,10.0,0.0,10.0,5.433333333333334,0.0
1e13a5c6539e75908d998e36f94f2baee29b17d341286f7a2af3163b528a2fcc,2025-01-13,15,1,False,1.0,0.0,0.0,0.0,14.0,0.0,14.0,8.366666666666667,0.0
1e813ac9d9c5fbfa50cba6f0032edaff8652f398c5508cc13faa4cc0af6fc3b9,2025-01-13,15,1,False,1.0,0.0,0.0,0.0,14.0,1.0,14.0,9.216666666666667,0.15
1fddb883469b0cd0365153a0ebff0dbefb2b5a252dbaf2b9795ad45003650dcf,2025-01-13,8,1,False,1.0,0.0,0.0,0.0,7.0,1.0,7.0,8.233333333333333,0.15
227b301943873690ead2973a5f7d43ef587dc58b46733368a3f16daf8db98925,2025-01-13,16,1,False,1.0,0.0,0.0,0.0,15.0,0.0,15.0,5.816666666666666,0.0
269b850943bbddfb37b8186af3d0cd154525f08057e450bdb93ab26f06b9758d,2025-01-13,9,1,False,1.0,0.0,0.0,0.0,8.0,0.0,8.0,7.266666666666667,0.0
27ef13206d1090bf126d0f8dd08b66cc346b18eb199192600e14cdc52d7c9a35,2025-01-13,9,1,False,1.0,0.0,0.0,0.0,8.0,0.0,8.0,7.166666666666667,0.0
2b4a1e95204243f32c7235a27dbeae5a0e9d42da4c762132ac84c0817875d614,2025-01-13,10,1,False,1.0,0.0,0.0,0.0,9.0,0.0,9.0,7.516666666666667,0.0
2fdc8fb359ca03d047fec4ad4d7f3b9cfc23ebf54bee30aec8f1a6431bfd0d6e,2025-01-13,13,1,False,1.0,0.0,0.0,0.0,12.0,0.0,12.0,7.083333333333333,0.0
32c184d9780b5545a856a0a366a71b86deb3a80c4dc92142aaf6bb3437c336b1,2025-01-13,13,1,False,1.0,0.0,0.0,0.0,12.0,0.0,12.0,7.916666666666667,0.0
34977907ef51b1295028838fb56ded6159cee0d58c3200a0276324aac366417c,2025-01-13,6,1,False,1.0,0.0,0.0,0.0,5.0,0.0,5.0,5.816666666666666,0.0
3634cd4e250467a39545675e2f7386734815df9c667903c8c83b43450723a792,2025-01-13,6,1,False,1.0,0.0,0.0,0.0,5.0,0.0,5.0,7.1,0.0
369a478c83b6f436dd9aade49d6289f250e18ec2a71b9552d7d9bb884bb2b586,2025-01-13,8,1,False,1.0,0.0,0.0,0.0,7.0,0.0,7.0,7.616666666666666,0.0
3c32c4971223e549c349880665fa1e81f054571faf44435a8071b4de6b20dffb,2025-01-13,16,1,False,1.0,0.0,0.0,0.0,15.0,0.0,15.0,7.4,0.0
3e05c7d4c2f91af414e809d408787184297b351d1907c225f6f1e75fbec1f3a3,2025-01-13,11,1,False,1.0,1.0,0.0,0.0,10.0,1.0,10.0,8.65,0.35
44e2b71da8273f1b00b9ec55361a1e542f6812bce0acd27214d62e7de86dd6d0,2025-01-13,14,1,False,1.0,0.0,0.0,0.0,13.0,0.0,13.0,7.833333333333333,0.0
4620b38a9a7c0abed1e91cfdc3926234d098446655b643be9342b610365aa1b6,2025-01-13,15,1,False,1.0,0.0,0.0,0.0,14.0,0.0,14.0,7.983333333333333,0.0
49b020eb7c127b73472cb4fc893577b87b48690b941ca1067751e5a6e3eab262,2025-01-13,16,1,False,1.0,0.0,0.0,0.0,15.0,0.0,15.0,5.65,0.0
4bef524b2f19749989b990b1af1747f137bfe1d7fbf78fa1358ddfc45b247cf1,2025-01-13,15,1,False,1.0,0.0,0.0,0.0,14.0,1.0,14.0,8.466666666666667,0.15
4ef80c0c47503cd20d3a8157080fb28f38e6524b33375c23d5fcd98a2f64545e,2025-01-13,15,1,False,1.0,0.0,0.0,0.0,14.0,2.0,14.0,10.266666666666667,0.15
5088fc658035905665368960c940882faf61610a4e1ce57a24c6ffc946f0f5a8,2025-01-13,11,1,False,1.0,0.0,0.0,0.0,10.0,0.0,10.0,6.966666666666667,0.0
5379232fec078f04af386b787ed0dc69b2a455a27e52e901c773a11d2d0bce7f,2025-01-13,16,1,False,1.0,0.0,0.0,0.0,15.0,0.0,15.0,5.7,0.0
53a03335d3716bf67d3ed781065280a46863f8d947c2492c4e33cce33f4446d2,2025-01-13,9,1,False,1.0,0.0,0.0,0.0,8.0,0.0,8.0,7.716666666666667,0.0
603fcd2b8449630833d1b6c7313a10e8a2176025a45ca54002988df4de8536dd,2025-01-13,7,1,False,1.0,0.0,0.0,0.0,6.0,0.0,6.0,7.583333333333333,0.0
61127469ce0c27e2d19e0e5ecece9227e60515e12a899bc8bbc29e1c8f68a78f,2025-01-13,15,1,False,1.0,0.0,0.0,0.0,14.0,0.0,14.0,9.116666666666667,0.0
62009223daa0ff462d9b377b2b31f5c85b4e95caf611f5339cbb2b5e1dc9cab5,2025-01-13,16,1,False,1.0,0.0,0.0,0.0,15.0,1.0,15.0,9.183333333333334,0.15
620ea76a7f314a9faecfaadf110510d2abcf73e79e56e93b476e80794b9e251f,2025-01-13,11,1,False,1.0,0.0,0.0,0.0,10.0,0.0,10.0,7.266666666666667,0.0
685e9623979d1c18a11af39701aaf24188e1a40aee4c205c4d3220d26708793d,2025-01-13,11,1,False,1.0,0.0,0.0,0.0,10.0,0.0,10.0,7.333333333333333,0.0
69295bad69cbd357f13dc891b598791ab746ad0ed9cea2f9da57019f70c847b6,2025-01-13,8,1,False,1.0,0.0,0.0,0.0,7.0,0.0,7.0,8.05,0.0
6ac76fd52b6451030fdaa8cce0d1126104c034aa0d6cff3c078311dce03e36e5,2025-01-13,9,1,False,1.0,0.0,0.0,0.0,8.0,0.0,8.0,6.416666666666667,0.0
6e0553bc94f1b3457a68943cdeb271536fa0ca87652900b8c47b6b4e2eabc4b7,2025-01-13,13,1,False,1.0,0.0,0.0,0.0,12.0,0.0,12.0,6.533333333333333,0.0
71c200742f059a8380e2f3dd53ca613e2cdd705c24898e5957d46fefeff67336,2025-01-13,7,1,False,1.0,0.0,0.0,0.0,6.0,0.0,6.0,7.15,0.0
768115c2eaa5bf872b6f73af67403e31127811d5dfdaa65f5998e7f57a6be1ca,2025-01-13,7,1,False,1.0,0.0,0.0,0.0,6.0,2.0,6.0,8.983333333333333,0.15
77a935bf01e27db1c86c62c6082710b6fe7046028279183cc90fc11b5a21dd3c,2025-01-13,6,1,False,1.0,0.0,0.0,0.0,5.0,0.0,5.0,2.35,0.0
7b291901ed6fc90c51c56024b33122026451c19dfa4736a37621d21afa86ab5a,2025-01-13,14,1,False,1.0,0.0,0.0,0.0,13.0,0.0,13.0,6.966666666666667,0.0
7d64092a6e7dfd07913942876a0c314955bce8dc9fcabd12166bcf1ad5666185,2025-01-13,9,1,False,1.0,0.0,0.0,0.0,8.0,0.0,8.0,7.533333333333333,0.0
7faca1558937aea9797473b24d153f084fc8bc52e7e16da8f8bf4c48b587b358,2025-01-13,11,1,False,1.0,0.0,0.0,0.0,10.0,0.0,10.0,7.433333333333334,0.0
806e62fd6dd962469b9425c2f7b2550582df8623e5c711ade163292a626414aa,2025-01-13,11,1,False,1.0,0.0,0.0,0.0,10.0,0.0,10.0,7.616666666666666,0.0
85bf8422bdd496aa90249b85acbd42b16a6a0ed3121a586f0bcc607d16d09d80,2025-01-13,10,1,False,1.0,0.0,0.0,0.0,9.0,0.0,9.0,6.416666666666667,0.0
88b53efa4c89ad7a3d90cf3c01046d714f1adff9827d0eb5754b4ef76c64f039,2025-01-13,10,1,False,1.0,0.0,0.0,0.0,9.0,0.0,9.0,7.483333333333333,0.0
8eb9feaf80cb3b47e639148a128ff9ae2b814462106966998a7656825b71fa7d,2025-01-13,10,1,False,1.0,0.0,0.0,0.0,9.0,0.0,9.0,7.75,0.0
924ed1bb3874124ad2e307aa33a7e5791cc81dd30c0c079d54cfc1ea14ee310a,2025-01-13,11,1,False,1.0,0.0,0.0,0.0,10.0,0.0,10.0,5.666666666666667,0.0
939b9328b580200251e640b1f2170850525f4fefe336c98f053407a0725f9849,2025-01-13,13,1,False,1.0,0.0,0.0,0.0,12.0,0.0,12.0,8.783333333333333,0.0
9a31e4091d5c4c7fb8b9377b091ea9caa9cf26c36e62547a85992d9e109b1b9c,2025-01-13,6,1,False,1.0,0.0,0.0,0.0,5.0,0.0,5.0,7.083333333333333,0.0
9e007677846640b2acc599b1d1d498a20ff8260eeda2d49338e3b6ed111045a9,2025-01-13,6,1,False,1.0,0.0,0.0,0.0,5.0,0.0,5.0,7.816666666666666,0.0
9e7a5e914136e41ca82c366fd529e02d961e7ed1a6019ff724f06dbe447fbb88,2025-01-13,10,1,False,1.0,0.0,0.0,0.0,9.0,0.0,9.0,6.566666666666666,0.0
a8848b387af6359642c71478f693e4643381802ccc97f2b0c353264d7729405c,2025-01-13,8,1,False,1.0,0.0,0.0,0.0,7.0,0.0,7.0,8.633333333333333,0.0
b55080c0db11860ea934ecf297a13cf247817b3e34562a5897c18ff2cfa07f07,2025-01-13,8,1,False,1.0,0.0,0.0,0.0,7.0,0.0,7.0,7.333333333333333,0.0
b66c51931f321cca81cc9195f90b3174ae82ebb56c74459770f7800e347ca3b0,2025-01-13,12,1,False,1.0,0.0,0.0,0.0,11.0,0.0,11.0,6.3,0.0
b8e6c17d68aafa670b598b1cf0c0bd73a2937d6abb11055fded76b5e53231165,2025-01-13,10,1,False,1.0,0.0,0.0,0.0,9.0,0.0,9.0,8.716666666666667,0.0
bc60389887dd911a09f472d0f840e5a268d310cd13f422bfc6f811eb916ec82f,2025-01-13,11,1,False,1.0,0.0,0.0,0.0,10.0,0.0,10.0,5.85,0.0
c2fa44374f0aab02cb57c9ed348bb43c1fd456bfdf5b296c4f72174a002cd27f,2025-01-13,16,1,False,1.0,0.0,0.0,0.0,15.0,0.0,15.0,8.783333333333333,0.0
c5a8e30eed6744da0b641f474ebb407a75bc6fd07bd6e3c7aeb522c884dd456b,2025-01-13,14,1,False,1.0,0.0,0.0,0.0,13.0,0.0,13.0,7.383333333333334,0.0
c734a9d4fd20facb7d4e2f69c7a7be0a0263956653fc71b8d25ad3ed7a1ba446,2025-01-13,8,1,False,1.0,0.0,0.0,0.0,7.0,0.0,7.0,4.85,0.0
cb50b7517e0741a49adb67908546647f1da3398d8c72f00f00e9ba111909654b,2025-01-13,9,1,False,1.0,0.0,0.0,0.0,8.0,0.0,8.0,4.783333333333333,0.0
cc4113bc0f389ec5987bdc5cae8e94c8c01f0c5e127a5fc2b0ef752d7226c0ca,2025-01-13,7,1,False,1.0,0.0,0.0,0.0,6.0,2.0,6.0,9.15,0.15
cca321773f148695c0ffc5ed365db650aadc5ecdd13b4ddb3e6b57f38bf5a719,2025-01-13,16,1,False,1.0,0.0,0.0,0.0,15.0,0.0,15.0,7.133333333333334,0.0
d111a1427a39ed7f2d2483db714c5e0d79823bc9ecc62a126e1d144d374d286a,2025-01-13,6,1,False,1.0,0.0,0.0,0.0,5.0,0.0,5.0,6.883333333333334,0.0
dab294f3951611f65a9b1e6408fbad19981d1b65b76c28c3408dac6a6b93bbc8,2025-01-13,6,1,False,1.0,0.0,0.0,0.0,5.0,0.0,5.0,8.283333333333333,0.0
ddee12fc509b00889675d637518a8f7dfe216a200b6ad812c397b77d8bccb88b,2025-01-13,15,1,False,1.0,0.0,0.0,0.0,14.0,0.0,14.0,7.766666666666667,0.0
e001292c71d84c28529aed04ab0af1efa767893752908a7b7645f33d09aab74b,2025-01-13,7,1,False,1.0,0.0,0.0,0.0,6.0,0.0,6.0,4.8,0.0
e1a146fdbba0f457a2ea0a102e2c24872edc75865f95a9b842fcefa68e455266,2025-01-13,7,1,False,1.0,0.0,0.0,0.0,6.0,0.0,6.0,7.3,0.0
e498ed2d854e821dd717169a7b55e586bb647b3bd1ef51990cbd4e847791cc49,2025-01-13,6,1,False,1.0,0.0,0.0,0.0,5.0,0.0,5.0,5.483333333333333,0.0
e72c6ef5ea8445fc95b1c3ca1c82368b6c9adc8a29368110f51d81735f76f11c,2025-01-13,13,1,False,1.0,0.0,0.0,0.0,12.0,0.0,12.0,6.266666666666667,0.0
ea171ad8a99227777c2e7c1664c91caf9c08e47d4ba5c09165812a6d9633998c,2025-01-13,11,1,False,1.0,0.0,0.0,0.0,10.0,0.0,10.0,8.883333333333333,0.0
eac146261339b15b8a1e873ed372802ae1c5198377cc8e0f4a23d21bcead9c02,2025-01-13,7,1,False,1.0,0.0,0.0,0.0,6.0,0.0,6.0,5.066666666666666,0.0
ec8eef52024b6815e3113797e206a360a9c324efc2f400801d5eb1179b75a43d,2025-01-13,14,1,False,1.0,0.0,0.0,0.0,13.0,1.0,13.0,7.35,0.15
eecce08639c689fc3170d254f909a8dedd091d778d0ae7aa829c656b8d085cdd,2025-01-13,11,1,False,1.0,0.0,0.0,0.0,10.0,0.0,10.0,7.933333333333334,0.0
f02fff917d5e1f556f7ca2d8e8ddde98179be018c2669a269bf40d4f64b627f7,2025-01-13,16,1,False,1.0,0.0,0.0,0.0,15.0,0.0,15.0,7.133333333333334,0.0
f17b0eabd2530f1710fc19c34c4d29cc782a669753833ca0d88f524467cdf67f,2025-01-13,6,1,False,1.0,0.0,0.0,0.0,5.0,0.0,5.0,7.3,0.0
f26a64875adce083be80130e941dbfa6e94f2202ff0c463336c1300ecc5217f6,2025-01-13,12,1,False,1.0,0.0,0.0,0.0,11.0,0.0,11.0,7.0,0.0
f441fbdfbb3a65b7660b581790ec8633cd5e9a2bc3450e46f6f6d948e0ebd96b,2025-01-13,12,1,False,1.0,0.0,0.0,0.0,11.0,0.0,11.0,6.833333333333333,0.0
012fb52705cf3c18e19ff7f562c781dcd1736f3e5615ace007e35dee4740f412,2025-01-14,7,1,False,1.0,0.0,0.0,0.0,6.0,0.0,6.0,5.716666666666667,0.0
0604919ff2aebe087b97959084f1fffe2fd89b7e92f8997d6249f5617f0ec041,2025-01-14,15,1,False,1.0,0.0,0.0,0.0,14.0,0.0,14.0,8.533333333333333,0.0
0b9c9b2a643d502fb0470c0e2d25bd40592ae24d88e27a9cca008632f6491e86,2025-01-14,11,1,False,1.0,0.0,0.0,0.0,10.0,0.0,10.0,7.066666666666666,0.0
0bc6fa557a874432991fb3bef6cc8fecfed275284ca1549c6f502f2f2f86388f,2025-01-14,12,1,False,1.0,0.0,0.0,0.0,11.0,0.0,11.0,6.95,0.0
12881006a16563a03436c3185999cce893916a7f93bd295d9e51c610390a5400,2025-01-14,6,1,False,1.0,0.0,0.0,0.0,5.0,0.0,5.0,4.166666666666667,0.0
13cc67e7ae2b0731f9c20a2adb450d0ab125f700d392f08a01f5019b4da3be89,2025-01-14,15,1,False,1.0,0.0,0.0,0.0,14.0,0.0,14.0,9.066666666666666,0.0
1481a18bb91c683c9f0e63a3c1ffe035a67c1ee64eae546985a4caedd691f154,2025-01-14,10,1,False,1.0,0.0,0.0,0.0,9.0,0.0,9.0,7.016666666666667,0.0
1481cde120f4ec5a6626478c9222dacd947d0d027e33aa5175c391d3f10b05fd,2025-01-14,11,1,False,1.0,0.0,0.0,0.0,10.0,0.0,10.0,6.683333333333334,0.0
18757c67dbbb1f193d93dfd2c81d93f261d3cc1ab2b6b4a27daddb2a42f0c1e2,2025-01-14,8,1,False,1.0,0.0,0.0,0.0,7.0,0.0,7.0,7.183333333333334,0.0
1e13a5c6539e75908d998e36f94f2baee29b17d341286f7a2af3163b528a2fcc,2025-01-14,8,1,False,1.0,0.0,0.0,0.0,7.0,0.0,7.0,6.966666666666667,0.0
1e813ac9d9c5fbfa50cba6f0032edaff8652f398c5508cc13faa4cc0af6fc3b9,2025-01-14,12,1,False,1.0,0.0,0.0,0.0,11.0,0.0,11.0,6.616666666666666,0.0
1fddb883469b0cd0365153a0ebff0dbefb2b5a252dbaf2b9795ad45003650dcf,2025-01-14,12,1,False,1.0,0.0,0.0,0.0,11.0,0.0,11.0,7.0,0.0
227b301943873690ead2973a5f7d43ef587dc58b46733368a3f16daf8db98925,2025-01-14,7,1,False,1.0,0.0,0.0,0.0,6.0,0.0,6.0,6.416666666666667,0.0
269b850943bbddfb37b8186af3d0cd154525f08057e450bdb93ab26f06b9758d,2025-01-14,10,1,False,1.0,0.0,0.0,0.0,9.0,1.0,9.0,7.966666666666667,0.15
27ef13206d1090bf126d0f8dd08b66cc346b18eb199192600e14cdc52d7c9a35,2025-01-14,11,1,False,1.0,1.0,0.0,0.0,10.0,1.0,10.0,6.616666666666666,0.35
2b4a1e95204243f32c7235a27dbeae5a0e9d42da4c762132ac84c0817875d614,2025-01-14,12,1,False,1.0,0.0,0.0,0.0,11.0,0.0,11.0,7.516666666666667,0.0
2fdc8fb359ca03d047fec4ad4d7f3b9cfc23ebf54bee30aec8f1a6431bfd0d6e,2025-01-14,6,1,False,1.0,0.0,0.0,0.0,5.0,0.0,5.0,6.55,0.0
32c184d9780b5545a856a0a366a71b86deb3a80c4dc92142aaf6bb3437c336b1,2025-01-14,12,1,False,1.0,0.0,0.0,0.0,11.0,0.0,11.0,5.916666666666667,0.0
34977907ef51b1295028838fb56ded6159cee0d58c3200a0276324aac366417c,2025-01-14,8,1,False,1.0,0.0,0.0,0.0,7.0,1.0,7.0,9.333333333333334,0.15
3634cd4e250467a39545675e2f7386734815df9c667903c8c83b43450723a792,2025-01-14,15,1,False,1.0,0.0,0.0,0.0,14.0,0.0,14.0,7.483333333333333,0.0
369a478c83b6f436dd9aade49d6289f250e18ec2a71b9552d7d9bb884bb2b586,2025-01-14,11,1,False,1.0,0.0,0.0,0.0,10.0,0.0,10.0,7.35,0.0
3c32c4971223e549c349880665fa1e81f054571faf44435a8071b4de6b20dffb,2025-01-14,8,1,False,1.0,0.0,0.0,0.0,7.0,0.0,7.0,6.433333333333334,0.0
3e05c7d4c2f91af414e809d408787184297b351d1907c225f6f1e75fbec1f3a3,2025-01-14,8,1,False,1.0,0.0,0.0,0.0,7.0,0.0,7.0,8.05,0.0
44e2b71da8273f1b00b9ec55361a1e542f6812bce0acd27214d62e7de86dd6d0,2025-01-14,16,1,False,1.0,0.0,0.0,0.0,15.0,1.0,15.0,9.566666666666666,0.15
4620b38a9a7c0abed1e91cfdc3926234d098446655b643be9342b610365aa1b6,2025-01-14,13,1,False,1.0,0.0,0.0,0.0,12.0,0.0,12.0,5.866666666666666,0.0
49b020eb7c127b73472cb4fc893577b87b48690b941ca1067751e5a6e3eab262,2025-01-14,13,1,False,1.0,0.0,0.0,0.0,12.0,0.0,12.0,6.683333333333334,0.0
4bef524b2f19749989b990b1af1747f137bfe1d7fbf78fa1358ddfc45b247cf1,2025-01-14,13,1,False,1.0,0.0,0.0,0.0,12.0,0.0,12.0,8.333333333333334,0.0
4ef80c0c47503cd20d3a8157080fb28f38e6524b33375c23d5fcd98a2f64545e,2025-01-14,9,1,False,1.0,0.0,0.0,0.0,8.0,1.0,8.0,8.383333333333333,0.15
5088fc658035905665368960c940882faf61610a4e1ce57a24c6ffc946f0f5a8,2025-01-14,13,1,False,1.0,0.0,0.0,0.0,12.0,0.0,12.0,7.35,0.0
5379232fec078f04af386b787ed0dc69b2a455a27e52e901c773a11d2d0bce7f,2025-01-14,13,1,False,1.0,0.0,0.0,0.0,12.0,0.0,12.0,7.55,0.0
53a03335d3716bf67d3ed781065280a46863f8d947c2492c4e33cce33f4446d2,2025-01-14,13,1,False,1.0,0.0,0.0,0.0,12.0,0.0,12.0,7.416666666666667,0.0
603fcd2b8449630833d1b6c7313a10e8a2176025a45ca54002988df4de8536dd,2025-01-14,9,1,False,1.0,0.0,0.0,0.0,8.0,2.0,8.0,12.466666666666667,0.15
61127469ce0c27e2d19e0e5ecece9227e60515e12a899bc8bbc29e1c8f68a78f,2025-01-14,6,1,False,1.0,0.0,0.0,0.0,5.0,0.0,5.0,5.133333333333334,0.0
62009223daa0ff462d9b377b2b31f5c85b4e95caf611f5339cbb2b5e1dc9cab5,2025-01-14,11,1,False,1.0,0.0,0.0,0.0,10.0,0.0,10.0,8.166666666666666,0.0
620ea76a7f314a9faecfaadf110510d2abcf73e79e56e93b476e80794b9e251f,2025-01-14,10,1,False,1.0,1.0,0.0,0.0,9.0,0.0,9.0,7.75,0.2
685e9623979d1c18a11af39701aaf24188e1a40aee4c205c4d3220d26708793d,2025-01-14,16,1,False,1.0,0.0,0.0,0.0,15.0,0.0,15.0,7.45,0.0
69295bad69cbd357f13dc891b598791ab746ad0ed9cea2f9da57019f70c847b6,2025-01-14,16,1,False,1.0,0.0,0.0,0.0,15.0,0.0,15.0,7.133333333333334,0.0
6ac76fd52b6451030fdaa8cce0d1126104c034aa0d6cff3c078311dce03e36e5,2025-01-14,8,1,False,1.0,0.0,0.0,0.0,7.0,0.0,7.0,6.733333333333333,0.0
6e0553bc94f1b3457a68943cdeb271536fa0ca87652900b8c47b6b4e2eabc4b7,2025-01-14,10,1,False,1.0,0.0,0.0,0.0,9.0,0.0,9.0,9.533333333333333,0.0
71c200742f059a8380e2f3dd53ca613e2cdd705c24898e5957d46fefeff67336,2025-01-14,16,1,False,1.0,0.0,0.0,0.0,15.0,4.0,15.0,9.666666666666666,0.15
768115c2eaa5bf872b6f73af67403e31127811d5dfdaa65f5998e7f57a6be1ca,2025-01-14,8,1,False,1.0,0.0,0.0,0.0,7.0,0.0,7.0,8.166666666666666,0.0
77a935bf01e27db1c86c62c6082710b6fe7046028279183cc90fc11b5a21dd3c,2025-01-14,8,1,False,1.0,0.0,0.0,0.0,7.0,0.0,7.0,7.516666666666667,0.0
7b291901ed6fc90c51c56024b33122026451c19dfa4736a37621d21afa86ab5a,2025-01-14,6,1,False,1.0,0.0,0.0,0.0,5.0,0.0,5.0,7.75,0.0
7d64092a6e7dfd07913942876a0c314955bce8dc9fcabd12166bcf1ad5666185,2025-01-14,10,1,False,1.0,0.0,0.0,0.0,9.0,0.0,9.0,4.783333333333333,0.0
7faca1558937aea9797473b24d153f084fc8bc52e7e16da8f8bf4c48b587b358,2025-01-14,11,1,False,1.0,0.0,0.0,0.0,10.0,0.0,10.0,7.65,0.0
806e62fd6dd962469b9425c2f7b2550582df8623e5c711ade163292a626414aa,2025-01-14,16,1,False,1.0,0.0,0.0,0.0,15.0,1.0,15.0,8.4,0.15
85bf8422bdd496aa90249b85acbd42b16a6a0ed3121a586f0bcc607d16d09d80,2025-01-14,14,1,False,1.0,0.0,0.0,0.0,13.0,2.0,13.0,8.433333333333334,0.15
88b53efa4c89ad7a3d90cf3c01046d714f1adff9827d0eb5754b4ef76c64f039,2025-01-14,6,1,False,1.0,0.0,0.0,0.0,5.0,1.0,5.0,8.416666666666666,0.15
8eb9feaf80cb3b47e639148a128ff9ae2b814462106966998a7656825b71fa7d,2025-01-14,16,1,False,1.0,0.0,0.0,0.0,15.0,0.0,15.0,7.266666666666667,0.0
924ed1bb3874124ad2e307aa33a7e5791cc81dd30c0c079d54cfc1ea14ee310a,2025-01-14,7,1,False,1.0,0.0,0.0,0.0,6.0,1.0,6.0,8.95,0.15
939b9328b580200251e640b1f2170850525f4fefe336c98f053407a0725f9849,2025-01-14,14,1,False,1.0,0.0,0.0,0.0,13.0,0.0,13.0,7.233333333333333,0.0
9a31e4091d5c4c7fb8b9377b091ea9caa9cf26c36e62547a85992d9e109b1b9c,2025-01-14,10,1,False,1.0,0.0,0.0,0.0,9.0,0.0,9.0,8.216666666666667,0.0
9e007677846640b2acc599b1d1d498a20ff8260eeda2d49338e3b6ed111045a9,2025-01-14,11,1,False,1.0,0.0,0.0,0.0,10.0,0.0,10.0,5.05,0.0
9e7a5e914136e41ca82c366fd529e02d961e7ed1a6019ff724f06dbe447fbb88,2025-01-14,10,1,False,1.0,0.0,0.0,0.0,9.0,0.0,9.0,8.233333333333333,0.0
a8848b387af6359642c71478f693e4643381802ccc97f2b0c353264d7729405c,2025-01-14,16,1,False,1.0,0.0,0.0,0.0,15.0,0.0,15.0,5.95,0.0
b55080c0db11860ea934ecf297a13cf247817b3e34562a5897c18ff2cfa07f07,2025-01-14,6,1,False,1.0,0.0,0.0,0.0,5.0,0.0,5.0,7.933333333333334,0.0
b66c51931f321cca81cc9195f90b3174ae82ebb56c74459770f7800e347ca3b0,2025-01-14,7,1,False,1.0,0.0,0.0,0.0,6.0,0.0,6.0,6.183333333333334,0.0
b8e6c17d68aafa670b598b1cf0c0bd73a2937d6abb11055fded76b5e53231165,2025-01-14,8,1,False,1.0,0.0,0.0,0.0,7.0,0.0,7.0,7.066666666666666,0.0
bc60389887dd911a09f472d0f840e5a268d310cd13f422bfc6f811eb916ec82f,2025-01-14,8,1,False,1.0,0.0,0.0,0.0,7.0,2.0,7.0,9.116666666666667,0.15
c2fa44374f0aab02cb57c9ed348bb43c1fd456bfdf5b296c4f72174a002cd27f,2025-01-14,16,1,False,1.0,0.0,0.0,0.0,15.0,0.0,15.0,4.516666666666667,0.0
c5a8e30eed6744da0b641f474ebb407a75bc6fd07bd6e3c7aeb522c884dd456b,2025-01-14,7,1,False,1.0,0.0,0.0,0.0,6.0,0.0,6.0,7.033333333333333,0.0
c734a9d4fd20facb7d4e2f69c7a7be0a0263956653fc71b8d25ad3ed7a1ba446,2025-01-14,9,1,False,1.0,0.0,0.0,0.0,8.0,0.0,8.0,6.933333333333334,0.0
cb50b7517e0741a49adb67908546647f1da3398d8c72f00f00e9ba111909654b,2025-01-14,6,1,False,1.0,0.0,0.0,0.0,5.0,0.0,5.0,6.6,0.0
cc4113bc0f389ec5987bdc5cae8e94c8c01f0c5e127a5fc2b0ef752d7226c0ca,2025-01-14,6,1,False,1.0,0.0,0.0,0.0,5.0,1.0,5.0,9.633333333333333,0.15
cca321773f148695c0ffc5ed365db650aadc5ecdd13b4ddb3e6b57f38bf5a719,2025-01-14,8,1,False,1.0,0.0,0.0,0.0,7.0,0.0,7.0,7.316666666666666,0.0
d111a1427a39ed7f2d2483db714c5e0d79823bc9ecc62a126e1d144d374d286a,2025-01-14,6,1,False,1.0,0.0,0.0,0.0,5.0,0.0,5.0,6.0,0.0
dab294f3951611f65a9b1e6408fbad19981d1b65b76c28c3408dac6a6b93bbc8,2025-01-14,6,1,False,1.0,0.0,0.0,0.0,5.0,0.0,5.0,6.083333333333333,0.0
ddee12fc509b00889675d637518a8f7dfe216a200b6ad812c397b77d8bccb88b,2025-01-14,16,1,False,1.0,0.0,0.0,0.0,15.0,0.0,15.0,6.083333333333333,0.0
e001292c71d84c28529aed04ab0af1efa767893752908a7b7645f33d09aab74b,2025-01-14,13,1,False,1.0,0.0,0.0,0.0,12.0,3.0,12.0,8.85,0.15
e1a146fdbba0f457a2ea0a102e2c24872edc75865f95a9b842fcefa68e455266,2025-01-14,10,1,False,1.0,0.0,0.0,0.0,9.0,0.0,9.0,4.783333333333333,0.0
e498ed2d854e821dd717169a7b55e586bb647b3bd1ef51990cbd4e847791cc49,2025-01-14,8,1,False,1.0,0.0,0.0,0.0,7.0,0.0,7.0,7.933333333333334,0.0
e72c6ef5ea8445fc95b1c3ca1c82368b6c9adc8a29368110f51d81735f76f11c,2025-01-14,13,1,False,1.0,0.0,0.0,0.0,12.0,0.0,12.0,5.416666666666667,0.0
ea171ad8a99227777c2e7c1664c91caf9c08e47d4ba5c09165812a6d9633998c,2025-01-14,7,1,False,1.0,0.0,0.0,0.0,6.0,0.0,6.0,5.983333333333333,0.0
eac146261339b15b8a1e873ed372802ae1c5198377cc8e0f4a23d21bcead9c02,2025-01-14,12,1,False,1.0,0.0,0.0,0.0,11.0,0.0,11.0,6.95,0.0
ec8eef52024b6815e3113797e206a360a9c324efc2f400801d5eb1179b75a43d,2025-01-14,14,1,False,1.0,0.0,0.0,0.0,13.0,0.0,13.0,7.416666666666667,0.0
eecce08639c689fc3170d254f909a8dedd091d778d0ae7aa829c656b8d085cdd,2025-01-14,12,1,False,1.0,0.0,0.0,0.0,11.0,0.0,11.0,6.266666666666667,0.0
f02fff917d5e1f556f7ca2d8e8ddde98179be018c2669a269bf40d4f64b627f7,2025-01-14,7,1,False,1.0,0.0,0.0,0.0,6.0,2.0,6.0,9.166666666666666,0.15
f17b0eabd2530f1710fc19c34c4d29cc782a669753833ca0d88f524467cdf67f,2025-01-14,15,1,False,1.0,0.0,0.0,0.0,14.0,0.0,14.0,7.833333333333333,0.0
f26a64875adce083be80130e941dbfa6e94f2202ff0c463336c1300ecc5217f6,2025-01-14,15,1,False,1.0,0.0,0.0,0.0,14.0,0.0,14.0,8.033333333333333,0.0
f441fbdfbb3a65b7660b581790ec8633cd5e9a2bc3450e46f6f6d948e0ebd96b,2025-01-14,14,1,False,1.0,0.0,0.0,0.0,13.0,0.0,13.0,9.05,0.0
012fb52705cf3c18e19ff7f562c781dcd1736f3e5615ace007e35dee4740f412,2025-01-15,7,1,False,1.0,1.0,0.0,0.0,6.0,0.0,6.0,7.866666666666666,0.2
0604919ff2aebe087b97959084f1fffe2fd89b7e92f8997d6249f5617f0ec041,2025-01-15,15,1,False,1.0,0.0,0.0,0.0,14.0,0.0,14.0,6.033333333333333,0.0
0b9c9b2a643d502fb0470c0e2d25bd40592ae24d88e27a9cca008632f6491e86,2025-01-15,9,1,False,1.0,0.0,0.0,0.0,8.0,1.0,8.0,8.966666666666667,0.15
0bc6fa557a874432991fb3bef6cc8fecfed275284ca1549c6f502f2f2f86388f,2025-01-15,16,1,False,1.0,0.0,0.0,0.0,15.0,0.0,15.0,9.0,0.0
12881006a16563a03436c3185999cce893916a7f93bd295d9e51c610390a5400,2025-01-15,6,1,False,1.0,0.0,0.0,0.0,5.0,0.0,5.0,4.416666666666667,0.0
13cc67e7ae2b0731f9c20a2adb450d0ab125f700d392f08a01f5019b4da3be89,2025-01-15,11,1,False,1.0,0.0,0.0,0.0,10.0,1.0,10.0,8.683333333333334,0.15
1481a18bb91c683c9f0e63a3c1ffe035a67c1ee64eae546985a4caedd691f154,2025-01-15,6,1,False,1.0,0.0,0.0,0.0,5.0,0.0,5.0,5.916666666666667,0.0
1481cde120f4ec5a6626478c9222dacd947d0d027e33aa5175c391d3f10b05fd,2025-01-15,12,1,False,1.0,0.0,0.0,0.0,11.0,0.0,11.0,7.75,0.0
18757c67dbbb1f193d93dfd2c81d93f261d3cc1ab2b6b4a27daddb2a42f0c1e2,2025-01-15,11,1,False,1.0,0.0,0.0,0.0,10.0,0.0,10.0,8.0,0.0
1e13a5c6539e75908d998e36f94f2baee29b17d341286f7a2af3163b528a2fcc,2025-01-15,10,1,False,1.0,0.0,0.0,0.0,9.0,0.0,9.0,6.116666666666666,0.0
1e813ac9d9c5fbfa50cba6f0032edaff8652f398c5508cc13faa4cc0af6fc3b9,2025-01-15,6,1,False,1.0,0.0,0.0,0.0,5.0,0.0,5.0,7.266666666666667,0.0
1fddb883469b0cd0365153a0ebff0dbefb2b5a252dbaf2b9795ad45003650dcf,2025-01-15,11,1,False,1.0,0.0,0.0,0.0,10.0,2.0,10.0,8.383333333333333,0.15
227b301943873690ead2973a5f7d43ef587dc58b46733368a3f16daf8db98925,2025-01-15,13,1,False,1.0,0.0,0.0,0.0,12.0,0.0,12.0,7.5,0.0
269b850943bbddfb37b8186af3d0cd154525f08057e450bdb93ab26f06b9758d,2025-01-15,8,1,False,1.0,0.0,0.0,0.0,7.0,1.0,7.0,8.65,0.15
27ef13206d1090bf126d0f8dd08b66cc346b18eb199192600e14cdc52d7c9a35,2025-01-15,13,1,False,1.0,0.0,0.0,0.0,12.0,0.0,12.0,7.55,0.0
2b4a1e95204243f32c7235a27dbeae5a0e9d42da4c762132ac84c0817875d614,2025-01-15,7,1,False,1.0,0.0,0.0,0.0,6.0,0.0,6.0,7.0,0.0
2fdc8fb359ca03d047fec4ad4d7f3b9cfc23ebf54bee30aec8f1a6431bfd0d6e,2025-01-15,8,1,False,1.0,0.0,0.0,0.0,7.0,0.0,7.0,6.2,0.0
32c184d9780b5545a856a0a366a71b86deb3a80c4dc92142aaf6bb3437c336b1,2025-01-15,15,1,False,1.0,0.0,0.0,0.0,14.0,5.0,14.0,9.133333333333333,0.15
34977907ef51b1295028838fb56ded6159cee0d58c3200a0276324aac366417c,2025-01-15,14,1,False,1.0,0.0,0.0,0.0,13.0,0.0,13.0,7.6,0.0
3634cd4e250467a39545675e2f7386734815df9c667903c8c83b43450723a792,2025-01-15,15,1,False,1.0,0.0,0.0,0.0,14.0,0.0,14.0,8.95,0.0
369a478c83b6f436dd9aade49d6289f250e18ec2a71b9552d7d9bb884bb2b586,2025-01-15,6,1,False,1.0,0.0,0.0,0.0,5.0,0.0,5.0,7.85,0.0
3c32c4971223e549c349880665fa1e81f054571faf44435a8071b4de6b20dffb,2025-01-15,11,1,False,1.0,0.0,0.0,0.0,10.0,0.0,10.0,8.566666666666666,0.0
3e05c7d4c2f91af414e809d408787184297b351d1907c225f6f1e75fbec1f3a3,2025-01-15,9,1,False,1.0,0.0,0.0,0.0,8.0,0.0,8.0,4.883333333333334,0.0
44e2b71da8273f1b00b9ec55361a1e542f6812bce0acd27214d62e7de86dd6d0,2025-01-15,9,1,False,1.0,0.0,0.0,0.0,8.0,0.0,8.0,5.933333333333334,0.0
4620b38a9a7c0abed1e91cfdc3926234d098446655b643be9342b610365aa1b6,2025-01-15,10,1,False,1.0,0.0,0.0,0.0,9.0,0.0,9.0,4.433333333333334,0.0
49b020eb7c127b73472cb4fc893577b87b48690b941ca1067751e5a6e3eab262,2025-01-15,9,1,False,1.0,0.0,0.0,0.0,8.0,0.0,8.0,6.4,0.0
4bef524b2f19749989b990b1af1747f137bfe1d7fbf78fa1358ddfc45b247cf1,2025-01-15,9,1,False,1.0,0.0,0.0,0.0,8.0,0.0,8.0,7.5,0.0
4ef80c0c47503cd20d3a8157080fb28f38e6524b33375c23d5fcd98a2f64545e,2025-01-15,11,1,False,1.0,0.0,0.0,0.0,10.0,0.0,10.0,6.0,0.0
5088fc658035905665368960c940882faf61610a4e1ce57a24c6ffc946f0f5a8,2025-01-15,14,1,False,1.0,0.0,0.0,0.0,13.0,0.0,13.0,7.25,0.0
5379232fec078f04af386b787ed0dc69b2a455a27e52e901c773a11d2d0bce7f,2025-01-15,15,1,False,1.0,0.0,0.0,0.0,14.0,0.0,14.0,7.066666666666666,0.0
53a03335d3716bf67d3ed781065280a46863f8d947c2492c4e33cce33f4446d2,2025-01-15,13,1,False,1.0,0.0,0.0,0.0,12.0,0.0,12.0,6.833333333333333,0.0
603fcd2b8449630833d1b6c7313a10e8a2176025a45ca54002988df4de8536dd,2025-01-15,5,1,False,1.0,1.0,0.0,0.0,4.0,4.0,4.0,3.0,0.35
61127469ce0c27e2d19e0e5ecece9227e60515e12a899bc8bbc29e1c8f68a78f,2025-01-15,12,1,False,1.0,0.0,0.0,0.0,11.0,0.0,11.0,5.483333333333333,0.0
62009223daa0ff462d9b377b2b31f5c85b4e95caf611f5339cbb2b5e1dc9cab5,2025-01-15,6,1,False,1.0,0.0,0.0,0.0,5.0,0.0,5.0,7.583333333333333,0.0
620ea76a7f314a9faecfaadf110510d2abcf73e79e56e93b476e80794b9e251f,2025-01-15,12,1,False,1.0,0.0,0.0,0.0,11.0,0.0,11.0,8.316666666666666,0.0
685e9623979d1c18a11af39701aaf24188e1a40aee4c205c4d3220d26708793d,2025-01-15,7,1,False,1.0,0.0,0.0,0.0,6.0,0.0,6.0,4.1,0.0
69295bad69cbd357f13dc891b598791ab746ad0ed9cea2f9da57019f70c847b6,2025-01-15,12,1,False,1.0,0.0,0.0,0.0,11.0,0.0,11.0,5.55,0.0
6ac76fd52b6451030fdaa8cce0d1126104c034aa0d6cff3c078311dce03e36e5,2025-01-15,16,1,False,1.0,0.0,0.0,0.0,15.0,0.0,15.0,7.666666666666667,0.0
6e0553bc94f1b3457a68943cdeb271536fa0ca87652900b8c47b6b4e2eabc4b7,2025-01-15,11,1,False,1.0,0.0,0.0,0.0,10.0,0.0,10.0,7.283333333333333,0.0
71c200742f059a8380e2f3dd53ca613e2cdd705c24898e5957d46fefeff67336,2025-01-15,8,1,False,1.0,0.0,0.0,0.0,7.0,0.0,7.0,6.916666666666667,0.0
768115c2eaa5bf872b6f73af67403e31127811d5dfdaa65f5998e7f57a6be1ca,2025-01-15,9,1,False,1.0,0.0,0.0,0.0,8.0,1.0,8.0,8.433333333333334,0.15
77a935bf01e27db1c86c62c6082710b6fe7046028279183cc90fc11b5a21dd3c,2025-01-15,16,1,False,1.0,0.0,0.0,0.0,15.0,0.0,15.0,7.816666666666666,0.0
7b291901ed6fc90c51c56024b33122026451c19dfa4736a37621d21afa86ab5a,2025-01-15,11,1,False,1.0,0.0,0.0,0.0,10.0,0.0,10.0,6.95,0.0
7d64092a6e7dfd07913942876a0c314955bce8dc9fcabd12166bcf1ad5666185,2025-01-15,16,1,False,1.0,0.0,0.0,0.0,15.0,0.0,15.0,7.716666666666667,0.0
7faca1558937aea9797473b24d153f084fc8bc52e7e16da8f8bf4c48b587b358,2025-01-15,15,1,False,1.0,0.0,0.0,0.0,14.0,2.0,14.0,8.6,0.15
806e62fd6dd962469b9425c2f7b2550582df8623e5c711ade163292a626414aa,2025-01-15,11,1,False,1.0,0.0,0.0,0.0,10.0,0.0,10.0,7.8,0.0
85bf8422bdd496aa90249b85acbd42b16a6a0ed3121a586f0bcc607d16d09d80,2025-01-15,16,1,False,1.0,0.0,0.0,0.0,15.0,0.0,15.0,7.883333333333334,0.0
88b53efa4c89ad7a3d90cf3c01046d714f1adff9827d0eb5754b4ef76c64f039,2025-01-15,8,1,False,1.0,0.0,0.0,0.0,7.0,0.0,7.0,6.916666666666667,0.0
8eb9feaf80cb3b47e639148a128ff9ae2b814462106966998a7656825b71fa7d,2025-01-15,12,1,False,1.0,1.0,0.0,0.0,11.0,1.0,11.0,5.9,0.35
924ed1bb3874124ad2e307aa33a7e5791cc81dd30c0c079d54cfc1ea14ee310a,2025-01-15,7,1,False,1.0,0.0,0.0,0.0,6.0,0.0,6.0,8.05,0.0
939b9328b580200251e640b1f2170850525f4fefe336c98f053407a0725f9849,2025-01-15,15,1,False,1.0,0.0,0.0,0.0,14.0,0.0,14.0,7.3,0.0
9a31e4091d5c4c7fb8b9377b091ea9caa9cf26c36e62547a85992d9e109b1b9c,2025-01-15,11,1,False,1.0,0.0,0.0,0.0,10.0,0.0,10.0,8.033333333333333,0.0
9e007677846640b2acc599b1d1d498a20ff8260eeda2d49338e3b6ed111045a9,2025-01-15,8,1,False,1.0,0.0,0.0,0.0,7.0,0.0,7.0,6.183333333333334,0.0
9e7a5e914136e41ca82c366fd529e02d961e7ed1a6019ff724f06dbe447fbb88,2025-01-15,9,1,False,1.0,0.0,0.0,0.0,8.0,0.0,8.0,7.533333333333333,0.0
a8848b387af6359642c71478f693e4643381802ccc97f2b0c353264d7729405c,2025-01-15,11,1,False,1.0,0.0,0.0,0.0,10.0,0.0,10.0,7.116666666666666,0.0
b55080c0db11860ea934ecf297a13cf247817b3e34562a5897c18ff2cfa07f07,2025-01-15,16,1,False,1.0,0.0,0.0,0.0,15.0,0.0,15.0,7.066666666666666,0.0
b66c51931f321cca81cc9195f90b3174ae82ebb56c74459770f7800e347ca3b0,2025-01-15,9,1,False,1.0,0.0,0.0,0.0,8.0,0.0,8.0,7.916666666666667,0.0
b8e6c17d68aafa670b598b1cf0c0bd73a2937d6abb11055fded76b5e53231165,2025-01-15,15,1,False,1.0,0.0,0.0,0.0,14.0,0.0,14.0,8.616666666666667,0.0
bc60389887dd911a09f472d0f840e5a268d310cd13f422bfc6f811eb916ec82f,2025-01-15,6,1,False,1.0,0.0,0.0,0.0,5.0,0.0,5.0,7.3,0.0
c2fa44374f0aab02cb57c9ed348bb43c1fd456bfdf5b296c4f72174a002cd27f,2025-01-15,15,1,False,1.0,1.0,0.0,0.0,14.0,3.0,14.0,8.333333333333334,0.35
c5a8e30eed6744da0b641f474ebb407a75bc6fd07bd6e3c7aeb522c884dd456b,2025-01-15,14,1,False,1.0,0.0,0.0,0.0,13.0,0.0,13.0,7.983333333333333,0.0
c734a9d4fd20facb7d4e2f69c7a7be0a0263956653fc71b8d25ad3ed7a1ba446,2025-01-15,12,1,False,1.0,0.0,0.0,0.0,11.0,0.0,11.0,6.666666666666667,0.0
cb50b7517e0741a49adb67908546647f1da3398d8c72f00f00e9ba111909654b,2025-01-15,10,1,False,1.0,0.0,0.0,0.0,9.0,0.0,9.0,6.333333333333333,0.0
cc4113bc0f389ec5987bdc5cae8e94c8c01f0c5e127a5fc2b0ef752d7226c0ca,2025-01-15,15,1,False,1.0,0.0,0.0,0.0,14.0,0.0,14.0,6.483333333333333,0.0
cca321773f148695c0ffc5ed365db650aadc5ecdd13b4ddb3e6b57f38bf5a719,2025-01-15,15,1,False,1.0,0.0,0.0,0.0,14.0,0.0,14.0,5.216666666666667,0.0
d111a1427a39ed7f2d2483db714c5e0d79823bc9ecc62a126e1d144d374d286a,2025-01-15,13,1,False,1.0,0.0,0.0,0.0,12.0,1.0,12.0,9.133333333333333,0.15
dab294f3951611f65a9b1e6408fbad19981d1b65b76c28c3408dac6a6b93bbc8,2025-01-15,8,1,False,1.0,0.0,0.0,0.0,7.0,2.0,7.0,9.3,0.15
ddee12fc509b00889675d637518a8f7dfe216a200b6ad812c397b77d8bccb88b,2025-01-15,16,1,False,1.0,0.0,0.0,0.0,15.0,4.0,15.0,11.166666666666666,0.15
e001292c71d84c28529aed04ab0af1efa767893752908a7b7645f33d09aab74b,2025-01-15,16,1,False,1.0,0.0,0.0,0.0,15.0,0.0,15.0,7.933333333333334,0.0
e1a146fdbba0f457a2ea0a102e2c24872edc75865f95a9b842fcefa68e455266,2025-01-15,10,1,False,1.0,0.0,0.0,0.0,9.0,0.0,9.0,7.083333333333333,0.0
e498ed2d854e821dd717169a7b55e586bb647b3bd1ef51990cbd4e847791cc49,2025-01-15,16,1,False,1.0,0.0,0.0,0.0,15.0,0.0,15.0,7.783333333333333,0.0
e72c6ef5ea8445fc95b1c3ca1c82368b6c9adc8a29368110f51d81735f76f11c,2025-01-15,13,1,False,1.0,0.0,0.0,0.0,12.0,0.0,12.0,8.45,0.0
ea171ad8a99227777c2e7c1664c91caf9c08e47d4ba5c09165812a6d9633998c,2025-01-15,10,1,False,1.0,0.0,0.0,0.0,9.0,0.0,9.0,5.633333333333334,0.0
eac146261339b15b8a1e873ed372802ae1c5198377cc8e0f4a23d21bcead9c02,2025-01-15,7,1,False,1.0,0.0,0.0,0.0,6.0,0.0,6.0,7.533333333333333,0.0
ec8eef52024b6815e3113797e206a360a9c324efc2f400801d5eb1179b75a43d,2025-01-15,9,1,False,1.0,0.0,0.0,0.0,8.0,0.0,8.0,6.65,0.0
eecce08639c689fc3170d254f909a8dedd091d778d0ae7aa829c656b8d085cdd,2025-01-15,11,1,False,1.0,0.0,0.0,0.0,10.0,0.0,10.0,8.966666666666667,0.0
f02fff917d5e1f556f7ca2d8e8ddde98179be018c2669a269bf40d4f64b627f7,2025-01-15,15,1,False,1.0,0.0,0.0,0.0,14.0,1.0,14.0,11.216666666666667,0.15
f17b0eabd2530f1710fc19c34c4d29cc782a669753833ca0d88f524467cdf67f,2025-01-15,7,1,False,1.0,0.0,0.0,0.0,6.0,0.0,6.0,2.6333333333333333,0.0
f26a64875adce083be80130e941dbfa6e94f2202ff0c463336c1300ecc5217f6,2025-01-15,6,1,False,1.0,0.0,0.0,0.0,5.0,0.0,5.0,5.316666666666666,0.0
f441fbdfbb3a65b7660b581790ec8633cd5e9a2bc3450e46f6f6d948e0ebd96b,2025-01-15,13,1,False,1.0,0.0,0.0,0.0,12.0,0.0,12.0,8.65,0.0
012fb52705cf3c18e19ff7f562c781dcd1736f3e5615ace007e35dee4740f412,2025-01-16,15,1,False,1.0,0.0,0.0,0.0,14.0,0.0,14.0,8.033333333333333,0.0
0604919ff2aebe087b97959084f1fffe2fd89b7e92f8997d6249f5617f0ec041,2025-01-16,8,1,False,1.0,0.0,0.0,0.0,7.0,0.0,7.0,9.166666666666666,0.0
0b9c9b2a643d502fb0470c0e2d25bd40592ae24d88e27a9cca008632f6491e86,2025-01-16,10,1,False,1.0,0.0,0.0,0.0,9.0,0.0,9.0,5.916666666666667,0.0
0bc6fa557a874432991fb3bef6cc8fecfed275284ca1549c6f502f2f2f86388f,2025-01-16,8,1,False,1.0,0.0,0.0,0.0,7.0,0.0,7.0,7.216666666666667,0.0
12881006a16563a03436c3185999cce893916a7f93bd295d9e51c610390a5400,2025-01-16,10,1,False,1.0,0.0,0.0,0.0,9.0,0.0,9.0,7.533333333333333,0.0
13cc67e7ae2b0731f9c20a2adb450d0ab125f700d392f08a01f5019b4da3be89,2025-01-16,15,1,False,1.0,0.0,0.0,0.0,14.0,0.0,14.0,7.85,0.0
1481a18bb91c683c9f0e63a3c1ffe035a67c1ee64eae546985a4caedd691f154,2025-01-16,7,1,False,1.0,0.0,0.0,0.0,6.0,0.0,6.0,5.766666666666667,0.0
1481cde120f4ec5a6626478c9222dacd947d0d027e33aa5175c391d3f10b05fd,2025-01-16,15,1,False,1.0,0.0,0.0,0.0,14.0,0.0,14.0,6.933333333333334,0.0
18757c67dbbb1f193d93dfd2c81d93f261d3cc1ab2b6b4a27daddb2a42f0c1e2,2025-01-16,9,1,False,1.0,0.0,0.0,0.0,8.0,0.0,8.0,6.583333333333333,0.0
1e13a5c6539e75908d998e36f94f2baee29b17d341286f7a2af3163b528a2fcc,2025-01-16,10,1,False,1.0,0.0,0.0,0.0,9.0,2.0,9.0,9.033333333333333,0.15
1e813ac9d9c5fbfa50cba6f0032edaff8652f398c5508cc13faa4cc0af6fc3b9,2025-01-16,7,1,False,1.0,0.0,0.0,0.0,6.0,0.0,6.0,4.583333333333333,0.0
1fddb883469b0cd0365153a0ebff0dbefb2b5a252dbaf2b9795ad45003650dcf,2025-01-16,15,1,False,1.0,0.0,0.0,0.0,14.0,0.0,14.0,7.533333333333333,0.0
227b301943873690ead2973a5f7d43ef587dc58b46733368a3f16daf8db98925,2025-01-16,10,1,False,1.0,0.0,0.0,0.0,9.0,0.0,9.0,4.6,0.0
269b850943bbddfb37b8186af3d0cd154525f08057e450bdb93ab26f06b9758d,2025-01-16,8,1,False,1.0,1.0,0.0,0.0,7.0,0.0,7.0,6.7,0.2
27ef13206d1090bf126d0f8dd08b66cc346b18eb199192600e14cdc52d7c9a35,2025-01-16,13,1,False,1.0,0.0,0.0,0.0,12.0,0.0,12.0,6.9,0.0
2b4a1e95204243f32c7235a27dbeae5a0e9d42da4c762132ac84c0817875d614,2025-01-16,9,1,False,1.0,0.0,0.0,0.0,8.0,0.0,8.0,7.783333333333333,0.0
2fdc8fb359ca03d047fec4ad4d7f3b9cfc23ebf54bee30aec8f1a6431bfd0d6e,2025-01-16,13,1,False,1.0,0.0,0.0,0.0,12.0,0.0,12.0,8.15,0.0
32c184d9780b5545a856a0a366a71b86deb3a80c4dc92142aaf6bb3437c336b1,2025-01-16,7,1,False,1.0,0.0,0.0,0.0,6.0,0.0,6.0,8.05,0.0
34977907ef51b1295028838fb56ded6159cee0d58c3200a0276324aac366417c,2025-01-16,15,1,False,1.0,0.0,0.0,0.0,14.0,0.0,14.0,7.116666666666666,0.0
3634cd4e250467a39545675e2f7386734815df9c667903c8c83b43450723a792,2025-01-16,14,1,False,1.0,0.0,0.0,0.0,13.0,0.0,13.0,6.683333333333334,0.0
369a478c83b6f436dd9aade49d6289f250e18ec2a71b9552d7d9bb884bb2b586,2025-01-16,9,1,False,1.0,0.0,0.0,0.0,8.0,0.0,8.0,6.4,0.0
3c32c4971223e549c349880665fa1e81f054571faf44435a8071b4de6b20dffb,2025-01-16,11,1,False,1.0,0.0,2.0,0.0,8.0,0.0,8.0,7.033333333333333,0.15
3e05c7d4c2f91af414e809d408787184297b351d1907c225f6f1e75fbec1f3a3,2025-01-16,13,1,False,1.0,0.0,0.0,0.0,12.0,0.0,12.0,7.366666666666666,0.0
44e2b71da8273f1b00b9ec55361a1e542f6812bce0acd27214d62e7de86dd6d0,2025-01-16,9,1,False,1.0,0.0,0.0,0.0,8.0,0.0,8.0,7.75,0.0
4620b38a9a7c0abed1e91cfdc3926234d098446655b643be9342b610365aa1b6,2025-01-16,7,1,False,1.0,0.0,0.0,0.0,6.0,0.0,6.0,7.833333333333333,0.0
49b020eb7c127b73472cb4fc893577b87b48690b941ca1067751e5a6e3eab262,2025-01-16,6,1,False,1.0,0.0,0.0,0.0,5.0,0.0,5.0,7.2,0.0
4bef524b2f19749989b990b1af1747f137bfe1d7fbf78fa1358ddfc45b247cf1,2025-01-16,12,1,False,1.0,0.0,0.0,0.0,11.0,0.0,11.0,6.7,0.0
4ef80c0c47503cd20d3a8157080fb28f38e6524b33375c23d5fcd98a2f64545e,2025-01-16,13,1,False,1.0,0.0,0.0,0.0,12.0,2.0,12.0,9.366666666666667,0.15
5088fc658035905665368960c940882faf61610a4e1ce57a24c6ffc946f0f5a8,2025-01-16,14,1,False,1.0,0.0,0.0,0.0,13.0,0.0,13.0,6.65,0.0
5379232fec078f04af386b787ed0dc69b2a455a27e52e901c773a11d2d0bce7f,2025-01-16,12,1,False,1.0,0.0,0.0,0.0,11.0,0.0,11.0,7.016666666666667,0.0
53a03335d3716bf67d3ed781065280a46863f8d947c2492c4e33cce33f4446d2,2025-01-16,7,1,False,1.0,0.0,0.0,0.0,6.0,0.0,6.0,6.483333333333333,0.0
603fcd2b8449630833d1b6c7313a10e8a2176025a45ca54002988df4de8536dd,2025-01-16,16,1,False,1.0,0.0,0.0,0.0,15.0,2.0,15.0,14.616666666666667,0.15
61127469ce0c27e2d19e0e5ecece9227e60515e12a899bc8bbc29e1c8f68a78f,2025-01-16,11,1,False,1.0,0.0,0.0,0.0,10.0,1.0,10.0,9.266666666666667,0.15
62009223daa0ff462d9b377b2b31f5c85b4e95caf611f5339cbb2b5e1dc9cab5,2025-01-16,8,1,False,1.0,0.0,0.0,0.0,7.0,0.0,7.0,7.15,0.0
620ea76a7f314a9faecfaadf110510d2abcf73e79e56e93b476e80794b9e251f,2025-01-16,6,1,False,1.0,0.0,0.0,0.0,5.0,0.0,5.0,6.833333333333333,0.0
685e9623979d1c18a11af39701aaf24188e1a40aee4c205c4d3220d26708793d,2025-01-16,7,1,False,1.0,0.0,0.0,0.0,6.0,0.0,6.0,5.316666666666666,0.0
69295bad69cbd357f13dc891b598791ab746ad0ed9cea2f9da57019f70c847b6,2025-01-16,13,1,False,1.0,0.0,0.0,0.0,12.0,0.0,12.0,6.316666666666666,0.0
6ac76fd52b6451030fdaa8cce0d1126104c034aa0d6cff3c078311dce03e36e5,2025-01-16,8,1,False,1.0,0.0,0.0,0.0,7.0,0.0,7.0,7.483333333333333,0.0
6e0553bc94f1b3457a68943cdeb271536fa0ca87652900b8c47b6b4e2eabc4b7,2025-01-16,15,1,False,1.0,0.0,0.0,0.0,14.0,0.0,14.0,8.233333333333333,0.0
71c200742f059a8380e2f3dd53ca613e2cdd705c24898e5957d46fefeff67336,2025-01-16,16,1,False,1.0,0.0,0.0,0.0,15.0,0.0,15.0,6.916666666666667,0.0
768115c2eaa5bf872b6f73af67403e31127811d5dfdaa65f5998e7f57a6be1ca,2025-01-16,9,1,False,1.0,0.0,0.0,0.0,8.0,0.0,8.0,7.366666666666666,0.0
77a935bf01e27db1c86c62c6082710b6fe7046028279183cc90fc11b5a21dd3c,2025-01-16,9,1,False,1.0,0.0,0.0,0.0,8.0,0.0,8.0,6.7,0.0
7b291901ed6fc90c51c56024b33122026451c19dfa4736a37621d21afa86ab5a,2025-01-16,12,1,False,1.0,0.0,0.0,0.0,11.0,0.0,11.0,7.316666666666666,0.0
7d64092a6e7dfd07913942876a0c314955bce8dc9fcabd12166bcf1ad5666185,2025-01-16,15,1,False,1.0,0.0,0.0,0.0,14.0,1.0,14.0,8.966666666666667,0.15
7faca1558937aea9797473b24d153f084fc8bc52e7e16da8f8bf4c48b587b358,2025-01-16,11,1,False,1.0,0.0,0.0,0.0,10.0,0.0,10.0,8.116666666666667,0.0
806e62fd6dd962469b9425c2f7b2550582df8623e5c711ade163292a626414aa,2025-01-16,15,1,False,1.0,0.0,0.0,0.0,14.0,0.0,14.0,6.316666666666666,0.0
85bf8422bdd496aa90249b85acbd42b16a6a0ed3121a586f0bcc607d16d09d80,2025-01-16,13,1,False,1.0,0.0,0.0,0.0,12.0,0.0,12.0,5.916666666666667,0.0
88b53efa4c89ad7a3d90cf3c01046d714f1adff9827d0eb5754b4ef76c64f039,2025-01-16,14,1,False,1.0,0.0,0.0,0.0,13.0,0.0,13.0,7.05,0.0
8eb9feaf80cb3b47e639148a128ff9ae2b814462106966998a7656825b71fa7d,2025-01-16,8,1,False,1.0,0.0,0.0,0.0,7.0,0.0,7.0,6.266666666666667,0.0
924ed1bb3874124ad2e307aa33a7e5791cc81dd30c0c079d54cfc1ea14ee310a,2025-01-16,15,1,False,1.0,0.0,0.0,0.0,14.0,0.0,14.0,6.916666666666667,0.0
939b9328b580200251e640b1f2170850525f4fefe336c98f053407a0725f9849,2025-01-16,6,1,False,1.0,0.0,0.0,0.0,5.0,0.0,5.0,7.35,0.0
9a31e4091d5c4c7fb8b9377b091ea9caa9cf26c36e62547a85992d9e109b1b9c,2025-01-16,15,1,False,1.0,0.0,0.0,0.0,14.0,0.0,14.0,7.2,0.0
9e007677846640b2acc599b1d1d498a20ff8260eeda2d49338e3b6ed111045a9,2025-01-16,11,1,False,1.0,0.0,0.0,0.0,10.0,0.0,10.0,7.25,0.0
9e7a5e914136e41ca82c366fd529e02d961e7ed1a6019ff724f06dbe447fbb88,2025-01-16,6,1,False,1.0,0.0,0.0,0.0,5.0,0.0,5.0,5.5,0.0
a8848b387af6359642c71478f693e4643381802ccc97f2b0c353264d7729405c,2025-01-16,16,1,False,1.0,0.0,0.0,0.0,15.0,0.0,15.0,6.266666666666667,0.0
b55080c0db11860ea934ecf297a13cf247817b3e34562a5897c18ff2cfa07f07,2025-01-16,7,1,False,1.0,0.0,0.0,0.0,6.0,0.0,6.0,5.15,0.0
b66c51931f321cca81cc9195f90b3174ae82ebb56c74459770f7800e347ca3b0,2025-01-16,7,1,False,1.0,0.0,0.0,0.0,6.0,0.0,6.0,8.35,0.0
b8e6c17d68aafa670b598b1cf0c0bd73a2937d6abb11055fded76b5e53231165,2025-01-16,9,1,False,1.0,0.0,0.0,0.0,8.0,0.0,8.0,7.7,0.0
bc60389887dd911a09f472d0f840e5a268d310cd13f422bfc6f811eb916ec82f,2025-01-16,11,1,False,1.0,0.0,0.0,0.0,10.0,0.0,10.0,7.783333333333333,0.0
c2fa44374f0aab02cb57c9ed348bb43c1fd456bfdf5b296c4f72174a002cd27f,2025-01-16,6,1,False,1.0,0.0,0.0,0.0,5.0,1.0,5.0,9.533333333333333,0.15
c5a8e30eed6744da0b641f474ebb407a75bc6fd07bd6e3c7aeb522c884dd456b,2025-01-16,12,1,False,1.0,0.0,0.0,0.0,11.0,0.0,11.0,7.466666666666667,0.0
c734a9d4fd20facb7d4e2f69c7a7be0a0263956653fc71b8d25ad3ed7a1ba446,2025-01-16,13,1,False,1.0,0.0,0.0,0.0,12.0,0.0,12.0,7.9,0.0
cb50b7517e0741a49adb67908546647f1da3398d8c72f00f00e9ba111909654b,2025-01-16,7,1,False,1.0,0.0,0.0,0.0,6.0,0.0,6.0,8.883333333333333,0.0
cc4113bc0f389ec5987bdc5cae8e94c8c01f0c5e127a5fc2b0ef752d7226c0ca,2025-01-16,9,1,False,1.0,0.0,0.0,0.0,8.0,0.0,8.0,3.8,0.0
cca321773f148695c0ffc5ed365db650aadc5ecdd13b4ddb3e6b57f38bf5a719,2025-01-16,12,1,False,1.0,0.0,0.0,0.0,11.0,0.0,11.0,7.416666666666667,0.0
d111a1427a39ed7f2d2483db714c5e0d79823bc9ecc62a126e1d144d374d286a,2025-01-16,11,1,False,1.0,0.0,0.0,0.0,10.0,0.0,10.0,7.3,0.0
dab294f3951611f65a9b1e6408fbad19981d1b65b76c28c3408dac6a6b93bbc8,2025-01-16,12,1,False,1.0,0.0,0.0,0.0,11.0,0.0,11.0,6.6,0.0
ddee12fc509b00889675d637518a8f7dfe216a200b6ad812c397b77d8bccb88b,2025-01-16,12,1,False,1.0,0.0,0.0,0.0,11.0,0.0,11.0,5.983333333333333,0.0
e001292c71d84c28529aed04ab0af1efa767893752908a7b7645f33d09aab74b,2025-01-16,15,1,False,1.0,0.0,0.0,0.0,14.0,0.0,14.0,6.383333333333334,0.0
e1a146fdbba0f457a2ea0a102e2c24872edc75865f95a9b842fcefa68e455266,2025-01-16,9,1,False,1.0,0.0,0.0,0.0,8.0,0.0,8.0,6.366666666666666,0.0
e498ed2d854e821dd717169a7b55e586bb647b3bd1ef51990cbd4e847791cc49,2025-01-16,6,1,False,1.0,0.0,0.0,0.0,5.0,0.0,5.0,6.85,0.0
e72c6ef5ea8445fc95b1c3ca1c82368b6c9adc8a29368110f51d81735f76f11c,2025-01-16,15,1,False,1.0,0.0,0.0,0.0,14.0,0.0,14.0,8.3,0.0
ea171ad8a99227777c2e7c1664c91caf9c08e47d4ba5c09165812a6d9633998c,2025-01-16,14,1,False,1.0,0.0,0.0,0.0,13.0,0.0,13.0,7.383333333333334,0.0
eac146261339b15b8a1e873ed372802ae1c5198377cc8e0f4a23d21bcead9c02,2025-01-16,7,1,False,1.0,0.0,0.0,0.0,6.0,0.0,6.0,7.616666666666666,0.0
ec8eef52024b6815e3113797e206a360a9c324efc2f400801d5eb1179b75a43d,2025-01-16,12,1,False,1.0,0.0,0.0,0.0,11.0,0.0,11.0,6.166666666666667,0.0
eecce08639c689fc3170d254f909a8dedd091d778d0ae7aa829c656b8d085cdd,2025-01-16,11,1,False,1.0,0.0,0.0,0.0,10.0,0.0,10.0,8.516666666666667,0.0
f02fff917d5e1f556f7ca2d8e8ddde98179be018c2669a269bf40d4f64b627f7,2025-01-16,8,1,False,1.0,0.0,0.0,0.0,7.0,0.0,7.0,4.95,0.0
f17b0eabd2530f1710fc19c34c4d29cc782a669753833ca0d88f524467cdf67f,2025-01-16,13,1,False,1.0,0.0,0.0,0.0,12.0,2.0,12.0,9.283333333333333,0.15
f26a64875adce083be80130e941dbfa6e94f2202ff0c463336c1300ecc5217f6,2025-01-16,16,1,False,1.0,0.0,0.0,0.0,15.0,0.0,15.0,6.3,0.0
f441fbdfbb3a65b7660b581790ec8633cd5e9a2bc3450e46f6f6d948e0ebd96b,2025-01-16,10,1,False,1.0,0.0,0.0,0.0,9.0,0.0,9.0,6.416666666666667,0.0
012fb52705cf3c18e19ff7f562c781dcd1736f3e5615ace007e35dee4740f412,2025-01-17,12,1,False,1.0,0.0,0.0,0.0,11.0,0.0,11.0,6.133333333333334,0.0
0604919ff2aebe087b97959084f1fffe2fd89b7e92f8997d6249f5617f0ec041,2025-01-17,13,1,False,1.0,0.0,0.0,0.0,12.0,0.0,12.0,8.533333333333333,0.0
0b9c9b2a643d502fb0470c0e2d25bd40592ae24d88e27a9cca008632f6491e86,2025-01-17,8,1,False,1.0,0.0,0.0,0.0,7.0,0.0,7.0,6.566666666666666,0.0
0bc6fa557a874432991fb3bef6cc8fecfed275284ca1549c6f502f2f2f86388f,2025-01-17,6,1,False,1.0,0.0,0.0,0.0,5.0,0.0,5.0,7.366666666666666,0.0
12881006a16563a03436c3185999cce893916a7f93bd295d9e51c610390a5400,2025-01-17,14,1,False,1.0,0.0,0.0,0.0,13.0,0.0,13.0,5.633333333333334,0.0
13cc67e7ae2b0731f9c20a2adb450d0ab125f700d392f08a01f5019b4da3be89,2025-01-17,11,1,False,1.0,0.0,0.0,0.0,10.0,0.0,10.0,9.016666666666667,0.0
1481a18bb91c683c9f0e63a3c1ffe035a67c1ee64eae546985a4caedd691f154,2025-01-17,7,1,False,1.0,0.0,0.0,0.0,6.0,0.0,6.0,6.65,0.0
1481cde120f4ec5a6626478c9222dacd947d0d027e33aa5175c391d3f10b05fd,2025-01-17,13,1,False,1.0,0.0,0.0,0.0,12.0,0.0,12.0,6.833333333333333,0.0
18757c67dbbb1f193d93dfd2c81d93f261d3cc1ab2b6b4a27daddb2a42f0c1e2,2025-01-17,11,1,False,1.0,1.0,0.0,0.0,10.0,0.0,10.0,7.0,0.2
1e13a5c6539e75908d998e36f94f2baee29b17d341286f7a2af3163b528a2fcc,2025-01-17,9,1,False,1.0,0.0,0.0,0.0,8.0,0.0,8.0,6.583333333333333,0.0
1e813ac9d9c5fbfa50cba6f0032edaff8652f398c5508cc13faa4cc0af6fc3b9,2025-01-17,8,1,False,1.0,0.0,0.0,0.0,7.0,0.0,7.0,4.5,0.0
1fddb883469b0cd0365153a0ebff0dbefb2b5a252dbaf2b9795ad45003650dcf,2025-01-17,12,1,False,1.0,0.0,0.0,0.0,11.0,0.0,11.0,8.166666666666666,0.0
227b301943873690ead2973a5f7d43ef587dc58b46733368a3f16daf8db98925,2025-01-17,16,1,False,1.0,0.0,0.0,0.0,15.0,3.0,15.0,9.566666666666666,0.15
269b850943bbddfb37b8186af3d0cd154525f08057e450bdb93ab26f06b9758d,2025-01-17,10,1,False,1.0,0.0,2.0,0.0,7.0,0.0,7.0,6.016666666666667,0.15
27ef13206d1090bf126d0f8dd08b66cc346b18eb199192600e14cdc52d7c9a35,2025-01-17,13,1,False,1.0,0.0,0.0,0.0,12.0,0.0,12.0,7.65,0.0
2b4a1e95204243f32c7235a27dbeae5a0e9d42da4c762132ac84c0817875d614,2025-01-17,7,1,False,1.0,0.0,0.0,0.0,6.0,0.0,6.0,7.2,0.0
2fdc8fb359ca03d047fec4ad4d7f3b9cfc23ebf54bee30aec8f1a6431bfd0d6e,2025-01-17,15,1,False,1.0,0.0,0.0,0.0,14.0,0.0,14.0,7.2,0.0
32c184d9780b5545a856a0a366a71b86deb3a80c4dc92142aaf6bb3437c336b1,2025-01-17,14,1,False,1.0,0.0,0.0,0.0,13.0,0.0,13.0,6.516666666666667,0.0
34977907ef51b1295028838fb56ded6159cee0d58c3200a0276324aac366417c,2025-01-17,14,1,False,1.0,0.0,0.0,0.0,13.0,1.0,13.0,8.9,0.15
3634cd4e250467a39545675e2f7386734815df9c667903c8c83b43450723a792,2025-01-17,9,1,False,1.0,0.0,0.0,0.0,8.0,0.0,8.0,7.25,0.0
369a478c83b6f436dd9aade49d6289f250e18ec2a71b9552d7d9bb884bb2b586,2025-01-17,9,1,False,1.0,0.0,0.0,0.0,8.0,0.0,8.0,8.483333333333333,0.0
3c32c4971223e549c349880665fa1e81f054571faf44435a8071b4de6b20dffb,2025-01-17,9,1,False,1.0,0.0,0.0,0.0,8.0,0.0,8.0,7.05,0.0
3e05c7d4c2f91af414e809d408787184297b351d1907c225f6f1e75fbec1f3a3,2025-01-17,7,1,False,1.0,0.0,0.0,0.0,6.0,1.0,6.0,8.483333333333333,0.15
44e2b71da8273f1b00b9ec55361a1e542f6812bce0acd27214d62e7de86dd6d0,2025-01-17,11,1,False,1.0,0.0,0.0,0.0,10.0,0.0,10.0,6.383333333333334,0.0
4620b38a9a7c0abed1e91cfdc3926234d098446655b643be9342b610365aa1b6,2025-01-17,9,1,False,1.0,0.0,0.0,0.0,8.0,0.0,8.0,8.083333333333334,0.0
49b020eb7c127b73472cb4fc893577b87b48690b941ca1067751e5a6e3eab262,2025-01-17,16,1,False,1.0,0.0,0.0,0.0,15.0,0.0,15.0,7.166666666666667,0.0
4bef524b2f19749989b990b1af1747f137bfe1d7fbf78fa1358ddfc45b247cf1,2025-01-17,11,1,False,1.0,0.0,0.0,0.0,10.0,0.0,10.0,7.283333333333333,0.0
4ef80c0c47503cd20d3a8157080fb28f38e6524b33375c23d5fcd98a2f64545e,2025-01-17,16,1,False,1.0,0.0,0.0,0.0,15.0,0.0,15.0,8.116666666666667,0.0
5088fc658035905665368960c940882faf61610a4e1ce57a24c6ffc946f0f5a8,2025-01-17,11,1,False,1.0,0.0,0.0,0.0,10.0,0.0,10.0,5.1,0.0
5379232fec078f04af386b787ed0dc69b2a455a27e52e901c773a11d2d0bce7f,2025-01-17,6,1,False,1.0,0.0,0.0,0.0,5.0,0.0,5.0,7.8,0.0
53a03335d3716bf67d3ed781065280a46863f8d947c2492c4e33cce33f4446d2,2025-01-17,7,1,False,1.0,0.0,0.0,0.0,6.0,0.0,6.0,6.566666666666666,0.0
603fcd2b8449630833d1b6c7313a10e8a2176025a45ca54002988df4de8536dd,2025-01-17,13,1,False,1.0,0.0,2.0,0.0,10.0,0.0,10.0,7.1,0.15
61127469ce0c27e2d19e0e5ecece9227e60515e12a899bc8bbc29e1c8f68a78f,2025-01-17,9,1,False,1.0,0.0,0.0,0.0,8.0,0.0,8.0,5.966666666666667,0.0
62009223daa0ff462d9b377b2b31f5c85b4e95caf611f5339cbb2b5e1dc9cab5,2025-01-17,13,1,False,1.0,0.0,0.0,0.0,12.0,0.0,12.0,8.0,0.0
620ea76a7f314a9faecfaadf110510d2abcf73e79e56e93b476e80794b9e251f,2025-01-17,8,1,False,1.0,0.0,0.0,0.0,7.0,0.0,7.0,7.1,0.0
685e9623979d1c18a11af39701aaf24188e1a40aee4c205c4d3220d26708793d,2025-01-17,14,1,False,1.0,0.0,0.0,0.0,13.0,0.0,13.0,7.083333333333333,0.0
69295bad69cbd357f13dc891b598791ab746ad0ed9cea2f9da57019f70c847b6,2025-01-17,15,1,False,1.0,1.0,0.0,0.0,14.0,2.0,14.0,7.716666666666667,0.35
6ac76fd52b6451030fdaa8cce0d1126104c034aa0d6cff3c078311dce03e36e5,2025-01-17,11,1,False,1.0,0.0,0.0,0.0,10.0,1.0,10.0,8.833333333333334,0.15
6e0553bc94f1b3457a68943cdeb271536fa0ca87652900b8c47b6b4e2eabc4b7,2025-01-17,15,1,False,1.0,0.0,0.0,0.0,14.0,0.0,14.0,6.3,0.0
71c200742f059a8380e2f3dd53ca613e2cdd705c24898e5957d46fefeff67336,2025-01-17,7,1,False,1.0,0.0,0.0,0.0,6.0,0.0,6.0,6.516666666666667,0.0
768115c2eaa5bf872b6f73af67403e31127811d5dfdaa65f5998e7f57a6be1ca,2025-01-17,12,1,False,1.0,0.0,0.0,0.0,11.0,0.0,11.0,6.883333333333334,0.0
77a935bf01e27db1c86c62c6082710b6fe7046028279183cc90fc11b5a21dd3c,2025-01-17,9,1,False,1.0,0.0,0.0,0.0,8.0,0.0,8.0,7.25,0.0
7b291901ed6fc90c51c56024b33122026451c19dfa4736a37621d21afa86ab5a,2025-01-17,13,1,False,1.0,0.0,0.0,0.0,12.0,0.0,12.0,6.716666666666667,0.0
7d64092a6e7dfd07913942876a0c314955bce8dc9fcabd12166bcf1ad5666185,2025-01-17,14,1,False,1.0,0.0,0.0,0.0,13.0,0.0,13.0,7.916666666666667,0.0
7faca1558937aea9797473b24d153f084fc8bc52e7e16da8f8bf4c48b587b358,2025-01-17,16,1,False,1.0,0.0,0.0,0.0,15.0,1.0,15.0,8.6,0.15
806e62fd6dd962469b9425c2f7b2550582df8623e5c711ade163292a626414aa,2025-01-17,10,1,False,1.0,0.0,0.0,0.0,9.0,0.0,9.0,8.283333333333333,0.0
85bf8422bdd496aa90249b85acbd42b16a6a0ed3121a586f0bcc607d16d09d80,2025-01-17,10,1,False,1.0,0.0,0.0,0.0,9.0,0.0,9.0,7.55,0.0
88b53efa4c89ad7a3d90cf3c01046d714f1adff9827d0eb5754b4ef76c64f039,2025-01-17,14,1,False,1.0,0.0,0.0,0.0,13.0,0.0,13.0,8.616666666666667,0.0
8eb9feaf80cb3b47e639148a128ff9ae2b814462106966998a7656825b71fa7d,2025-01-17,15,1,False,1.0,0.0,0.0,0.0,14.0,0.0,14.0,7.883333333333334,0.0
924ed1bb3874124ad2e307aa33a7e5791cc81dd30c0c079d54cfc1ea14ee310a,2025-01-17,12,1,False,1.0,0.0,0.0,0.0,11.0,0.0,11.0,7.1,0.0
939b9328b580200251e640b1f2170850525f4fefe336c98f053407a0725f9849,2025-01-17,15,1,False,1.0,0.0,0.0,0.0,14.0,0.0,14.0,5.416666666666667,0.0
9a31e4091d5c4c7fb8b9377b091ea9caa9cf26c36e62547a85992d9e109b1b9c,2025-01-17,11,1,False,1.0,0.0,0.0,0.0,10.0,0.0,10.0,7.65,0.0
9e007677846640b2acc599b1d1d498a20ff8260eeda2d49338e3b6ed111045a9,2025-01-17,8,1,False,1.0,0.0,0.0,0.0,7.0,0.0,7.0,5.75,0.0
9e7a5e914136e41ca82c366fd529e02d961e7ed1a6019ff724f06dbe447fbb88,2025-01-17,14,1,False,1.0,0.0,0.0,0.0,13.0,0.0,13.0,9.133333333333333,0.0
a8848b387af6359642c71478f693e4643381802ccc97f2b0c353264d7729405c,2025-01-17,14,1,False,1.0,0.0,0.0,0.0,13.0,0.0,13.0,7.683333333333334,0.0
b55080c0db11860ea934ecf297a13cf247817b3e34562a5897c18ff2cfa07f07,2025-01-17,14,1,False,1.0,0.0,0.0,0.0,13.0,0.0,13.0,7.9,0.0
b66c51931f321cca81cc9195f90b3174ae82ebb56c74459770f7800e347ca3b0,2025-01-17,13,1,False,1.0,0.0,0.0,0.0,12.0,0.0,12.0,7.083333333333333,0.0
b8e6c17d68aafa670b598b1cf0c0bd73a2937d6abb11055fded76b5e53231165,2025-01-17,13,1,False,1.0,0.0,0.0,0.0,12.0,0.0,12.0,7.683333333333334,0.0
bc60389887dd911a09f472d0f840e5a268d310cd13f422bfc6f811eb916ec82f,2025-01-17,15,1,False,1.0,0.0,0.0,0.0,14.0,0.0,14.0,8.366666666666667,0.0
c2fa44374f0aab02cb57c9ed348bb43c1fd456bfdf5b296c4f72174a002cd27f,2025-01-17,14,1,False,1.0,0.0,0.0,0.0,13.0,0.0,13.0,7.783333333333333,0.0
c5a8e30eed6744da0b641f474ebb407a75bc6fd07bd6e3c7aeb522c884dd456b,2025-01-17,7,1,False,1.0,0.0,0.0,0.0,6.0,0.0,6.0,6.35,0.0
c734a9d4fd20facb7d4e2f69c7a7be0a0263956653fc71b8d25ad3ed7a1ba446,2025-01-17,8,1,False,1.0,0.0,0.0,0.0,7.0,1.0,7.0,8.883333333333333,0.15
cb50b7517e0741a49adb67908546647f1da3398d8c72f00f00e9ba111909654b,2025-01-17,15,1,False,1.0,0.0,0.0,0.0,14.0,0.0,14.0,7.0,0.0
cc4113bc0f389ec5987bdc5cae8e94c8c01f0c5e127a5fc2b0ef752d7226c0ca,2025-01-17,10,1,False,1.0,0.0,0.0,0.0,9.0,0.0,9.0,3.7333333333333334,0.0
cca321773f148695c0ffc5ed365db650aadc5ecdd13b4ddb3e6b57f38bf5a719,2025-01-17,16,1,False,1.0,0.0,0.0,0.0,15.0,0.0,15.0,7.0,0.0
d111a1427a39ed7f2d2483db714c5e0d79823bc9ecc62a126e1d144d374d286a,2025-01-17,14,1,False,1.0,0.0,0.0,0.0,13.0,0.0,13.0,6.966666666666667,0.0
dab294f3951611f65a9b1e6408fbad19981d1b65b76c28c3408dac6a6b93bbc8,2025-01-17,15,1,False,1.0,1.0,0.0,0.0,14.0,1.0,14.0,7.016666666666667,0.35
ddee12fc509b00889675d637518a8f7dfe216a200b6ad812c397b77d8bccb88b,2025-01-17,8,1,False,1.0,0.0,0.0,0.0,7.0,0.0,7.0,6.05,0.0
e001292c71d84c28529aed04ab0af1efa767893752908a7b7645f33d09aab74b,2025-01-17,7,1,False,1.0,0.0,0.0,0.0,6.0,0.0,6.0,7.266666666666667,0.0
e1a146fdbba0f457a2ea0a102e2c24872edc75865f95a9b842fcefa68e455266,2025-01-17,6,1,False,1.0,0.0,0.0,0.0,5.0,0.0,5.0,6.933333333333334,0.0
e498ed2d854e821dd717169a7b55e586bb647b3bd1ef51990cbd4e847791cc49,2025-01-17,6,1,False,1.0,1.0,0.0,0.0,5.0,0.0,5.0,7.9,0.2
e72c6ef5ea8445fc95b1c3ca1c82368b6c9adc8a29368110f51d81735f76f11c,2025-01-17,6,1,False,1.0,0.0,0.0,0.0,5.0,0.0,5.0,6.083333333333333,0.0
ea171ad8a99227777c2e7c1664c91caf9c08e47d4ba5c09165812a6d9633998c,2025-01-17,8,1,False,1.0,0.0,0.0,0.0,7.0,0.0,7.0,6.166666666666667,0.0
eac146261339b15b8a1e873ed372802ae1c5198377cc8e0f4a23d21bcead9c02,2025-01-17,10,1,False,1.0,0.0,0.0,0.0,9.0,0.0,9.0,6.466666666666667,0.0
ec8eef52024b6815e3113797e206a360a9c324efc2f400801d5eb1179b75a43d,2025-01-17,10,1,False,1.0,0.0,0.0,0.0,9.0,0.0,9.0,5.733333333333333,0.0
eecce08639c689fc3170d254f909a8dedd091d778d0ae7aa829c656b8d085cdd,2025-01-17,11,1,False,1.0,0.0,0.0,0.0,10.0,0.0,10.0,6.916666666666667,0.0
f02fff917d5e1f556f7ca2d8e8ddde98179be018c2669a269bf40d4f64b627f7,2025-01-17,14,1,False,1.0,0.0,0.0,0.0,13.0,0.0,13.0,6.966666666666667,0.0
f17b0eabd2530f1710fc19c34c4d29cc782a669753833ca0d88f524467cdf67f,2025-01-17,9,1,False,1.0,0.0,0.0,0.0,8.0,3.0,8.0,11.266666666666667,0.15
f26a64875adce083be80130e941dbfa6e94f2202ff0c463336c1300ecc5217f6,2025-01-17,8,1,False,1.0,0.0,0.0,0.0,7.0,0.0,7.0,6.8,0.0
f441fbdfbb3a65b7660b581790ec8633cd5e9a2bc3450e46f6f6d948e0ebd96b,2025-01-17,6,1,False,1.0,0.0,0.0,0.0,5.0,0.0,5.0,7.116666666666666,0.0
012fb52705cf3c18e19ff7f562c781dcd1736f3e5615ace007e35dee4740f412,2025-01-20,16,1,False,1.0,0.0,0.0,0.0,15.0,0.0,15.0,6.0,0.0
0604919ff2aebe087b97959084f1fffe2fd89b7e92f8997d6249f5617f0ec041,2025-01-20,8,1,False,1.0,0.0,0.0,0.0,7.0,0.0,7.0,7.083333333333333,0.0
0b9c9b2a643d502fb0470c0e2d25bd40592ae24d88e27a9cca008632f6491e86,2025-01-20,16,1,False,1.0,0.0,0.0,0.0,15.0,0.0,15.0,8.333333333333334,0.0
0bc6fa557a874432991fb3bef6cc8fecfed275284ca1549c6f502f2f2f86388f,2025-01-20,6,1,False,1.0,0.0,0.0,0.0,5.0,0.0,5.0,8.133333333333333,0.0
12881006a16563a03436c3185999cce893916a7f93bd295d9e51c610390a5400,2025-01-20,6,1,False,1.0,0.0,0.0,0.0,5.0,0.0,5.0,6.966666666666667,0.0
13cc67e7ae2b0731f9c20a2adb450d0ab125f700d392f08a01f5019b4da3be89,2025-01-20,7,1,False,1.0,0.0,0.0,0.0,6.0,0.0,6.0,6.1,0.0
1481a18bb91c683c9f0e63a3c1ffe035a67c1ee64eae546985a4caedd691f154,2025-01-20,15,1,False,1.0,0.0,0.0,0.0,14.0,0.0,14.0,6.683333333333334,0.0
1481cde120f4ec5a6626478c9222dacd947d0d027e33aa5175c391d3f10b05fd,2025-01-20,14,1,False,1.0,0.0,0.0,0.0,13.0,0.0,13.0,7.833333333333333,0.0
18757c67dbbb1f193d93dfd2c81d93f261d3cc1ab2b6b4a27daddb2a42f0c1e2,2025-01-20,11,1,False,1.0,0.0,0.0,0.0,10.0,0.0,10.0,7.35,0.0
1e13a5c6539e75908d998e36f94f2baee29b17d341286f7a2af3163b528a2fcc,2025-01-20,12,1,False,1.0,0.0,0.0,0.0,11.0,0.0,11.0,7.283333333333333,0.0
1e813ac9d9c5fbfa50cba6f0032edaff8652f398c5508cc13faa4cc0af6fc3b9,2025-01-20,8,1,False,1.0,0.0,0.0,0.0,7.0,0.0,7.0,6.483333333333333,0.0
1fddb883469b0cd0365153a0ebff0dbefb2b5a252dbaf2b9795ad45003650dcf,2025-01-20,11,1,False,1.0,0.0,0.0,0.0,10.0,1.0,10.0,8.3,0.15
227b301943873690ead2973a5f7d43ef587dc58b46733368a3f16daf8db98925,2025-01-20,10,1,False,1.0,0.0,0.0,0.0,9.0,0.0,9.0,8.083333333333334,0.0
269b850943bbddfb37b8186af3d0cd154525f08057e450bdb93ab26f06b9758d,2025-01-20,13,1,False,1.0,0.0,0.0,0.0,12.0,1.0,12.0,9.233333333333333,0.15
27ef13206d1090bf126d0f8dd08b66cc346b18eb199192600e14cdc52d7c9a35,2025-01-20,15,1,False,1.0,0.0,0.0,0.0,14.0,0.0,14.0,8.15,0.0
2b4a1e95204243f32c7235a27dbeae5a0e9d42da4c762132ac84c0817875d614,2025-01-20,15,1,False,1.0,0.0,0.0,0.0,14.0,0.0,14.0,5.866666666666666,0.0
2fdc8fb359ca03d047fec4ad4d7f3b9cfc23ebf54bee30aec8f1a6431bfd0d6e,2025-01-20,16,1,False,1.0,0.0,0.0,0.0,15.0,0.0,15.0,9.0,0.0
32c184d9780b5545a856a0a366a71b86deb3a80c4dc92142aaf6bb3437c336b1,2025-01-20,12,1,False,1.0,0.0,0.0,0.0,11.0,0.0,11.0,6.85,0.0
34977907ef51b1295028838fb56ded6159cee0d58c3200a0276324aac366417c,2025-01-20,12,1,False,1.0,0.0,0.0,0.0,11.0,0.0,11.0,6.316666666666666,0.0
3634cd4e250467a39545675e2f7386734815df9c667903c8c83b43450723a792,2025-01-20,14,1,False,1.0,0.0,0.0,0.0,13.0,0.0,13.0,7.716666666666667,0.0
369a478c83b6f436dd9aade49d6289f250e18ec2a71b9552d7d9bb884bb2b586,2025-01-20,11,1,False,1.0,0.0,0.0,0.0,10.0,0.0,10.0,6.783333333333333,0.0
3c32c4971223e549c349880665fa1e81f054571faf44435a8071b4de6b20dffb,2025-01-20,12,1,False,1.0,0.0,0.0,0.0,11.0,0.0,11.0,7.283333333333333,0.0
3e05c7d4c2f91af414e809d408787184297b351d1907c225f6f1e75fbec1f3a3,2025-01-20,16,1,False,1.0,0.0,0.0,0.0,15.0,0.0,15.0,6.766666666666667,0.0
44e2b71da8273f1b00b9ec55361a1e542f6812bce0acd27214d62e7de86dd6d0,2025-01-20,16,1,False,1.0,0.0,0.0,0.0,15.0,0.0,15.0,8.283333333333333,0.0
4620b38a9a7c0abed1e91cfdc3926234d098446655b643be9342b610365aa1b6,2025-01-20,14,1,False,1.0,0.0,0.0,0.0,13.0,0.0,13.0,7.966666666666667,0.0
49b020eb7c127b73472cb4fc893577b87b48690b941ca1067751e5a6e3eab262,2025-01-20,13,1,False,1.0,0.0,0.0,0.0,12.0,0.0,12.0,8.716666666666667,0.0
4bef524b2f19749989b990b1af1747f137bfe1d7fbf78fa1358ddfc45b247cf1,2025-01-20,6,1,False,1.0,0.0,0.0,0.0,5.0,0.0,5.0,7.183333333333334,0.0
4ef80c0c47503cd20d3a8157080fb28f38e6524b33375c23d5fcd98a2f64545e,2025-01-20,10,1,False,1.0,0.0,0.0,0.0,9.0,0.0,9.0,7.95,0.0
5088fc658035905665368960c940882faf61610a4e1ce57a24c6ffc946f0f5a8,2025-01-20,9,1,False,1.0,0.0,0.0,0.0,8.0,0.0,8.0,8.216666666666667,0.0
5379232fec078f04af386b787ed0dc69b2a455a27e52e901c773a11d2d0bce7f,2025-01-20,16,1,False,1.0,0.0,1.0,0.0,14.0,0.0,14.0,8.2,0.15
53a03335d3716bf67d3ed781065280a46863f8d947c2492c4e33cce33f4446d2,2025-01-20,13,1,False,1.0,1.0,0.0,0.0,12.0,1.0,12.0,7.7,0.35
603fcd2b8449630833d1b6c7313a10e8a2176025a45ca54002988df4de8536dd,2025-01-20,16,1,False,1.0,0.0,0.0,0.0,15.0,0.0,15.0,6.183333333333334,0.0
61127469ce0c27e2d19e0e5ecece9227e60515e12a899bc8bbc29e1c8f68a78f,2025-01-20,10,1,False,1.0,0.0,0.0,0.0,9.0,0.0,9.0,6.333333333333333,0.0
62009223daa0ff462d9b377b2b31f5c85b4e95caf611f5339cbb2b5e1dc9cab5,2025-01-20,7,1,False,1.0,0.0,0.0,0.0,6.0,0.0,6.0,5.883333333333334,0.0
620ea76a7f314a9faecfaadf110510d2abcf73e79e56e93b476e80794b9e251f,2025-01-20,12,1,False,1.0,0.0,0.0,0.0,11.0,0.0,11.0,6.3,0.0
685e9623979d1c18a11af39701aaf24188e1a40aee4c205c4d3220d26708793d,2025-01-20,14,1,False,1.0,0.0,0.0,0.0,13.0,0.0,13.0,8.233333333333333,0.0
69295bad69cbd357f13dc891b598791ab746ad0ed9cea2f9da57019f70c847b6,2025-01-20,10,1,False,1.0,1.0,0.0,0.0,9.0,0.0,9.0,8.966666666666667,0.2
6ac76fd52b6451030fdaa8cce0d1126104c034aa0d6cff3c078311dce03e36e5,2025-01-20,8,1,False,1.0,0.0,0.0,0.0,7.0,0.0,7.0,6.3,0.0
6e0553bc94f1b3457a68943cdeb271536fa0ca87652900b8c47b6b4e2eabc4b7,2025-01-20,8,1,False,1.0,0.0,0.0,0.0,7.0,0.0,7.0,6.966666666666667,0.0
71c200742f059a8380e2f3dd53ca613e2cdd705c24898e5957d46fefeff67336,2025-01-20,14,1,False,1.0,0.0,2.0,0.0,11.0,0.0,11.0,6.5,0.15
768115c2eaa5bf872b6f73af67403e31127811d5dfdaa65f5998e7f57a6be1ca,2025-01-20,6,1,False,1.0,1.0,0.0,0.0,5.0,5.0,5.0,1.3333333333333333,0.35
77a935bf01e27db1c86c62c6082710b6fe7046028279183cc90fc11b5a21dd3c,2025-01-20,13,1,False,1.0,0.0,0.0,0.0,12.0,0.0,12.0,9.116666666666667,0.0
7b291901ed6fc90c51c56024b33122026451c19dfa4736a37621d21afa86ab5a,2025-01-20,10,1,False,1.0,0.0,0.0,0.0,9.0,0.0,9.0,7.333333333333333,0.0
7d64092a6e7dfd07913942876a0c314955bce8dc9fcabd12166bcf1ad5666185,2025-01-20,10,1,False,1.0,0.0,0.0,0.0,9.0,0.0,9.0,7.966666666666667,0.0
7faca1558937aea9797473b24d153f084fc8bc52e7e16da8f8bf4c48b587b358,2025-01-20,7,1,False,1.0,0.0,0.0,0.0,6.0,0.0,6.0,8.1,0.0
806e62fd6dd962469b9425c2f7b2550582df8623e5c711ade163292a626414aa,2025-01-20,9,1,False,1.0,0.0,0.0,0.0,8.0,0.0,8.0,6.2,0.0
85bf8422bdd496aa90249b85acbd42b16a6a0ed3121a586f0bcc607d16d09d80,2025-01-20,10,1,False,1.0,0.0,0.0,0.0,9.0,0.0,9.0,4.516666666666667,0.0
88b53efa4c89ad7a3d90cf3c01046d714f1adff9827d0eb5754b4ef76c64f039,2025-01-20,12,1,False,1.0,0.0,0.0,0.0,11.0,0.0,11.0,7.466666666666667,0.0
8eb9feaf80cb3b47e639148a128ff9ae2b814462106966998a7656825b71fa7d,2025-01-20,8,1,False,1.0,0.0,0.0,0.0,7.0,0.0,7.0,8.1,0.0
924ed1bb3874124ad2e307aa33a7e5791cc81dd30c0c079d54cfc1ea14ee310a,2025-01-20,14,1,False,1.0,0.0,0.0,0.0,13.0,0.0,13.0,6.616666666666666,0.0
939b9328b580200251e640b1f2170850525f4fefe336c98f053407a0725f9849,2025-01-20,12,1,False,1.0,0.0,0.0,0.0,11.0,0.0,11.0,6.283333333333333,0.0
9a31e4091d5c4c7fb8b9377b091ea9caa9cf26c36e62547a85992d9e109b1b9c,2025-01-20,6,1,False,1.0,0.0,0.0,0.0,5.0,0.0,5.0,8.483333333333333,0.0
9e007677846640b2acc599b1d1d498a20ff8260eeda2d49338e3b6ed111045a9,2025-01-20,12,1,False,1.0,0.0,0.0,0.0,11.0,0.0,11.0,7.8,0.0
9e7a5e914136e41ca82c366fd529e02d961e7ed1a6019ff724f06dbe447fbb88,2025-01-20,10,1,False,1.0,0.0,0.0,0.0,9.0,0.0,9.0,6.866666666666666,0.0
a8848b387af6359642c71478f693e4643381802ccc97f2b0c353264d7729405c,2025-01-20,11,1,False,1.0,0.0,0.0,0.0,10.0,0.0,10.0,4.183333333333334,0.0
b55080c0db11860ea934ecf297a13cf247817b3e34562a5897c18ff2cfa07f07,2025-01-20,12,1,False,1.0,0.0,0.0,0.0,11.0,0.0,11.0,6.383333333333334,0.0
b66c51931f321cca81cc9195f90b3174ae82ebb56c74459770f7800e347ca3b0,2025-01-20,16,1,False,1.0,0.0,0.0,0.0,15.0,0.0,15.0,8.466666666666667,0.0
b8e6c17d68aafa670b598b1cf0c0bd73a2937d6abb11055fded76b5e53231165,2025-01-20,14,1,False,1.0,0.0,0.0,0.0,13.0,0.0,13.0,6.35,0.0
bc60389887dd911a09f472d0f840e5a268d310cd13f422bfc6f811eb916ec82f,2025-01-20,13,1,False,1.0,0.0,0.0,0.0,12.0,0.0,12.0,5.433333333333334,0.0
c2fa44374f0aab02cb57c9ed348bb43c1fd456bfdf5b296c4f72174a002cd27f,2025-01-20,11,1,False,1.0,0.0,0.0,0.0,10.0,0.0,10.0,8.316666666666666,0.0
c5a8e30eed6744da0b641f474ebb407a75bc6fd07bd6e3c7aeb522c884dd456b,2025-01-20,8,1,False,1.0,0.0,0.0,0.0,7.0,0.0,7.0,7.8,0.0
c734a9d4fd20facb7d4e2f69c7a7be0a0263956653fc71b8d25ad3ed7a1ba446,2025-01-20,12,1,False,1.0,0.0,0.0,0.0,11.0,0.0,11.0,6.283333333333333,0.0
cb50b7517e0741a49adb67908546647f1da3398d8c72f00f00e9ba111909654b,2025-01-20,16,1,False,1.0,0.0,0.0,0.0,15.0,0.0,15.0,8.05,0.0
cc4113bc0f389ec5987bdc5cae8e94c8c01f0c5e127a5fc2b0ef752d7226c0ca,2025-01-20,8,1,False,1.0,0.0,0.0,0.0,7.0,0.0,7.0,7.783333333333333,0.0
cca321773f148695c0ffc5ed365db650aadc5ecdd13b4ddb3e6b57f38bf5a719,2025-01-20,14,1,False,1.0,0.0,0.0,0.0,13.0,0.0,13.0,8.516666666666667,0.0
d111a1427a39ed7f2d2483db714c5e0d79823bc9ecc62a126e1d144d374d286a,2025-01-20,16,1,False,1.0,0.0,0.0,0.0,15.0,0.0,15.0,9.933333333333334,0.0
dab294f3951611f65a9b1e6408fbad19981d1b65b76c28c3408dac6a6b93bbc8,2025-01-20,15,1,False,1.0,0.0,2.0,0.0,12.0,0.0,12.0,6.8,0.15
ddee12fc509b00889675d637518a8f7dfe216a200b6ad812c397b77d8bccb88b,2025-01-20,9,1,False,1.0,0.0,0.0,0.0,8.0,0.0,8.0,6.55,0.0
e001292c71d84c28529aed04ab0af1efa767893752908a7b7645f33d09aab74b,2025-01-20,14,1,False,1.0,0.0,0.0,0.0,13.0,0.0,13.0,8.266666666666667,0.0
e1a146fdbba0f457a2ea0a102e2c24872edc75865f95a9b842fcefa68e455266,2025-01-20,6,1,False,1.0,0.0,0.0,0.0,5.0,0.0,5.0,6.683333333333334,0.0
e498ed2d854e821dd717169a7b55e586bb647b3bd1ef51990cbd4e847791cc49,2025-01-20,13,1,False,1.0,0.0,0.0,0.0,12.0,0.0,12.0,6.116666666666666,0.0
e72c6ef5ea8445fc95b1c3ca1c82368b6c9adc8a29368110f51d81735f76f11c,2025-01-20,13,1,False,1.0,0.0,0.0,0.0,12.0,0.0,12.0,8.316666666666666,0.0
ea171ad8a99227777c2e7c1664c91caf9c08e47d4ba5c09165812a6d9633998c,2025-01-20,11,1,False,1.0,0.0,0.0,0.0,10.0,0.0,10.0,6.766666666666667,0.0
eac146261339b15b8a1e873ed372802ae1c5198377cc8e0f4a23d21bcead9c02,2025-01-20,16,1,False,1.0,0.0,0.0,0.0,15.0,0.0,15.0,7.316666666666666,0.0
ec8eef52024b6815e3113797e206a360a9c324efc2f400801d5eb1179b75a43d,2025-01-20,7,1,False,1.0,0.0,0.0,0.0,6.0,0.0,6.0,8.966666666666667,0.0
eecce08639c689fc3170d254f909a8dedd091d778d0ae7aa829c656b8d085cdd,2025-01-20,10,1,False,1.0,0.0,0.0,0.0,9.0,0.0,9.0,6.583333333333333,0.0
f02fff917d5e1f556f7ca2d8e8ddde98179be018c2669a269bf40d4f64b627f7,2025-01-20,6,1,False,1.0,0.0,0.0,0.0,5.0,0.0,5.0,7.65,0.0
f17b0eabd2530f1710fc19c34c4d29cc782a669753833ca0d88f524467cdf67f,2025-01-20,16,1,False,1.0,0.0,0.0,0.0,15.0,0.0,15.0,7.066666666666666,0.0
f26a64875adce083be80130e941dbfa6e94f2202ff0c463336c1300ecc5217f6,2025-01-20,7,1,False,1.0,0.0,0.0,0.0,6.0,0.0,6.0,7.883333333333334,0.0
f441fbdfbb3a65b7660b581790ec8633cd5e9a2bc3450e46f6f6d948e0ebd96b,2025-01-20,16,1,False,1.0,0.0,0.0,0.0,15.0,0.0,15.0,6.716666666666667,0.0
012fb52705cf3c18e19ff7f562c781dcd1736f3e5615ace007e35dee4740f412,2025-01-21,6,1,False,1.0,0.0,0.0,0.0,5.0,0.0,5.0,5.333333333333333,0.0
0604919ff2aebe087b97959084f1fffe2fd89b7e92f8997d6249f5617f0ec041,2025-01-21,6,1,False,1.0,0.0,0.0,0.0,5.0,0.0,5.0,4.483333333333333,0.0
0b9c9b2a643d502fb0470c0e2d25bd40592ae24d88e27a9cca008632f6491e86,2025-01-21,7,1,False,1.0,0.0,0.0,0.0,6.0,0.0,6.0,5.0,0.0
0bc6fa557a874432991fb3bef6cc8fecfed275284ca1549c6f502f2f2f86388f,2025-01-21,7,1,False,1.0,0.0,0.0,0.0,6.0,0.0,6.0,8.5,0.0
12881006a16563a03436c3185999cce893916a7f93bd295d9e51c610390a5400,2025-01-21,14,1,False,1.0,0.0,0.0,0.0,13.0,0.0,13.0,7.016666666666667,0.0
13cc67e7ae2b0731f9c20a2adb450d0ab125f700d392f08a01f5019b4da3be89,2025-01-21,14,1,False,1.0,0.0,0.0,0.0,13.0,0.0,13.0,9.15,0.0
1481a18bb91c683c9f0e63a3c1ffe035a67c1ee64eae546985a4caedd691f154,2025-01-21,16,1,False,1.0,0.0,0.0,0.0,15.0,0.0,15.0,8.066666666666666,0.0
1481cde120f4ec5a6626478c9222dacd947d0d027e33aa5175c391d3f10b05fd,2025-01-21,8,1,False,1.0,0.0,0.0,0.0,7.0,0.0,7.0,7.716666666666667,0.0
18757c67dbbb1f193d93dfd2c81d93f261d3cc1ab2b6b4a27daddb2a42f0c1e2,2025-01-21,6,1,False,1.0,0.0,0.0,0.0,5.0,0.0,5.0,6.483333333333333,0.0
1e13a5c6539e75908d998e36f94f2baee29b17d341286f7a2af3163b528a2fcc,2025-01-21,12,1,False,1.0,0.0,0.0,0.0,11.0,0.0,11.0,6.383333333333334,0.0
1e813ac9d9c5fbfa50cba6f0032edaff8652f398c5508cc13faa4cc0af6fc3b9,2025-01-21,7,1,False,1.0,0.0,0.0,0.0,6.0,0.0,6.0,7.966666666666667,0.0
1fddb883469b0cd0365153a0ebff0dbefb2b5a252dbaf2b9795ad45003650dcf,2025-01-21,16,1,False,1.0,0.0,0.0,0.0,15.0,0.0,15.0,7.116666666666666,0.0
227b301943873690ead2973a5f7d43ef587dc58b46733368a3f16daf8db98925,2025-01-21,16,1,False,1.0,0.0,0.0,0.0,15.0,0.0,15.0,8.466666666666667,0.0
269b850943bbddfb37b8186af3d0cd154525f08057e450bdb93ab26f06b9758d,2025-01-21,4,1,False,1.0,1.0,0.0,0.0,3.0,3.0,3.0,4.583333333333333,0.35
27ef13206d1090bf126d0f8dd08b66cc346b18eb199192600e14cdc52d7c9a35,2025-01-21,11,1,False,1.0,0.0,0.0,0.0,10.0,0.0,10.0,6.3,0.0
2b4a1e95204243f32c7235a27dbeae5a0e9d42da4c762132ac84c0817875d614,2025-01-21,9,1,False,1.0,0.0,0.0,0.0,8.0,0.0,8.0,7.716666666666667,0.0
2fdc8fb359ca03d047fec4ad4d7f3b9cfc23ebf54bee30aec8f1a6431bfd0d6e,2025-01-21,12,1,False,1.0,0.0,0.0,0.0,11.0,0.0,11.0,3.8666666666666667,0.0
32c184d9780b5545a856a0a366a71b86deb3a80c4dc92142aaf6bb3437c336b1,2025-01-21,8,1,False,1.0,0.0,0.0,0.0,7.0,0.0,7.0,6.25,0.0
34977907ef51b1295028838fb56ded6159cee0d58c3200a0276324aac366417c,2025-01-21,11,1,False,1.0,0.0,0.0,0.0,10.0,0.0,10.0,6.966666666666667,0.0
3634cd4e250467a39545675e2f7386734815df9c667903c8c83b43450723a792,2025-01-21,16,1,False,1.0,0.0,0.0,0.0,15.0,0.0,15.0,7.816666666666666,0.0
369a478c83b6f436dd9aade49d6289f250e18ec2a71b9552d7d9bb884bb2b586,2025-01-21,14,1,False,1.0,0.0,0.0,0.0,13.0,0.0,13.0,6.816666666666666,0.0
3c32c4971223e549c349880665fa1e81f054571faf44435a8071b4de6b20dffb,2025-01-21,16,1,False,1.0,0.0,0.0,0.0,15.0,0.0,15.0,7.0,0.0
3e05c7d4c2f91af414e809d408787184297b351d1907c225f6f1e75fbec1f3a3,2025-01-21,14,1,False,1.0,0.0,0.0,0.0,13.0,0.0,13.0,5.433333333333334,0.0
44e2b71da8273f1b00b9ec55361a1e542f6812bce0acd27214d62e7de86dd6d0,2025-01-21,6,1,False,1.0,0.0,0.0,0.0,5.0,0.0,5.0,6.35,0.0
4620b38a9a7c0abed1e91cfdc3926234d098446655b643be9342b610365aa1b6,2025-01-21,13,1,False,1.0,0.0,0.0,0.0,12.0,1.0,12.0,8.1,0.15
49b020eb7c127b73472cb4fc893577b87b48690b941ca1067751e5a6e3eab262,2025-01-21,11,1,False,1.0,0.0,0.0,0.0,10.0,1.0,10.0,9.45,0.15
4bef524b2f19749989b990b1af1747f137bfe1d7fbf78fa1358ddfc45b247cf1,2025-01-21,11,1,False,1.0,0.0,0.0,0.0,10.0,0.0,10.0,6.85,0.0
4ef80c0c47503cd20d3a8157080fb28f38e6524b33375c23d5fcd98a2f64545e,2025-01-21,15,1,False,1.0,0.0,0.0,0.0,14.0,0.0,14.0,9.333333333333334,0.0
5088fc658035905665368960c940882faf61610a4e1ce57a24c6ffc946f0f5a8,2025-01-21,7,1,False,1.0,0.0,0.0,0.0,6.0,0.0,6.0,5.15,0.0
5379232fec078f04af386b787ed0dc69b2a455a27e52e901c773a11d2d0bce7f,2025-01-21,9,1,False,1.0,0.0,0.0,0.0,8.0,0.0,8.0,9.033333333333333,0.0
53a03335d3716bf67d3ed781065280a46863f8d947c2492c4e33cce33f4446d2,2025-01-21,12,1,False,1.0,0.0,0.0,0.0,11.0,0.0,11.0,7.8,0.0
603fcd2b8449630833d1b6c7313a10e8a2176025a45ca54002988df4de8536dd,2025-01-21,3,1,False,1.0,1.0,0.0,0.0,2.0,2.0,2.0,3.05,0.35
61127469ce0c27e2d19e0e5ecece9227e60515e12a899bc8bbc29e1c8f68a78f,2025-01-21,7,1,False,1.0,0.0,0.0,0.0,6.0,0.0,6.0,7.133333333333334,0.0
62009223daa0ff462d9b377b2b31f5c85b4e95caf611f5339cbb2b5e1dc9cab5,2025-01-21,16,1,False,1.0,0.0,0.0,0.0,15.0,0.0,15.0,6.716666666666667,0.0
620ea76a7f314a9faecfaadf110510d2abcf73e79e56e93b476e80794b9e251f,2025-01-21,9,1,False,1.0,0.0,0.0,0.0,8.0,0.0,8.0,8.3,0.0
685e9623979d1c18a11af39701aaf24188e1a40aee4c205c4d3220d26708793d,2025-01-21,6,1,False,1.0,0.0,0.0,0.0,5.0,0.0,5.0,4.716666666666667,0.0
69295bad69cbd357f13dc891b598791ab746ad0ed9cea2f9da57019f70c847b6,2025-01-21,10,1,False,1.0,1.0,0.0,0.0,9.0,1.0,9.0,8.216666666666667,0.35
6ac76fd52b6451030fdaa8cce0d1126104c034aa0d6cff3c078311dce03e36e5,2025-01-21,9,1,False,1.0,0.0,0.0,0.0,8.0,0.0,8.0,7.25,0.0
6e0553bc94f1b3457a68943cdeb271536fa0ca87652900b8c47b6b4e2eabc4b7,2025-01-21,14,1,False,1.0,0.0,0.0,0.0,13.0,0.0,13.0,8.316666666666666,0.0
71c200742f059a8380e2f3dd53ca613e2cdd705c24898e5957d46fefeff67336,2025-01-21,9,1,False,1.0,0.0,0.0,0.0,8.0,0.0,8.0,8.05,0.0
768115c2eaa5bf872b6f73af67403e31127811d5dfdaa65f5998e7f57a6be1ca,2025-01-21,18,1,False,1.0,0.0,0.0,0.0,17.0,10.0,17.0,12.633333333333333,0.15
77a935bf01e27db1c86c62c6082710b6fe7046028279183cc90fc11b5a21dd3c,2025-01-21,16,1,False,1.0,0.0,0.0,0.0,15.0,0.0,15.0,7.1,0.0
7b291901ed6fc90c51c56024b33122026451c19dfa4736a37621d21afa86ab5a,2025-01-21,6,1,False,1.0,0.0,0.0,0.0,5.0,0.0,5.0,8.05,0.0
7d64092a6e7dfd07913942876a0c314955bce8dc9fcabd12166bcf1ad5666185,2025-01-21,14,1,False,1.0,0.0,0.0,0.0,13.0,0.0,13.0,7.866666666666666,0.0
7faca1558937aea9797473b24d153f084fc8bc52e7e16da8f8bf4c48b587b358,2025-01-21,15,1,False,1.0,0.0,0.0,0.0,14.0,0.0,14.0,7.716666666666667,0.0
806e62fd6dd962469b9425c2f7b2550582df8623e5c711ade163292a626414aa,2025-01-21,16,1,False,1.0,0.0,0.0,0.0,15.0,0.0,15.0,6.333333333333333,0.0
85bf8422bdd496aa90249b85acbd42b16a6a0ed3121a586f0bcc607d16d09d80,2025-01-21,14,1,False,1.0,0.0,0.0,0.0,13.0,1.0,13.0,8.733333333333333,0.15
88b53efa4c89ad7a3d90cf3c01046d714f1adff9827d0eb5754b4ef76c64f039,2025-01-21,16,1,False,1.0,0.0,0.0,0.0,15.0,0.0,15.0,7.966666666666667,0.0
8eb9feaf80cb3b47e639148a128ff9ae2b814462106966998a7656825b71fa7d,2025-01-21,10,1,False,1.0,0.0,0.0,0.0,9.0,0.0,9.0,7.683333333333334,0.0
924ed1bb3874124ad2e307aa33a7e5791cc81dd30c0c079d54cfc1ea14ee310a,2025-01-21,12,1,False,1.0,0.0,0.0,0.0,11.0,0.0,11.0,7.3,0.0
939b9328b580200251e640b1f2170850525f4fefe336c98f053407a0725f9849,2025-01-21,15,1,False,1.0,0.0,0.0,0.0,14.0,0.0,14.0,7.0,0.0
9a31e4091d5c4c7fb8b9377b091ea9caa9cf26c36e62547a85992d9e109b1b9c,2025-01-21,12,1,False,1.0,1.0,0.0,0.0,11.0,0.0,11.0,7.866666666666666,0.2
9e007677846640b2acc599b1d1d498a20ff8260eeda2d49338e3b6ed111045a9,2025-01-21,9,1,False,1.0,0.0,0.0,0.0,8.0,0.0,8.0,6.683333333333334,0.0
9e7a5e914136e41ca82c366fd529e02d961e7ed1a6019ff724f06dbe447fbb88,2025-01-21,6,1,False,1.0,0.0,0.0,0.0,5.0,0.0,5.0,6.65,0.0
a8848b387af6359642c71478f693e4643381802ccc97f2b0c353264d7729405c,2025-01-21,15,1,False,1.0,0.0,0.0,0.0,14.0,0.0,14.0,6.316666666666666,0.0
b55080c0db11860ea934ecf297a13cf247817b3e34562a5897c18ff2cfa07f07,2025-01-21,9,1,False,1.0,0.0,0.0,0.0,8.0,0.0,8.0,7.066666666666666,0.0
b66c51931f321cca81cc9195f90b3174ae82ebb56c74459770f7800e347ca3b0,2025-01-21,12,1,False,1.0,0.0,0.0,0.0,11.0,2.0,11.0,10.45,0.15
b8e6c17d68aafa670b598b1cf0c0bd73a2937d6abb11055fded76b5e53231165,2025-01-21,16,1,False,1.0,0.0,0.0,0.0,15.0,0.0,15.0,5.983333333333333,0.0
bc60389887dd911a09f472d0f840e5a268d310cd13f422bfc6f811eb916ec82f,2025-01-21,9,1,False,1.0,0.0,0.0,0.0,8.0,1.0,8.0,8.65,0.15
c2fa44374f0aab02cb57c9ed348bb43c1fd456bfdf5b296c4f72174a002cd27f,2025-01-21,13,1,False,1.0,0.0,0.0,0.0,12.0,0.0,12.0,6.616666666666666,0.0
c5a8e30eed6744da0b641f474ebb407a75bc6fd07bd6e3c7aeb522c884dd456b,2025-01-21,12,1,False,1.0,0.0,0.0,0.0,11.0,0.0,11.0,9.2,0.0
c734a9d4fd20facb7d4e2f69c7a7be0a0263956653fc71b8d25ad3ed7a1ba446,2025-01-21,6,1,False,1.0,0.0,0.0,0.0,5.0,0.0,5.0,7.933333333333334,0.0
cb50b7517e0741a49adb67908546647f1da3398d8c72f00f00e9ba111909654b,2025-01-21,13,1,False,1.0,0.0,0.0,0.0,12.0,0.0,12.0,6.65,0.0
cc4113bc0f389ec5987bdc5cae8e94c8c01f0c5e127a5fc2b0ef752d7226c0ca,2025-01-21,9,1,False,1.0,0.0,0.0,0.0,8.0,0.0,8.0,8.483333333333333,0.0
cca321773f148695c0ffc5ed365db650aadc5ecdd13b4ddb3e6b57f38bf5a719,2025-01-21,15,1,False,1.0,0.0,0.0,0.0,14.0,0.0,14.0,6.866666666666666,0.0
d111a1427a39ed7f2d2483db714c5e0d79823bc9ecc62a126e1d144d374d286a,2025-01-21,14,1,False,1.0,0.0,0.0,0.0,13.0,0.0,13.0,7.033333333333333,0.0
dab294f3951611f65a9b1e6408fbad19981d1b65b76c28c3408dac6a6b93bbc8,2025-01-21,9,1,False,1.0,0.0,0.0,0.0,8.0,0.0,8.0,5.25,0.0
ddee12fc509b00889675d637518a8f7dfe216a200b6ad812c397b77d8bccb88b,2025-01-21,14,1,False,1.0,0.0,0.0,0.0,13.0,0.0,13.0,7.633333333333334,0.0
e001292c71d84c28529aed04ab0af1efa767893752908a7b7645f33d09aab74b,2025-01-21,11,1,False,1.0,0.0,0.0,0.0,10.0,0.0,10.0,8.05,0.0
e1a146fdbba0f457a2ea0a102e2c24872edc75865f95a9b842fcefa68e455266,2025-01-21,14,1,False,1.0,0.0,0.0,0.0,13.0,0.0,13.0,7.316666666666666,0.0
e498ed2d854e821dd717169a7b55e586bb647b3bd1ef51990cbd4e847791cc49,2025-01-21,9,1,False,1.0,0.0,0.0,0.0,8.0,0.0,8.0,5.866666666666666,0.0
e72c6ef5ea8445fc95b1c3ca1c82368b6c9adc8a29368110f51d81735f76f11c,2025-01-21,11,1,False,1.0,0.0,0.0,0.0,10.0,0.0,10.0,7.35,0.0
ea171ad8a99227777c2e7c1664c91caf9c08e47d4ba5c09165812a6d9633998c,2025-01-21,16,1,False,1.0,0.0,0.0,0.0,15.0,1.0,15.0,8.233333333333333,0.15
eac146261339b15b8a1e873ed372802ae1c5198377cc8e0f4a23d21bcead9c02,2025-01-21,13,1,False,1.0,0.0,0.0,0.0,12.0,0.0,12.0,6.216666666666667,0.0
ec8eef52024b6815e3113797e206a360a9c324efc2f400801d5eb1179b75a43d,2025-01-21,7,1,False,1.0,0.0,0.0,0.0,6.0,0.0,6.0,6.333333333333333,0.0
eecce08639c689fc3170d254f909a8dedd091d778d0ae7aa829c656b8d085cdd,2025-01-21,16,1,False,1.0,0.0,0.0,0.0,15.0,0.0,15.0,6.933333333333334,0.0
f02fff917d5e1f556f7ca2d8e8ddde98179be018c2669a269bf40d4f64b627f7,2025-01-21,9,1,False,1.0,0.0,0.0,0.0,8.0,0.0,8.0,6.983333333333333,0.0
f17b0eabd2530f1710fc19c34c4d29cc782a669753833ca0d88f524467cdf67f,2025-01-21,10,1,False,1.0,0.0,0.0,0.0,9.0,0.0,9.0,6.733333333333333,0.0
f26a64875adce083be80130e941dbfa6e94f2202ff0c463336c1300ecc5217f6,2025-01-21,13,1,False,1.0,0.0,0.0,0.0,12.0,1.0,12.0,8.75,0.15
f441fbdfbb3a65b7660b581790ec8633cd5e9a2bc3450e46f6f6d948e0ebd96b,2025-01-21,16,1,False,1.0,0.0,0.0,0.0,15.0,0.0,15.0,7.683333333333334,0.0
012fb52705cf3c18e19ff7f562c781dcd1736f3e5615ace007e35dee4740f412,2025-01-22,10,1,False,1.0,0.0,0.0,0.0,9.0,0.0,9.0,6.933333333333334,0.0
0604919ff2aebe087b97959084f1fffe2fd89b7e92f8997d6249f5617f0ec041,2025-01-22,15,1,False,1.0,0.0,0.0,0.0,14.0,0.0,14.0,8.383333333333333,0.0
0b9c9b2a643d502fb0470c0e2d25bd40592ae24d88e27a9cca008632f6491e86,2025-01-22,14,1,False,1.0,0.0,0.0,0.0,13.0,1.0,13.0,8.6,0.15
0bc6fa557a874432991fb3bef6cc8fecfed275284ca1549c6f502f2f2f86388f,2025-01-22,16,1,False,1.0,0.0,0.0,0.0,15.0,0.0,15.0,7.816666666666666,0.0
12881006a16563a03436c3185999cce893916a7f93bd295d9e51c610390a5400,2025-01-22,15,1,False,1.0,0.0,0.0,0.0,14.0,0.0,14.0,6.033333333333333,0.0
13cc67e7ae2b0731f9c20a2adb450d0ab125f700d392f08a01f5019b4da3be89,2025-01-22,14,1,False,1.0,0.0,0.0,0.0,13.0,0.0,13.0,5.783333333333333,0.0
1481a18bb91c683c9f0e63a3c1ffe035a67c1ee64eae546985a4caedd691f154,2025-01-22,15,1,False,1.0,0.0,0.0,0.0,14.0,1.0,14.0,8.983333333333333,0.15
1481cde120f4ec5a6626478c9222dacd947d0d027e33aa5175c391d3f10b05fd,2025-01-22,6,1,False,1.0,0.0,0.0,0.0,5.0,0.0,5.0,5.616666666666666,0.0
18757c67dbbb1f193d93dfd2c81d93f261d3cc1ab2b6b4a27daddb2a42f0c1e2,2025-01-22,16,1,False,1.0,0.0,0.0,0.0,15.0,0.0,15.0,7.1,0.0
1e13a5c6539e75908d998e36f94f2baee29b17d341286f7a2af3163b528a2fcc,2025-01-22,7,1,False,1.0,0.0,0.0,0.0,6.0,2.0,6.0,9.516666666666667,0.15
1e813ac9d9c5fbfa50cba6f0032edaff8652f398c5508cc13faa4cc0af6fc3b9,2025-01-22,9,1,False,1.0,0.0,0.0,0.0,8.0,0.0,8.0,6.633333333333334,0.0
1fddb883469b0cd0365153a0ebff0dbefb2b5a252dbaf2b9795ad45003650dcf,2025-01-22,7,1,False,1.0,0.0,0.0,0.0,6.0,1.0,6.0,8.766666666666667,0.15
227b301943873690ead2973a5f7d43ef587dc58b46733368a3f16daf8db98925,2025-01-22,13,1,False,1.0,0.0,0.0,0.0,12.0,0.0,12.0,6.833333333333333,0.0
269b850943bbddfb37b8186af3d0cd154525f08057e450bdb93ab26f06b9758d,2025-01-22,7,1,False,1.0,1.0,1.0,1.0,5.0,5.0,5.0,22.147223916944448,0.85
27ef13206d1090bf126d0f8dd08b66cc346b18eb199192600e14cdc52d7c9a35,2025-01-22,13,1,False,1.0,0.0,0.0,0.0,12.0,0.0,12.0,8.483333333333333,0.0
2b4a1e95204243f32c7235a27dbeae5a0e9d42da4c762132ac84c0817875d614,2025-01-22,6,1,False,1.0,0.0,0.0,0.0,5.0,0.0,5.0,5.716666666666667,0.0
2fdc8fb359ca03d047fec4ad4d7f3b9cfc23ebf54bee30aec8f1a6431bfd0d6e,2025-01-22,6,1,False,1.0,0.0,0.0,0.0,5.0,0.0,5.0,5.266666666666667,0.0
32c184d9780b5545a856a0a366a71b86deb3a80c4dc92142aaf6bb3437c336b1,2025-01-22,13,1,False,1.0,0.0,0.0,0.0,12.0,0.0,12.0,6.7,0.0
34977907ef51b1295028838fb56ded6159cee0d58c3200a0276324aac366417c,2025-01-22,12,1,False,1.0,1.0,0.0,0.0,11.0,0.0,11.0,5.966666666666667,0.2
3634cd4e250467a39545675e2f7386734815df9c667903c8c83b43450723a792,2025-01-22,11,1,False,1.0,0.0,0.0,0.0,10.0,0.0,10.0,7.416666666666667,0.0
369a478c83b6f436dd9aade49d6289f250e18ec2a71b9552d7d9bb884bb2b586,2025-01-22,8,1,False,1.0,0.0,0.0,0.0,7.0,0.0,7.0,8.1,0.0
3c32c4971223e549c349880665fa1e81f054571faf44435a8071b4de6b20dffb,2025-01-22,12,1,False,1.0,0.0,0.0,0.0,11.0,0.0,11.0,7.383333333333334,0.0
3e05c7d4c2f91af414e809d408787184297b351d1907c225f6f1e75fbec1f3a3,2025-01-22,11,1,False,1.0,0.0,0.0,0.0,10.0,0.0,10.0,7.616666666666666,0.0
44e2b71da8273f1b00b9ec55361a1e542f6812bce0acd27214d62e7de86dd6d0,2025-01-22,8,1,False,1.0,0.0,0.0,0.0,7.0,0.0,7.0,8.35,0.0
4620b38a9a7c0abed1e91cfdc3926234d098446655b643be9342b610365aa1b6,2025-01-22,6,1,False,1.0,0.0,0.0,0.0,5.0,0.0,5.0,5.583333333333333,0.0
49b020eb7c127b73472cb4fc893577b87b48690b941ca1067751e5a6e3eab262,2025-01-22,8,1,False,1.0,0.0,0.0,0.0,7.0,0.0,7.0,6.1,0.0
4bef524b2f19749989b990b1af1747f137bfe1d7fbf78fa1358ddfc45b247cf1,2025-01-22,7,1,False,1.0,0.0,0.0,0.0,6.0,0.0,6.0,4.85,0.0
4ef80c0c47503cd20d3a8157080fb28f38e6524b33375c23d5fcd98a2f64545e,2025-01-22,9,1,False,1.0,0.0,0.0,0.0,8.0,0.0,8.0,8.5,0.0
5088fc658035905665368960c940882faf61610a4e1ce57a24c6ffc946f0f5a8,2025-01-22,16,1,False,1.0,0.0,0.0,0.0,15.0,0.0,15.0,6.366666666666666,0.0
5379232fec078f04af386b787ed0dc69b2a455a27e52e901c773a11d2d0bce7f,2025-01-22,10,1,False,1.0,0.0,0.0,0.0,9.0,3.0,9.0,10.05,0.15
53a03335d3716bf67d3ed781065280a46863f8d947c2492c4e33cce33f4446d2,2025-01-22,12,1,False,1.0,0.0,0.0,0.0,11.0,0.0,11.0,6.233333333333333,0.0
603fcd2b8449630833d1b6c7313a10e8a2176025a45ca54002988df4de8536dd,2025-01-22,19,1,False,1.0,0.0,0.0,0.0,18.0,5.0,18.0,15.5,0.15
61127469ce0c27e2d19e0e5ecece9227e60515e12a899bc8bbc29e1c8f68a78f,2025-01-22,15,1,False,1.0,0.0,0.0,0.0,14.0,0.0,14.0,7.0,0.0
62009223daa0ff462d9b377b2b31f5c85b4e95caf611f5339cbb2b5e1dc9cab5,2025-01-22,11,1,False,1.0,0.0,0.0,0.0,10.0,0.0,10.0,6.5,0.0
620ea76a7f314a9faecfaadf110510d2abcf73e79e56e93b476e80794b9e251f,2025-01-22,13,1,False,1.0,0.0,0.0,0.0,12.0,0.0,12.0,7.016666666666667,0.0
685e9623979d1c18a11af39701aaf24188e1a40aee4c205c4d3220d26708793d,2025-01-22,16,1,False,1.0,0.0,0.0,0.0,15.0,0.0,15.0,7.433333333333334,0.0
69295bad69cbd357f13dc891b598791ab746ad0ed9cea2f9da57019f70c847b6,2025-01-22,10,1,False,1.0,0.0,0.0,0.0,9.0,0.0,9.0,6.566666666666666,0.0
6ac76fd52b6451030fdaa8cce0d1126104c034aa0d6cff3c078311dce03e36e5,2025-01-22,15,1,False,1.0,0.0,0.0,0.0,14.0,0.0,14.0,6.016666666666667,0.0
6e0553bc94f1b3457a68943cdeb271536fa0ca87652900b8c47b6b4e2eabc4b7,2025-01-22,10,1,False,1.0,0.0,0.0,0.0,9.0,0.0,9.0,8.616666666666667,0.0
71c200742f059a8380e2f3dd53ca613e2cdd705c24898e5957d46fefeff67336,2025-01-22,7,1,False,1.0,0.0,0.0,0.0,6.0,0.0,6.0,7.016666666666667,0.0
768115c2eaa5bf872b6f73af67403e31127811d5dfdaa65f5998e7f57a6be1ca,2025-01-22,11,1,False,1.0,0.0,0.0,0.0,10.0,0.0,10.0,6.216666666666667,0.0
77a935bf01e27db1c86c62c6082710b6fe7046028279183cc90fc11b5a21dd3c,2025-01-22,13,1,False,1.0,0.0,0.0,0.0,12.0,2.0,12.0,7.866666666666666,0.15
7b291901ed6fc90c51c56024b33122026451c19dfa4736a37621d21afa86ab5a,2025-01-22,7,1,False,1.0,0.0,0.0,0.0,6.0,0.0,6.0,6.816666666666666,0.0
7d64092a6e7dfd07913942876a0c314955bce8dc9fcabd12166bcf1ad5666185,2025-01-22,11,1,False,1.0,0.0,0.0,0.0,10.0,0.0,10.0,7.466666666666667,0.0
7faca1558937aea9797473b24d153f084fc8bc52e7e16da8f8bf4c48b587b358,2025-01-22,6,1,False,1.0,0.0,0.0,0.0,5.0,2.0,5.0,8.95,0.15
806e62fd6dd962469b9425c2f7b2550582df8623e5c711ade163292a626414aa,2025-01-22,7,1,False,1.0,0.0,0.0,0.0,6.0,2.0,6.0,8.333333333333334,0.15
85bf8422bdd496aa90249b85acbd42b16a6a0ed3121a586f0bcc607d16d09d80,2025-01-22,11,1,False,1.0,0.0,0.0,0.0,10.0,0.0,10.0,8.85,0.0
88b53efa4c89ad7a3d90cf3c01046d714f1adff9827d0eb5754b4ef76c64f039,2025-01-22,6,1,False,1.0,0.0,0.0,0.0,5.0,0.0,5.0,7.066666666666666,0.0
8eb9feaf80cb3b47e639148a128ff9ae2b814462106966998a7656825b71fa7d,2025-01-22,7,1,False,1.0,0.0,0.0,0.0,6.0,0.0,6.0,5.75,0.0
924ed1bb3874124ad2e307aa33a7e5791cc81dd30c0c079d54cfc1ea14ee310a,2025-01-22,11,1,False,1.0,0.0,0.0,0.0,10.0,0.0,10.0,6.633333333333334,0.0
939b9328b580200251e640b1f2170850525f4fefe336c98f053407a0725f9849,2025-01-22,8,1,False,1.0,0.0,0.0,0.0,7.0,0.0,7.0,7.55,0.0
9a31e4091d5c4c7fb8b9377b091ea9caa9cf26c36e62547a85992d9e109b1b9c,2025-01-22,15,1,False,1.0,0.0,0.0,0.0,14.0,0.0,14.0,6.116666666666666,0.0
9e007677846640b2acc599b1d1d498a20ff8260eeda2d49338e3b6ed111045a9,2025-01-22,15,1,False,1.0,0.0,0.0,0.0,14.0,0.0,14.0,8.2,0.0
9e7a5e914136e41ca82c366fd529e02d961e7ed1a6019ff724f06dbe447fbb88,2025-01-22,13,1,False,1.0,0.0,0.0,0.0,12.0,0.0,12.0,5.75,0.0
a8848b387af6359642c71478f693e4643381802ccc97f2b0c353264d7729405c,2025-01-22,15,1,False,1.0,0.0,0.0,0.0,14.0,0.0,14.0,7.35,0.0
b55080c0db11860ea934ecf297a13cf247817b3e34562a5897c18ff2cfa07f07,2025-01-22,12,1,False,1.0,0.0,0.0,0.0,11.0,0.0,11.0,5.8,0.0
b66c51931f321cca81cc9195f90b3174ae82ebb56c74459770f7800e347ca3b0,2025-01-22,10,1,False,1.0,0.0,0.0,0.0,9.0,0.0,9.0,7.483333333333333,0.0
b8e6c17d68aafa670b598b1cf0c0bd73a2937d6abb11055fded76b5e53231165,2025-01-22,14,1,False,1.0,0.0,0.0,0.0,13.0,0.0,13.0,7.933333333333334,0.0
bc60389887dd911a09f472d0f840e5a268d310cd13f422bfc6f811eb916ec82f,2025-01-22,13,1,False,1.0,0.0,0.0,0.0,12.0,0.0,12.0,7.366666666666666,0.0
c2fa44374f0aab02cb57c9ed348bb43c1fd456bfdf5b296c4f72174a002cd27f,2025-01-22,17,1,False,1.0,0.0,0.0,0.0,16.0,1.0,16.0,15.1,0.15
c5a8e30eed6744da0b641f474ebb407a75bc6fd07bd6e3c7aeb522c884dd456b,2025-01-22,10,1,False,1.0,0.0,0.0,0.0,9.0,0.0,9.0,6.733333333333333,0.0
c734a9d4fd20facb7d4e2f69c7a7be0a0263956653fc71b8d25ad3ed7a1ba446,2025-01-22,9,1,False,1.0,0.0,0.0,0.0,8.0,0.0,8.0,7.466666666666667,0.0
cb50b7517e0741a49adb67908546647f1da3398d8c72f00f00e9ba111909654b,2025-01-22,15,1,False,1.0,0.0,0.0,0.0,14.0,0.0,14.0,8.916666666666666,0.0
cc4113bc0f389ec5987bdc5cae8e94c8c01f0c5e127a5fc2b0ef752d7226c0ca,2025-01-22,10,1,False,1.0,0.0,0.0,0.0,9.0,0.0,9.0,6.783333333333333,0.0
cca321773f148695c0ffc5ed365db650aadc5ecdd13b4ddb3e6b57f38bf5a719,2025-01-22,13,1,False,1.0,0.0,0.0,0.0,12.0,0.0,12.0,7.583333333333333,0.0
d111a1427a39ed7f2d2483db714c5e0d79823bc9ecc62a126e1d144d374d286a,2025-01-22,11,1,False,1.0,0.0,0.0,0.0,10.0,0.0,10.0,6.9,0.0
dab294f3951611f65a9b1e6408fbad19981d1b65b76c28c3408dac6a6b93bbc8,2025-01-22,16,1,False,1.0,0.0,0.0,0.0,15.0,0.0,15.0,7.833333333333333,0.0
ddee12fc509b00889675d637518a8f7dfe216a200b6ad812c397b77d8bccb88b,2025-01-22,15,1,False,1.0,0.0,0.0,0.0,14.0,0.0,14.0,7.85,0.0
e001292c71d84c28529aed04ab0af1efa767893752908a7b7645f33d09aab74b,2025-01-22,16,1,False,1.0,0.0,0.0,0.0,15.0,0.0,15.0,7.8,0.0
e1a146fdbba0f457a2ea0a102e2c24872edc75865f95a9b842fcefa68e455266,2025-01-22,10,1,False,1.0,0.0,0.0,0.0,9.0,0.0,9.0,6.9,0.0
e498ed2d854e821dd717169a7b55e586bb647b3bd1ef51990cbd4e847791cc49,2025-01-22,14,1,False,1.0,0.0,0.0,0.0,13.0,0.0,13.0,8.216666666666667,0.0
e72c6ef5ea8445fc95b1c3ca1c82368b6c9adc8a29368110f51d81735f76f11c,2025-01-22,16,1,False,1.0,0.0,0.0,0.0,15.0,0.0,15.0,6.783333333333333,0.0
ea171ad8a99227777c2e7c1664c91caf9c08e47d4ba5c09165812a6d9633998c,2025-01-22,10,1,False,1.0,0.0,0.0,0.0,9.0,0.0,9.0,8.366666666666667,0.0
eac146261339b15b8a1e873ed372802ae1c5198377cc8e0f4a23d21bcead9c02,2025-01-22,13,1,False,1.0,0.0,0.0,0.0,12.0,0.0,12.0,8.566666666666666,0.0
ec8eef52024b6815e3113797e206a360a9c324efc2f400801d5eb1179b75a43d,2025-01-22,15,1,False,1.0,0.0,0.0,0.0,14.0,0.0,14.0,6.433333333333334,0.0
eecce08639c689fc3170d254f909a8dedd091d778d0ae7aa829c656b8d085cdd,2025-01-22,15,1,False,1.0,0.0,0.0,0.0,14.0,0.0,14.0,7.633333333333334,0.0
f02fff917d5e1f556f7ca2d8e8ddde98179be018c2669a269bf40d4f64b627f7,2025-01-22,13,1,False,1.0,0.0,0.0,0.0,12.0,0.0,12.0,6.333333333333333,0.0
f17b0eabd2530f1710fc19c34c4d29cc782a669753833ca0d88f524467cdf67f,2025-01-22,13,1,False,1.0,0.0,0.0,0.0,12.0,0.0,12.0,6.483333333333333,0.0
f26a64875adce083be80130e941dbfa6e94f2202ff0c463336c1300ecc5217f6,2025-01-22,16,1,False,1.0,0.0,0.0,0.0,15.0,0.0,15.0,7.5,0.0
f441fbdfbb3a65b7660b581790ec8633cd5e9a2bc3450e46f6f6d948e0ebd96b,2025-01-22,15,1,False,1.0,0.0,0.0,0.0,14.0,0.0,14.0,8.833333333333334,0.0
012fb52705cf3c18e19ff7f562c781dcd1736f3e5615ace007e35dee4740f412,2025-01-23,10,1,False,1.0,0.0,0.0,0.0,9.0,0.0,9.0,6.666666666666667,0.0
0604919ff2aebe087b97959084f1fffe2fd89b7e92f8997d6249f5617f0ec041,2025-01-23,13,1,False,1.0,0.0,0.0,0.0,12.0,0.0,12.0,6.416666666666667,0.0
0b9c9b2a643d502fb0470c0e2d25bd40592ae24d88e27a9cca008632f6491e86,2025-01-23,12,1,False,1.0,0.0,0.0,0.0,11.0,0.0,11.0,7.15,0.0
0bc6fa557a874432991fb3bef6cc8fecfed275284ca1549c6f502f2f2f86388f,2025-01-23,9,1,False,1.0,0.0,0.0,0.0,8.0,0.0,8.0,7.35,0.0
12881006a16563a03436c3185999cce893916a7f93bd295d9e51c610390a5400,2025-01-23,7,1,False,1.0,0.0,0.0,0.0,6.0,0.0,6.0,7.366666666666666,0.0
13cc67e7ae2b0731f9c20a2adb450d0ab125f700d392f08a01f5019b4da3be89,2025-01-23,7,1,False,1.0,0.0,0.0,0.0,6.0,0.0,6.0,8.2,0.0
1481a18bb91c683c9f0e63a3c1ffe035a67c1ee64eae546985a4caedd691f154,2025-01-23,14,1,False,1.0,0.0,0.0,0.0,13.0,0.0,13.0,7.033333333333333,0.0
1481cde120f4ec5a6626478c9222dacd947d0d027e33aa5175c391d3f10b05fd,2025-01-23,13,1,False,1.0,0.0,0.0,0.0,12.0,0.0,12.0,6.083333333333333,0.0
18757c67dbbb1f193d93dfd2c81d93f261d3cc1ab2b6b4a27daddb2a42f0c1e2,2025-01-23,11,1,False,1.0,0.0,0.0,0.0,10.0,0.0,10.0,7.666666666666667,0.0
1e13a5c6539e75908d998e36f94f2baee29b17d341286f7a2af3163b528a2fcc,2025-01-23,9,1,False,1.0,0.0,0.0,0.0,8.0,0.0,8.0,7.666666666666667,0.0
1e813ac9d9c5fbfa50cba6f0032edaff8652f398c5508cc13faa4cc0af6fc3b9,2025-01-23,11,1,False,1.0,0.0,0.0,0.0,10.0,0.0,10.0,7.533333333333333,0.0
1fddb883469b0cd0365153a0ebff0dbefb2b5a252dbaf2b9795ad45003650dcf,2025-01-23,13,1,False,1.0,0.0,0.0,0.0,12.0,0.0,12.0,8.066666666666666,0.0
227b301943873690ead2973a5f7d43ef587dc58b46733368a3f16daf8db98925,2025-01-23,6,1,False,1.0,0.0,0.0,0.0,5.0,0.0,5.0,7.533333333333333,0.0
269b850943bbddfb37b8186af3d0cd154525f08057e450bdb93ab26f06b9758d,2025-01-23,16,1,False,1.0,0.0,2.0,0.0,13.0,8.0,13.0,13.933333333333334,0.3
27ef13206d1090bf126d0f8dd08b66cc346b18eb199192600e14cdc52d7c9a35,2025-01-23,14,1,False,1.0,0.0,0.0,0.0,13.0,0.0,13.0,5.433333333333334,0.0
2b4a1e95204243f32c7235a27dbeae5a0e9d42da4c762132ac84c0817875d614,2025-01-23,6,1,False,1.0,0.0,0.0,0.0,5.0,0.0,5.0,7.066666666666666,0.0
2fdc8fb359ca03d047fec4ad4d7f3b9cfc23ebf54bee30aec8f1a6431bfd0d6e,2025-01-23,10,1,False,1.0,0.0,0.0,0.0,9.0,0.0,9.0,8.65,0.0
32c184d9780b5545a856a0a366a71b86deb3a80c4dc92142aaf6bb3437c336b1,2025-01-23,11,1,False,1.0,0.0,0.0,0.0,10.0,0.0,10.0,7.083333333333333,0.0
34977907ef51b1295028838fb56ded6159cee0d58c3200a0276324aac366417c,2025-01-23,7,1,False,1.0,0.0,0.0,0.0,6.0,0.0,6.0,5.733333333333333,0.0
3634cd4e250467a39545675e2f7386734815df9c667903c8c83b43450723a792,2025-01-23,9,1,False,1.0,0.0,0.0,0.0,8.0,1.0,8.0,8.733333333333333,0.15
369a478c83b6f436dd9aade49d6289f250e18ec2a71b9552d7d9bb884bb2b586,2025-01-23,12,1,False,1.0,0.0,0.0,0.0,11.0,0.0,11.0,6.433333333333334,0.0
3c32c4971223e549c349880665fa1e81f054571faf44435a8071b4de6b20dffb,2025-01-23,10,1,False,1.0,0.0,0.0,0.0,9.0,0.0,9.0,7.083333333333333,0.0
3e05c7d4c2f91af414e809d408787184297b351d1907c225f6f1e75fbec1f3a3,2025-01-23,12,1,False,1.0,0.0,0.0,0.0,11.0,1.0,11.0,8.65,0.15
44e2b71da8273f1b00b9ec55361a1e542f6812bce0acd27214d62e7de86dd6d0,2025-01-23,7,1,False,1.0,0.0,0.0,0.0,6.0,0.0,6.0,7.216666666666667,0.0
4620b38a9a7c0abed1e91cfdc3926234d098446655b643be9342b610365aa1b6,2025-01-23,14,1,False,1.0,0.0,0.0,0.0,13.0,0.0,13.0,7.5,0.0
49b020eb7c127b73472cb4fc893577b87b48690b941ca1067751e5a6e3eab262,2025-01-23,6,1,False,1.0,0.0,0.0,0.0,5.0,0.0,5.0,6.75,0.0
4bef524b2f19749989b990b1af1747f137bfe1d7fbf78fa1358ddfc45b247cf1,2025-01-23,16,1,False,1.0,0.0,0.0,0.0,15.0,0.0,15.0,8.183333333333334,0.0
4ef80c0c47503cd20d3a8157080fb28f38e6524b33375c23d5fcd98a2f64545e,2025-01-23,7,1,False,1.0,0.0,0.0,0.0,6.0,0.0,6.0,5.85,0.0
5088fc658035905665368960c940882faf61610a4e1ce57a24c6ffc946f0f5a8,2025-01-23,11,1,False,1.0,0.0,0.0,0.0,10.0,0.0,10.0,6.65,0.0
5379232fec078f04af386b787ed0dc69b2a455a27e52e901c773a11d2d0bce7f,2025-01-23,11,1,False,1.0,0.0,0.0,0.0,10.0,0.0,10.0,7.483333333333333,0.0
53a03335d3716bf67d3ed781065280a46863f8d947c2492c4e33cce33f4446d2,2025-01-23,14,1,False,1.0,0.0,0.0,0.0,13.0,0.0,13.0,6.516666666666667,0.0
603fcd2b8449630833d1b6c7313a10e8a2176025a45ca54002988df4de8536dd,2025-01-23,11,1,False,1.0,0.0,0.0,0.0,10.0,0.0,10.0,7.266666666666667,0.0
61127469ce0c27e2d19e0e5ecece9227e60515e12a899bc8bbc29e1c8f68a78f,2025-01-23,13,1,False,1.0,0.0,0.0,0.0,12.0,0.0,12.0,8.866666666666667,0.0
62009223daa0ff462d9b377b2b31f5c85b4e95caf611f5339cbb2b5e1dc9cab5,2025-01-23,15,1,False,1.0,0.0,0.0,0.0,14.0,0.0,14.0,7.366666666666666,0.0
620ea76a7f314a9faecfaadf110510d2abcf73e79e56e93b476e80794b9e251f,2025-01-23,12,1,False,1.0,0.0,0.0,0.0,11.0,0.0,11.0,5.833333333333333,0.0
685e9623979d1c18a11af39701aaf24188e1a40aee4c205c4d3220d26708793d,2025-01-23,6,1,False,1.0,0.0,0.0,0.0,5.0,0.0,5.0,8.6,0.0
69295bad69cbd357f13dc891b598791ab746ad0ed9cea2f9da57019f70c847b6,2025-01-23,8,1,False,1.0,0.0,0.0,0.0,7.0,0.0,7.0,4.883333333333334,0.0
6ac76fd52b6451030fdaa8cce0d1126104c034aa0d6cff3c078311dce03e36e5,2025-01-23,8,1,False,1.0,0.0,0.0,0.0,7.0,0.0,7.0,7.666666666666667,0.0
6e0553bc94f1b3457a68943cdeb271536fa0ca87652900b8c47b6b4e2eabc4b7,2025-01-23,13,1,False,1.0,0.0,0.0,0.0,12.0,0.0,12.0,6.0,0.0
71c200742f059a8380e2f3dd53ca613e2cdd705c24898e5957d46fefeff67336,2025-01-23,7,1,False,1.0,0.0,0.0,0.0,6.0,1.0,6.0,8.583333333333334,0.15
768115c2eaa5bf872b6f73af67403e31127811d5dfdaa65f5998e7f57a6be1ca,2025-01-23,11,1,False,1.0,0.0,0.0,0.0,10.0,0.0,10.0,6.1,0.0
77a935bf01e27db1c86c62c6082710b6fe7046028279183cc90fc11b5a21dd3c,2025-01-23,14,1,False,1.0,0.0,0.0,0.0,13.0,1.0,13.0,8.983333333333333,0.15
7b291901ed6fc90c51c56024b33122026451c19dfa4736a37621d21afa86ab5a,2025-01-23,6,1,False,1.0,0.0,0.0,0.0,5.0,0.0,5.0,7.75,0.0
7d64092a6e7dfd07913942876a0c314955bce8dc9fcabd12166bcf1ad5666185,2025-01-23,9,1,False,1.0,0.0,0.0,0.0,8.0,0.0,8.0,6.966666666666667,0.0
7faca1558937aea9797473b24d153f084fc8bc52e7e16da8f8bf4c48b587b358,2025-01-23,14,1,False,1.0,0.0,0.0,0.0,13.0,0.0,13.0,8.75,0.0
806e62fd6dd962469b9425c2f7b2550582df8623e5c711ade163292a626414aa,2025-01-23,7,1,False,1.0,0.0,0.0,0.0,6.0,0.0,6.0,8.4,0.0
85bf8422bdd496aa90249b85acbd42b16a6a0ed3121a586f0bcc607d16d09d80,2025-01-23,8,1,False,1.0,0.0,0.0,0.0,7.0,0.0,7.0,7.516666666666667,0.0
88b53efa4c89ad7a3d90cf3c01046d714f1adff9827d0eb5754b4ef76c64f039,2025-01-23,16,1,False,1.0,0.0,0.0,0.0,15.0,2.0,15.0,15.15,0.15
8eb9feaf80cb3b47e639148a128ff9ae2b814462106966998a7656825b71fa7d,2025-01-23,11,1,False,1.0,0.0,0.0,0.0,10.0,2.0,10.0,8.716666666666667,0.15
924ed1bb3874124ad2e307aa33a7e5791cc81dd30c0c079d54cfc1ea14ee310a,2025-01-23,13,1,False,1.0,0.0,0.0,0.0,12.0,0.0,12.0,6.466666666666667,0.0
939b9328b580200251e640b1f2170850525f4fefe336c98f053407a0725f9849,2025-01-23,16,1,False,1.0,0.0,0.0,0.0,15.0,0.0,15.0,8.8,0.0
9a31e4091d5c4c7fb8b9377b091ea9caa9cf26c36e62547a85992d9e109b1b9c,2025-01-23,13,1,False,1.0,0.0,0.0,0.0,12.0,1.0,12.0,8.666666666666666,0.15
9e007677846640b2acc599b1d1d498a20ff8260eeda2d49338e3b6ed111045a9,2025-01-23,9,1,False,1.0,0.0,0.0,0.0,8.0,0.0,8.0,8.033333333333333,0.0
9e7a5e914136e41ca82c366fd529e02d961e7ed1a6019ff724f06dbe447fbb88,2025-01-23,16,1,False,1.0,0.0,0.0,0.0,15.0,0.0,15.0,5.05,0.0
a8848b387af6359642c71478f693e4643381802ccc97f2b0c353264d7729405c,2025-01-23,14,1,False,1.0,0.0,0.0,0.0,13.0,0.0,13.0,7.95,0.0
b55080c0db11860ea934ecf297a13cf247817b3e34562a5897c18ff2cfa07f07,2025-01-23,12,1,False,1.0,0.0,0.0,0.0,11.0,0.0,11.0,8.583333333333334,0.0
b66c51931f321cca81cc9195f90b3174ae82ebb56c74459770f7800e347ca3b0,2025-01-23,14,1,False,1.0,0.0,0.0,0.0,13.0,0.0,13.0,6.733333333333333,0.0
b8e6c17d68aafa670b598b1cf0c0bd73a2937d6abb11055fded76b5e53231165,2025-01-23,16,1,False,1.0,0.0,0.0,0.0,15.0,0.0,15.0,5.716666666666667,0.0
bc60389887dd911a09f472d0f840e5a268d310cd13f422bfc6f811eb916ec82f,2025-01-23,13,1,False,1.0,0.0,0.0,0.0,12.0,0.0,12.0,7.05,0.0
c2fa44374f0aab02cb57c9ed348bb43c1fd456bfdf5b296c4f72174a002cd27f,2025-01-23,3,1,False,1.0,1.0,0.0,0.0,2.0,2.0,2.0,0.11666666666666667,0.35
c5a8e30eed6744da0b641f474ebb407a75bc6fd07bd6e3c7aeb522c884dd456b,2025-01-23,15,1,False,1.0,0.0,0.0,0.0,14.0,0.0,14.0,8.483333333333333,0.0
c734a9d4fd20facb7d4e2f69c7a7be0a0263956653fc71b8d25ad3ed7a1ba446,2025-01-23,7,1,False,1.0,0.0,0.0,0.0,6.0,0.0,6.0,5.916666666666667,0.0
cb50b7517e0741a49adb67908546647f1da3398d8c72f00f00e9ba111909654b,2025-01-23,6,1,False,1.0,0.0,0.0,0.0,5.0,0.0,5.0,7.266666666666667,0.0
cc4113bc0f389ec5987bdc5cae8e94c8c01f0c5e127a5fc2b0ef752d7226c0ca,2025-01-23,6,1,False,1.0,0.0,0.0,0.0,5.0,0.0,5.0,6.15,0.0
cca321773f148695c0ffc5ed365db650aadc5ecdd13b4ddb3e6b57f38bf5a719,2025-01-23,7,1,False,1.0,0.0,0.0,0.0,6.0,0.0,6.0,6.2,0.0
d111a1427a39ed7f2d2483db714c5e0d79823bc9ecc62a126e1d144d374d286a,2025-01-23,10,1,False,1.0,0.0,0.0,0.0,9.0,0.0,9.0,7.616666666666666,0.0
dab294f3951611f65a9b1e6408fbad19981d1b65b76c28c3408dac6a6b93bbc8,2025-01-23,11,1,False,1.0,0.0,0.0,0.0,10.0,0.0,10.0,8.066666666666666,0.0
ddee12fc509b00889675d637518a8f7dfe216a200b6ad812c397b77d8bccb88b,2025-01-23,7,1,False,1.0,0.0,0.0,0.0,6.0,0.0,6.0,5.883333333333334,0.0
e001292c71d84c28529aed04ab0af1efa767893752908a7b7645f33d09aab74b,2025-01-23,8,1,False,1.0,0.0,0.0,0.0,7.0,0.0,7.0,7.683333333333334,0.0
e1a146fdbba0f457a2ea0a102e2c24872edc75865f95a9b842fcefa68e455266,2025-01-23,11,1,False,1.0,0.0,0.0,0.0,10.0,0.0,10.0,6.85,0.0
e498ed2d854e821dd717169a7b55e586bb647b3bd1ef51990cbd4e847791cc49,2025-01-23,14,1,False,1.0,0.0,0.0,0.0,13.0,0.0,13.0,7.05,0.0
e72c6ef5ea8445fc95b1c3ca1c82368b6c9adc8a29368110f51d81735f76f11c,2025-01-23,7,1,False,1.0,0.0,0.0,0.0,6.0,0.0,6.0,5.55,0.0
ea171ad8a99227777c2e7c1664c91caf9c08e47d4ba5c09165812a6d9633998c,2025-01-23,13,1,False,1.0,0.0,0.0,0.0,12.0,0.0,12.0,7.483333333333333,0.0
eac146261339b15b8a1e873ed372802ae1c5198377cc8e0f4a23d21bcead9c02,2025-01-23,14,1,False,1.0,0.0,0.0,0.0,13.0,2.0,13.0,8.55,0.15
ec8eef52024b6815e3113797e206a360a9c324efc2f400801d5eb1179b75a43d,2025-01-23,14,1,False,1.0,0.0,0.0,0.0,13.0,0.0,13.0,6.433333333333334,0.0
eecce08639c689fc3170d254f909a8dedd091d778d0ae7aa829c656b8d085cdd,2025-01-23,9,1,False,1.0,0.0,0.0,0.0,8.0,0.0,8.0,7.466666666666667,0.0
f02fff917d5e1f556f7ca2d8e8ddde98179be018c2669a269bf40d4f64b627f7,2025-01-23,16,1,False,1.0,0.0,0.0,0.0,15.0,0.0,15.0,8.45,0.0
f17b0eabd2530f1710fc19c34c4d29cc782a669753833ca0d88f524467cdf67f,2025-01-23,7,1,False,1.0,0.0,0.0,0.0,6.0,0.0,6.0,4.016666666666667,0.0
f26a64875adce083be80130e941dbfa6e94f2202ff0c463336c1300ecc5217f6,2025-01-23,11,1,False,1.0,0.0,0.0,0.0,10.0,0.0,10.0,6.3,0.0
f441fbdfbb3a65b7660b581790ec8633cd5e9a2bc3450e46f6f6d948e0ebd96b,2025-01-23,11,1,False,1.0,0.0,0.0,0.0,10.0,0.0,10.0,6.516666666666667,0.0
012fb52705cf3c18e19ff7f562c781dcd1736f3e5615ace007e35dee4740f412,2025-01-24,8,1,False,1.0,0.0,0.0,0.0,7.0,0.0,7.0,6.8,0.0
0604919ff2aebe087b97959084f1fffe2fd89b7e92f8997d6249f5617f0ec041,2025-01-24,12,1,False,1.0,0.0,0.0,0.0,11.0,0.0,11.0,7.7,0.0
0b9c9b2a643d502fb0470c0e2d25bd40592ae24d88e27a9cca008632f6491e86,2025-01-24,6,1,False,1.0,0.0,0.0,0.0,5.0,0.0,5.0,6.133333333333334,0.0
0bc6fa557a874432991fb3bef6cc8fecfed275284ca1549c6f502f2f2f86388f,2025-01-24,13,1,False,1.0,0.0,0.0,0.0,12.0,0.0,12.0,6.6,0.0
12881006a16563a03436c3185999cce893916a7f93bd295d9e51c610390a5400,2025-01-24,9,1,False,1.0,0.0,0.0,0.0,8.0,0.0,8.0,7.95,0.0
13cc67e7ae2b0731f9c20a2adb450d0ab125f700d392f08a01f5019b4da3be89,2025-01-24,10,1,False,1.0,0.0,0.0,0.0,9.0,0.0,9.0,6.916666666666667,0.0
1481a18bb91c683c9f0e63a3c1ffe035a67c1ee64eae546985a4caedd691f154,2025-01-24,8,1,False,1.0,0.0,0.0,0.0,7.0,0.0,7.0,6.833333333333333,0.0
1481cde120f4ec5a6626478c9222dacd947d0d027e33aa5175c391d3f10b05fd,2025-01-24,7,1,False,1.0,0.0,0.0,0.0,6.0,0.0,6.0,7.95,0.0
18757c67dbbb1f193d93dfd2c81d93f261d3cc1ab2b6b4a27daddb2a42f0c1e2,2025-01-24,14,1,False,1.0,0.0,0.0,0.0,13.0,0.0,13.0,5.916666666666667,0.0
1e13a5c6539e75908d998e36f94f2baee29b17d341286f7a2af3163b528a2fcc,2025-01-24,10,1,False,1.0,0.0,0.0,0.0,9.0,0.0,9.0,6.1,0.0
1e813ac9d9c5fbfa50cba6f0032edaff8652f398c5508cc13faa4cc0af6fc3b9,2025-01-24,14,1,False,1.0,0.0,0.0,0.0,13.0,0.0,13.0,8.2,0.0
1fddb883469b0cd0365153a0ebff0dbefb2b5a252dbaf2b9795ad45003650dcf,2025-01-24,9,1,False,1.0,0.0,0.0,0.0,8.0,0.0,8.0,4.433333333333334,0.0
227b301943873690ead2973a5f7d43ef587dc58b46733368a3f16daf8db98925,2025-01-24,8,1,False,1.0,0.0,0.0,0.0,7.0,0.0,7.0,6.35,0.0
269b850943bbddfb37b8186af3d0cd154525f08057e450bdb93ab26f06b9758d,2025-01-24,12,1,False,1.0,0.0,0.0,0.0,11.0,0.0,11.0,4.383333333333334,0.0
27ef13206d1090bf126d0f8dd08b66cc346b18eb199192600e14cdc52d7c9a35,2025-01-24,13,1,False,1.0,0.0,0.0,0.0,12.0,0.0,12.0,7.0,0.0
2b4a1e95204243f32c7235a27dbeae5a0e9d42da4c762132ac84c0817875d614,2025-01-24,10,1,False,1.0,0.0,0.0,0.0,9.0,0.0,9.0,6.833333333333333,0.0
2fdc8fb359ca03d047fec4ad4d7f3b9cfc23ebf54bee30aec8f1a6431bfd0d6e,2025-01-24,16,1,False,1.0,0.0,0.0,0.0,15.0,0.0,15.0,8.366666666666667,0.0
32c184d9780b5545a856a0a366a71b86deb3a80c4dc92142aaf6bb3437c336b1,2025-01-24,7,1,False,1.0,0.0,0.0,0.0,6.0,0.0,6.0,4.933333333333334,0.0
34977907ef51b1295028838fb56ded6159cee0d58c3200a0276324aac366417c,2025-01-24,10,1,False,1.0,0.0,0.0,0.0,9.0,0.0,9.0,5.466666666666667,0.0
3634cd4e250467a39545675e2f7386734815df9c667903c8c83b43450723a792,2025-01-24,13,1,False,1.0,0.0,0.0,0.0,12.0,0.0,12.0,8.65,0.0
369a478c83b6f436dd9aade49d6289f250e18ec2a71b9552d7d9bb884bb2b586,2025-01-24,8,1,False,1.0,0.0,0.0,0.0,7.0,0.0,7.0,7.133333333333334,0.0
3c32c4971223e549c349880665fa1e81f054571faf44435a8071b4de6b20dffb,2025-01-24,12,1,False,1.0,0.0,0.0,0.0,11.0,0.0,11.0,6.533333333333333,0.0
3e05c7d4c2f91af414e809d408787184297b351d1907c225f6f1e75fbec1f3a3,2025-01-24,14,1,False,1.0,0.0,0.0,0.0,13.0,0.0,13.0,6.133333333333334,0.0
44e2b71da8273f1b00b9ec55361a1e542f6812bce0acd27214d62e7de86dd6d0,2025-01-24,6,1,False,1.0,0.0,0.0,0.0,5.0,0.0,5.0,8.183333333333334,0.0
4620b38a9a7c0abed1e91cfdc3926234d098446655b643be9342b610365aa1b6,2025-01-24,13,1,False,1.0,0.0,0.0,0.0,12.0,0.0,12.0,6.7,0.0
49b020eb7c127b73472cb4fc893577b87b48690b941ca1067751e5a6e3eab262,2025-01-24,9,1,False,1.0,0.0,0.0,0.0,8.0,0.0,8.0,6.9,0.0
4bef524b2f19749989b990b1af1747f137bfe1d7fbf78fa1358ddfc45b247cf1,2025-01-24,6,1,False,1.0,0.0,0.0,0.0,5.0,0.0,5.0,8.45,0.0
4ef80c0c47503cd20d3a8157080fb28f38e6524b33375c23d5fcd98a2f64545e,2025-01-24,11,1,False,1.0,0.0,0.0,0.0,10.0,1.0,10.0,9.0,0.15
5088fc658035905665368960c940882faf61610a4e1ce57a24c6ffc946f0f5a8,2025-01-24,14,1,False,1.0,0.0,0.0,0.0,13.0,1.0,13.0,7.683333333333334,0.15
5379232fec078f04af386b787ed0dc69b2a455a27e52e901c773a11d2d0bce7f,2025-01-24,16,1,False,1.0,0.0,0.0,0.0,15.0,0.0,15.0,7.133333333333334,0.0
53a03335d3716bf67d3ed781065280a46863f8d947c2492c4e33cce33f4446d2,2025-01-24,15,1,False,1.0,0.0,0.0,0.0,14.0,0.0,14.0,8.55,0.0
603fcd2b8449630833d1b6c7313a10e8a2176025a45ca54002988df4de8536dd,2025-01-24,14,1,False,1.0,0.0,0.0,0.0,13.0,0.0,13.0,7.833333333333333,0.0
61127469ce0c27e2d19e0e5ecece9227e60515e12a899bc8bbc29e1c8f68a78f,2025-01-24,16,1,False,1.0,0.0,0.0,0.0,15.0,0.0,15.0,6.883333333333334,0.0
62009223daa0ff462d9b377b2b31f5c85b4e95caf611f5339cbb2b5e1dc9cab5,2025-01-24,13,1,False,1.0,0.0,0.0,0.0,12.0,0.0,12.0,6.066666666666666,0.0
620ea76a7f314a9faecfaadf110510d2abcf73e79e56e93b476e80794b9e251f,2025-01-24,10,1,False,1.0,0.0,0.0,0.0,9.0,0.0,9.0,6.733333333333333,0.0
685e9623979d1c18a11af39701aaf24188e1a40aee4c205c4d3220d26708793d,2025-01-24,14,1,False,1.0,0.0,0.0,0.0,13.0,0.0,13.0,7.333333333333333,0.0
69295bad69cbd357f13dc891b598791ab746ad0ed9cea2f9da57019f70c847b6,2025-01-24,10,1,False,1.0,0.0,0.0,0.0,9.0,0.0,9.0,7.733333333333333,0.0
6ac76fd52b6451030fdaa8cce0d1126104c034aa0d6cff3c078311dce03e36e5,2025-01-24,8,1,False,1.0,0.0,0.0,0.0,7.0,0.0,7.0,6.816666666666666,0.0
6e0553bc94f1b3457a68943cdeb271536fa0ca87652900b8c47b6b4e2eabc4b7,2025-01-24,9,1,False,1.0,0.0,0.0,0.0,8.0,0.0,8.0,8.066666666666666,0.0
71c200742f059a8380e2f3dd53ca613e2cdd705c24898e5957d46fefeff67336,2025-01-24,15,1,False,1.0,0.0,0.0,0.0,14.0,0.0,14.0,5.35,0.0
768115c2eaa5bf872b6f73af67403e31127811d5dfdaa65f5998e7f57a6be1ca,2025-01-24,1,1,False,1.0,1.0,0.0,0.0,0.0,0.0,0.0,0.0,0.2
77a935bf01e27db1c86c62c6082710b6fe7046028279183cc90fc11b5a21dd3c,2025-01-24,13,1,False,1.0,0.0,0.0,0.0,12.0,0.0,12.0,6.616666666666666,0.0
7b291901ed6fc90c51c56024b33122026451c19dfa4736a37621d21afa86ab5a,2025-01-24,10,1,False,1.0,0.0,0.0,0.0,9.0,0.0,9.0,6.75,0.0
7d64092a6e7dfd07913942876a0c314955bce8dc9fcabd12166bcf1ad5666185,2025-01-24,6,1,False,1.0,0.0,0.0,0.0,5.0,0.0,5.0,7.2,0.0
7faca1558937aea9797473b24d153f084fc8bc52e7e16da8f8bf4c48b587b358,2025-01-24,14,1,False,1.0,0.0,0.0,0.0,13.0,1.0,13.0,9.1,0.15
806e62fd6dd962469b9425c2f7b2550582df8623e5c711ade163292a626414aa,2025-01-24,8,1,False,1.0,0.0,0.0,0.0,7.0,0.0,7.0,5.15,0.0
85bf8422bdd496aa90249b85acbd42b16a6a0ed3121a586f0bcc607d16d09d80,2025-01-24,15,1,False,1.0,0.0,0.0,0.0,14.0,2.0,14.0,10.6,0.15
88b53efa4c89ad7a3d90cf3c01046d714f1adff9827d0eb5754b4ef76c64f039,2025-01-24,11,1,False,1.0,0.0,0.0,0.0,10.0,0.0,10.0,6.266666666666667,0.0
8eb9feaf80cb3b47e639148a128ff9ae2b814462106966998a7656825b71fa7d,2025-01-24,16,1,False,1.0,0.0,0.0,0.0,15.0,0.0,15.0,6.016666666666667,0.0
924ed1bb3874124ad2e307aa33a7e5791cc81dd30c0c079d54cfc1ea14ee310a,2025-01-24,13,1,False,1.0,0.0,0.0,0.0,12.0,0.0,12.0,7.15,0.0
939b9328b580200251e640b1f2170850525f4fefe336c98f053407a0725f9849,2025-01-24,13,1,False,1.0,0.0,0.0,0.0,12.0,0.0,12.0,8.1,0.0
9a31e4091d5c4c7fb8b9377b091ea9caa9cf26c36e62547a85992d9e109b1b9c,2025-01-24,6,1,False,1.0,0.0,0.0,0.0,5.0,0.0,5.0,7.333333333333333,0.0
9e007677846640b2acc599b1d1d498a20ff8260eeda2d49338e3b6ed111045a9,2025-01-24,14,1,False,1.0,0.0,0.0,0.0,13.0,0.0,13.0,5.85,0.0
9e7a5e914136e41ca82c366fd529e02d961e7ed1a6019ff724f06dbe447fbb88,2025-01-24,11,1,False,1.0,0.0,0.0,0.0,10.0,0.0,10.0,6.483333333333333,0.0
a8848b387af6359642c71478f693e4643381802ccc97f2b0c353264d7729405c,2025-01-24,9,1,False,1.0,0.0,0.0,0.0,8.0,0.0,8.0,8.533333333333333,0.0
b55080c0db11860ea934ecf297a13cf247817b3e34562a5897c18ff2cfa07f07,2025-01-24,15,1,False,1.0,0.0,0.0,0.0,14.0,0.0,14.0,7.216666666666667,0.0
b66c51931f321cca81cc9195f90b3174ae82ebb56c74459770f7800e347ca3b0,2025-01-24,16,1,False,1.0,0.0,0.0,0.0,15.0,0.0,15.0,7.133333333333334,0.0
b8e6c17d68aafa670b598b1cf0c0bd73a2937d6abb11055fded76b5e53231165,2025-01-24,10,1,False,1.0,0.0,0.0,0.0,9.0,0.0,9.0,6.85,0.0
bc60389887dd911a09f472d0f840e5a268d310cd13f422bfc6f811eb916ec82f,2025-01-24,8,1,False,1.0,0.0,0.0,0.0,7.0,0.0,7.0,8.033333333333333,0.0
c2fa44374f0aab02cb57c9ed348bb43c1fd456bfdf5b296c4f72174a002cd27f,2025-01-24,21,1,False,1.0,0.0,0.0,0.0,20.0,13.0,20.0,21.6,0.15
c5a8e30eed6744da0b641f474ebb407a75bc6fd07bd6e3c7aeb522c884dd456b,2025-01-24,9,1,False,1.0,0.0,0.0,0.0,8.0,0.0,8.0,5.316666666666666,0.0
c734a9d4fd20facb7d4e2f69c7a7be0a0263956653fc71b8d25ad3ed7a1ba446,2025-01-24,12,1,False,1.0,0.0,0.0,0.0,11.0,0.0,11.0,6.583333333333333,0.0
cb50b7517e0741a49adb67908546647f1da3398d8c72f00f00e9ba111909654b,2025-01-24,8,1,False,1.0,0.0,0.0,0.0,7.0,0.0,7.0,6.1,0.0
cc4113bc0f389ec5987bdc5cae8e94c8c01f0c5e127a5fc2b0ef752d7226c0ca,2025-01-24,10,1,False,1.0,0.0,0.0,0.0,9.0,0.0,9.0,6.816666666666666,0.0
cca321773f148695c0ffc5ed365db650aadc5ecdd13b4ddb3e6b57f38bf5a719,2025-01-24,11,1,False,1.0,1.0,0.0,0.0,10.0,2.0,10.0,6.8,0.35
d111a1427a39ed7f2d2483db714c5e0d79823bc9ecc62a126e1d144d374d286a,2025-01-24,15,1,False,1.0,0.0,0.0,0.0,14.0,0.0,14.0,8.35,0.0
dab294f3951611f65a9b1e6408fbad19981d1b65b76c28c3408dac6a6b93bbc8,2025-01-24,14,1,False,1.0,0.0,0.0,0.0,13.0,1.0,13.0,9.233333333333333,0.15
ddee12fc509b00889675d637518a8f7dfe216a200b6ad812c397b77d8bccb88b,2025-01-24,13,1,False,1.0,0.0,0.0,0.0,12.0,0.0,12.0,6.766666666666667,0.0
e001292c71d84c28529aed04ab0af1efa767893752908a7b7645f33d09aab74b,2025-01-24,12,1,False,1.0,0.0,0.0,0.0,11.0,0.0,11.0,7.833333333333333,0.0
e1a146fdbba0f457a2ea0a102e2c24872edc75865f95a9b842fcefa68e455266,2025-01-24,6,1,False,1.0,0.0,0.0,0.0,5.0,0.0,5.0,8.116666666666667,0.0
e498ed2d854e821dd717169a7b55e586bb647b3bd1ef51990cbd4e847791cc49,2025-01-24,14,1,False,1.0,0.0,0.0,0.0,13.0,0.0,13.0,6.766666666666667,0.0
e72c6ef5ea8445fc95b1c3ca1c82368b6c9adc8a29368110f51d81735f76f11c,2025-01-24,12,1,False,1.0,0.0,0.0,0.0,11.0,0.0,11.0,6.933333333333334,0.0
ea171ad8a99227777c2e7c1664c91caf9c08e47d4ba5c09165812a6d9633998c,2025-01-24,9,1,False,1.0,0.0,0.0,0.0,8.0,0.0,8.0,7.2,0.0
eac146261339b15b8a1e873ed372802ae1c5198377cc8e0f4a23d21bcead9c02,2025-01-24,15,1,False,1.0,0.0,0.0,0.0,14.0,0.0,14.0,7.166666666666667,0.0
ec8eef52024b6815e3113797e206a360a9c324efc2f400801d5eb1179b75a43d,2025-01-24,9,1,False,1.0,0.0,0.0,0.0,8.0,0.0,8.0,4.266666666666667,0.0
eecce08639c689fc3170d254f909a8dedd091d778d0ae7aa829c656b8d085cdd,2025-01-24,9,1,False,1.0,0.0,0.0,0.0,8.0,0.0,8.0,5.083333333333333,0.0
f02fff917d5e1f556f7ca2d8e8ddde98179be018c2669a269bf40d4f64b627f7,2025-01-24,16,1,False,1.0,0.0,0.0,0.0,15.0,0.0,15.0,7.05,0.0
f17b0eabd2530f1710fc19c34c4d29cc782a669753833ca0d88f524467cdf67f,2025-01-24,14,1,False,1.0,0.0,0.0,0.0,13.0,0.0,13.0,6.4,0.0
f26a64875adce083be80130e941dbfa6e94f2202ff0c463336c1300ecc5217f6,2025-01-24,14,1,False,1.0,1.0,0.0,0.0,13.0,2.0,13.0,7.35,0.35
f441fbdfbb3a65b7660b581790ec8633cd5e9a2bc3450e46f6f6d948e0ebd96b,2025-01-24,16,1,False,1.0,0.0,0.0,0.0,15.0,0.0,15.0,6.033333333333333,0.0
768115c2eaa5bf872b6f73af67403e31127811d5dfdaa65f5998e7f57a6be1ca,2025-01-25,8,1,False,0.0,0.0,0.0,0.0,8.0,8.0,8.0,3.4833333333333334,0.15
012fb52705cf3c18e19ff7f562c781dcd1736f3e5615ace007e35dee4740f412,2025-01-27,15,1,False,1.0,0.0,0.0,0.0,14.0,0.0,14.0,7.766666666666667,0.0
0604919ff2aebe087b97959084f1fffe2fd89b7e92f8997d6249f5617f0ec041,2025-01-27,6,1,False,1.0,0.0,0.0,0.0,5.0,0.0,5.0,2.283333333333333,0.0
0b9c9b2a643d502fb0470c0e2d25bd40592ae24d88e27a9cca008632f6491e86,2025-01-27,12,1,False,1.0,0.0,0.0,0.0,11.0,0.0,11.0,7.75,0.0
0bc6fa557a874432991fb3bef6cc8fecfed275284ca1549c6f502f2f2f86388f,2025-01-27,12,1,False,1.0,0.0,0.0,0.0,11.0,0.0,11.0,5.566666666666666,0.0
12881006a16563a03436c3185999cce893916a7f93bd295d9e51c610390a5400,2025-01-27,16,1,False,1.0,0.0,0.0,0.0,15.0,0.0,15.0,8.416666666666666,0.0
13cc67e7ae2b0731f9c20a2adb450d0ab125f700d392f08a01f5019b4da3be89,2025-01-27,10,1,False,1.0,0.0,0.0,0.0,9.0,0.0,9.0,6.8,0.0
1481a18bb91c683c9f0e63a3c1ffe035a67c1ee64eae546985a4caedd691f154,2025-01-27,14,1,False,1.0,1.0,0.0,0.0,13.0,1.0,13.0,7.35,0.35
1481cde120f4ec5a6626478c9222dacd947d0d027e33aa5175c391d3f10b05fd,2025-01-27,15,1,False,1.0,0.0,0.0,0.0,14.0,0.0,14.0,6.183333333333334,0.0
18757c67dbbb1f193d93dfd2c81d93f261d3cc1ab2b6b4a27daddb2a42f0c1e2,2025-01-27,11,1,False,1.0,0.0,0.0,0.0,10.0,1.0,10.0,8.3,0.15
1e13a5c6539e75908d998e36f94f2baee29b17d341286f7a2af3163b528a2fcc,2025-01-27,12,1,False,1.0,0.0,0.0,0.0,11.0,0.0,11.0,6.833333333333333,0.0
1e813ac9d9c5fbfa50cba6f0032edaff8652f398c5508cc13faa4cc0af6fc3b9,2025-01-27,12,1,False,1.0,0.0,0.0,0.0,11.0,0.0,11.0,6.466666666666667,0.0
1fddb883469b0cd0365153a0ebff0dbefb2b5a252dbaf2b9795ad45003650dcf,2025-01-27,11,1,False,1.0,0.0,0.0,0.0,10.0,0.0,10.0,7.25,0.0
227b301943873690ead2973a5f7d43ef587dc58b46733368a3f16daf8db98925,2025-01-27,16,1,False,1.0,0.0,0.0,0.0,15.0,0.0,15.0,8.283333333333333,0.0
269b850943bbddfb37b8186af3d0cd154525f08057e450bdb93ab26f06b9758d,2025-01-27,6,1,False,1.0,0.0,0.0,0.0,5.0,0.0,5.0,5.416666666666667,0.0
27ef13206d1090bf126d0f8dd08b66cc346b18eb199192600e14cdc52d7c9a35,2025-01-27,11,1,False,1.0,0.0,0.0,0.0,10.0,0.0,10.0,6.666666666666667,0.0
2b4a1e95204243f32c7235a27dbeae5a0e9d42da4c762132ac84c0817875d614,2025-01-27,15,1,False,1.0,0.0,0.0,0.0,14.0,0.0,14.0,7.45,0.0
2fdc8fb359ca03d047fec4ad4d7f3b9cfc23ebf54bee30aec8f1a6431bfd0d6e,2025-01-27,9,1,False,1.0,0.0,0.0,0.0,8.0,0.0,8.0,7.6,0.0
32c184d9780b5545a856a0a366a71b86deb3a80c4dc92142aaf6bb3437c336b1,2025-01-27,13,1,False,1.0,0.0,0.0,0.0,12.0,0.0,12.0,7.733333333333333,0.0
34977907ef51b1295028838fb56ded6159cee0d58c3200a0276324aac366417c,2025-01-27,14,1,False,1.0,0.0,0.0,0.0,13.0,0.0,13.0,7.75,0.0
3634cd4e250467a39545675e2f7386734815df9c667903c8c83b43450723a792,2025-01-27,8,1,False,1.0,0.0,0.0,0.0,7.0,0.0,7.0,8.466666666666667,0.0
369a478c83b6f436dd9aade49d6289f250e18ec2a71b9552d7d9bb884bb2b586,2025-01-27,9,1,False,1.0,0.0,0.0,0.0,8.0,0.0,8.0,7.866666666666666,0.0
3c32c4971223e549c349880665fa1e81f054571faf44435a8071b4de6b20dffb,2025-01-27,6,1,False,1.0,0.0,0.0,0.0,5.0,0.0,5.0,6.116666666666666,0.0
3e05c7d4c2f91af414e809d408787184297b351d1907c225f6f1e75fbec1f3a3,2025-01-27,6,1,False,1.0,0.0,0.0,0.0,5.0,0.0,5.0,3.9166666666666665,0.0
44e2b71da8273f1b00b9ec55361a1e542f6812bce0acd27214d62e7de86dd6d0,2025-01-27,13,1,False,1.0,0.0,0.0,0.0,12.0,0.0,12.0,5.933333333333334,0.0
4620b38a9a7c0abed1e91cfdc3926234d098446655b643be9342b610365aa1b6,2025-01-27,12,1,False,1.0,0.0,0.0,0.0,11.0,2.0,11.0,8.9,0.15
49b020eb7c127b73472cb4fc893577b87b48690b941ca1067751e5a6e3eab262,2025-01-27,10,1,False,1.0,0.0,0.0,0.0,9.0,0.0,9.0,6.883333333333334,0.0
4bef524b2f19749989b990b1af1747f137bfe1d7fbf78fa1358ddfc45b247cf1,2025-01-27,6,1,False,1.0,0.0,0.0,0.0,5.0,0.0,5.0,3.8,0.0
4ef80c0c47503cd20d3a8157080fb28f38e6524b33375c23d5fcd98a2f64545e,2025-01-27,7,1,False,1.0,0.0,0.0,0.0,6.0,0.0,6.0,4.45,0.0
5088fc658035905665368960c940882faf61610a4e1ce57a24c6ffc946f0f5a8,2025-01-27,14,1,False,1.0,0.0,0.0,0.0,13.0,0.0,13.0,7.733333333333333,0.0
5379232fec078f04af386b787ed0dc69b2a455a27e52e901c773a11d2d0bce7f,2025-01-27,8,1,False,1.0,0.0,0.0,0.0,7.0,0.0,7.0,7.083333333333333,0.0
53a03335d3716bf67d3ed781065280a46863f8d947c2492c4e33cce33f4446d2,2025-01-27,11,1,False,1.0,0.0,0.0,0.0,10.0,0.0,10.0,7.883333333333334,0.0
603fcd2b8449630833d1b6c7313a10e8a2176025a45ca54002988df4de8536dd,2025-01-27,6,1,False,1.0,0.0,0.0,0.0,5.0,0.0,5.0,7.45,0.0
61127469ce0c27e2d19e0e5ecece9227e60515e12a899bc8bbc29e1c8f68a78f,2025-01-27,6,1,False,1.0,0.0,0.0,0.0,5.0,0.0,5.0,6.6,0.0
62009223daa0ff462d9b377b2b31f5c85b4e95caf611f5339cbb2b5e1dc9cab5,2025-01-27,14,1,False,1.0,0.0,0.0,0.0,13.0,0.0,13.0,8.716666666666667,0.0
620ea76a7f314a9faecfaadf110510d2abcf73e79e56e93b476e80794b9e251f,2025-01-27,15,1,False,1.0,0.0,0.0,0.0,14.0,0.0,14.0,8.95,0.0
685e9623979d1c18a11af39701aaf24188e1a40aee4c205c4d3220d26708793d,2025-01-27,14,1,False,1.0,0.0,0.0,0.0,13.0,0.0,13.0,7.783333333333333,0.0
69295bad69cbd357f13dc891b598791ab746ad0ed9cea2f9da57019f70c847b6,2025-01-27,16,1,False,1.0,0.0,0.0,0.0,15.0,0.0,15.0,6.95,0.0
6ac76fd52b6451030fdaa8cce0d1126104c034aa0d6cff3c078311dce03e36e5,2025-01-27,7,1,False,1.0,0.0,0.0,0.0,6.0,0.0,6.0,8.233333333333333,0.0
6e0553bc94f1b3457a68943cdeb271536fa0ca87652900b8c47b6b4e2eabc4b7,2025-01-27,13,1,False,1.0,0.0,0.0,0.0,12.0,2.0,12.0,8.866666666666667,0.15
71c200742f059a8380e2f3dd53ca613e2cdd705c24898e5957d46fefeff67336,2025-01-27,9,1,False,1.0,0.0,0.0,0.0,8.0,0.0,8.0,8.233333333333333,0.0
768115c2eaa5bf872b6f73af67403e31127811d5dfdaa65f5998e7f57a6be1ca,2025-01-27,6,1,False,1.0,0.0,0.0,0.0,5.0,0.0,5.0,6.366666666666666,0.0
77a935bf01e27db1c86c62c6082710b6fe7046028279183cc90fc11b5a21dd3c,2025-01-27,16,1,False,1.0,0.0,0.0,0.0,15.0,0.0,15.0,6.9,0.0
7b291901ed6fc90c51c56024b33122026451c19dfa4736a37621d21afa86ab5a,2025-01-27,13,1,False,1.0,0.0,0.0,0.0,12.0,0.0,12.0,8.5,0.0
7d64092a6e7dfd07913942876a0c314955bce8dc9fcabd12166bcf1ad5666185,2025-01-27,7,1,False,1.0,0.0,0.0,0.0,6.0,0.0,6.0,8.316666666666666,0.0
7faca1558937aea9797473b24d153f084fc8bc52e7e16da8f8bf4c48b587b358,2025-01-27,16,1,False,1.0,0.0,0.0,0.0,15.0,0.0,15.0,6.883333333333334,0.0
806e62fd6dd962469b9425c2f7b2550582df8623e5c711ade163292a626414aa,2025-01-27,11,1,False,1.0,0.0,0.0,0.0,10.0,0.0,10.0,7.166666666666667,0.0
85bf8422bdd496aa90249b85acbd42b16a6a0ed3121a586f0bcc607d16d09d80,2025-01-27,7,1,False,1.0,0.0,0.0,0.0,6.0,0.0,6.0,7.316666666666666,0.0
88b53efa4c89ad7a3d90cf3c01046d714f1adff9827d0eb5754b4ef76c64f039,2025-01-27,9,1,False,1.0,1.0,0.0,0.0,8.0,0.0,8.0,5.35,0.2
8eb9feaf80cb3b47e639148a128ff9ae2b814462106966998a7656825b71fa7d,2025-01-27,11,1,False,1.0,0.0,0.0,0.0,10.0,0.0,10.0,6.0,0.0
924ed1bb3874124ad2e307aa33a7e5791cc81dd30c0c079d54cfc1ea14ee310a,2025-01-27,14,1,False,1.0,0.0,0.0,0.0,13.0,0.0,13.0,7.283333333333333,0.0
939b9328b580200251e640b1f2170850525f4fefe336c98f053407a0725f9849,2025-01-27,8,1,False,1.0,0.0,0.0,0.0,7.0,0.0,7.0,4.85,0.0
9a31e4091d5c4c7fb8b9377b091ea9caa9cf26c36e62547a85992d9e109b1b9c,2025-01-27,10,1,False,1.0,0.0,0.0,0.0,9.0,0.0,9.0,7.716666666666667,0.0
9e007677846640b2acc599b1d1d498a20ff8260eeda2d49338e3b6ed111045a9,2025-01-27,7,1,False,1.0,0.0,0.0,0.0,6.0,0.0,6.0,5.716666666666667,0.0
9e7a5e914136e41ca82c366fd529e02d961e7ed1a6019ff724f06dbe447fbb88,2025-01-27,15,1,False,1.0,0.0,0.0,0.0,14.0,0.0,14.0,7.983333333333333,0.0
a8848b387af6359642c71478f693e4643381802ccc97f2b0c353264d7729405c,2025-01-27,11,1,False,1.0,0.0,0.0,0.0,10.0,0.0,10.0,7.2,0.0
b55080c0db11860ea934ecf297a13cf247817b3e34562a5897c18ff2cfa07f07,2025-01-27,11,1,False,1.0,1.0,0.0,0.0,10.0,0.0,10.0,9.566666666666666,0.2
b66c51931f321cca81cc9195f90b3174ae82ebb56c74459770f7800e347ca3b0,2025-01-27,10,1,False,1.0,0.0,0.0,0.0,9.0,0.0,9.0,6.383333333333334,0.0
b8e6c17d68aafa670b598b1cf0c0bd73a2937d6abb11055fded76b5e53231165,2025-01-27,11,1,False,1.0,0.0,0.0,0.0,10.0,0.0,10.0,6.283333333333333,0.0
bc60389887dd911a09f472d0f840e5a268d310cd13f422bfc6f811eb916ec82f,2025-01-27,8,1,False,1.0,0.0,0.0,0.0,7.0,0.0,7.0,6.15,0.0
c2fa44374f0aab02cb57c9ed348bb43c1fd456bfdf5b296c4f72174a002cd27f,2025-01-27,2,1,False,1.0,1.0,0.0,0.0,1.0,1.0,1.0,0.06666666666666667,0.35
c5a8e30eed6744da0b641f474ebb407a75bc6fd07bd6e3c7aeb522c884dd456b,2025-01-27,16,1,False,1.0,0.0,0.0,0.0,15.0,0.0,15.0,7.483333333333333,0.0
c734a9d4fd20facb7d4e2f69c7a7be0a0263956653fc71b8d25ad3ed7a1ba446,2025-01-27,15,1,False,1.0,0.0,0.0,0.0,14.0,1.0,14.0,9.583333333333334,0.15
cb50b7517e0741a49adb67908546647f1da3398d8c72f00f00e9ba111909654b,2025-01-27,9,1,False,1.0,0.0,0.0,0.0,8.0,0.0,8.0,8.616666666666667,0.0
cc4113bc0f389ec5987bdc5cae8e94c8c01f0c5e127a5fc2b0ef752d7226c0ca,2025-01-27,13,1,False,1.0,0.0,0.0,0.0,12.0,0.0,12.0,7.45,0.0
cca321773f148695c0ffc5ed365db650aadc5ecdd13b4ddb3e6b57f38bf5a719,2025-01-27,13,1,False,1.0,0.0,0.0,0.0,12.0,0.0,12.0,6.016666666666667,0.0
d111a1427a39ed7f2d2483db714c5e0d79823bc9ecc62a126e1d144d374d286a,2025-01-27,7,1,False,1.0,0.0,0.0,0.0,6.0,0.0,6.0,7.333333333333333,0.0
dab294f3951611f65a9b1e6408fbad19981d1b65b76c28c3408dac6a6b93bbc8,2025-01-27,11,1,False,1.0,0.0,0.0,0.0,10.0,1.0,10.0,9.183333333333334,0.15
ddee12fc509b00889675d637518a8f7dfe216a200b6ad812c397b77d8bccb88b,2025-01-27,11,1,False,1.0,0.0,0.0,0.0,10.0,2.0,10.0,9.216666666666667,0.15
e001292c71d84c28529aed04ab0af1efa767893752908a7b7645f33d09aab74b,2025-01-27,9,1,False,1.0,0.0,0.0,0.0,8.0,0.0,8.0,6.966666666666667,0.0
e1a146fdbba0f457a2ea0a102e2c24872edc75865f95a9b842fcefa68e455266,2025-01-27,9,1,False,1.0,0.0,0.0,0.0,8.0,0.0,8.0,8.3,0.0
e498ed2d854e821dd717169a7b55e586bb647b3bd1ef51990cbd4e847791cc49,2025-01-27,14,1,False,1.0,0.0,0.0,0.0,13.0,0.0,13.0,8.633333333333333,0.0
e72c6ef5ea8445fc95b1c3ca1c82368b6c9adc8a29368110f51d81735f76f11c,2025-01-27,13,1,False,1.0,0.0,0.0,0.0,12.0,0.0,12.0,8.15,0.0
ea171ad8a99227777c2e7c1664c91caf9c08e47d4ba5c09165812a6d9633998c,2025-01-27,16,1,False,1.0,0.0,0.0,0.0,15.0,0.0,15.0,7.533333333333333,0.0
eac146261339b15b8a1e873ed372802ae1c5198377cc8e0f4a23d21bcead9c02,2025-01-27,15,1,False,1.0,0.0,0.0,0.0,14.0,0.0,14.0,7.516666666666667,0.0
ec8eef52024b6815e3113797e206a360a9c324efc2f400801d5eb1179b75a43d,2025-01-27,11,1,False,1.0,0.0,0.0,0.0,10.0,0.0,10.0,7.75,0.0
eecce08639c689fc3170d254f909a8dedd091d778d0ae7aa829c656b8d085cdd,2025-01-27,8,1,False,1.0,0.0,0.0,0.0,7.0,0.0,7.0,6.7,0.0
f02fff917d5e1f556f7ca2d8e8ddde98179be018c2669a269bf40d4f64b627f7,2025-01-27,6,1,False,1.0,0.0,0.0,0.0,5.0,1.0,5.0,9.466666666666667,0.15
f17b0eabd2530f1710fc19c34c4d29cc782a669753833ca0d88f524467cdf67f,2025-01-27,14,1,False,1.0,0.0,0.0,0.0,13.0,0.0,13.0,8.033333333333333,0.0
f26a64875adce083be80130e941dbfa6e94f2202ff0c463336c1300ecc5217f6,2025-01-27,8,1,False,1.0,0.0,0.0,0.0,7.0,0.0,7.0,8.183333333333334,0.0
f441fbdfbb3a65b7660b581790ec8633cd5e9a2bc3450e46f6f6d948e0ebd96b,2025-01-27,15,1,False,1.0,0.0,0.0,0.0,14.0,0.0,14.0,6.966666666666667,0.0
012fb52705cf3c18e19ff7f562c781dcd1736f3e5615ace007e35dee4740f412,2025-01-28,13,1,False,1.0,1.0,0.0,0.0,12.0,0.0,12.0,6.866666666666666,0.2
0604919ff2aebe087b97959084f1fffe2fd89b7e92f8997d6249f5617f0ec041,2025-01-28,15,1,False,1.0,0.0,2.0,0.0,12.0,0.0,12.0,6.533333333333333,0.15
0b9c9b2a643d502fb0470c0e2d25bd40592ae24d88e27a9cca008632f6491e86,2025-01-28,9,1,False,1.0,0.0,0.0,0.0,8.0,0.0,8.0,8.133333333333333,0.0
0bc6fa557a874432991fb3bef6cc8fecfed275284ca1549c6f502f2f2f86388f,2025-01-28,8,1,False,1.0,0.0,0.0,0.0,7.0,0.0,7.0,6.033333333333333,0.0
12881006a16563a03436c3185999cce893916a7f93bd295d9e51c610390a5400,2025-01-28,15,1,False,1.0,0.0,0.0,0.0,14.0,0.0,14.0,8.466666666666667,0.0
13cc67e7ae2b0731f9c20a2adb450d0ab125f700d392f08a01f5019b4da3be89,2025-01-28,14,1,False,1.0,0.0,0.0,0.0,13.0,0.0,13.0,7.1,0.0
1481a18bb91c683c9f0e63a3c1ffe035a67c1ee64eae546985a4caedd691f154,2025-01-28,14,1,False,1.0,0.0,0.0,0.0,13.0,0.0,13.0,4.766666666666667,0.0
1481cde120f4ec5a6626478c9222dacd947d0d027e33aa5175c391d3f10b05fd,2025-01-28,11,1,False,1.0,0.0,0.0,0.0,10.0,0.0,10.0,7.166666666666667,0.0
18757c67dbbb1f193d93dfd2c81d93f261d3cc1ab2b6b4a27daddb2a42f0c1e2,2025-01-28,7,1,False,1.0,0.0,0.0,0.0,6.0,0.0,6.0,7.533333333333333,0.0
1e13a5c6539e75908d998e36f94f2baee29b17d341286f7a2af3163b528a2fcc,2025-01-28,10,1,False,1.0,0.0,0.0,0.0,9.0,0.0,9.0,7.633333333333334,0.0
1e813ac9d9c5fbfa50cba6f0032edaff8652f398c5508cc13faa4cc0af6fc3b9,2025-01-28,10,1,False,1.0,0.0,0.0,0.0,9.0,0.0,9.0,8.466666666666667,0.0
1fddb883469b0cd0365153a0ebff0dbefb2b5a252dbaf2b9795ad45003650dcf,2025-01-28,12,1,False,1.0,0.0,0.0,0.0,11.0,0.0,11.0,7.966666666666667,0.0
227b301943873690ead2973a5f7d43ef587dc58b46733368a3f16daf8db98925,2025-01-28,7,1,False,1.0,0.0,0.0,0.0,6.0,2.0,6.0,8.916666666666666,0.15
269b850943bbddfb37b8186af3d0cd154525f08057e450bdb93ab26f06b9758d,2025-01-28,7,1,False,1.0,0.0,0.0,0.0,6.0,0.0,6.0,6.55,0.0
27ef13206d1090bf126d0f8dd08b66cc346b18eb199192600e14cdc52d7c9a35,2025-01-28,6,1,False,1.0,0.0,0.0,0.0,5.0,0.0,5.0,5.033333333333333,0.0
2b4a1e95204243f32c7235a27dbeae5a0e9d42da4c762132ac84c0817875d614,2025-01-28,7,1,False,1.0,0.0,0.0,0.0,6.0,0.0,6.0,6.433333333333334,0.0
2fdc8fb359ca03d047fec4ad4d7f3b9cfc23ebf54bee30aec8f1a6431bfd0d6e,2025-01-28,14,1,False,1.0,0.0,0.0,0.0,13.0,0.0,13.0,6.783333333333333,0.0
32c184d9780b5545a856a0a366a71b86deb3a80c4dc92142aaf6bb3437c336b1,2025-01-28,11,1,False,1.0,0.0,0.0,0.0,10.0,0.0,10.0,6.4,0.0
34977907ef51b1295028838fb56ded6159cee0d58c3200a0276324aac366417c,2025-01-28,15,1,False,1.0,0.0,0.0,0.0,14.0,0.0,14.0,5.916666666666667,0.0
3634cd4e250467a39545675e2f7386734815df9c667903c8c83b43450723a792,2025-01-28,9,1,False,1.0,0.0,0.0,0.0,8.0,0.0,8.0,6.75,0.0
369a478c83b6f436dd9aade49d6289f250e18ec2a71b9552d7d9bb884bb2b586,2025-01-28,16,1,False,1.0,0.0,0.0,0.0,15.0,0.0,15.0,5.866666666666666,0.0
3c32c4971223e549c349880665fa1e81f054571faf44435a8071b4de6b20dffb,2025-01-28,15,1,False,1.0,0.0,0.0,0.0,14.0,0.0,14.0,7.283333333333333,0.0
3e05c7d4c2f91af414e809d408787184297b351d1907c225f6f1e75fbec1f3a3,2025-01-28,8,1,False,1.0,0.0,0.0,0.0,7.0,0.0,7.0,7.45,0.0
44e2b71da8273f1b00b9ec55361a1e542f6812bce0acd27214d62e7de86dd6d0,2025-01-28,12,1,False,1.0,0.0,0.0,0.0,11.0,0.0,11.0,7.366666666666666,0.0
4620b38a9a7c0abed1e91cfdc3926234d098446655b643be9342b610365aa1b6,2025-01-28,16,1,False,1.0,0.0,0.0,0.0,15.0,0.0,15.0,6.183333333333334,0.0
49b020eb7c127b73472cb4fc893577b87b48690b941ca1067751e5a6e3eab262,2025-01-28,6,1,False,1.0,0.0,0.0,0.0,5.0,0.0,5.0,7.35,0.0
4bef524b2f19749989b990b1af1747f137bfe1d7fbf78fa1358ddfc45b247cf1,2025-01-28,12,1,False,1.0,0.0,0.0,0.0,11.0,0.0,11.0,8.383333333333333,0.0
4ef80c0c47503cd20d3a8157080fb28f38e6524b33375c23d5fcd98a2f64545e,2025-01-28,15,1,False,1.0,0.0,0.0,0.0,14.0,0.0,14.0,7.033333333333333,0.0
5088fc658035905665368960c940882faf61610a4e1ce57a24c6ffc946f0f5a8,2025-01-28,13,1,False,1.0,0.0,0.0,0.0,12.0,0.0,12.0,8.166666666666666,0.0
5379232fec078f04af386b787ed0dc69b2a455a27e52e901c773a11d2d0bce7f,2025-01-28,10,1,False,1.0,0.0,0.0,0.0,9.0,0.0,9.0,6.2,0.0
53a03335d3716bf67d3ed781065280a46863f8d947c2492c4e33cce33f4446d2,2025-01-28,10,1,False,1.0,0.0,0.0,0.0,9.0,0.0,9.0,5.583333333333333,0.0
603fcd2b8449630833d1b6c7313a10e8a2176025a45ca54002988df4de8536dd,2025-01-28,8,1,False,1.0,0.0,0.0,0.0,7.0,0.0,7.0,8.3,0.0
61127469ce0c27e2d19e0e5ecece9227e60515e12a899bc8bbc29e1c8f68a78f,2025-01-28,15,1,False,1.0,0.0,0.0,0.0,14.0,0.0,14.0,7.7,0.0
62009223daa0ff462d9b377b2b31f5c85b4e95caf611f5339cbb2b5e1dc9cab5,2025-01-28,16,1,False,1.0,0.0,0.0,0.0,15.0,0.0,15.0,8.033333333333333,0.0
620ea76a7f314a9faecfaadf110510d2abcf73e79e56e93b476e80794b9e251f,2025-01-28,12,1,False,1.0,0.0,0.0,0.0,11.0,0.0,11.0,7.166666666666667,0.0
685e9623979d1c18a11af39701aaf24188e1a40aee4c205c4d3220d26708793d,2025-01-28,8,1,False,1.0,0.0,0.0,0.0,7.0,0.0,7.0,7.216666666666667,0.0
69295bad69cbd357f13dc891b598791ab746ad0ed9cea2f9da57019f70c847b6,2025-01-28,12,1,False,1.0,0.0,0.0,0.0,11.0,0.0,11.0,7.683333333333334,0.0
6ac76fd52b6451030fdaa8cce0d1126104c034aa0d6cff3c078311dce03e36e5,2025-01-28,10,1,False,1.0,0.0,0.0,0.0,9.0,0.0,9.0,6.133333333333334,0.0
6e0553bc94f1b3457a68943cdeb271536fa0ca87652900b8c47b6b4e2eabc4b7,2025-01-28,12,1,False,1.0,0.0,0.0,0.0,11.0,0.0,11.0,5.75,0.0
71c200742f059a8380e2f3dd53ca613e2cdd705c24898e5957d46fefeff67336,2025-01-28,7,1,False,1.0,0.0,0.0,0.0,6.0,0.0,6.0,9.2,0.0
768115c2eaa5bf872b6f73af67403e31127811d5dfdaa65f5998e7f57a6be1ca,2025-01-28,8,1,False,1.0,0.0,0.0,0.0,7.0,0.0,7.0,6.9,0.0
77a935bf01e27db1c86c62c6082710b6fe7046028279183cc90fc11b5a21dd3c,2025-01-28,6,1,False,1.0,0.0,0.0,0.0,5.0,0.0,5.0,9.033333333333333,0.0
7b291901ed6fc90c51c56024b33122026451c19dfa4736a37621d21afa86ab5a,2025-01-28,15,1,False,1.0,0.0,0.0,0.0,14.0,0.0,14.0,7.55,0.0
7d64092a6e7dfd07913942876a0c314955bce8dc9fcabd12166bcf1ad5666185,2025-01-28,9,1,False,1.0,0.0,0.0,0.0,8.0,0.0,8.0,7.333333333333333,0.0
7faca1558937aea9797473b24d153f084fc8bc52e7e16da8f8bf4c48b587b358,2025-01-28,11,1,False,1.0,0.0,0.0,0.0,10.0,2.0,10.0,8.8,0.15
806e62fd6dd962469b9425c2f7b2550582df8623e5c711ade163292a626414aa,2025-01-28,11,1,False,1.0,0.0,0.0,0.0,10.0,0.0,10.0,7.2,0.0
85bf8422bdd496aa90249b85acbd42b16a6a0ed3121a586f0bcc607d16d09d80,2025-01-28,14,1,False,1.0,0.0,0.0,0.0,13.0,0.0,13.0,7.3,0.0
88b53efa4c89ad7a3d90cf3c01046d714f1adff9827d0eb5754b4ef76c64f039,2025-01-28,9,1,False,1.0,0.0,0.0,0.0,8.0,0.0,8.0,6.666666666666667,0.0
8eb9feaf80cb3b47e639148a128ff9ae2b814462106966998a7656825b71fa7d,2025-01-28,7,1,False,1.0,0.0,0.0,0.0,6.0,0.0,6.0,7.066666666666666,0.0
924ed1bb3874124ad2e307aa33a7e5791cc81dd30c0c079d54cfc1ea14ee310a,2025-01-28,14,1,False,1.0,0.0,0.0,0.0,13.0,0.0,13.0,9.116666666666667,0.0
939b9328b580200251e640b1f2170850525f4fefe336c98f053407a0725f9849,2025-01-28,7,1,False,1.0,0.0,0.0,0.0,6.0,0.0,6.0,5.8,0.0
9a31e4091d5c4c7fb8b9377b091ea9caa9cf26c36e62547a85992d9e109b1b9c,2025-01-28,15,1,False,1.0,0.0,0.0,0.0,14.0,0.0,14.0,6.733333333333333,0.0
9e007677846640b2acc599b1d1d498a20ff8260eeda2d49338e3b6ed111045a9,2025-01-28,11,1,False,1.0,0.0,0.0,0.0,10.0,0.0,10.0,7.433333333333334,0.0
9e7a5e914136e41ca82c366fd529e02d961e7ed1a6019ff724f06dbe447fbb88,2025-01-28,9,1,False,1.0,0.0,0.0,0.0,8.0,0.0,8.0,8.433333333333334,0.0
a8848b387af6359642c71478f693e4643381802ccc97f2b0c353264d7729405c,2025-01-28,12,1,False,1.0,0.0,0.0,0.0,11.0,0.0,11.0,8.166666666666666,0.0
b55080c0db11860ea934ecf297a13cf247817b3e34562a5897c18ff2cfa07f07,2025-01-28,16,1,False,1.0,0.0,0.0,0.0,15.0,0.0,15.0,8.15,0.0
b66c51931f321cca81cc9195f90b3174ae82ebb56c74459770f7800e347ca3b0,2025-01-28,8,1,False,1.0,0.0,0.0,0.0,7.0,0.0,7.0,5.8,0.0
b8e6c17d68aafa670b598b1cf0c0bd73a2937d6abb11055fded76b5e53231165,2025-01-28,14,1,False,1.0,0.0,0.0,0.0,13.0,0.0,13.0,7.95,0.0
bc60389887dd911a09f472d0f840e5a268d310cd13f422bfc6f811eb916ec82f,2025-01-28,8,1,False,1.0,0.0,0.0,0.0,7.0,0.0,7.0,3.0,0.0
c2fa44374f0aab02cb57c9ed348bb43c1fd456bfdf5b296c4f72174a002cd27f,2025-01-28,24,1,False,1.0,0.0,0.0,0.0,23.0,8.0,23.0,14.766666666666667,0.15
c5a8e30eed6744da0b641f474ebb407a75bc6fd07bd6e3c7aeb522c884dd456b,2025-01-28,11,1,False,1.0,0.0,0.0,0.0,10.0,0.0,10.0,7.566666666666666,0.0
c734a9d4fd20facb7d4e2f69c7a7be0a0263956653fc71b8d25ad3ed7a1ba446,2025-01-28,13,1,False,1.0,0.0,0.0,0.0,12.0,0.0,12.0,7.716666666666667,0.0
cb50b7517e0741a49adb67908546647f1da3398d8c72f00f00e9ba111909654b,2025-01-28,15,1,False,1.0,0.0,0.0,0.0,14.0,0.0,14.0,9.466666666666667,0.0
cc4113bc0f389ec5987bdc5cae8e94c8c01f0c5e127a5fc2b0ef752d7226c0ca,2025-01-28,10,1,False,1.0,0.0,0.0,0.0,9.0,0.0,9.0,7.733333333333333,0.0
cca321773f148695c0ffc5ed365db650aadc5ecdd13b4ddb3e6b57f38bf5a719,2025-01-28,12,1,False,1.0,0.0,0.0,0.0,11.0,0.0,11.0,6.966666666666667,0.0
d111a1427a39ed7f2d2483db714c5e0d79823bc9ecc62a126e1d144d374d286a,2025-01-28,9,1,False,1.0,0.0,0.0,0.0,8.0,0.0,8.0,7.0,0.0
dab294f3951611f65a9b1e6408fbad19981d1b65b76c28c3408dac6a6b93bbc8,2025-01-28,7,1,False,1.0,0.0,0.0,0.0,6.0,0.0,6.0,6.35,0.0
ddee12fc509b00889675d637518a8f7dfe216a200b6ad812c397b77d8bccb88b,2025-01-28,14,1,False,1.0,0.0,0.0,0.0,13.0,0.0,13.0,7.033333333333333,0.0
e001292c71d84c28529aed04ab0af1efa767893752908a7b7645f33d09aab74b,2025-01-28,12,1,False,1.0,0.0,0.0,0.0,11.0,0.0,11.0,6.316666666666666,0.0
e1a146fdbba0f457a2ea0a102e2c24872edc75865f95a9b842fcefa68e455266,2025-01-28,13,1,False,1.0,0.0,0.0,0.0,12.0,0.0,12.0,9.183333333333334,0.0
e498ed2d854e821dd717169a7b55e586bb647b3bd1ef51990cbd4e847791cc49,2025-01-28,9,1,False,1.0,0.0,0.0,0.0,8.0,0.0,8.0,8.433333333333334,0.0
e72c6ef5ea8445fc95b1c3ca1c82368b6c9adc8a29368110f51d81735f76f11c,2025-01-28,7,1,False,1.0,0.0,0.0,0.0,6.0,0.0,6.0,6.783333333333333,0.0
ea171ad8a99227777c2e7c1664c91caf9c08e47d4ba5c09165812a6d9633998c,2025-01-28,6,1,False,1.0,0.0,0.0,0.0,5.0,0.0,5.0,6.616666666666666,0.0
eac146261339b15b8a1e873ed372802ae1c5198377cc8e0f4a23d21bcead9c02,2025-01-28,8,1,False,1.0,0.0,0.0,0.0,7.0,0.0,7.0,8.733333333333333,0.0
ec8eef52024b6815e3113797e206a360a9c324efc2f400801d5eb1179b75a43d,2025-01-28,8,1,False,1.0,0.0,0.0,0.0,7.0,0.0,7.0,5.966666666666667,0.0
eecce08639c689fc3170d254f909a8dedd091d778d0ae7aa829c656b8d085cdd,2025-01-28,6,1,False,1.0,0.0,0.0,0.0,5.0,0.0,5.0,8.116666666666667,0.0
f02fff917d5e1f556f7ca2d8e8ddde98179be018c2669a269bf40d4f64b627f7,2025-01-28,7,1,False,1.0,0.0,0.0,0.0,6.0,0.0,6.0,7.083333333333333,0.0
f17b0eabd2530f1710fc19c34c4d29cc782a669753833ca0d88f524467cdf67f,2025-01-28,16,1,False,1.0,0.0,0.0,0.0,15.0,0.0,15.0,6.066666666666666,0.0
f26a64875adce083be80130e941dbfa6e94f2202ff0c463336c1300ecc5217f6,2025-01-28,10,1,False,1.0,0.0,0.0,0.0,9.0,0.0,9.0,8.0,0.0
f441fbdfbb3a65b7660b581790ec8633cd5e9a2bc3450e46f6f6d948e0ebd96b,2025-01-28,15,1,False,1.0,0.0,0.0,0.0,14.0,0.0,14.0,6.9,0.0
012fb52705cf3c18e19ff7f562c781dcd1736f3e5615ace007e35dee4740f412,2025-01-29,6,1,False,1.0,0.0,0.0,0.0,5.0,0.0,5.0,6.116666666666666,0.0
0604919ff2aebe087b97959084f1fffe2fd89b7e92f8997d6249f5617f0ec041,2025-01-29,9,1,False,1.0,0.0,0.0,0.0,8.0,0.0,8.0,6.333333333333333,0.0
0b9c9b2a643d502fb0470c0e2d25bd40592ae24d88e27a9cca008632f6491e86,2025-01-29,15,1,False,1.0,0.0,0.0,0.0,14.0,0.0,14.0,6.866666666666666,0.0
0bc6fa557a874432991fb3bef6cc8fecfed275284ca1549c6f502f2f2f86388f,2025-01-29,6,1,False,1.0,0.0,0.0,0.0,5.0,0.0,5.0,7.783333333333333,0.0
12881006a16563a03436c3185999cce893916a7f93bd295d9e51c610390a5400,2025-01-29,12,1,False,1.0,0.0,0.0,0.0,11.0,0.0,11.0,6.183333333333334,0.0
13cc67e7ae2b0731f9c20a2adb450d0ab125f700d392f08a01f5019b4da3be89,2025-01-29,15,1,False,1.0,0.0,0.0,0.0,14.0,0.0,14.0,5.05,0.0
1481a18bb91c683c9f0e63a3c1ffe035a67c1ee64eae546985a4caedd691f154,2025-01-29,13,1,False,1.0,0.0,0.0,0.0,12.0,0.0,12.0,5.7,0.0
1481cde120f4ec5a6626478c9222dacd947d0d027e33aa5175c391d3f10b05fd,2025-01-29,9,1,False,1.0,0.0,0.0,0.0,8.0,0.0,8.0,5.666666666666667,0.0
18757c67dbbb1f193d93dfd2c81d93f261d3cc1ab2b6b4a27daddb2a42f0c1e2,2025-01-29,12,1,False,1.0,0.0,0.0,0.0,11.0,0.0,11.0,8.5,0.0
1e13a5c6539e75908d998e36f94f2baee29b17d341286f7a2af3163b528a2fcc,2025-01-29,8,1,False,1.0,0.0,0.0,0.0,7.0,0.0,7.0,4.55,0.0
1e813ac9d9c5fbfa50cba6f0032edaff8652f398c5508cc13faa4cc0af6fc3b9,2025-01-29,13,1,False,1.0,0.0,0.0,0.0,12.0,0.0,12.0,7.15,0.0
1fddb883469b0cd0365153a0ebff0dbefb2b5a252dbaf2b9795ad45003650dcf,2025-01-29,7,1,False,1.0,0.0,0.0,0.0,6.0,2.0,6.0,10.183333333333334,0.15
227b301943873690ead2973a5f7d43ef587dc58b46733368a3f16daf8db98925,2025-01-29,9,1,False,1.0,0.0,0.0,0.0,8.0,0.0,8.0,7.383333333333334,0.0
269b850943bbddfb37b8186af3d0cd154525f08057e450bdb93ab26f06b9758d,2025-01-29,6,1,False,1.0,0.0,0.0,0.0,5.0,0.0,5.0,5.266666666666667,0.0
27ef13206d1090bf126d0f8dd08b66cc346b18eb199192600e14cdc52d7c9a35,2025-01-29,14,1,False,1.0,0.0,0.0,0.0,13.0,0.0,13.0,7.383333333333334,0.0
2b4a1e95204243f32c7235a27dbeae5a0e9d42da4c762132ac84c0817875d614,2025-01-29,8,1,False,1.0,0.0,0.0,0.0,7.0,0.0,7.0,7.8,0.0
2fdc8fb359ca03d047fec4ad4d7f3b9cfc23ebf54bee30aec8f1a6431bfd0d6e,2025-01-29,9,1,False,1.0,0.0,0.0,0.0,8.0,0.0,8.0,8.133333333333333,0.0
32c184d9780b5545a856a0a366a71b86deb3a80c4dc92142aaf6bb3437c336b1,2025-01-29,8,1,False,1.0,0.0,0.0,0.0,7.0,0.0,7.0,6.966666666666667,0.0
34977907ef51b1295028838fb56ded6159cee0d58c3200a0276324aac366417c,2025-01-29,13,1,False,1.0,0.0,0.0,0.0,12.0,0.0,12.0,5.65,0.0
3634cd4e250467a39545675e2f7386734815df9c667903c8c83b43450723a792,2025-01-29,6,1,False,1.0,0.0,0.0,0.0,5.0,0.0,5.0,8.883333333333333,0.0
369a478c83b6f436dd9aade49d6289f250e18ec2a71b9552d7d9bb884bb2b586,2025-01-29,8,1,False,1.0,0.0,0.0,0.0,7.0,0.0,7.0,8.616666666666667,0.0
3c32c4971223e549c349880665fa1e81f054571faf44435a8071b4de6b20dffb,2025-01-29,13,1,False,1.0,0.0,0.0,0.0,12.0,0.0,12.0,8.066666666666666,0.0
3e05c7d4c2f91af414e809d408787184297b351d1907c225f6f1e75fbec1f3a3,2025-01-29,14,1,False,1.0,0.0,0.0,0.0,13.0,0.0,13.0,6.283333333333333,0.0
44e2b71da8273f1b00b9ec55361a1e542f6812bce0acd27214d62e7de86dd6d0,2025-01-29,11,1,False,1.0,0.0,0.0,0.0,10.0,0.0,10.0,7.833333333333333,0.0
4620b38a9a7c0abed1e91cfdc3926234d098446655b643be9342b610365aa1b6,2025-01-29,6,1,False,1.0,0.0,0.0,0.0,5.0,0.0,5.0,6.05,0.0
49b020eb7c127b73472cb4fc893577b87b48690b941ca1067751e5a6e3eab262,2025-01-29,10,1,False,1.0,1.0,0.0,0.0,9.0,2.0,9.0,8.583333333333334,0.35
4bef524b2f19749989b990b1af1747f137bfe1d7fbf78fa1358ddfc45b247cf1,2025-01-29,13,1,False,1.0,0.0,0.0,0.0,12.0,0.0,12.0,7.316666666666666,0.0
4ef80c0c47503cd20d3a8157080fb28f38e6524b33375c23d5fcd98a2f64545e,2025-01-29,10,1,False,1.0,0.0,0.0,0.0,9.0,0.0,9.0,4.7,0.0
5088fc658035905665368960c940882faf61610a4e1ce57a24c6ffc946f0f5a8,2025-01-29,13,1,False,1.0,0.0,0.0,0.0,12.0,5.0,12.0,10.216666666666667,0.15
5379232fec078f04af386b787ed0dc69b2a455a27e52e901c773a11d2d0bce7f,2025-01-29,16,1,False,1.0,0.0,0.0,0.0,15.0,0.0,15.0,6.8,0.0
53a03335d3716bf67d3ed781065280a46863f8d947c2492c4e33cce33f4446d2,2025-01-29,12,1,False,1.0,0.0,0.0,0.0,11.0,0.0,11.0,7.9,0.0
603fcd2b8449630833d1b6c7313a10e8a2176025a45ca54002988df4de8536dd,2025-01-29,2,1,False,1.0,1.0,0.0,0.0,1.0,1.0,1.0,1.6333333333333333,0.35
61127469ce0c27e2d19e0e5ecece9227e60515e12a899bc8bbc29e1c8f68a78f,2025-01-29,15,1,False,1.0,0.0,0.0,0.0,14.0,0.0,14.0,5.116666666666666,0.0
62009223daa0ff462d9b377b2b31f5c85b4e95caf611f5339cbb2b5e1dc9cab5,2025-01-29,13,1,False,1.0,0.0,0.0,0.0,12.0,3.0,12.0,9.033333333333333,0.15
620ea76a7f314a9faecfaadf110510d2abcf73e79e56e93b476e80794b9e251f,2025-01-29,11,1,False,1.0,0.0,0.0,0.0,10.0,0.0,10.0,7.95,0.0
685e9623979d1c18a11af39701aaf24188e1a40aee4c205c4d3220d26708793d,2025-01-29,8,1,False,1.0,0.0,0.0,0.0,7.0,0.0,7.0,5.533333333333333,0.0
69295bad69cbd357f13dc891b598791ab746ad0ed9cea2f9da57019f70c847b6,2025-01-29,10,1,False,1.0,0.0,0.0,0.0,9.0,0.0,9.0,5.133333333333334,0.0
6ac76fd52b6451030fdaa8cce0d1126104c034aa0d6cff3c078311dce03e36e5,2025-01-29,8,1,False,1.0,0.0,0.0,0.0,7.0,0.0,7.0,6.583333333333333,0.0
6e0553bc94f1b3457a68943cdeb271536fa0ca87652900b8c47b6b4e2eabc4b7,2025-01-29,10,1,False,1.0,0.0,0.0,0.0,9.0,0.0,9.0,7.0,0.0
71c200742f059a8380e2f3dd53ca613e2cdd705c24898e5957d46fefeff67336,2025-01-29,13,1,False,1.0,0.0,0.0,0.0,12.0,0.0,12.0,8.033333333333333,0.0
768115c2eaa5bf872b6f73af67403e31127811d5dfdaa65f5998e7f57a6be1ca,2025-01-29,15,1,False,1.0,0.0,0.0,0.0,14.0,0.0,14.0,8.016666666666667,0.0
77a935bf01e27db1c86c62c6082710b6fe7046028279183cc90fc11b5a21dd3c,2025-01-29,12,1,False,1.0,0.0,0.0,0.0,11.0,0.0,11.0,9.2,0.0
7b291901ed6fc90c51c56024b33122026451c19dfa4736a37621d21afa86ab5a,2025-01-29,16,1,False,1.0,0.0,0.0,0.0,15.0,0.0,15.0,8.133333333333333,0.0
7d64092a6e7dfd07913942876a0c314955bce8dc9fcabd12166bcf1ad5666185,2025-01-29,7,1,False,1.0,0.0,0.0,0.0,6.0,0.0,6.0,7.133333333333334,0.0
7faca1558937aea9797473b24d153f084fc8bc52e7e16da8f8bf4c48b587b358,2025-01-29,8,1,False,1.0,0.0,0.0,0.0,7.0,0.0,7.0,5.35,0.0
806e62fd6dd962469b9425c2f7b2550582df8623e5c711ade163292a626414aa,2025-01-29,7,1,False,1.0,0.0,0.0,0.0,6.0,1.0,6.0,8.8,0.15
85bf8422bdd496aa90249b85acbd42b16a6a0ed3121a586f0bcc607d16d09d80,2025-01-29,7,1,False,1.0,0.0,0.0,0.0,6.0,0.0,6.0,7.066666666666666,0.0
88b53efa4c89ad7a3d90cf3c01046d714f1adff9827d0eb5754b4ef76c64f039,2025-01-29,8,1,False,1.0,0.0,0.0,0.0,7.0,0.0,7.0,6.466666666666667,0.0
8eb9feaf80cb3b47e639148a128ff9ae2b814462106966998a7656825b71fa7d,2025-01-29,14,1,False,1.0,0.0,0.0,0.0,13.0,0.0,13.0,7.45,0.0
924ed1bb3874124ad2e307aa33a7e5791cc81dd30c0c079d54cfc1ea14ee310a,2025-01-29,11,1,False,1.0,0.0,0.0,0.0,10.0,0.0,10.0,7.133333333333334,0.0
939b9328b580200251e640b1f2170850525f4fefe336c98f053407a0725f9849,2025-01-29,7,1,False,1.0,0.0,0.0,0.0,6.0,0.0,6.0,5.3,0.0
9a31e4091d5c4c7fb8b9377b091ea9caa9cf26c36e62547a85992d9e109b1b9c,2025-01-29,14,1,False,1.0,0.0,0.0,0.0,13.0,0.0,13.0,8.5,0.0
9e007677846640b2acc599b1d1d498a20ff8260eeda2d49338e3b6ed111045a9,2025-01-29,9,1,False,1.0,0.0,0.0,0.0,8.0,0.0,8.0,7.716666666666667,0.0
9e7a5e914136e41ca82c366fd529e02d961e7ed1a6019ff724f06dbe447fbb88,2025-01-29,12,1,False,1.0,0.0,0.0,0.0,11.0,0.0,11.0,7.833333333333333,0.0
a8848b387af6359642c71478f693e4643381802ccc97f2b0c353264d7729405c,2025-01-29,7,1,False,1.0,0.0,0.0,0.0,6.0,0.0,6.0,8.8,0.0
b55080c0db11860ea934ecf297a13cf247817b3e34562a5897c18ff2cfa07f07,2025-01-29,11,1,False,1.0,0.0,0.0,0.0,10.0,0.0,10.0,5.8,0.0
b66c51931f321cca81cc9195f90b3174ae82ebb56c74459770f7800e347ca3b0,2025-01-29,14,1,False,1.0,0.0,0.0,0.0,13.0,2.0,13.0,9.766666666666667,0.15
b8e6c17d68aafa670b598b1cf0c0bd73a2937d6abb11055fded76b5e53231165,2025-01-29,10,1,False,1.0,0.0,0.0,0.0,9.0,0.0,9.0,7.35,0.0
bc60389887dd911a09f472d0f840e5a268d310cd13f422bfc6f811eb916ec82f,2025-01-29,7,1,False,1.0,0.0,0.0,0.0,6.0,0.0,6.0,7.483333333333333,0.0
c2fa44374f0aab02cb57c9ed348bb43c1fd456bfdf5b296c4f72174a002cd27f,2025-01-29,13,1,False,1.0,0.0,0.0,0.0,12.0,0.0,12.0,7.616666666666666,0.0
c5a8e30eed6744da0b641f474ebb407a75bc6fd07bd6e3c7aeb522c884dd456b,2025-01-29,10,1,False,1.0,0.0,0.0,0.0,9.0,0.0,9.0,7.233333333333333,0.0
c734a9d4fd20facb7d4e2f69c7a7be0a0263956653fc71b8d25ad3ed7a1ba446,2025-01-29,9,1,False,1.0,0.0,0.0,0.0,8.0,0.0,8.0,7.716666666666667,0.0
cb50b7517e0741a49adb67908546647f1da3398d8c72f00f00e9ba111909654b,2025-01-29,14,1,False,1.0,0.0,0.0,0.0,13.0,0.0,13.0,7.733333333333333,0.0
cc4113bc0f389ec5987bdc5cae8e94c8c01f0c5e127a5fc2b0ef752d7226c0ca,2025-01-29,6,1,False,1.0,0.0,0.0,0.0,5.0,0.0,5.0,7.933333333333334,0.0
cca321773f148695c0ffc5ed365db650aadc5ecdd13b4ddb3e6b57f38bf5a719,2025-01-29,15,1,False,1.0,0.0,0.0,0.0,14.0,0.0,14.0,7.05,0.0
d111a1427a39ed7f2d2483db714c5e0d79823bc9ecc62a126e1d144d374d286a,2025-01-29,16,1,False,1.0,0.0,0.0,0.0,15.0,0.0,15.0,6.416666666666667,0.0
dab294f3951611f65a9b1e6408fbad19981d1b65b76c28c3408dac6a6b93bbc8,2025-01-29,16,1,False,1.0,0.0,0.0,0.0,15.0,0.0,15.0,8.716666666666667,0.0
ddee12fc509b00889675d637518a8f7dfe216a200b6ad812c397b77d8bccb88b,2025-01-29,14,1,False,1.0,0.0,0.0,0.0,13.0,2.0,13.0,9.35,0.15
e001292c71d84c28529aed04ab0af1efa767893752908a7b7645f33d09aab74b,2025-01-29,9,1,False,1.0,0.0,0.0,0.0,8.0,0.0,8.0,6.616666666666666,0.0
e1a146fdbba0f457a2ea0a102e2c24872edc75865f95a9b842fcefa68e455266,2025-01-29,10,1,False,1.0,0.0,0.0,0.0,9.0,0.0,9.0,5.95,0.0
e498ed2d854e821dd717169a7b55e586bb647b3bd1ef51990cbd4e847791cc49,2025-01-29,10,1,False,1.0,0.0,0.0,0.0,9.0,0.0,9.0,5.266666666666667,0.0
e72c6ef5ea8445fc95b1c3ca1c82368b6c9adc8a29368110f51d81735f76f11c,2025-01-29,15,1,False,1.0,0.0,0.0,0.0,14.0,0.0,14.0,6.583333333333333,0.0
ea171ad8a99227777c2e7c1664c91caf9c08e47d4ba5c09165812a6d9633998c,2025-01-29,11,1,False,1.0,0.0,0.0,0.0,10.0,0.0,10.0,7.966666666666667,0.0
eac146261339b15b8a1e873ed372802ae1c5198377cc8e0f4a23d21bcead9c02,2025-01-29,12,1,False,1.0,0.0,0.0,0.0,11.0,0.0,11.0,7.5,0.0
ec8eef52024b6815e3113797e206a360a9c324efc2f400801d5eb1179b75a43d,2025-01-29,14,1,False,1.0,0.0,0.0,0.0,13.0,0.0,13.0,5.616666666666666,0.0
eecce08639c689fc3170d254f909a8dedd091d778d0ae7aa829c656b8d085cdd,2025-01-29,8,1,False,1.0,0.0,0.0,0.0,7.0,0.0,7.0,8.0,0.0
f02fff917d5e1f556f7ca2d8e8ddde98179be018c2669a269bf40d4f64b627f7,2025-01-29,10,1,False,1.0,0.0,0.0,0.0,9.0,0.0,9.0,5.75,0.0
f17b0eabd2530f1710fc19c34c4d29cc782a669753833ca0d88f524467cdf67f,2025-01-29,13,1,False,1.0,0.0,0.0,0.0,12.0,0.0,12.0,8.333333333333334,0.0
f26a64875adce083be80130e941dbfa6e94f2202ff0c463336c1300ecc5217f6,2025-01-29,9,1,False,1.0,0.0,0.0,0.0,8.0,0.0,8.0,5.0,0.0
f441fbdfbb3a65b7660b581790ec8633cd5e9a2bc3450e46f6f6d948e0ebd96b,2025-01-29,10,1,False,1.0,0.0,0.0,0.0,9.0,0.0,9.0,6.833333333333333,0.0
012fb52705cf3c18e19ff7f562c781dcd1736f3e5615ace007e35dee4740f412,2025-01-30,15,1,False,1.0,0.0,0.0,0.0,14.0,0.0,14.0,6.516666666666667,0.0
0604919ff2aebe087b97959084f1fffe2fd89b7e92f8997d6249f5617f0ec041,2025-01-30,12,1,False,1.0,0.0,0.0,0.0,11.0,0.0,11.0,5.816666666666666,0.0
0b9c9b2a643d502fb0470c0e2d25bd40592ae24d88e27a9cca008632f6491e86,2025-01-30,6,1,False,1.0,0.0,0.0,0.0,5.0,0.0,5.0,4.616666666666666,0.0
0bc6fa557a874432991fb3bef6cc8fecfed275284ca1549c6f502f2f2f86388f,2025-01-30,14,1,False,1.0,0.0,0.0,0.0,13.0,0.0,13.0,7.35,0.0
12881006a16563a03436c3185999cce893916a7f93bd295d9e51c610390a5400,2025-01-30,14,1,False,1.0,0.0,0.0,0.0,13.0,0.0,13.0,7.616666666666666,0.0
13cc67e7ae2b0731f9c20a2adb450d0ab125f700d392f08a01f5019b4da3be89,2025-01-30,11,1,False,1.0,0.0,0.0,0.0,10.0,0.0,10.0,8.85,0.0
1481a18bb91c683c9f0e63a3c1ffe035a67c1ee64eae546985a4caedd691f154,2025-01-30,15,1,False,1.0,0.0,0.0,0.0,14.0,0.0,14.0,9.783333333333333,0.0
1481cde120f4ec5a6626478c9222dacd947d0d027e33aa5175c391d3f10b05fd,2025-01-30,8,1,False,1.0,0.0,0.0,0.0,7.0,0.0,7.0,5.316666666666666,0.0
18757c67dbbb1f193d93dfd2c81d93f261d3cc1ab2b6b4a27daddb2a42f0c1e2,2025-01-30,6,1,False,1.0,0.0,0.0,0.0,5.0,0.0,5.0,7.716666666666667,0.0
1e13a5c6539e75908d998e36f94f2baee29b17d341286f7a2af3163b528a2fcc,2025-01-30,7,1,False,1.0,0.0,0.0,0.0,6.0,0.0,6.0,4.483333333333333,0.0
1e813ac9d9c5fbfa50cba6f0032edaff8652f398c5508cc13faa4cc0af6fc3b9,2025-01-30,7,1,False,1.0,0.0,0.0,0.0,6.0,0.0,6.0,7.233333333333333,0.0
1fddb883469b0cd0365153a0ebff0dbefb2b5a252dbaf2b9795ad45003650dcf,2025-01-30,6,1,False,1.0,0.0,0.0,0.0,5.0,0.0,5.0,7.65,0.0
227b301943873690ead2973a5f7d43ef587dc58b46733368a3f16daf8db98925,2025-01-30,6,1,False,1.0,0.0,0.0,0.0,5.0,0.0,5.0,7.666666666666667,0.0
269b850943bbddfb37b8186af3d0cd154525f08057e450bdb93ab26f06b9758d,2025-01-30,6,1,False,1.0,0.0,0.0,0.0,5.0,0.0,5.0,7.15,0.0
27ef13206d1090bf126d0f8dd08b66cc346b18eb199192600e14cdc52d7c9a35,2025-01-30,14,1,False,1.0,0.0,0.0,0.0,13.0,1.0,13.0,8.266666666666667,0.15
2b4a1e95204243f32c7235a27dbeae5a0e9d42da4c762132ac84c0817875d614,2025-01-30,8,1,False,1.0,0.0,0.0,0.0,7.0,1.0,7.0,8.816666666666666,0.15
2fdc8fb359ca03d047fec4ad4d7f3b9cfc23ebf54bee30aec8f1a6431bfd0d6e,2025-01-30,6,1,False,1.0,0.0,0.0,0.0,5.0,2.0,5.0,8.95,0.15
32c184d9780b5545a856a0a366a71b86deb3a80c4dc92142aaf6bb3437c336b1,2025-01-30,14,1,False,1.0,0.0,0.0,0.0,13.0,0.0,13.0,6.116666666666666,0.0
34977907ef51b1295028838fb56ded6159cee0d58c3200a0276324aac366417c,2025-01-30,14,1,False,1.0,0.0,0.0,0.0,13.0,0.0,13.0,8.4,0.0
3634cd4e250467a39545675e2f7386734815df9c667903c8c83b43450723a792,2025-01-30,9,1,False,1.0,0.0,0.0,0.0,8.0,0.0,8.0,7.733333333333333,0.0
369a478c83b6f436dd9aade49d6289f250e18ec2a71b9552d7d9bb884bb2b586,2025-01-30,14,1,False,1.0,0.0,0.0,0.0,13.0,0.0,13.0,7.833333333333333,0.0
3c32c4971223e549c349880665fa1e81f054571faf44435a8071b4de6b20dffb,2025-01-30,9,1,False,1.0,0.0,0.0,0.0,8.0,0.0,8.0,7.7,0.0
3e05c7d4c2f91af414e809d408787184297b351d1907c225f6f1e75fbec1f3a3,2025-01-30,16,1,False,1.0,0.0,0.0,0.0,15.0,0.0,15.0,6.75,0.0
44e2b71da8273f1b00b9ec55361a1e542f6812bce0acd27214d62e7de86dd6d0,2025-01-30,9,1,False,1.0,0.0,0.0,0.0,8.0,0.0,8.0,7.833333333333333,0.0
4620b38a9a7c0abed1e91cfdc3926234d098446655b643be9342b610365aa1b6,2025-01-30,9,1,False,1.0,0.0,0.0,0.0,8.0,0.0,8.0,7.5,0.0
49b020eb7c127b73472cb4fc893577b87b48690b941ca1067751e5a6e3eab262,2025-01-30,12,1,False,1.0,0.0,0.0,0.0,11.0,3.0,11.0,9.4,0.15
4bef524b2f19749989b990b1af1747f137bfe1d7fbf78fa1358ddfc45b247cf1,2025-01-30,9,1,False,1.0,0.0,0.0,0.0,8.0,0.0,8.0,7.2,0.0
4ef80c0c47503cd20d3a8157080fb28f38e6524b33375c23d5fcd98a2f64545e,2025-01-30,15,1,False,1.0,0.0,0.0,0.0,14.0,0.0,14.0,5.766666666666667,0.0
5088fc658035905665368960c940882faf61610a4e1ce57a24c6ffc946f0f5a8,2025-01-30,14,1,False,1.0,0.0,0.0,0.0,13.0,0.0,13.0,8.733333333333333,0.0
5379232fec078f04af386b787ed0dc69b2a455a27e52e901c773a11d2d0bce7f,2025-01-30,7,1,False,1.0,0.0,0.0,0.0,6.0,0.0,6.0,7.733333333333333,0.0
53a03335d3716bf67d3ed781065280a46863f8d947c2492c4e33cce33f4446d2,2025-01-30,12,1,False,1.0,0.0,0.0,0.0,11.0,0.0,11.0,6.133333333333334,0.0
603fcd2b8449630833d1b6c7313a10e8a2176025a45ca54002988df4de8536dd,2025-01-30,19,1,False,1.0,0.0,0.0,0.0,18.0,8.0,18.0,15.533333333333333,0.15
61127469ce0c27e2d19e0e5ecece9227e60515e12a899bc8bbc29e1c8f68a78f,2025-01-30,14,1,False,1.0,0.0,0.0,0.0,13.0,0.0,13.0,5.95,0.0
62009223daa0ff462d9b377b2b31f5c85b4e95caf611f5339cbb2b5e1dc9cab5,2025-01-30,8,1,False,1.0,0.0,0.0,0.0,7.0,0.0,7.0,5.733333333333333,0.0
620ea76a7f314a9faecfaadf110510d2abcf73e79e56e93b476e80794b9e251f,2025-01-30,15,1,False,1.0,0.0,0.0,0.0,14.0,0.0,14.0,6.7,0.0
685e9623979d1c18a11af39701aaf24188e1a40aee4c205c4d3220d26708793d,2025-01-30,6,1,False,1.0,0.0,0.0,0.0,5.0,2.0,5.0,9.05,0.15
69295bad69cbd357f13dc891b598791ab746ad0ed9cea2f9da57019f70c847b6,2025-01-30,16,1,False,1.0,0.0,0.0,0.0,15.0,0.0,15.0,6.316666666666666,0.0
6ac76fd52b6451030fdaa8cce0d1126104c034aa0d6cff3c078311dce03e36e5,2025-01-30,9,1,False,1.0,0.0,0.0,0.0,8.0,0.0,8.0,7.35,0.0
6e0553bc94f1b3457a68943cdeb271536fa0ca87652900b8c47b6b4e2eabc4b7,2025-01-30,15,1,False,1.0,0.0,0.0,0.0,14.0,1.0,14.0,8.966666666666667,0.15
71c200742f059a8380e2f3dd53ca613e2cdd705c24898e5957d46fefeff67336,2025-01-30,6,1,False,1.0,0.0,0.0,0.0,5.0,0.0,5.0,6.033333333333333,0.0
768115c2eaa5bf872b6f73af67403e31127811d5dfdaa65f5998e7f57a6be1ca,2025-01-30,8,1,False,1.0,0.0,0.0,0.0,7.0,0.0,7.0,8.033333333333333,0.0
77a935bf01e27db1c86c62c6082710b6fe7046028279183cc90fc11b5a21dd3c,2025-01-30,6,1,False,1.0,0.0,0.0,0.0,5.0,0.0,5.0,5.666666666666667,0.0
7b291901ed6fc90c51c56024b33122026451c19dfa4736a37621d21afa86ab5a,2025-01-30,7,1,False,1.0,0.0,0.0,0.0,6.0,0.0,6.0,5.9,0.0
7d64092a6e7dfd07913942876a0c314955bce8dc9fcabd12166bcf1ad5666185,2025-01-30,9,1,False,1.0,0.0,0.0,0.0,8.0,0.0,8.0,6.9,0.0
7faca1558937aea9797473b24d153f084fc8bc52e7e16da8f8bf4c48b587b358,2025-01-30,14,1,False,1.0,0.0,0.0,0.0,13.0,0.0,13.0,7.433333333333334,0.0
806e62fd6dd962469b9425c2f7b2550582df8623e5c711ade163292a626414aa,2025-01-30,6,1,False,1.0,0.0,0.0,0.0,5.0,0.0,5.0,6.516666666666667,0.0
85bf8422bdd496aa90249b85acbd42b16a6a0ed3121a586f0bcc607d16d09d80,2025-01-30,11,1,False,1.0,0.0,0.0,0.0,10.0,0.0,10.0,7.15,0.0
88b53efa4c89ad7a3d90cf3c01046d714f1adff9827d0eb5754b4ef76c64f039,2025-01-30,6,1,False,1.0,0.0,0.0,0.0,5.0,0.0,5.0,5.916666666666667,0.0
8eb9feaf80cb3b47e639148a128ff9ae2b814462106966998a7656825b71fa7d,2025-01-30,14,1,False,1.0,0.0,0.0,0.0,13.0,0.0,13.0,8.0,0.0
924ed1bb3874124ad2e307aa33a7e5791cc81dd30c0c079d54cfc1ea14ee310a,2025-01-30,10,1,False,1.0,0.0,0.0,0.0,9.0,0.0,9.0,5.483333333333333,0.0
939b9328b580200251e640b1f2170850525f4fefe336c98f053407a0725f9849,2025-01-30,10,1,False,1.0,0.0,0.0,0.0,9.0,0.0,9.0,5.616666666666666,0.0
9a31e4091d5c4c7fb8b9377b091ea9caa9cf26c36e62547a85992d9e109b1b9c,2025-01-30,15,1,False,1.0,0.0,0.0,0.0,14.0,0.0,14.0,7.25,0.0
9e007677846640b2acc599b1d1d498a20ff8260eeda2d49338e3b6ed111045a9,2025-01-30,11,1,False,1.0,0.0,0.0,0.0,10.0,0.0,10.0,6.583333333333333,0.0
9e7a5e914136e41ca82c366fd529e02d961e7ed1a6019ff724f06dbe447fbb88,2025-01-30,6,1,False,1.0,0.0,0.0,0.0,5.0,0.0,5.0,5.766666666666667,0.0
a8848b387af6359642c71478f693e4643381802ccc97f2b0c353264d7729405c,2025-01-30,7,1,False,1.0,0.0,0.0,0.0,6.0,0.0,6.0,5.916666666666667,0.0
b55080c0db11860ea934ecf297a13cf247817b3e34562a5897c18ff2cfa07f07,2025-01-30,7,1,False,1.0,0.0,0.0,0.0,6.0,0.0,6.0,5.366666666666666,0.0
b66c51931f321cca81cc9195f90b3174ae82ebb56c74459770f7800e347ca3b0,2025-01-30,16,1,False,1.0,0.0,0.0,0.0,15.0,0.0,15.0,7.8,0.0
b8e6c17d68aafa670b598b1cf0c0bd73a2937d6abb11055fded76b5e53231165,2025-01-30,16,1,False,1.0,0.0,0.0,0.0,15.0,1.0,15.0,8.333333333333334,0.15
bc60389887dd911a09f472d0f840e5a268d310cd13f422bfc6f811eb916ec82f,2025-01-30,13,1,False,1.0,0.0,0.0,0.0,12.0,0.0,12.0,8.416666666666666,0.0
c2fa44374f0aab02cb57c9ed348bb43c1fd456bfdf5b296c4f72174a002cd27f,2025-01-30,2,1,False,1.0,1.0,0.0,0.0,1.0,1.0,1.0,1.7333333333333334,0.35
c5a8e30eed6744da0b641f474ebb407a75bc6fd07bd6e3c7aeb522c884dd456b,2025-01-30,16,1,False,1.0,0.0,0.0,0.0,15.0,0.0,15.0,5.683333333333334,0.0
c734a9d4fd20facb7d4e2f69c7a7be0a0263956653fc71b8d25ad3ed7a1ba446,2025-01-30,11,1,False,1.0,0.0,0.0,0.0,10.0,2.0,10.0,8.75,0.15
cb50b7517e0741a49adb67908546647f1da3398d8c72f00f00e9ba111909654b,2025-01-30,12,1,False,1.0,0.0,0.0,0.0,11.0,0.0,11.0,7.1,0.0
cc4113bc0f389ec5987bdc5cae8e94c8c01f0c5e127a5fc2b0ef752d7226c0ca,2025-01-30,15,1,False,1.0,0.0,0.0,0.0,14.0,0.0,14.0,7.433333333333334,0.0
cca321773f148695c0ffc5ed365db650aadc5ecdd13b4ddb3e6b57f38bf5a719,2025-01-30,14,1,False,1.0,0.0,0.0,0.0,13.0,0.0,13.0,5.733333333333333,0.0
d111a1427a39ed7f2d2483db714c5e0d79823bc9ecc62a126e1d144d374d286a,2025-01-30,14,1,False,1.0,1.0,0.0,0.0,13.0,0.0,13.0,9.866666666666667,0.2
dab294f3951611f65a9b1e6408fbad19981d1b65b76c28c3408dac6a6b93bbc8,2025-01-30,12,1,False,1.0,0.0,0.0,0.0,11.0,0.0,11.0,8.1,0.0
ddee12fc509b00889675d637518a8f7dfe216a200b6ad812c397b77d8bccb88b,2025-01-30,11,1,False,1.0,0.0,0.0,0.0,10.0,0.0,10.0,6.616666666666666,0.0
e001292c71d84c28529aed04ab0af1efa767893752908a7b7645f33d09aab74b,2025-01-30,11,1,False,1.0,0.0,0.0,0.0,10.0,0.0,10.0,4.283333333333333,0.0
e1a146fdbba0f457a2ea0a102e2c24872edc75865f95a9b842fcefa68e455266,2025-01-30,6,1,False,1.0,0.0,0.0,0.0,5.0,0.0,5.0,3.65,0.0
e498ed2d854e821dd717169a7b55e586bb647b3bd1ef51990cbd4e847791cc49,2025-01-30,10,1,False,1.0,0.0,0.0,0.0,9.0,1.0,9.0,8.5,0.15
e72c6ef5ea8445fc95b1c3ca1c82368b6c9adc8a29368110f51d81735f76f11c,2025-01-30,14,1,False,1.0,0.0,0.0,0.0,13.0,0.0,13.0,6.166666666666667,0.0
ea171ad8a99227777c2e7c1664c91caf9c08e47d4ba5c09165812a6d9633998c,2025-01-30,13,1,False,1.0,0.0,0.0,0.0,12.0,0.0,12.0,7.266666666666667,0.0
eac146261339b15b8a1e873ed372802ae1c5198377cc8e0f4a23d21bcead9c02,2025-01-30,12,1,False,1.0,0.0,0.0,0.0,11.0,0.0,11.0,6.716666666666667,0.0
ec8eef52024b6815e3113797e206a360a9c324efc2f400801d5eb1179b75a43d,2025-01-30,7,1,False,1.0,0.0,0.0,0.0,6.0,0.0,6.0,6.016666666666667,0.0
eecce08639c689fc3170d254f909a8dedd091d778d0ae7aa829c656b8d085cdd,2025-01-30,6,1,False,1.0,0.0,0.0,0.0,5.0,0.0,5.0,7.533333333333333,0.0
f02fff917d5e1f556f7ca2d8e8ddde98179be018c2669a269bf40d4f64b627f7,2025-01-30,9,1,False,1.0,0.0,0.0,0.0,8.0,0.0,8.0,6.9,0.0
f17b0eabd2530f1710fc19c34c4d29cc782a669753833ca0d88f524467cdf67f,2025-01-30,1,1,False,1.0,1.0,0.0,0.0,0.0,0.0,0.0,0.0,0.2
f26a64875adce083be80130e941dbfa6e94f2202ff0c463336c1300ecc5217f6,2025-01-30,7,1,False,1.0,0.0,0.0,0.0,6.0,0.0,6.0,6.983333333333333,0.0
f441fbdfbb3a65b7660b581790ec8633cd5e9a2bc3450e46f6f6d948e0ebd96b,2025-01-30,8,1,False,1.0,0.0,0.0,0.0,7.0,0.0,7.0,4.5,0.0
012fb52705cf3c18e19ff7f562c781dcd1736f3e5615ace007e35dee4740f412,2025-01-31,16,1,False,1.0,0.0,0.0,0.0,15.0,0.0,15.0,8.166666666666666,0.0
0604919ff2aebe087b97959084f1fffe2fd89b7e92f8997d6249f5617f0ec041,2025-01-31,6,1,False,1.0,0.0,0.0,0.0,5.0,0.0,5.0,5.75,0.0
0b9c9b2a643d502fb0470c0e2d25bd40592ae24d88e27a9cca008632f6491e86,2025-01-31,9,1,False,1.0,0.0,0.0,0.0,8.0,0.0,8.0,7.183333333333334,0.0
0bc6fa557a874432991fb3bef6cc8fecfed275284ca1549c6f502f2f2f86388f,2025-01-31,14,1,False,1.0,0.0,0.0,0.0,13.0,0.0,13.0,6.85,0.0
12881006a16563a03436c3185999cce893916a7f93bd295d9e51c610390a5400,2025-01-31,14,1,False,1.0,0.0,0.0,0.0,13.0,2.0,13.0,8.366666666666667,0.15
13cc67e7ae2b0731f9c20a2adb450d0ab125f700d392f08a01f5019b4da3be89,2025-01-31,14,1,False,1.0,0.0,0.0,0.0,13.0,0.0,13.0,8.416666666666666,0.0
1481a18bb91c683c9f0e63a3c1ffe035a67c1ee64eae546985a4caedd691f154,2025-01-31,10,1,False,1.0,0.0,0.0,0.0,9.0,0.0,9.0,5.466666666666667,0.0
1481cde120f4ec5a6626478c9222dacd947d0d027e33aa5175c391d3f10b05fd,2025-01-31,14,1,False,1.0,0.0,0.0,0.0,13.0,0.0,13.0,7.133333333333334,0.0
18757c67dbbb1f193d93dfd2c81d93f261d3cc1ab2b6b4a27daddb2a42f0c1e2,2025-01-31,11,1,False,1.0,0.0,0.0,0.0,10.0,0.0,10.0,7.483333333333333,0.0
1e13a5c6539e75908d998e36f94f2baee29b17d341286f7a2af3163b528a2fcc,2025-01-31,11,1,False,1.0,0.0,0.0,0.0,10.0,0.0,10.0,6.683333333333334,0.0
1e813ac9d9c5fbfa50cba6f0032edaff8652f398c5508cc13faa4cc0af6fc3b9,2025-01-31,15,1,False,1.0,0.0,0.0,0.0,14.0,0.0,14.0,5.983333333333333,0.0
1fddb883469b0cd0365153a0ebff0dbefb2b5a252dbaf2b9795ad45003650dcf,2025-01-31,9,1,False,1.0,0.0,0.0,0.0,8.0,0.0,8.0,6.3,0.0
227b301943873690ead2973a5f7d43ef587dc58b46733368a3f16daf8db98925,2025-01-31,10,1,False,1.0,0.0,0.0,0.0,9.0,0.0,9.0,6.6,0.0
269b850943bbddfb37b8186af3d0cd154525f08057e450bdb93ab26f06b9758d,2025-01-31,6,1,False,1.0,0.0,0.0,0.0,5.0,0.0,5.0,6.983333333333333,0.0
27ef13206d1090bf126d0f8dd08b66cc346b18eb199192600e14cdc52d7c9a35,2025-01-31,8,1,False,1.0,0.0,0.0,0.0,7.0,0.0,7.0,7.933333333333334,0.0
2b4a1e95204243f32c7235a27dbeae5a0e9d42da4c762132ac84c0817875d614,2025-01-31,16,1,False,1.0,0.0,0.0,0.0,15.0,0.0,15.0,6.366666666666666,0.0
2fdc8fb359ca03d047fec4ad4d7f3b9cfc23ebf54bee30aec8f1a6431bfd0d6e,2025-01-31,16,1,False,1.0,0.0,0.0,0.0,15.0,0.0,15.0,6.483333333333333,0.0
32c184d9780b5545a856a0a366a71b86deb3a80c4dc92142aaf6bb3437c336b1,2025-01-31,6,1,False,1.0,0.0,0.0,0.0,5.0,0.0,5.0,7.766666666666667,0.0
34977907ef51b1295028838fb56ded6159cee0d58c3200a0276324aac366417c,2025-01-31,7,1,False,1.0,0.0,0.0,0.0,6.0,0.0,6.0,7.316666666666666,0.0
3634cd4e250467a39545675e2f7386734815df9c667903c8c83b43450723a792,2025-01-31,8,1,False,1.0,0.0,0.0,0.0,7.0,2.0,7.0,8.233333333333333,0.15
369a478c83b6f436dd9aade49d6289f250e18ec2a71b9552d7d9bb884bb2b586,2025-01-31,12,1,False,1.0,1.0,0.0,0.0,11.0,0.0,11.0,8.916666666666666,0.2
3c32c4971223e549c349880665fa1e81f054571faf44435a8071b4de6b20dffb,2025-01-31,8,1,False,1.0,0.0,0.0,0.0,7.0,1.0,7.0,8.566666666666666,0.15
3e05c7d4c2f91af414e809d408787184297b351d1907c225f6f1e75fbec1f3a3,2025-01-31,6,1,False,1.0,0.0,0.0,0.0,5.0,0.0,5.0,5.7,0.0
44e2b71da8273f1b00b9ec55361a1e542f6812bce0acd27214d62e7de86dd6d0,2025-01-31,7,1,False,1.0,0.0,0.0,0.0,6.0,0.0,6.0,6.6,0.0
4620b38a9a7c0abed1e91cfdc3926234d098446655b643be9342b610365aa1b6,2025-01-31,9,1,False,1.0,0.0,0.0,0.0,8.0,0.0,8.0,5.966666666666667,0.0
49b020eb7c127b73472cb4fc893577b87b48690b941ca1067751e5a6e3eab262,2025-01-31,10,1,False,1.0,0.0,0.0,0.0,9.0,0.0,9.0,7.833333333333333,0.0
4bef524b2f19749989b990b1af1747f137bfe1d7fbf78fa1358ddfc45b247cf1,2025-01-31,16,1,False,1.0,0.0,0.0,0.0,15.0,0.0,15.0,6.466666666666667,0.0
4ef80c0c47503cd20d3a8157080fb28f38e6524b33375c23d5fcd98a2f64545e,2025-01-31,8,1,False,1.0,0.0,0.0,0.0,7.0,2.0,7.0,9.633333333333333,0.15
5088fc658035905665368960c940882faf61610a4e1ce57a24c6ffc946f0f5a8,2025-01-31,10,1,False,1.0,0.0,0.0,0.0,9.0,0.0,9.0,8.333333333333334,0.0
5379232fec078f04af386b787ed0dc69b2a455a27e52e901c773a11d2d0bce7f,2025-01-31,2,1,False,1.0,1.0,0.0,0.0,1.0,1.0,1.0,0.6,0.35
53a03335d3716bf67d3ed781065280a46863f8d947c2492c4e33cce33f4446d2,2025-01-31,10,1,False,1.0,0.0,0.0,0.0,9.0,0.0,9.0,6.3,0.0
603fcd2b8449630833d1b6c7313a10e8a2176025a45ca54002988df4de8536dd,2025-01-31,16,1,False,1.0,0.0,0.0,0.0,15.0,1.0,15.0,8.85,0.15
61127469ce0c27e2d19e0e5ecece9227e60515e12a899bc8bbc29e1c8f68a78f,2025-01-31,15,1,False,1.0,0.0,0.0,0.0,14.0,0.0,14.0,7.25,0.0
62009223daa0ff462d9b377b2b31f5c85b4e95caf611f5339cbb2b5e1dc9cab5,2025-01-31,9,1,False,1.0,0.0,0.0,0.0,8.0,0.0,8.0,6.183333333333334,0.0
620ea76a7f314a9faecfaadf110510d2abcf73e79e56e93b476e80794b9e251f,2025-01-31,16,1,False,1.0,0.0,0.0,0.0,15.0,0.0,15.0,7.666666666666667,0.0
685e9623979d1c18a11af39701aaf24188e1a40aee4c205c4d3220d26708793d,2025-01-31,11,1,False,1.0,0.0,0.0,0.0,10.0,0.0,10.0,8.333333333333334,0.0
69295bad69cbd357f13dc891b598791ab746ad0ed9cea2f9da57019f70c847b6,2025-01-31,8,1,False,1.0,0.0,0.0,0.0,7.0,0.0,7.0,6.0,0.0
6ac76fd52b6451030fdaa8cce0d1126104c034aa0d6cff3c078311dce03e36e5,2025-01-31,7,1,False,1.0,0.0,0.0,0.0,6.0,0.0,6.0,6.833333333333333,0.0
6e0553bc94f1b3457a68943cdeb271536fa0ca87652900b8c47b6b4e2eabc4b7,2025-01-31,12,1,False,1.0,0.0,0.0,0.0,11.0,0.0,11.0,8.116666666666667,0.0
71c200742f059a8380e2f3dd53ca613e2cdd705c24898e5957d46fefeff67336,2025-01-31,15,1,False,1.0,0.0,0.0,0.0,14.0,0.0,14.0,8.0,0.0
768115c2eaa5bf872b6f73af67403e31127811d5dfdaa65f5998e7f57a6be1ca,2025-01-31,11,1,False,1.0,0.0,0.0,0.0,10.0,0.0,10.0,7.95,0.0
77a935bf01e27db1c86c62c6082710b6fe7046028279183cc90fc11b5a21dd3c,2025-01-31,13,1,False,1.0,0.0,0.0,0.0,12.0,0.0,12.0,6.683333333333334,0.0
7b291901ed6fc90c51c56024b33122026451c19dfa4736a37621d21afa86ab5a,2025-01-31,12,1,False,1.0,0.0,0.0,0.0,11.0,0.0,11.0,5.466666666666667,0.0
7d64092a6e7dfd07913942876a0c314955bce8dc9fcabd12166bcf1ad5666185,2025-01-31,9,1,False,1.0,0.0,0.0,0.0,8.0,0.0,8.0,7.816666666666666,0.0
7faca1558937aea9797473b24d153f084fc8bc52e7e16da8f8bf4c48b587b358,2025-01-31,14,1,False,1.0,0.0,0.0,0.0,13.0,0.0,13.0,8.233333333333333,0.0
806e62fd6dd962469b9425c2f7b2550582df8623e5c711ade163292a626414aa,2025-01-31,8,1,False,1.0,0.0,2.0,0.0,5.0,0.0,5.0,5.992821591944444,0.15
85bf8422bdd496aa90249b85acbd42b16a6a0ed3121a586f0bcc607d16d09d80,2025-01-31,9,1,False,1.0,0.0,0.0,0.0,8.0,0.0,8.0,5.283333333333333,0.0
88b53efa4c89ad7a3d90cf3c01046d714f1adff9827d0eb5754b4ef76c64f039,2025-01-31,14,1,False,1.0,0.0,0.0,0.0,13.0,0.0,13.0,5.1,0.0
8eb9feaf80cb3b47e639148a128ff9ae2b814462106966998a7656825b71fa7d,2025-01-31,7,1,False,1.0,0.0,0.0,0.0,6.0,0.0,6.0,6.0,0.0
924ed1bb3874124ad2e307aa33a7e5791cc81dd30c0c079d54cfc1ea14ee310a,2025-01-31,15,1,False,1.0,0.0,0.0,0.0,14.0,0.0,14.0,8.866666666666667,0.0
939b9328b580200251e640b1f2170850525f4fefe336c98f053407a0725f9849,2025-01-31,8,1,False,1.0,0.0,0.0,0.0,7.0,0.0,7.0,6.883333333333334,0.0
9a31e4091d5c4c7fb8b9377b091ea9caa9cf26c36e62547a85992d9e109b1b9c,2025-01-31,15,1,False,1.0,0.0,0.0,0.0,14.0,0.0,14.0,7.716666666666667,0.0
9e007677846640b2acc599b1d1d498a20ff8260eeda2d49338e3b6ed111045a9,2025-01-31,11,1,False,1.0,0.0,0.0,0.0,10.0,1.0,10.0,8.816666666666666,0.15
9e7a5e914136e41ca82c366fd529e02d961e7ed1a6019ff724f06dbe447fbb88,2025-01-31,13,1,False,1.0,0.0,0.0,0.0,12.0,0.0,12.0,7.633333333333334,0.0
a8848b387af6359642c71478f693e4643381802ccc97f2b0c353264d7729405c,2025-01-31,10,1,False,1.0,0.0,0.0,0.0,9.0,0.0,9.0,9.016666666666667,0.0
b55080c0db11860ea934ecf297a13cf247817b3e34562a5897c18ff2cfa07f07,2025-01-31,13,1,False,1.0,0.0,0.0,0.0,12.0,0.0,12.0,6.7,0.0
b66c51931f321cca81cc9195f90b3174ae82ebb56c74459770f7800e347ca3b0,2025-01-31,7,1,False,1.0,0.0,0.0,0.0,6.0,0.0,6.0,5.833333333333333,0.0
b8e6c17d68aafa670b598b1cf0c0bd73a2937d6abb11055fded76b5e53231165,2025-01-31,7,1,False,1.0,0.0,0.0,0.0,6.0,0.0,6.0,8.05,0.0
bc60389887dd911a09f472d0f840e5a268d310cd13f422bfc6f811eb916ec82f,2025-01-31,10,1,False,1.0,0.0,0.0,0.0,9.0,0.0,9.0,6.916666666666667,0.0
c2fa44374f0aab02cb57c9ed348bb43c1fd456bfdf5b296c4f72174a002cd27f,2025-01-31,23,1,False,1.0,0.0,0.0,0.0,22.0,8.0,22.0,17.766666666666666,0.15
c5a8e30eed6744da0b641f474ebb407a75bc6fd07bd6e3c7aeb522c884dd456b,2025-01-31,9,1,False,1.0,0.0,0.0,0.0,8.0,0.0,8.0,6.766666666666667,0.0
c734a9d4fd20facb7d4e2f69c7a7be0a0263956653fc71b8d25ad3ed7a1ba446,2025-01-31,8,1,False,1.0,0.0,0.0,0.0,7.0,1.0,7.0,9.066666666666666,0.15
cb50b7517e0741a49adb67908546647f1da3398d8c72f00f00e9ba111909654b,2025-01-31,15,1,False,1.0,0.0,0.0,0.0,14.0,0.0,14.0,7.45,0.0
cc4113bc0f389ec5987bdc5cae8e94c8c01f0c5e127a5fc2b0ef752d7226c0ca,2025-01-31,10,1,False,1.0,0.0,0.0,0.0,9.0,0.0,9.0,9.233333333333333,0.0
cca321773f148695c0ffc5ed365db650aadc5ecdd13b4ddb3e6b57f38bf5a719,2025-01-31,15,1,False,1.0,0.0,0.0,0.0,14.0,0.0,14.0,8.6,0.0
d111a1427a39ed7f2d2483db714c5e0d79823bc9ecc62a126e1d144d374d286a,2025-01-31,10,1,False,1.0,0.0,0.0,0.0,9.0,0.0,9.0,7.966666666666667,0.0
dab294f3951611f65a9b1e6408fbad19981d1b65b76c28c3408dac6a6b93bbc8,2025-01-31,10,1,False,1.0,0.0,0.0,0.0,9.0,0.0,9.0,9.0,0.0
ddee12fc509b00889675d637518a8f7dfe216a200b6ad812c397b77d8bccb88b,2025-01-31,6,1,False,1.0,0.0,0.0,0.0,5.0,3.0,5.0,9.483333333333333,0.15
e001292c71d84c28529aed04ab0af1efa767893752908a7b7645f33d09aab74b,2025-01-31,7,1,False,1.0,0.0,0.0,0.0,6.0,0.0,6.0,6.566666666666666,0.0
e1a146fdbba0f457a2ea0a102e2c24872edc75865f95a9b842fcefa68e455266,2025-01-31,7,1,False,1.0,0.0,0.0,0.0,6.0,0.0,6.0,6.2,0.0
e498ed2d854e821dd717169a7b55e586bb647b3bd1ef51990cbd4e847791cc49,2025-01-31,10,1,False,1.0,0.0,0.0,0.0,9.0,0.0,9.0,8.033333333333333,0.0
e72c6ef5ea8445fc95b1c3ca1c82368b6c9adc8a29368110f51d81735f76f11c,2025-01-31,8,1,False,1.0,0.0,0.0,0.0,7.0,0.0,7.0,8.25,0.0
ea171ad8a99227777c2e7c1664c91caf9c08e47d4ba5c09165812a6d9633998c,2025-01-31,13,1,False,1.0,0.0,0.0,0.0,12.0,1.0,12.0,8.933333333333334,0.15
eac146261339b15b8a1e873ed372802ae1c5198377cc8e0f4a23d21bcead9c02,2025-01-31,11,1,False,1.0,0.0,0.0,0.0,10.0,5.0,10.0,9.133333333333333,0.15
ec8eef52024b6815e3113797e206a360a9c324efc2f400801d5eb1179b75a43d,2025-01-31,13,1,False,1.0,0.0,0.0,0.0,12.0,0.0,12.0,7.666666666666667,0.0
eecce08639c689fc3170d254f909a8dedd091d778d0ae7aa829c656b8d085cdd,2025-01-31,11,1,False,1.0,0.0,0.0,0.0,10.0,3.0,10.0,10.466666666666667,0.15
f02fff917d5e1f556f7ca2d8e8ddde98179be018c2669a269bf40d4f64b627f7,2025-01-31,15,1,False,1.0,0.0,0.0,0.0,14.0,5.0,14.0,12.8,0.15
f17b0eabd2530f1710fc19c34c4d29cc782a669753833ca0d88f524467cdf67f,2025-01-31,7,1,False,1.0,1.0,0.0,0.0,6.0,6.0,6.0,22.183333333333334,0.35
f26a64875adce083be80130e941dbfa6e94f2202ff0c463336c1300ecc5217f6,2025-01-31,7,1,False,1.0,0.0,1.0,0.0,5.0,0.0,5.0,7.85,0.15
f441fbdfbb3a65b7660b581790ec8633cd5e9a2bc3450e46f6f6d948e0ebd96b,2025-01-31,15,1,False,1.0,0.0,0.0,0.0,14.0,0.0,14.0,6.4,0.0
5379232fec078f04af386b787ed0dc69b2a455a27e52e901c773a11d2d0bce7f,2025-02-01,11,1,False,0.0,0.0,0.0,0.0,11.0,6.0,11.0,10.433333333333334,0.15
f17b0eabd2530f1710fc19c34c4d29cc782a669753833ca0d88f524467cdf67f,2025-02-01,10,1,False,0.0,0.0,0.0,0.0,10.0,10.0,10.0,6.6,0.15
012fb52705cf3c18e19ff7f562c781dcd1736f3e5615ace007e35dee4740f412,2025-02-03,13,1,False,1.0,0.0,0.0,0.0,12.0,0.0,12.0,7.183333333333334,0.0
0604919ff2aebe087b97959084f1fffe2fd89b7e92f8997d6249f5617f0ec041,2025-02-03,14,1,False,1.0,0.0,0.0,0.0,13.0,0.0,13.0,7.216666666666667,0.0
0b9c9b2a643d502fb0470c0e2d25bd40592ae24d88e27a9cca008632f6491e86,2025-02-03,10,1,False,1.0,0.0,0.0,0.0,9.0,0.0,9.0,6.55,0.0
0bc6fa557a874432991fb3bef6cc8fecfed275284ca1549c6f502f2f2f86388f,2025-02-03,12,1,False,1.0,0.0,0.0,0.0,11.0,0.0,11.0,7.65,0.0
12881006a16563a03436c3185999cce893916a7f93bd295d9e51c610390a5400,2025-02-03,7,1,False,1.0,0.0,0.0,0.0,6.0,0.0,6.0,8.216666666666667,0.0
13cc67e7ae2b0731f9c20a2adb450d0ab125f700d392f08a01f5019b4da3be89,2025-02-03,6,1,False,1.0,0.0,0.0,0.0,5.0,0.0,5.0,5.566666666666666,0.0
1481a18bb91c683c9f0e63a3c1ffe035a67c1ee64eae546985a4caedd691f154,2025-02-03,8,1,False,1.0,0.0,0.0,0.0,7.0,0.0,7.0,4.35,0.0
1481cde120f4ec5a6626478c9222dacd947d0d027e33aa5175c391d3f10b05fd,2025-02-03,9,1,False,1.0,0.0,0.0,0.0,8.0,0.0,8.0,6.65,0.0
18757c67dbbb1f193d93dfd2c81d93f261d3cc1ab2b6b4a27daddb2a42f0c1e2,2025-02-03,15,1,False,1.0,0.0,0.0,0.0,14.0,0.0,14.0,8.2,0.0
1e13a5c6539e75908d998e36f94f2baee29b17d341286f7a2af3163b528a2fcc,2025-02-03,16,1,False,1.0,0.0,0.0,0.0,15.0,0.0,15.0,6.133333333333334,0.0
1e813ac9d9c5fbfa50cba6f0032edaff8652f398c5508cc13faa4cc0af6fc3b9,2025-02-03,13,1,False,1.0,0.0,0.0,0.0,12.0,0.0,12.0,7.216666666666667,0.0
1fddb883469b0cd0365153a0ebff0dbefb2b5a252dbaf2b9795ad45003650dcf,2025-02-03,10,1,False,1.0,0.0,0.0,0.0,9.0,0.0,9.0,8.366666666666667,0.0
227b301943873690ead2973a5f7d43ef587dc58b46733368a3f16daf8db98925,2025-02-03,16,1,False,1.0,0.0,0.0,0.0,15.0,0.0,15.0,7.016666666666667,0.0
269b850943bbddfb37b8186af3d0cd154525f08057e450bdb93ab26f06b9758d,2025-02-03,15,1,False,1.0,0.0,0.0,0.0,14.0,2.0,14.0,11.466666666666667,0.15
27ef13206d1090bf126d0f8dd08b66cc346b18eb199192600e14cdc52d7c9a35,2025-02-03,12,1,False,1.0,0.0,0.0,0.0,11.0,0.0,11.0,7.483333333333333,0.0
2b4a1e95204243f32c7235a27dbeae5a0e9d42da4c762132ac84c0817875d614,2025-02-03,12,1,False,1.0,0.0,0.0,0.0,11.0,0.0,11.0,7.75,0.0
2fdc8fb359ca03d047fec4ad4d7f3b9cfc23ebf54bee30aec8f1a6431bfd0d6e,2025-02-03,8,1,False,1.0,0.0,0.0,0.0,7.0,0.0,7.0,6.8,0.0
32c184d9780b5545a856a0a366a71b86deb3a80c4dc92142aaf6bb3437c336b1,2025-02-03,11,1,False,1.0,0.0,0.0,0.0,10.0,3.0,10.0,9.6,0.15
34977907ef51b1295028838fb56ded6159cee0d58c3200a0276324aac366417c,2025-02-03,7,1,False,1.0,0.0,0.0,0.0,6.0,0.0,6.0,7.816666666666666,0.0
3634cd4e250467a39545675e2f7386734815df9c667903c8c83b43450723a792,2025-02-03,12,1,False,1.0,0.0,2.0,0.0,9.0,0.0,9.0,7.933333333333334,0.15
369a478c83b6f436dd9aade49d6289f250e18ec2a71b9552d7d9bb884bb2b586,2025-02-03,14,1,False,1.0,0.0,0.0,0.0,13.0,0.0,13.0,5.716666666666667,0.0
3c32c4971223e549c349880665fa1e81f054571faf44435a8071b4de6b20dffb,2025-02-03,11,1,False,1.0,0.0,0.0,0.0,10.0,0.0,10.0,9.066666666666666,0.0
3e05c7d4c2f91af414e809d408787184297b351d1907c225f6f1e75fbec1f3a3,2025-02-03,14,1,False,1.0,1.0,0.0,0.0,13.0,0.0,13.0,7.95,0.2
44e2b71da8273f1b00b9ec55361a1e542f6812bce0acd27214d62e7de86dd6d0,2025-02-03,9,1,False,1.0,0.0,0.0,0.0,8.0,0.0,8.0,7.033333333333333,0.0
4620b38a9a7c0abed1e91cfdc3926234d098446655b643be9342b610365aa1b6,2025-02-03,7,1,False,1.0,0.0,0.0,0.0,6.0,0.0,6.0,7.333333333333333,0.0
49b020eb7c127b73472cb4fc893577b87b48690b941ca1067751e5a6e3eab262,2025-02-03,7,1,False,1.0,0.0,0.0,0.0,6.0,0.0,6.0,8.766666666666667,0.0
4bef524b2f19749989b990b1af1747f137bfe1d7fbf78fa1358ddfc45b247cf1,2025-02-03,9,1,False,1.0,0.0,0.0,0.0,8.0,0.0,8.0,7.883333333333334,0.0
4ef80c0c47503cd20d3a8157080fb28f38e6524b33375c23d5fcd98a2f64545e,2025-02-03,7,1,False,1.0,0.0,0.0,0.0,6.0,0.0,6.0,6.366666666666666,0.0
5088fc658035905665368960c940882faf61610a4e1ce57a24c6ffc946f0f5a8,2025-02-03,8,1,False,1.0,0.0,0.0,0.0,7.0,0.0,7.0,6.55,0.0
5379232fec078f04af386b787ed0dc69b2a455a27e52e901c773a11d2d0bce7f,2025-02-03,15,1,False,1.0,0.0,0.0,0.0,14.0,4.0,14.0,14.483333333333333,0.15
53a03335d3716bf67d3ed781065280a46863f8d947c2492c4e33cce33f4446d2,2025-02-03,11,1,False,1.0,0.0,0.0,0.0,10.0,0.0,10.0,7.633333333333334,0.0
603fcd2b8449630833d1b6c7313a10e8a2176025a45ca54002988df4de8536dd,2025-02-03,11,1,False,1.0,0.0,0.0,0.0,10.0,0.0,10.0,6.716666666666667,0.0
61127469ce0c27e2d19e0e5ecece9227e60515e12a899bc8bbc29e1c8f68a78f,2025-02-03,14,1,False,1.0,0.0,0.0,0.0,13.0,0.0,13.0,6.383333333333334,0.0
62009223daa0ff462d9b377b2b31f5c85b4e95caf611f5339cbb2b5e1dc9cab5,2025-02-03,6,1,False,1.0,1.0,0.0,0.0,5.0,0.0,5.0,7.816666666666666,0.2
620ea76a7f314a9faecfaadf110510d2abcf73e79e56e93b476e80794b9e251f,2025-02-03,12,1,False,1.0,0.0,0.0,0.0,11.0,0.0,11.0,7.983333333333333,0.0
685e9623979d1c18a11af39701aaf24188e1a40aee4c205c4d3220d26708793d,2025-02-03,6,1,False,1.0,0.0,0.0,0.0,5.0,0.0,5.0,4.45,0.0
69295bad69cbd357f13dc891b598791ab746ad0ed9cea2f9da57019f70c847b6,2025-02-03,14,1,False,1.0,0.0,0.0,0.0,13.0,0.0,13.0,6.833333333333333,0.0
6ac76fd52b6451030fdaa8cce0d1126104c034aa0d6cff3c078311dce03e36e5,2025-02-03,12,1,False,1.0,0.0,0.0,0.0,11.0,0.0,11.0,7.1,0.0
6e0553bc94f1b3457a68943cdeb271536fa0ca87652900b8c47b6b4e2eabc4b7,2025-02-03,11,1,False,1.0,0.0,0.0,0.0,10.0,0.0,10.0,6.983333333333333,0.0
71c200742f059a8380e2f3dd53ca613e2cdd705c24898e5957d46fefeff67336,2025-02-03,13,1,False,1.0,0.0,0.0,0.0,12.0,0.0,12.0,7.483333333333333,0.0
768115c2eaa5bf872b6f73af67403e31127811d5dfdaa65f5998e7f57a6be1ca,2025-02-03,12,1,False,1.0,0.0,0.0,0.0,11.0,0.0,11.0,6.183333333333334,0.0
77a935bf01e27db1c86c62c6082710b6fe7046028279183cc90fc11b5a21dd3c,2025-02-03,10,1,False,1.0,0.0,0.0,0.0,9.0,0.0,9.0,7.566666666666666,0.0
7b291901ed6fc90c51c56024b33122026451c19dfa4736a37621d21afa86ab5a,2025-02-03,12,1,False,1.0,0.0,0.0,0.0,11.0,0.0,11.0,6.283333333333333,0.0
7d64092a6e7dfd07913942876a0c314955bce8dc9fcabd12166bcf1ad5666185,2025-02-03,9,1,False,1.0,0.0,0.0,0.0,8.0,0.0,8.0,7.383333333333334,0.0
7faca1558937aea9797473b24d153f084fc8bc52e7e16da8f8bf4c48b587b358,2025-02-03,9,1,False,1.0,0.0,0.0,0.0,8.0,0.0,8.0,8.216666666666667,0.0
806e62fd6dd962469b9425c2f7b2550582df8623e5c711ade163292a626414aa,2025-02-03,15,1,False,1.0,0.0,0.0,0.0,14.0,0.0,14.0,6.483333333333333,0.0
85bf8422bdd496aa90249b85acbd42b16a6a0ed3121a586f0bcc607d16d09d80,2025-02-03,6,1,False,1.0,0.0,0.0,0.0,5.0,0.0,5.0,6.233333333333333,0.0
88b53efa4c89ad7a3d90cf3c01046d714f1adff9827d0eb5754b4ef76c64f039,2025-02-03,14,1,False,1.0,0.0,0.0,0.0,13.0,0.0,13.0,7.183333333333334,0.0
8eb9feaf80cb3b47e639148a128ff9ae2b814462106966998a7656825b71fa7d,2025-02-03,11,1,False,1.0,0.0,0.0,0.0,10.0,0.0,10.0,7.633333333333334,0.0
924ed1bb3874124ad2e307aa33a7e5791cc81dd30c0c079d54cfc1ea14ee310a,2025-02-03,8,1,False,1.0,0.0,0.0,0.0,7.0,0.0,7.0,8.633333333333333,0.0
939b9328b580200251e640b1f2170850525f4fefe336c98f053407a0725f9849,2025-02-03,11,1,False,1.0,0.0,0.0,0.0,10.0,0.0,10.0,5.733333333333333,0.0
9a31e4091d5c4c7fb8b9377b091ea9caa9cf26c36e62547a85992d9e109b1b9c,2025-02-03,6,1,False,1.0,0.0,0.0,0.0,5.0,0.0,5.0,6.916666666666667,0.0
9e007677846640b2acc599b1d1d498a20ff8260eeda2d49338e3b6ed111045a9,2025-02-03,7,1,False,1.0,1.0,0.0,0.0,6.0,1.0,6.0,7.75,0.35
9e7a5e914136e41ca82c366fd529e02d961e7ed1a6019ff724f06dbe447fbb88,2025-02-03,14,1,False,1.0,0.0,0.0,0.0,13.0,0.0,13.0,7.583333333333333,0.0
a8848b387af6359642c71478f693e4643381802ccc97f2b0c353264d7729405c,2025-02-03,13,1,False,1.0,0.0,0.0,0.0,12.0,3.0,12.0,9.1,0.15
b55080c0db11860ea934ecf297a13cf247817b3e34562a5897c18ff2cfa07f07,2025-02-03,6,1,False,1.0,0.0,0.0,0.0,5.0,0.0,5.0,4.75,0.0
b66c51931f321cca81cc9195f90b3174ae82ebb56c74459770f7800e347ca3b0,2025-02-03,8,1,False,1.0,0.0,0.0,0.0,7.0,0.0,7.0,7.7,0.0
b8e6c17d68aafa670b598b1cf0c0bd73a2937d6abb11055fded76b5e53231165,2025-02-03,9,1,False,1.0,0.0,0.0,0.0,8.0,0.0,8.0,5.4,0.0
bc60389887dd911a09f472d0f840e5a268d310cd13f422bfc6f811eb916ec82f,2025-02-03,10,1,False,1.0,0.0,0.0,0.0,9.0,0.0,9.0,6.3,0.0
c2fa44374f0aab02cb57c9ed348bb43c1fd456bfdf5b296c4f72174a002cd27f,2025-02-03,16,1,False,1.0,0.0,0.0,0.0,15.0,0.0,15.0,7.216666666666667,0.0
c5a8e30eed6744da0b641f474ebb407a75bc6fd07bd6e3c7aeb522c884dd456b,2025-02-03,9,1,False,1.0,0.0,0.0,0.0,8.0,0.0,8.0,6.2,0.0
c734a9d4fd20facb7d4e2f69c7a7be0a0263956653fc71b8d25ad3ed7a1ba446,2025-02-03,14,1,False,1.0,0.0,0.0,0.0,13.0,0.0,13.0,5.866666666666666,0.0
cb50b7517e0741a49adb67908546647f1da3398d8c72f00f00e9ba111909654b,2025-02-03,12,1,False,1.0,0.0,0.0,0.0,11.0,0.0,11.0,7.033333333333333,0.0
cc4113bc0f389ec5987bdc5cae8e94c8c01f0c5e127a5fc2b0ef752d7226c0ca,2025-02-03,13,1,False,1.0,0.0,0.0,0.0,12.0,0.0,12.0,6.633333333333334,0.0
cca321773f148695c0ffc5ed365db650aadc5ecdd13b4ddb3e6b57f38bf5a719,2025-02-03,11,1,False,1.0,0.0,0.0,0.0,10.0,0.0,10.0,5.933333333333334,0.0
d111a1427a39ed7f2d2483db714c5e0d79823bc9ecc62a126e1d144d374d286a,2025-02-03,11,1,False,1.0,0.0,0.0,0.0,10.0,0.0,10.0,6.983333333333333,0.0
dab294f3951611f65a9b1e6408fbad19981d1b65b76c28c3408dac6a6b93bbc8,2025-02-03,7,1,False,1.0,0.0,0.0,0.0,6.0,1.0,6.0,7.983333333333333,0.15
ddee12fc509b00889675d637518a8f7dfe216a200b6ad812c397b77d8bccb88b,2025-02-03,11,1,False,1.0,0.0,0.0,0.0,10.0,0.0,10.0,7.45,0.0
e001292c71d84c28529aed04ab0af1efa767893752908a7b7645f33d09aab74b,2025-02-03,15,1,False,1.0,0.0,0.0,0.0,14.0,0.0,14.0,8.35,0.0
e1a146fdbba0f457a2ea0a102e2c24872edc75865f95a9b842fcefa68e455266,2025-02-03,13,1,False,1.0,0.0,0.0,0.0,12.0,0.0,12.0,5.783333333333333,0.0
e498ed2d854e821dd717169a7b55e586bb647b3bd1ef51990cbd4e847791cc49,2025-02-03,16,1,False,1.0,0.0,0.0,0.0,15.0,4.0,15.0,10.033333333333333,0.15
e72c6ef5ea8445fc95b1c3ca1c82368b6c9adc8a29368110f51d81735f76f11c,2025-02-03,6,1,False,1.0,0.0,0.0,0.0,5.0,0.0,5.0,8.4,0.0
ea171ad8a99227777c2e7c1664c91caf9c08e47d4ba5c09165812a6d9633998c,2025-02-03,11,1,False,1.0,0.0,0.0,0.0,10.0,0.0,10.0,7.966666666666667,0.0
eac146261339b15b8a1e873ed372802ae1c5198377cc8e0f4a23d21bcead9c02,2025-02-03,15,1,False,1.0,0.0,0.0,0.0,14.0,0.0,14.0,7.033333333333333,0.0
ec8eef52024b6815e3113797e206a360a9c324efc2f400801d5eb1179b75a43d,2025-02-03,7,1,False,1.0,0.0,0.0,0.0,6.0,0.0,6.0,6.316666666666666,0.0
eecce08639c689fc3170d254f909a8dedd091d778d0ae7aa829c656b8d085cdd,2025-02-03,13,1,False,1.0,0.0,0.0,0.0,12.0,0.0,12.0,5.216666666666667,0.0
f02fff917d5e1f556f7ca2d8e8ddde98179be018c2669a269bf40d4f64b627f7,2025-02-03,16,1,False,1.0,0.0,0.0,0.0,15.0,0.0,15.0,7.55,0.0
f17b0eabd2530f1710fc19c34c4d29cc782a669753833ca0d88f524467cdf67f,2025-02-03,15,1,False,1.0,0.0,0.0,0.0,14.0,0.0,14.0,7.583333333333333,0.0
f26a64875adce083be80130e941dbfa6e94f2202ff0c463336c1300ecc5217f6,2025-02-03,13,1,False,1.0,0.0,0.0,0.0,12.0,0.0,12.0,7.633333333333334,0.0
f441fbdfbb3a65b7660b581790ec8633cd5e9a2bc3450e46f6f6d948e0ebd96b,2025-02-03,15,1,False,1.0,0.0,0.0,0.0,14.0,0.0,14.0,7.683333333333334,0.0
012fb52705cf3c18e19ff7f562c781dcd1736f3e5615ace007e35dee4740f412,2025-02-04,7,1,False,1.0,0.0,0.0,0.0,6.0,2.0,6.0,8.483333333333333,0.15
0604919ff2aebe087b97959084f1fffe2fd89b7e92f8997d6249f5617f0ec041,2025-02-04,7,1,False,1.0,0.0,0.0,0.0,6.0,1.0,6.0,9.283333333333333,0.15
0b9c9b2a643d502fb0470c0e2d25bd40592ae24d88e27a9cca008632f6491e86,2025-02-04,8,1,False,1.0,0.0,0.0,0.0,7.0,0.0,7.0,8.05,0.0
0bc6fa557a874432991fb3bef6cc8fecfed275284ca1549c6f502f2f2f86388f,2025-02-04,16,1,False,1.0,0.0,0.0,0.0,15.0,0.0,15.0,7.75,0.0
12881006a16563a03436c3185999cce893916a7f93bd295d9e51c610390a5400,2025-02-04,9,1,False,1.0,0.0,0.0,0.0,8.0,0.0,8.0,6.466666666666667,0.0
13cc67e7ae2b0731f9c20a2adb450d0ab125f700d392f08a01f5019b4da3be89,2025-02-04,7,1,False,1.0,0.0,0.0,0.0,6.0,0.0,6.0,5.616666666666666,0.0
1481a18bb91c683c9f0e63a3c1ffe035a67c1ee64eae546985a4caedd691f154,2025-02-04,14,1,False,1.0,0.0,0.0,0.0,13.0,1.0,13.0,8.75,0.15
1481cde120f4ec5a6626478c9222dacd947d0d027e33aa5175c391d3f10b05fd,2025-02-04,15,1,False,1.0,0.0,0.0,0.0,14.0,0.0,14.0,7.666666666666667,0.0
18757c67dbbb1f193d93dfd2c81d93f261d3cc1ab2b6b4a27daddb2a42f0c1e2,2025-02-04,13,1,False,1.0,0.0,0.0,0.0,12.0,0.0,12.0,6.65,0.0
1e13a5c6539e75908d998e36f94f2baee29b17d341286f7a2af3163b528a2fcc,2025-02-04,13,1,False,1.0,0.0,0.0,0.0,12.0,0.0,12.0,8.45,0.0
1e813ac9d9c5fbfa50cba6f0032edaff8652f398c5508cc13faa4cc0af6fc3b9,2025-02-04,11,1,False,1.0,0.0,0.0,0.0,10.0,0.0,10.0,6.9,0.0
1fddb883469b0cd0365153a0ebff0dbefb2b5a252dbaf2b9795ad45003650dcf,2025-02-04,11,1,False,1.0,0.0,0.0,0.0,10.0,0.0,10.0,8.05,0.0
227b301943873690ead2973a5f7d43ef587dc58b46733368a3f16daf8db98925,2025-02-04,6,1,False,1.0,0.0,0.0,0.0,5.0,0.0,5.0,6.4,0.0
269b850943bbddfb37b8186af3d0cd154525f08057e450bdb93ab26f06b9758d,2025-02-04,7,1,False,1.0,0.0,0.0,0.0,6.0,0.0,6.0,6.766666666666667,0.0
27ef13206d1090bf126d0f8dd08b66cc346b18eb199192600e14cdc52d7c9a35,2025-02-04,13,1,False,1.0,1.0,0.0,0.0,12.0,0.0,12.0,6.45,0.2
2b4a1e95204243f32c7235a27dbeae5a0e9d42da4c762132ac84c0817875d614,2025-02-04,10,1,False,1.0,0.0,0.0,0.0,9.0,0.0,9.0,6.416666666666667,0.0
2fdc8fb359ca03d047fec4ad4d7f3b9cfc23ebf54bee30aec8f1a6431bfd0d6e,2025-02-04,9,1,False,1.0,0.0,0.0,0.0,8.0,0.0,8.0,7.15,0.0
32c184d9780b5545a856a0a366a71b86deb3a80c4dc92142aaf6bb3437c336b1,2025-02-04,13,1,False,1.0,0.0,0.0,0.0,12.0,0.0,12.0,7.583333333333333,0.0
34977907ef51b1295028838fb56ded6159cee0d58c3200a0276324aac366417c,2025-02-04,15,1,False,1.0,1.0,0.0,0.0,14.0,2.0,14.0,7.166666666666667,0.35
3634cd4e250467a39545675e2f7386734815df9c667903c8c83b43450723a792,2025-02-04,15,1,False,1.0,0.0,0.0,0.0,14.0,0.0,14.0,5.983333333333333,0.0
369a478c83b6f436dd9aade49d6289f250e18ec2a71b9552d7d9bb884bb2b586,2025-02-04,6,1,False,1.0,0.0,0.0,0.0,5.0,0.0,5.0,5.733333333333333,0.0
3c32c4971223e549c349880665fa1e81f054571faf44435a8071b4de6b20dffb,2025-02-04,16,1,False,1.0,0.0,2.0,0.0,13.0,1.0,13.0,9.516666666666667,0.3
3e05c7d4c2f91af414e809d408787184297b351d1907c225f6f1e75fbec1f3a3,2025-02-04,7,1,False,1.0,0.0,0.0,0.0,6.0,0.0,6.0,4.05,0.0
44e2b71da8273f1b00b9ec55361a1e542f6812bce0acd27214d62e7de86dd6d0,2025-02-04,15,1,False,1.0,0.0,0.0,0.0,14.0,0.0,14.0,7.866666666666666,0.0
4620b38a9a7c0abed1e91cfdc3926234d098446655b643be9342b610365aa1b6,2025-02-04,11,1,False,1.0,0.0,0.0,0.0,10.0,0.0,10.0,6.266666666666667,0.0
49b020eb7c127b73472cb4fc893577b87b48690b941ca1067751e5a6e3eab262,2025-02-04,10,1,False,1.0,0.0,0.0,0.0,9.0,0.0,9.0,5.116666666666666,0.0
4bef524b2f19749989b990b1af1747f137bfe1d7fbf78fa1358ddfc45b247cf1,2025-02-04,15,1,False,1.0,0.0,0.0,0.0,14.0,3.0,14.0,9.05,0.15
4ef80c0c47503cd20d3a8157080fb28f38e6524b33375c23d5fcd98a2f64545e,2025-02-04,11,1,False,1.0,0.0,0.0,0.0,10.0,0.0,10.0,8.35,0.0
5088fc658035905665368960c940882faf61610a4e1ce57a24c6ffc946f0f5a8,2025-02-04,13,1,False,1.0,0.0,0.0,0.0,12.0,0.0,12.0,6.65,0.0
5379232fec078f04af386b787ed0dc69b2a455a27e52e901c773a11d2d0bce7f,2025-02-04,8,1,False,1.0,0.0,0.0,0.0,7.0,0.0,7.0,7.266666666666667,0.0
53a03335d3716bf67d3ed781065280a46863f8d947c2492c4e33cce33f4446d2,2025-02-04,7,1,False,1.0,0.0,0.0,0.0,6.0,0.0,6.0,6.966666666666667,0.0
603fcd2b8449630833d1b6c7313a10e8a2176025a45ca54002988df4de8536dd,2025-02-04,10,1,False,1.0,0.0,0.0,0.0,9.0,0.0,9.0,6.033333333333333,0.0
61127469ce0c27e2d19e0e5ecece9227e60515e12a899bc8bbc29e1c8f68a78f,2025-02-04,6,1,False,1.0,0.0,0.0,0.0,5.0,0.0,5.0,7.45,0.0
62009223daa0ff462d9b377b2b31f5c85b4e95caf611f5339cbb2b5e1dc9cab5,2025-02-04,16,1,False,1.0,0.0,0.0,0.0,15.0,0.0,15.0,5.95,0.0
620ea76a7f314a9faecfaadf110510d2abcf73e79e56e93b476e80794b9e251f,2025-02-04,8,1,False,1.0,0.0,0.0,0.0,7.0,0.0,7.0,6.616666666666666,0.0
685e9623979d1c18a11af39701aaf24188e1a40aee4c205c4d3220d26708793d,2025-02-04,12,1,False,1.0,0.0,0.0,0.0,11.0,0.0,11.0,7.933333333333334,0.0
69295bad69cbd357f13dc891b598791ab746ad0ed9cea2f9da57019f70c847b6,2025-02-04,7,1,False,1.0,0.0,0.0,0.0,6.0,0.0,6.0,6.4,0.0
6ac76fd52b6451030fdaa8cce0d1126104c034aa0d6cff3c078311dce03e36e5,2025-02-04,8,1,False,1.0,0.0,0.0,0.0,7.0,0.0,7.0,8.133333333333333,0.0
6e0553bc94f1b3457a68943cdeb271536fa0ca87652900b8c47b6b4e2eabc4b7,2025-02-04,6,1,False,1.0,0.0,0.0,0.0,5.0,1.0,5.0,9.2,0.15
71c200742f059a8380e2f3dd53ca613e2cdd705c24898e5957d46fefeff67336,2025-02-04,14,1,False,1.0,0.0,0.0,0.0,13.0,0.0,13.0,8.533333333333333,0.0
768115c2eaa5bf872b6f73af67403e31127811d5dfdaa65f5998e7f57a6be1ca,2025-02-04,14,1,False,1.0,0.0,0.0,0.0,13.0,0.0,13.0,7.716666666666667,0.0
77a935bf01e27db1c86c62c6082710b6fe7046028279183cc90fc11b5a21dd3c,2025-02-04,16,1,False,1.0,0.0,0.0,0.0,15.0,0.0,15.0,5.466666666666667,0.0
7b291901ed6fc90c51c56024b33122026451c19dfa4736a37621d21afa86ab5a,2025-02-04,16,1,False,1.0,0.0,0.0,0.0,15.0,0.0,15.0,6.866666666666666,0.0
7d64092a6e7dfd07913942876a0c314955bce8dc9fcabd12166bcf1ad5666185,2025-02-04,9,1,False,1.0,0.0,0.0,0.0,8.0,0.0,8.0,7.95,0.0
7faca1558937aea9797473b24d153f084fc8bc52e7e16da8f8bf4c48b587b358,2025-02-04,11,1,False,1.0,0.0,0.0,0.0,10.0,0.0,10.0,7.2,0.0
806e62fd6dd962469b9425c2f7b2550582df8623e5c711ade163292a626414aa,2025-02-04,7,1,False,1.0,0.0,0.0,0.0,6.0,0.0,6.0,7.716666666666667,0.0
85bf8422bdd496aa90249b85acbd42b16a6a0ed3121a586f0bcc607d16d09d80,2025-02-04,10,1,False,1.0,0.0,0.0,0.0,9.0,0.0,9.0,8.166666666666666,0.0
88b53efa4c89ad7a3d90cf3c01046d714f1adff9827d0eb5754b4ef76c64f039,2025-02-04,6,1,False,1.0,0.0,0.0,0.0,5.0,0.0,5.0,7.183333333333334,0.0
8eb9feaf80cb3b47e639148a128ff9ae2b814462106966998a7656825b71fa7d,2025-02-04,16,1,False,1.0,0.0,0.0,0.0,15.0,0.0,15.0,6.55,0.0
924ed1bb3874124ad2e307aa33a7e5791cc81dd30c0c079d54cfc1ea14ee310a,2025-02-04,15,1,False,1.0,0.0,0.0,0.0,14.0,0.0,14.0,7.05,0.0
939b9328b580200251e640b1f2170850525f4fefe336c98f053407a0725f9849,2025-02-04,7,1,False,1.0,0.0,0.0,0.0,6.0,0.0,6.0,5.933333333333334,0.0
9a31e4091d5c4c7fb8b9377b091ea9caa9cf26c36e62547a85992d9e109b1b9c,2025-02-04,13,1,False,1.0,0.0,0.0,0.0,12.0,0.0,12.0,6.5,0.0
9e007677846640b2acc599b1d1d498a20ff8260eeda2d49338e3b6ed111045a9,2025-02-04,7,1,False,1.0,0.0,0.0,0.0,6.0,0.0,6.0,6.983333333333333,0.0
9e7a5e914136e41ca82c366fd529e02d961e7ed1a6019ff724f06dbe447fbb88,2025-02-04,12,1,False,1.0,0.0,0.0,0.0,11.0,0.0,11.0,8.5,0.0
a8848b387af6359642c71478f693e4643381802ccc97f2b0c353264d7729405c,2025-02-04,8,1,False,1.0,0.0,0.0,0.0,7.0,0.0,7.0,6.166666666666667,0.0
b55080c0db11860ea934ecf297a13cf247817b3e34562a5897c18ff2cfa07f07,2025-02-04,8,1,False,1.0,0.0,0.0,0.0,7.0,0.0,7.0,8.183333333333334,0.0
b66c51931f321cca81cc9195f90b3174ae82ebb56c74459770f7800e347ca3b0,2025-02-04,6,1,False,1.0,0.0,0.0,0.0,5.0,0.0,5.0,3.816666666666667,0.0
b8e6c17d68aafa670b598b1cf0c0bd73a2937d6abb11055fded76b5e53231165,2025-02-04,12,1,False,1.0,0.0,0.0,0.0,11.0,0.0,11.0,6.0,0.0
bc60389887dd911a09f472d0f840e5a268d310cd13f422bfc6f811eb916ec82f,2025-02-04,8,1,False,1.0,0.0,0.0,0.0,7.0,0.0,7.0,6.15,0.0
c2fa44374f0aab02cb57c9ed348bb43c1fd456bfdf5b296c4f72174a002cd27f,2025-02-04,9,1,False,1.0,0.0,0.0,0.0,8.0,2.0,8.0,13.55,0.15
c5a8e30eed6744da0b641f474ebb407a75bc6fd07bd6e3c7aeb522c884dd456b,2025-02-04,10,1,False,1.0,0.0,0.0,0.0,9.0,1.0,9.0,8.383333333333333,0.15
c734a9d4fd20facb7d4e2f69c7a7be0a0263956653fc71b8d25ad3ed7a1ba446,2025-02-04,16,1,False,1.0,0.0,0.0,0.0,15.0,0.0,15.0,6.883333333333334,0.0
cb50b7517e0741a49adb67908546647f1da3398d8c72f00f00e9ba111909654b,2025-02-04,11,1,False,1.0,0.0,0.0,0.0,10.0,0.0,10.0,8.65,0.0
cc4113bc0f389ec5987bdc5cae8e94c8c01f0c5e127a5fc2b0ef752d7226c0ca,2025-02-04,12,1,False,1.0,0.0,0.0,0.0,11.0,0.0,11.0,8.016666666666667,0.0
cca321773f148695c0ffc5ed365db650aadc5ecdd13b4ddb3e6b57f38bf5a719,2025-02-04,10,1,False,1.0,0.0,0.0,0.0,9.0,0.0,9.0,8.266666666666667,0.0
d111a1427a39ed7f2d2483db714c5e0d79823bc9ecc62a126e1d144d374d286a,2025-02-04,9,1,False,1.0,0.0,0.0,0.0,8.0,0.0,8.0,6.733333333333333,0.0
dab294f3951611f65a9b1e6408fbad19981d1b65b76c28c3408dac6a6b93bbc8,2025-02-04,15,1,False,1.0,0.0,0.0,0.0,14.0,0.0,14.0,7.45,0.0
ddee12fc509b00889675d637518a8f7dfe216a200b6ad812c397b77d8bccb88b,2025-02-04,16,1,False,1.0,0.0,0.0,0.0,15.0,0.0,15.0,7.233333333333333,0.0
e001292c71d84c28529aed04ab0af1efa767893752908a7b7645f33d09aab74b,2025-02-04,16,1,False,1.0,0.0,0.0,0.0,15.0,0.0,15.0,6.9,0.0
e1a146fdbba0f457a2ea0a102e2c24872edc75865f95a9b842fcefa68e455266,2025-02-04,9,1,False,1.0,0.0,0.0,0.0,8.0,0.0,8.0,7.633333333333334,0.0
e498ed2d854e821dd717169a7b55e586bb647b3bd1ef51990cbd4e847791cc49,2025-02-04,15,1,False,1.0,0.0,0.0,0.0,14.0,0.0,14.0,7.466666666666667,0.0
e72c6ef5ea8445fc95b1c3ca1c82368b6c9adc8a29368110f51d81735f76f11c,2025-02-04,13,1,False,1.0,1.0,0.0,0.0,12.0,0.0,12.0,7.75,0.2
ea171ad8a99227777c2e7c1664c91caf9c08e47d4ba5c09165812a6d9633998c,2025-02-04,6,1,False,1.0,0.0,0.0,0.0,5.0,0.0,5.0,6.466666666666667,0.0
eac146261339b15b8a1e873ed372802ae1c5198377cc8e0f4a23d21bcead9c02,2025-02-04,11,1,False,1.0,0.0,0.0,0.0,10.0,0.0,10.0,7.133333333333334,0.0
ec8eef52024b6815e3113797e206a360a9c324efc2f400801d5eb1179b75a43d,2025-02-04,8,1,False,1.0,0.0,0.0,0.0,7.0,0.0,7.0,5.116666666666666,0.0
eecce08639c689fc3170d254f909a8dedd091d778d0ae7aa829c656b8d085cdd,2025-02-04,7,1,False,1.0,0.0,0.0,0.0,6.0,0.0,6.0,6.45,0.0
f02fff917d5e1f556f7ca2d8e8ddde98179be018c2669a269bf40d4f64b627f7,2025-02-04,3,1,False,1.0,1.0,0.0,0.0,2.0,2.0,2.0,0.35,0.35
f17b0eabd2530f1710fc19c34c4d29cc782a669753833ca0d88f524467cdf67f,2025-02-04,12,1,False,1.0,0.0,0.0,0.0,11.0,0.0,11.0,7.1,0.0
f26a64875adce083be80130e941dbfa6e94f2202ff0c463336c1300ecc5217f6,2025-02-04,16,1,False,1.0,0.0,0.0,0.0,15.0,0.0,15.0,7.066666666666666,0.0
f441fbdfbb3a65b7660b581790ec8633cd5e9a2bc3450e46f6f6d948e0ebd96b,2025-02-04,10,1,False,1.0,0.0,0.0,0.0,9.0,0.0,9.0,7.55,0.0
012fb52705cf3c18e19ff7f562c781dcd1736f3e5615ace007e35dee4740f412,2025-02-05,6,1,False,1.0,0.0,0.0,0.0,5.0,0.0,5.0,5.416666666666667,0.0
0604919ff2aebe087b97959084f1fffe2fd89b7e92f8997d6249f5617f0ec041,2025-02-05,9,1,False,1.0,0.0,0.0,0.0,8.0,0.0,8.0,7.6,0.0
0b9c9b2a643d502fb0470c0e2d25bd40592ae24d88e27a9cca008632f6491e86,2025-02-05,15,1,False,1.0,0.0,0.0,0.0,14.0,0.0,14.0,7.5,0.0
0bc6fa557a874432991fb3bef6cc8fecfed275284ca1549c6f502f2f2f86388f,2025-02-05,7,1,False,1.0,0.0,0.0,0.0,6.0,0.0,6.0,5.45,0.0
12881006a16563a03436c3185999cce893916a7f93bd295d9e51c610390a5400,2025-02-05,10,1,False,1.0,0.0,0.0,0.0,9.0,0.0,9.0,6.783333333333333,0.0
13cc67e7ae2b0731f9c20a2adb450d0ab125f700d392f08a01f5019b4da3be89,2025-02-05,10,1,False,1.0,0.0,0.0,0.0,9.0,0.0,9.0,7.333333333333333,0.0
1481a18bb91c683c9f0e63a3c1ffe035a67c1ee64eae546985a4caedd691f154,2025-02-05,6,1,False,1.0,0.0,0.0,0.0,5.0,0.0,5.0,4.983333333333333,0.0
1481cde120f4ec5a6626478c9222dacd947d0d027e33aa5175c391d3f10b05fd,2025-02-05,7,1,False,1.0,0.0,0.0,0.0,6.0,0.0,6.0,4.816666666666666,0.0
18757c67dbbb1f193d93dfd2c81d93f261d3cc1ab2b6b4a27daddb2a42f0c1e2,2025-02-05,13,1,False,1.0,0.0,0.0,0.0,12.0,0.0,12.0,7.433333333333334,0.0
1e13a5c6539e75908d998e36f94f2baee29b17d341286f7a2af3163b528a2fcc,2025-02-05,15,1,False,1.0,0.0,0.0,0.0,14.0,0.0,14.0,7.0,0.0
1e813ac9d9c5fbfa50cba6f0032edaff8652f398c5508cc13faa4cc0af6fc3b9,2025-02-05,7,1,False,1.0,0.0,0.0,0.0,6.0,0.0,6.0,7.033333333333333,0.0
1fddb883469b0cd0365153a0ebff0dbefb2b5a252dbaf2b9795ad45003650dcf,2025-02-05,6,1,False,1.0,0.0,0.0,0.0,5.0,0.0,5.0,7.15,0.0
227b301943873690ead2973a5f7d43ef587dc58b46733368a3f16daf8db98925,2025-02-05,8,1,False,1.0,0.0,0.0,0.0,7.0,0.0,7.0,8.033333333333333,0.0
269b850943bbddfb37b8186af3d0cd154525f08057e450bdb93ab26f06b9758d,2025-02-05,7,1,False,1.0,0.0,0.0,0.0,6.0,0.0,6.0,7.966666666666667,0.0
27ef13206d1090bf126d0f8dd08b66cc346b18eb199192600e14cdc52d7c9a35,2025-02-05,7,1,False,1.0,0.0,0.0,0.0,6.0,0.0,6.0,6.8,0.0
2b4a1e95204243f32c7235a27dbeae5a0e9d42da4c762132ac84c0817875d614,2025-02-05,12,1,False,1.0,0.0,0.0,0.0,11.0,0.0,11.0,7.95,0.0
2fdc8fb359ca03d047fec4ad4d7f3b9cfc23ebf54bee30aec8f1a6431bfd0d6e,2025-02-05,13,1,False,1.0,0.0,0.0,0.0,12.0,0.0,12.0,6.783333333333333,0.0
32c184d9780b5545a856a0a366a71b86deb3a80c4dc92142aaf6bb3437c336b1,2025-02-05,9,1,False,1.0,0.0,0.0,0.0,8.0,0.0,8.0,5.766666666666667,0.0
34977907ef51b1295028838fb56ded6159cee0d58c3200a0276324aac366417c,2025-02-05,13,1,False,1.0,0.0,2.0,0.0,10.0,0.0,10.0,7.333333333333333,0.15
3634cd4e250467a39545675e2f7386734815df9c667903c8c83b43450723a792,2025-02-05,14,1,False,1.0,0.0,2.0,0.0,11.0,0.0,11.0,8.2,0.15
369a478c83b6f436dd9aade49d6289f250e18ec2a71b9552d7d9bb884bb2b586,2025-02-05,10,1,False,1.0,0.0,0.0,0.0,9.0,0.0,9.0,7.9,0.0
3c32c4971223e549c349880665fa1e81f054571faf44435a8071b4de6b20dffb,2025-02-05,10,1,False,1.0,0.0,0.0,0.0,9.0,0.0,9.0,6.216666666666667,0.0
3e05c7d4c2f91af414e809d408787184297b351d1907c225f6f1e75fbec1f3a3,2025-02-05,9,1,False,1.0,0.0,0.0,0.0,8.0,0.0,8.0,7.233333333333333,0.0
44e2b71da8273f1b00b9ec55361a1e542f6812bce0acd27214d62e7de86dd6d0,2025-02-05,6,1,False,1.0,0.0,0.0,0.0,5.0,0.0,5.0,6.333333333333333,0.0
4620b38a9a7c0abed1e91cfdc3926234d098446655b643be9342b610365aa1b6,2025-02-05,6,1,False,1.0,0.0,0.0,0.0,5.0,0.0,5.0,7.283333333333333,0.0
49b020eb7c127b73472cb4fc893577b87b48690b941ca1067751e5a6e3eab262,2025-02-05,8,1,False,1.0,0.0,0.0,0.0,7.0,0.0,7.0,5.35,0.0
4bef524b2f19749989b990b1af1747f137bfe1d7fbf78fa1358ddfc45b247cf1,2025-02-05,12,1,False,1.0,0.0,0.0,0.0,11.0,2.0,11.0,9.466666666666667,0.15
4ef80c0c47503cd20d3a8157080fb28f38e6524b33375c23d5fcd98a2f64545e,2025-02-05,10,1,False,1.0,0.0,0.0,0.0,9.0,0.0,9.0,5.2,0.0
5088fc658035905665368960c940882faf61610a4e1ce57a24c6ffc946f0f5a8,2025-02-05,12,1,False,1.0,0.0,0.0,0.0,11.0,0.0,11.0,5.483333333333333,0.0
5379232fec078f04af386b787ed0dc69b2a455a27e52e901c773a11d2d0bce7f,2025-02-05,7,1,False,1.0,0.0,0.0,0.0,6.0,0.0,6.0,7.216666666666667,0.0
53a03335d3716bf67d3ed781065280a46863f8d947c2492c4e33cce33f4446d2,2025-02-05,13,1,False,1.0,0.0,0.0,0.0,12.0,0.0,12.0,7.05,0.0
603fcd2b8449630833d1b6c7313a10e8a2176025a45ca54002988df4de8536dd,2025-02-05,10,1,False,1.0,0.0,0.0,0.0,9.0,0.0,9.0,7.216666666666667,0.0
61127469ce0c27e2d19e0e5ecece9227e60515e12a899bc8bbc29e1c8f68a78f,2025-02-05,9,1,False,1.0,0.0,0.0,0.0,8.0,0.0,8.0,8.8,0.0
62009223daa0ff462d9b377b2b31f5c85b4e95caf611f5339cbb2b5e1dc9cab5,2025-02-05,10,1,False,1.0,0.0,0.0,0.0,9.0,0.0,9.0,8.133333333333333,0.0
620ea76a7f314a9faecfaadf110510d2abcf73e79e56e93b476e80794b9e251f,2025-02-05,6,1,False,1.0,0.0,0.0,0.0,5.0,0.0,5.0,7.266666666666667,0.0
685e9623979d1c18a11af39701aaf24188e1a40aee4c205c4d3220d26708793d,2025-02-05,13,1,False,1.0,0.0,0.0,0.0,12.0,0.0,12.0,7.45,0.0
69295bad69cbd357f13dc891b598791ab746ad0ed9cea2f9da57019f70c847b6,2025-02-05,15,1,False,1.0,0.0,0.0,0.0,14.0,0.0,14.0,7.983333333333333,0.0
6ac76fd52b6451030fdaa8cce0d1126104c034aa0d6cff3c078311dce03e36e5,2025-02-05,8,1,False,1.0,0.0,0.0,0.0,7.0,0.0,7.0,3.966666666666667,0.0
6e0553bc94f1b3457a68943cdeb271536fa0ca87652900b8c47b6b4e2eabc4b7,2025-02-05,6,1,False,1.0,0.0,0.0,0.0,5.0,0.0,5.0,6.516666666666667,0.0
71c200742f059a8380e2f3dd53ca613e2cdd705c24898e5957d46fefeff67336,2025-02-05,12,1,False,1.0,0.0,0.0,0.0,11.0,0.0,11.0,7.483333333333333,0.0
768115c2eaa5bf872b6f73af67403e31127811d5dfdaa65f5998e7f57a6be1ca,2025-02-05,6,1,False,1.0,0.0,0.0,0.0,5.0,0.0,5.0,9.0,0.0
77a935bf01e27db1c86c62c6082710b6fe7046028279183cc90fc11b5a21dd3c,2025-02-05,12,1,False,1.0,0.0,0.0,0.0,11.0,0.0,11.0,4.716666666666667,0.0
7b291901ed6fc90c51c56024b33122026451c19dfa4736a37621d21afa86ab5a,2025-02-05,16,1,False,1.0,0.0,0.0,0.0,15.0,0.0,15.0,6.566666666666666,0.0
7d64092a6e7dfd07913942876a0c314955bce8dc9fcabd12166bcf1ad5666185,2025-02-05,13,1,False,1.0,0.0,0.0,0.0,12.0,0.0,12.0,8.55,0.0
7faca1558937aea9797473b24d153f084fc8bc52e7e16da8f8bf4c48b587b358,2025-02-05,9,1,False,1.0,0.0,0.0,0.0,8.0,0.0,8.0,6.5,0.0
806e62fd6dd962469b9425c2f7b2550582df8623e5c711ade163292a626414aa,2025-02-05,6,1,False,1.0,0.0,0.0,0.0,5.0,0.0,5.0,6.666666666666667,0.0
85bf8422bdd496aa90249b85acbd42b16a6a0ed3121a586f0bcc607d16d09d80,2025-02-05,11,1,False,1.0,0.0,0.0,0.0,10.0,0.0,10.0,6.733333333333333,0.0
88b53efa4c89ad7a3d90cf3c01046d714f1adff9827d0eb5754b4ef76c64f039,2025-02-05,12,1,False,1.0,0.0,0.0,0.0,11.0,0.0,11.0,7.633333333333334,0.0
8eb9feaf80cb3b47e639148a128ff9ae2b814462106966998a7656825b71fa7d,2025-02-05,9,1,False,1.0,0.0,0.0,0.0,8.0,0.0,8.0,7.1,0.0
924ed1bb3874124ad2e307aa33a7e5791cc81dd30c0c079d54cfc1ea14ee310a,2025-02-05,10,1,False,1.0,0.0,0.0,0.0,9.0,0.0,9.0,5.533333333333333,0.0
939b9328b580200251e640b1f2170850525f4fefe336c98f053407a0725f9849,2025-02-05,10,1,False,1.0,0.0,0.0,0.0,9.0,0.0,9.0,6.816666666666666,0.0
9a31e4091d5c4c7fb8b9377b091ea9caa9cf26c36e62547a85992d9e109b1b9c,2025-02-05,15,1,False,1.0,0.0,0.0,0.0,14.0,0.0,14.0,7.35,0.0
9e007677846640b2acc599b1d1d498a20ff8260eeda2d49338e3b6ed111045a9,2025-02-05,11,1,False,1.0,0.0,0.0,0.0,10.0,0.0,10.0,6.983333333333333,0.0
9e7a5e914136e41ca82c366fd529e02d961e7ed1a6019ff724f06dbe447fbb88,2025-02-05,8,1,False,1.0,0.0,0.0,0.0,7.0,0.0,7.0,6.8,0.0
a8848b387af6359642c71478f693e4643381802ccc97f2b0c353264d7729405c,2025-02-05,9,1,False,1.0,0.0,0.0,0.0,8.0,0.0,8.0,5.966666666666667,0.0
b55080c0db11860ea934ecf297a13cf247817b3e34562a5897c18ff2cfa07f07,2025-02-05,10,1,False,1.0,0.0,0.0,0.0,9.0,0.0,9.0,8.25,0.0
b66c51931f321cca81cc9195f90b3174ae82ebb56c74459770f7800e347ca3b0,2025-02-05,16,1,False,1.0,0.0,0.0,0.0,15.0,0.0,15.0,6.716666666666667,0.0
b8e6c17d68aafa670b598b1cf0c0bd73a2937d6abb11055fded76b5e53231165,2025-02-05,14,1,False,1.0,0.0,0.0,0.0,13.0,2.0,13.0,9.366666666666667,0.15
bc60389887dd911a09f472d0f840e5a268d310cd13f422bfc6f811eb916ec82f,2025-02-05,6,1,False,1.0,0.0,0.0,0.0,5.0,0.0,5.0,4.35,0.0
c2fa44374f0aab02cb57c9ed348bb43c1fd456bfdf5b296c4f72174a002cd27f,2025-02-05,12,1,False,1.0,0.0,0.0,0.0,11.0,0.0,11.0,8.816666666666666,0.0
c5a8e30eed6744da0b641f474ebb407a75bc6fd07bd6e3c7aeb522c884dd456b,2025-02-05,16,1,False,1.0,0.0,0.0,0.0,15.0,1.0,15.0,9.016666666666667,0.15
c734a9d4fd20facb7d4e2f69c7a7be0a0263956653fc71b8d25ad3ed7a1ba446,2025-02-05,6,1,False,1.0,0.0,0.0,0.0,5.0,0.0,5.0,7.35,0.0
cb50b7517e0741a49adb67908546647f1da3398d8c72f00f00e9ba111909654b,2025-02-05,16,1,False,1.0,0.0,0.0,0.0,15.0,0.0,15.0,7.25,0.0
cc4113bc0f389ec5987bdc5cae8e94c8c01f0c5e127a5fc2b0ef752d7226c0ca,2025-02-05,14,1,False,1.0,0.0,0.0,0.0,13.0,0.0,13.0,8.15,0.0
cca321773f148695c0ffc5ed365db650aadc5ecdd13b4ddb3e6b57f38bf5a719,2025-02-05,11,1,False,1.0,0.0,0.0,0.0,10.0,0.0,10.0,6.4,0.0
d111a1427a39ed7f2d2483db714c5e0d79823bc9ecc62a126e1d144d374d286a,2025-02-05,12,1,False,1.0,0.0,0.0,0.0,11.0,0.0,11.0,6.933333333333334,0.0
dab294f3951611f65a9b1e6408fbad19981d1b65b76c28c3408dac6a6b93bbc8,2025-02-05,13,1,False,1.0,1.0,0.0,0.0,12.0,0.0,12.0,7.0,0.2
ddee12fc509b00889675d637518a8f7dfe216a200b6ad812c397b77d8bccb88b,2025-02-05,6,1,False,1.0,0.0,0.0,0.0,5.0,0.0,5.0,6.4,0.0
e001292c71d84c28529aed04ab0af1efa767893752908a7b7645f33d09aab74b,2025-02-05,15,1,False,1.0,0.0,0.0,0.0,14.0,0.0,14.0,7.483333333333333,0.0
e1a146fdbba0f457a2ea0a102e2c24872edc75865f95a9b842fcefa68e455266,2025-02-05,15,1,False,1.0,0.0,0.0,0.0,14.0,0.0,14.0,5.716666666666667,0.0
e498ed2d854e821dd717169a7b55e586bb647b3bd1ef51990cbd4e847791cc49,2025-02-05,13,1,False,1.0,0.0,0.0,0.0,12.0,0.0,12.0,7.066666666666666,0.0
e72c6ef5ea8445fc95b1c3ca1c82368b6c9adc8a29368110f51d81735f76f11c,2025-02-05,11,1,False,1.0,0.0,0.0,0.0,10.0,2.0,10.0,9.116666666666667,0.15
ea171ad8a99227777c2e7c1664c91caf9c08e47d4ba5c09165812a6d9633998c,2025-02-05,11,1,False,1.0,0.0,0.0,0.0,10.0,0.0,10.0,6.3,0.0
eac146261339b15b8a1e873ed372802ae1c5198377cc8e0f4a23d21bcead9c02,2025-02-05,9,1,False,1.0,0.0,0.0,0.0,8.0,0.0,8.0,8.216666666666667,0.0
ec8eef52024b6815e3113797e206a360a9c324efc2f400801d5eb1179b75a43d,2025-02-05,16,1,False,1.0,0.0,0.0,0.0,15.0,2.0,15.0,8.583333333333334,0.15
eecce08639c689fc3170d254f909a8dedd091d778d0ae7aa829c656b8d085cdd,2025-02-05,14,1,False,1.0,0.0,0.0,0.0,13.0,0.0,13.0,4.75,0.0
f02fff917d5e1f556f7ca2d8e8ddde98179be018c2669a269bf40d4f64b627f7,2025-02-05,21,1,False,1.0,0.0,0.0,0.0,20.0,14.0,20.0,19.3,0.15
f17b0eabd2530f1710fc19c34c4d29cc782a669753833ca0d88f524467cdf67f,2025-02-05,11,1,False,1.0,0.0,0.0,0.0,10.0,0.0,10.0,7.016666666666667,0.0
f26a64875adce083be80130e941dbfa6e94f2202ff0c463336c1300ecc5217f6,2025-02-05,15,1,False,1.0,0.0,0.0,0.0,14.0,0.0,14.0,7.633333333333334,0.0
f441fbdfbb3a65b7660b581790ec8633cd5e9a2bc3450e46f6f6d948e0ebd96b,2025-02-05,15,1,False,1.0,0.0,0.0,0.0,14.0,0.0,14.0,7.016666666666667,0.0
012fb52705cf3c18e19ff7f562c781dcd1736f3e5615ace007e35dee4740f412,2025-02-06,7,1,False,1.0,0.0,0.0,0.0,6.0,0.0,6.0,6.683333333333334,0.0
0604919ff2aebe087b97959084f1fffe2fd89b7e92f8997d6249f5617f0ec041,2025-02-06,10,1,False,1.0,0.0,0.0,0.0,9.0,0.0,9.0,5.133333333333334,0.0
0b9c9b2a643d502fb0470c0e2d25bd40592ae24d88e27a9cca008632f6491e86,2025-02-06,10,1,False,1.0,0.0,0.0,0.0,9.0,0.0,9.0,7.616666666666666,0.0
0bc6fa557a874432991fb3bef6cc8fecfed275284ca1549c6f502f2f2f86388f,2025-02-06,11,1,False,1.0,0.0,0.0,0.0,10.0,0.0,10.0,6.233333333333333,0.0
12881006a16563a03436c3185999cce893916a7f93bd295d9e51c610390a5400,2025-02-06,9,1,False,1.0,0.0,0.0,0.0,8.0,0.0,8.0,5.466666666666667,0.0
13cc67e7ae2b0731f9c20a2adb450d0ab125f700d392f08a01f5019b4da3be89,2025-02-06,13,1,False,1.0,0.0,0.0,0.0,12.0,0.0,12.0,6.766666666666667,0.0
1481a18bb91c683c9f0e63a3c1ffe035a67c1ee64eae546985a4caedd691f154,2025-02-06,13,1,False,1.0,0.0,0.0,0.0,12.0,0.0,12.0,8.383333333333333,0.0
1481cde120f4ec5a6626478c9222dacd947d0d027e33aa5175c391d3f10b05fd,2025-02-06,8,1,False,1.0,0.0,0.0,0.0,7.0,0.0,7.0,4.766666666666667,0.0
18757c67dbbb1f193d93dfd2c81d93f261d3cc1ab2b6b4a27daddb2a42f0c1e2,2025-02-06,16,1,False,1.0,0.0,0.0,0.0,15.0,0.0,15.0,8.466666666666667,0.0
1e13a5c6539e75908d998e36f94f2baee29b17d341286f7a2af3163b528a2fcc,2025-02-06,15,1,False,1.0,0.0,0.0,0.0,14.0,0.0,14.0,5.783333333333333,0.0
1e813ac9d9c5fbfa50cba6f0032edaff8652f398c5508cc13faa4cc0af6fc3b9,2025-02-06,8,1,False,1.0,0.0,0.0,0.0,7.0,0.0,7.0,6.083333333333333,0.0
1fddb883469b0cd0365153a0ebff0dbefb2b5a252dbaf2b9795ad45003650dcf,2025-02-06,8,1,False,1.0,0.0,0.0,0.0,7.0,0.0,7.0,4.516666666666667,0.0
227b301943873690ead2973a5f7d43ef587dc58b46733368a3f16daf8db98925,2025-02-06,8,1,False,1.0,0.0,0.0,0.0,7.0,0.0,7.0,7.016666666666667,0.0
269b850943bbddfb37b8186af3d0cd154525f08057e450bdb93ab26f06b9758d,2025-02-06,9,1,False,1.0,0.0,0.0,0.0,8.0,0.0,8.0,7.3,0.0
27ef13206d1090bf126d0f8dd08b66cc346b18eb199192600e14cdc52d7c9a35,2025-02-06,12,1,False,1.0,0.0,0.0,0.0,11.0,0.0,11.0,8.983333333333333,0.0
2b4a1e95204243f32c7235a27dbeae5a0e9d42da4c762132ac84c0817875d614,2025-02-06,11,1,False,1.0,0.0,0.0,0.0,10.0,0.0,10.0,6.95,0.0
2fdc8fb359ca03d047fec4ad4d7f3b9cfc23ebf54bee30aec8f1a6431bfd0d6e,2025-02-06,10,1,False,1.0,0.0,0.0,0.0,9.0,0.0,9.0,7.333333333333333,0.0
32c184d9780b5545a856a0a366a71b86deb3a80c4dc92142aaf6bb3437c336b1,2025-02-06,16,1,False,1.0,0.0,0.0,0.0,15.0,0.0,15.0,7.066666666666666,0.0
34977907ef51b1295028838fb56ded6159cee0d58c3200a0276324aac366417c,2025-02-06,14,1,False,1.0,0.0,0.0,0.0,13.0,0.0,13.0,8.366666666666667,0.0
3634cd4e250467a39545675e2f7386734815df9c667903c8c83b43450723a792,2025-02-06,13,1,False,1.0,0.0,2.0,0.0,10.0,0.0,10.0,8.616666666666667,0.15
369a478c83b6f436dd9aade49d6289f250e18ec2a71b9552d7d9bb884bb2b586,2025-02-06,10,1,False,1.0,0.0,0.0,0.0,9.0,0.0,9.0,6.766666666666667,0.0
3c32c4971223e549c349880665fa1e81f054571faf44435a8071b4de6b20dffb,2025-02-06,15,1,False,1.0,0.0,0.0,0.0,14.0,0.0,14.0,7.083333333333333,0.0
3e05c7d4c2f91af414e809d408787184297b351d1907c225f6f1e75fbec1f3a3,2025-02-06,15,1,False,1.0,0.0,0.0,0.0,14.0,0.0,14.0,8.15,0.0
44e2b71da8273f1b00b9ec55361a1e542f6812bce0acd27214d62e7de86dd6d0,2025-02-06,6,1,False,1.0,0.0,0.0,0.0,5.0,0.0,5.0,7.833333333333333,0.0
4620b38a9a7c0abed1e91cfdc3926234d098446655b643be9342b610365aa1b6,2025-02-06,16,1,False,1.0,0.0,0.0,0.0,15.0,0.0,15.0,8.016666666666667,0.0
49b020eb7c127b73472cb4fc893577b87b48690b941ca1067751e5a6e3eab262,2025-02-06,14,1,False,1.0,0.0,0.0,0.0,13.0,0.0,13.0,7.7,0.0
4bef524b2f19749989b990b1af1747f137bfe1d7fbf78fa1358ddfc45b247cf1,2025-02-06,7,1,False,1.0,0.0,0.0,0.0,6.0,0.0,6.0,6.45,0.0
4ef80c0c47503cd20d3a8157080fb28f38e6524b33375c23d5fcd98a2f64545e,2025-02-06,16,1,False,1.0,0.0,0.0,0.0,15.0,0.0,15.0,7.55,0.0
5088fc658035905665368960c940882faf61610a4e1ce57a24c6ffc946f0f5a8,2025-02-06,6,1,False,1.0,0.0,0.0,0.0,5.0,0.0,5.0,8.066666666666666,0.0
5379232fec078f04af386b787ed0dc69b2a455a27e52e901c773a11d2d0bce7f,2025-02-06,12,1,False,1.0,0.0,0.0,0.0,11.0,0.0,11.0,8.216666666666667,0.0
53a03335d3716bf67d3ed781065280a46863f8d947c2492c4e33cce33f4446d2,2025-02-06,11,1,False,1.0,1.0,0.0,0.0,10.0,0.0,10.0,7.483333333333333,0.2
603fcd2b8449630833d1b6c7313a10e8a2176025a45ca54002988df4de8536dd,2025-02-06,9,1,False,1.0,0.0,0.0,0.0,8.0,1.0,8.0,12.533333333333333,0.15
61127469ce0c27e2d19e0e5ecece9227e60515e12a899bc8bbc29e1c8f68a78f,2025-02-06,13,1,False,1.0,0.0,0.0,0.0,12.0,0.0,12.0,7.616666666666666,0.0
62009223daa0ff462d9b377b2b31f5c85b4e95caf611f5339cbb2b5e1dc9cab5,2025-02-06,13,1,False,1.0,0.0,0.0,0.0,12.0,0.0,12.0,5.95,0.0
620ea76a7f314a9faecfaadf110510d2abcf73e79e56e93b476e80794b9e251f,2025-02-06,12,1,False,1.0,0.0,0.0,0.0,11.0,2.0,11.0,8.616666666666667,0.15
685e9623979d1c18a11af39701aaf24188e1a40aee4c205c4d3220d26708793d,2025-02-06,11,1,False,1.0,0.0,0.0,0.0,10.0,0.0,10.0,6.133333333333334,0.0
69295bad69cbd357f13dc891b598791ab746ad0ed9cea2f9da57019f70c847b6,2025-02-06,7,1,False,1.0,0.0,0.0,0.0,6.0,0.0,6.0,4.933333333333334,0.0
6ac76fd52b6451030fdaa8cce0d1126104c034aa0d6cff3c078311dce03e36e5,2025-02-06,13,1,False,1.0,0.0,0.0,0.0,12.0,0.0,12.0,5.25,0.0
6e0553bc94f1b3457a68943cdeb271536fa0ca87652900b8c47b6b4e2eabc4b7,2025-02-06,11,1,False,1.0,0.0,0.0,0.0,10.0,0.0,10.0,7.3,0.0
71c200742f059a8380e2f3dd53ca613e2cdd705c24898e5957d46fefeff67336,2025-02-06,14,1,False,1.0,0.0,0.0,0.0,13.0,0.0,13.0,8.483333333333333,0.0
768115c2eaa5bf872b6f73af67403e31127811d5dfdaa65f5998e7f57a6be1ca,2025-02-06,10,1,False,1.0,0.0,0.0,0.0,9.0,0.0,9.0,3.8666666666666667,0.0
77a935bf01e27db1c86c62c6082710b6fe7046028279183cc90fc11b5a21dd3c,2025-02-06,13,1,False,1.0,0.0,0.0,0.0,12.0,0.0,12.0,6.266666666666667,0.0
7b291901ed6fc90c51c56024b33122026451c19dfa4736a37621d21afa86ab5a,2025-02-06,15,1,False,1.0,0.0,0.0,0.0,14.0,0.0,14.0,7.4,0.0
7d64092a6e7dfd07913942876a0c314955bce8dc9fcabd12166bcf1ad5666185,2025-02-06,16,1,False,1.0,0.0,0.0,0.0,15.0,0.0,15.0,7.683333333333334,0.0
7faca1558937aea9797473b24d153f084fc8bc52e7e16da8f8bf4c48b587b358,2025-02-06,6,1,False,1.0,0.0,0.0,0.0,5.0,0.0,5.0,5.516666666666667,0.0
806e62fd6dd962469b9425c2f7b2550582df8623e5c711ade163292a626414aa,2025-02-06,11,1,False,1.0,0.0,0.0,0.0,10.0,0.0,10.0,5.983333333333333,0.0
85bf8422bdd496aa90249b85acbd42b16a6a0ed3121a586f0bcc607d16d09d80,2025-02-06,16,1,False,1.0,0.0,0.0,0.0,15.0,0.0,15.0,8.85,0.0
88b53efa4c89ad7a3d90cf3c01046d714f1adff9827d0eb5754b4ef76c64f039,2025-02-06,6,1,False,1.0,0.0,0.0,0.0,5.0,0.0,5.0,7.55,0.0
8eb9feaf80cb3b47e639148a128ff9ae2b814462106966998a7656825b71fa7d,2025-02-06,10,1,False,1.0,0.0,0.0,0.0,9.0,0.0,9.0,8.95,0.0
924ed1bb3874124ad2e307aa33a7e5791cc81dd30c0c079d54cfc1ea14ee310a,2025-02-06,16,1,False,1.0,0.0,0.0,0.0,15.0,5.0,15.0,9.866666666666667,0.15
939b9328b580200251e640b1f2170850525f4fefe336c98f053407a0725f9849,2025-02-06,16,1,False,1.0,0.0,0.0,0.0,15.0,0.0,15.0,9.233333333333333,0.0
9a31e4091d5c4c7fb8b9377b091ea9caa9cf26c36e62547a85992d9e109b1b9c,2025-02-06,11,1,False,1.0,0.0,0.0,0.0,10.0,0.0,10.0,7.633333333333334,0.0
9e007677846640b2acc599b1d1d498a20ff8260eeda2d49338e3b6ed111045a9,2025-02-06,13,1,False,1.0,0.0,0.0,0.0,12.0,0.0,12.0,6.7,0.0
9e7a5e914136e41ca82c366fd529e02d961e7ed1a6019ff724f06dbe447fbb88,2025-02-06,13,1,False,1.0,1.0,0.0,0.0,12.0,0.0,12.0,7.4,0.2
a8848b387af6359642c71478f693e4643381802ccc97f2b0c353264d7729405c,2025-02-06,6,1,False,1.0,0.0,0.0,0.0,5.0,0.0,5.0,5.1,0.0
b55080c0db11860ea934ecf297a13cf247817b3e34562a5897c18ff2cfa07f07,2025-02-06,10,1,False,1.0,0.0,0.0,0.0,9.0,0.0,9.0,7.883333333333334,0.0
b66c51931f321cca81cc9195f90b3174ae82ebb56c74459770f7800e347ca3b0,2025-02-06,13,1,False,1.0,0.0,0.0,0.0,12.0,0.0,12.0,8.2,0.0
b8e6c17d68aafa670b598b1cf0c0bd73a2937d6abb11055fded76b5e53231165,2025-02-06,9,1,False,1.0,0.0,0.0,0.0,8.0,0.0,8.0,7.933333333333334,0.0
bc60389887dd911a09f472d0f840e5a268d310cd13f422bfc6f811eb916ec82f,2025-02-06,6,1,False,1.0,0.0,0.0,0.0,5.0,0.0,5.0,7.05,0.0
c2fa44374f0aab02cb57c9ed348bb43c1fd456bfdf5b296c4f72174a002cd27f,2025-02-06,13,1,False,1.0,0.0,0.0,0.0,12.0,5.0,12.0,12.933333333333334,0.15
c5a8e30eed6744da0b641f474ebb407a75bc6fd07bd6e3c7aeb522c884dd456b,2025-02-06,13,1,False,1.0,0.0,0.0,0.0,12.0,0.0,12.0,7.766666666666667,0.0
c734a9d4fd20facb7d4e2f69c7a7be0a0263956653fc71b8d25ad3ed7a1ba446,2025-02-06,15,1,False,1.0,0.0,0.0,0.0,14.0,0.0,14.0,6.783333333333333,0.0
cb50b7517e0741a49adb67908546647f1da3398d8c72f00f00e9ba111909654b,2025-02-06,10,1,False,1.0,0.0,0.0,0.0,9.0,0.0,9.0,6.833333333333333,0.0
cc4113bc0f389ec5987bdc5cae8e94c8c01f0c5e127a5fc2b0ef752d7226c0ca,2025-02-06,10,1,False,1.0,0.0,0.0,0.0,9.0,0.0,9.0,6.133333333333334,0.0
cca321773f148695c0ffc5ed365db650aadc5ecdd13b4ddb3e6b57f38bf5a719,2025-02-06,8,1,False,1.0,0.0,0.0,0.0,7.0,0.0,7.0,5.15,0.0
d111a1427a39ed7f2d2483db714c5e0d79823bc9ecc62a126e1d144d374d286a,2025-02-06,12,1,False,1.0,0.0,0.0,0.0,11.0,0.0,11.0,8.566666666666666,0.0
dab294f3951611f65a9b1e6408fbad19981d1b65b76c28c3408dac6a6b93bbc8,2025-02-06,14,1,False,1.0,0.0,0.0,0.0,13.0,0.0,13.0,7.566666666666666,0.0
ddee12fc509b00889675d637518a8f7dfe216a200b6ad812c397b77d8bccb88b,2025-02-06,13,1,False,1.0,0.0,0.0,0.0,12.0,0.0,12.0,8.3,0.0
e001292c71d84c28529aed04ab0af1efa767893752908a7b7645f33d09aab74b,2025-02-06,10,1,False,1.0,0.0,0.0,0.0,9.0,0.0,9.0,6.1,0.0
e1a146fdbba0f457a2ea0a102e2c24872edc75865f95a9b842fcefa68e455266,2025-02-06,9,1,False,1.0,0.0,0.0,0.0,8.0,0.0,8.0,7.7,0.0
e498ed2d854e821dd717169a7b55e586bb647b3bd1ef51990cbd4e847791cc49,2025-02-06,11,1,False,1.0,0.0,0.0,0.0,10.0,0.0,10.0,6.333333333333333,0.0
e72c6ef5ea8445fc95b1c3ca1c82368b6c9adc8a29368110f51d81735f76f11c,2025-02-06,11,1,False,1.0,0.0,0.0,0.0,10.0,0.0,10.0,4.433333333333334,0.0
ea171ad8a99227777c2e7c1664c91caf9c08e47d4ba5c09165812a6d9633998c,2025-02-06,15,1,False,1.0,0.0,0.0,0.0,14.0,0.0,14.0,6.333333333333333,0.0
eac146261339b15b8a1e873ed372802ae1c5198377cc8e0f4a23d21bcead9c02,2025-02-06,12,1,False,1.0,1.0,0.0,0.0,11.0,0.0,11.0,8.516666666666667,0.2
ec8eef52024b6815e3113797e206a360a9c324efc2f400801d5eb1179b75a43d,2025-02-06,14,1,False,1.0,0.0,0.0,0.0,13.0,0.0,13.0,7.616666666666666,0.0
eecce08639c689fc3170d254f909a8dedd091d778d0ae7aa829c656b8d085cdd,2025-02-06,13,1,False,1.0,0.0,0.0,0.0,12.0,0.0,12.0,5.45,0.0
f02fff917d5e1f556f7ca2d8e8ddde98179be018c2669a269bf40d4f64b627f7,2025-02-06,15,1,False,1.0,0.0,0.0,0.0,14.0,0.0,14.0,8.9,0.0
f17b0eabd2530f1710fc19c34c4d29cc782a669753833ca0d88f524467cdf67f,2025-02-06,15,1,False,1.0,1.0,0.0,0.0,14.0,4.0,14.0,7.233333333333333,0.35
f26a64875adce083be80130e941dbfa6e94f2202ff0c463336c1300ecc5217f6,2025-02-06,13,1,False,1.0,0.0,0.0,0.0,12.0,0.0,12.0,8.116666666666667,0.0
f441fbdfbb3a65b7660b581790ec8633cd5e9a2bc3450e46f6f6d948e0ebd96b,2025-02-06,14,1,False,1.0,0.0,0.0,0.0,13.0,0.0,13.0,5.8,0.0
012fb52705cf3c18e19ff7f562c781dcd1736f3e5615ace007e35dee4740f412,2025-02-07,13,1,False,1.0,0.0,0.0,0.0,12.0,0.0,12.0,7.266666666666667,0.0
0604919ff2aebe087b97959084f1fffe2fd89b7e92f8997d6249f5617f0ec041,2025-02-07,11,1,False,1.0,0.0,0.0,0.0,10.0,0.0,10.0,5.433333333333334,0.0
0b9c9b2a643d502fb0470c0e2d25bd40592ae24d88e27a9cca008632f6491e86,2025-02-07,15,1,False,1.0,0.0,0.0,0.0,14.0,0.0,14.0,8.933333333333334,0.0
0bc6fa557a874432991fb3bef6cc8fecfed275284ca1549c6f502f2f2f86388f,2025-02-07,8,1,False,1.0,0.0,0.0,0.0,7.0,0.0,7.0,5.966666666666667,0.0
12881006a16563a03436c3185999cce893916a7f93bd295d9e51c610390a5400,2025-02-07,6,1,False,1.0,0.0,0.0,0.0,5.0,0.0,5.0,6.066666666666666,0.0
13cc67e7ae2b0731f9c20a2adb450d0ab125f700d392f08a01f5019b4da3be89,2025-02-07,13,1,False,1.0,0.0,0.0,0.0,12.0,0.0,12.0,8.183333333333334,0.0
1481a18bb91c683c9f0e63a3c1ffe035a67c1ee64eae546985a4caedd691f154,2025-02-07,7,1,False,1.0,0.0,0.0,0.0,6.0,0.0,6.0,7.433333333333334,0.0
1481cde120f4ec5a6626478c9222dacd947d0d027e33aa5175c391d3f10b05fd,2025-02-07,9,1,False,1.0,0.0,0.0,0.0,8.0,0.0,8.0,4.35,0.0
18757c67dbbb1f193d93dfd2c81d93f261d3cc1ab2b6b4a27daddb2a42f0c1e2,2025-02-07,10,1,False,1.0,0.0,0.0,0.0,9.0,0.0,9.0,8.166666666666666,0.0
1e13a5c6539e75908d998e36f94f2baee29b17d341286f7a2af3163b528a2fcc,2025-02-07,6,1,False,1.0,0.0,0.0,0.0,5.0,0.0,5.0,7.666666666666667,0.0
1e813ac9d9c5fbfa50cba6f0032edaff8652f398c5508cc13faa4cc0af6fc3b9,2025-02-07,9,1,False,1.0,0.0,0.0,0.0,8.0,0.0,8.0,8.033333333333333,0.0
1fddb883469b0cd0365153a0ebff0dbefb2b5a252dbaf2b9795ad45003650dcf,2025-02-07,4,1,False,1.0,1.0,0.0,0.0,3.0,3.0,3.0,0.7333333333333333,0.35
227b301943873690ead2973a5f7d43ef587dc58b46733368a3f16daf8db98925,2025-02-07,8,1,False,1.0,0.0,0.0,0.0,7.0,0.0,7.0,6.35,0.0
269b850943bbddfb37b8186af3d0cd154525f08057e450bdb93ab26f06b9758d,2025-02-07,12,1,False,1.0,1.0,0.0,0.0,11.0,1.0,11.0,9.783333333333333,0.35
27ef13206d1090bf126d0f8dd08b66cc346b18eb199192600e14cdc52d7c9a35,2025-02-07,10,1,False,1.0,0.0,0.0,0.0,9.0,0.0,9.0,7.266666666666667,0.0
2b4a1e95204243f32c7235a27dbeae5a0e9d42da4c762132ac84c0817875d614,2025-02-07,6,1,False,1.0,0.0,0.0,0.0,5.0,0.0,5.0,5.0,0.0
2fdc8fb359ca03d047fec4ad4d7f3b9cfc23ebf54bee30aec8f1a6431bfd0d6e,2025-02-07,10,1,False,1.0,0.0,0.0,0.0,9.0,2.0,9.0,8.933333333333334,0.15
32c184d9780b5545a856a0a366a71b86deb3a80c4dc92142aaf6bb3437c336b1,2025-02-07,12,1,False,1.0,0.0,0.0,0.0,11.0,0.0,11.0,6.333333333333333,0.0
34977907ef51b1295028838fb56ded6159cee0d58c3200a0276324aac366417c,2025-02-07,15,1,False,1.0,0.0,0.0,0.0,14.0,0.0,14.0,7.783333333333333,0.0
3634cd4e250467a39545675e2f7386734815df9c667903c8c83b43450723a792,2025-02-07,7,1,False,1.0,0.0,0.0,0.0,6.0,0.0,6.0,7.866666666666666,0.0
369a478c83b6f436dd9aade49d6289f250e18ec2a71b9552d7d9bb884bb2b586,2025-02-07,14,1,False,1.0,0.0,0.0,0.0,13.0,1.0,13.0,8.466666666666667,0.15
3c32c4971223e549c349880665fa1e81f054571faf44435a8071b4de6b20dffb,2025-02-07,11,1,False,1.0,0.0,0.0,0.0,10.0,0.0,10.0,6.283333333333333,0.0
3e05c7d4c2f91af414e809d408787184297b351d1907c225f6f1e75fbec1f3a3,2025-02-07,8,1,False,1.0,0.0,0.0,0.0,7.0,0.0,7.0,6.083333333333333,0.0
44e2b71da8273f1b00b9ec55361a1e542f6812bce0acd27214d62e7de86dd6d0,2025-02-07,12,1,False,1.0,0.0,0.0,0.0,11.0,1.0,11.0,8.733333333333333,0.15
4620b38a9a7c0abed1e91cfdc3926234d098446655b643be9342b610365aa1b6,2025-02-07,15,1,False,1.0,0.0,0.0,0.0,14.0,0.0,14.0,7.433333333333334,0.0
49b020eb7c127b73472cb4fc893577b87b48690b941ca1067751e5a6e3eab262,2025-02-07,8,1,False,1.0,0.0,0.0,0.0,7.0,0.0,7.0,8.033333333333333,0.0
4bef524b2f19749989b990b1af1747f137bfe1d7fbf78fa1358ddfc45b247cf1,2025-02-07,16,1,False,1.0,0.0,0.0,0.0,15.0,3.0,15.0,9.583333333333334,0.15
4ef80c0c47503cd20d3a8157080fb28f38e6524b33375c23d5fcd98a2f64545e,2025-02-07,12,1,False,1.0,0.0,0.0,0.0,11.0,0.0,11.0,6.55,0.0
5088fc658035905665368960c940882faf61610a4e1ce57a24c6ffc946f0f5a8,2025-02-07,12,1,False,1.0,0.0,0.0,0.0,11.0,0.0,11.0,8.133333333333333,0.0
5379232fec078f04af386b787ed0dc69b2a455a27e52e901c773a11d2d0bce7f,2025-02-07,8,1,False,1.0,0.0,0.0,0.0,7.0,0.0,7.0,8.383333333333333,0.0
53a03335d3716bf67d3ed781065280a46863f8d947c2492c4e33cce33f4446d2,2025-02-07,15,1,False,1.0,0.0,0.0,0.0,14.0,0.0,14.0,7.483333333333333,0.0
603fcd2b8449630833d1b6c7313a10e8a2176025a45ca54002988df4de8536dd,2025-02-07,13,1,False,1.0,0.0,0.0,0.0,12.0,0.0,12.0,7.933333333333334,0.0
61127469ce0c27e2d19e0e5ecece9227e60515e12a899bc8bbc29e1c8f68a78f,2025-02-07,14,1,False,1.0,0.0,0.0,0.0,13.0,0.0,13.0,7.416666666666667,0.0
62009223daa0ff462d9b377b2b31f5c85b4e95caf611f5339cbb2b5e1dc9cab5,2025-02-07,7,1,False,1.0,0.0,0.0,0.0,6.0,0.0,6.0,7.166666666666667,0.0
620ea76a7f314a9faecfaadf110510d2abcf73e79e56e93b476e80794b9e251f,2025-02-07,9,1,False,1.0,0.0,0.0,0.0,8.0,0.0,8.0,8.2,0.0
685e9623979d1c18a11af39701aaf24188e1a40aee4c205c4d3220d26708793d,2025-02-07,7,1,False,1.0,0.0,0.0,0.0,6.0,0.0,6.0,6.2,0.0
69295bad69cbd357f13dc891b598791ab746ad0ed9cea2f9da57019f70c847b6,2025-02-07,8,1,False,1.0,0.0,0.0,0.0,7.0,0.0,7.0,5.55,0.0
6ac76fd52b6451030fdaa8cce0d1126104c034aa0d6cff3c078311dce03e36e5,2025-02-07,11,1,False,1.0,0.0,0.0,0.0,10.0,2.0,10.0,8.583333333333334,0.15
6e0553bc94f1b3457a68943cdeb271536fa0ca87652900b8c47b6b4e2eabc4b7,2025-02-07,6,1,False,1.0,0.0,0.0,0.0,5.0,0.0,5.0,6.45,0.0
71c200742f059a8380e2f3dd53ca613e2cdd705c24898e5957d46fefeff67336,2025-02-07,10,1,False,1.0,0.0,0.0,0.0,9.0,0.0,9.0,8.5,0.0
768115c2eaa5bf872b6f73af67403e31127811d5dfdaa65f5998e7f57a6be1ca,2025-02-07,9,1,False,1.0,0.0,0.0,0.0,8.0,5.0,8.0,11.933333333333334,0.15
77a935bf01e27db1c86c62c6082710b6fe7046028279183cc90fc11b5a21dd3c,2025-02-07,14,1,False,1.0,0.0,0.0,0.0,13.0,0.0,13.0,5.866666666666666,0.0
7b291901ed6fc90c51c56024b33122026451c19dfa4736a37621d21afa86ab5a,2025-02-07,6,1,False,1.0,0.0,0.0,0.0,5.0,0.0,5.0,5.016666666666667,0.0
7d64092a6e7dfd07913942876a0c314955bce8dc9fcabd12166bcf1ad5666185,2025-02-07,15,1,False,1.0,0.0,0.0,0.0,14.0,0.0,14.0,7.216666666666667,0.0
7faca1558937aea9797473b24d153f084fc8bc52e7e16da8f8bf4c48b587b358,2025-02-07,13,1,False,1.0,0.0,0.0,0.0,12.0,0.0,12.0,7.783333333333333,0.0
806e62fd6dd962469b9425c2f7b2550582df8623e5c711ade163292a626414aa,2025-02-07,12,1,False,1.0,0.0,0.0,0.0,11.0,0.0,11.0,6.216666666666667,0.0
85bf8422bdd496aa90249b85acbd42b16a6a0ed3121a586f0bcc607d16d09d80,2025-02-07,15,1,False,1.0,0.0,0.0,0.0,14.0,0.0,14.0,8.616666666666667,0.0
88b53efa4c89ad7a3d90cf3c01046d714f1adff9827d0eb5754b4ef76c64f039,2025-02-07,16,1,False,1.0,0.0,0.0,0.0,15.0,0.0,15.0,7.55,0.0
8eb9feaf80cb3b47e639148a128ff9ae2b814462106966998a7656825b71fa7d,2025-02-07,11,1,False,1.0,0.0,0.0,0.0,10.0,0.0,10.0,7.216666666666667,0.0
924ed1bb3874124ad2e307aa33a7e5791cc81dd30c0c079d54cfc1ea14ee310a,2025-02-07,9,1,False,1.0,0.0,0.0,0.0,8.0,0.0,8.0,6.816666666666666,0.0
939b9328b580200251e640b1f2170850525f4fefe336c98f053407a0725f9849,2025-02-07,13,1,False,1.0,0.0,0.0,0.0,12.0,0.0,12.0,5.95,0.0
9a31e4091d5c4c7fb8b9377b091ea9caa9cf26c36e62547a85992d9e109b1b9c,2025-02-07,8,1,False,1.0,1.0,0.0,0.0,7.0,1.0,7.0,5.316666666666666,0.35
9e007677846640b2acc599b1d1d498a20ff8260eeda2d49338e3b6ed111045a9,2025-02-07,13,1,False,1.0,0.0,0.0,0.0,12.0,0.0,12.0,5.5,0.0
9e7a5e914136e41ca82c366fd529e02d961e7ed1a6019ff724f06dbe447fbb88,2025-02-07,16,1,False,1.0,0.0,0.0,0.0,15.0,0.0,15.0,8.266666666666667,0.0
a8848b387af6359642c71478f693e4643381802ccc97f2b0c353264d7729405c,2025-02-07,16,1,False,1.0,0.0,0.0,0.0,15.0,0.0,15.0,6.716666666666667,0.0
b55080c0db11860ea934ecf297a13cf247817b3e34562a5897c18ff2cfa07f07,2025-02-07,14,1,False,1.0,0.0,0.0,0.0,13.0,0.0,13.0,7.433333333333334,0.0
b66c51931f321cca81cc9195f90b3174ae82ebb56c74459770f7800e347ca3b0,2025-02-07,9,1,False,1.0,0.0,0.0,0.0,8.0,0.0,8.0,7.5,0.0
b8e6c17d68aafa670b598b1cf0c0bd73a2937d6abb11055fded76b5e53231165,2025-02-07,7,1,False,1.0,0.0,0.0,0.0,6.0,0.0,6.0,3.3666666666666667,0.0
bc60389887dd911a09f472d0f840e5a268d310cd13f422bfc6f811eb916ec82f,2025-02-07,14,1,False,1.0,0.0,0.0,0.0,13.0,0.0,13.0,8.516666666666667,0.0
c2fa44374f0aab02cb57c9ed348bb43c1fd456bfdf5b296c4f72174a002cd27f,2025-02-07,7,1,False,1.0,0.0,0.0,0.0,6.0,0.0,6.0,8.066666666666666,0.0
c5a8e30eed6744da0b641f474ebb407a75bc6fd07bd6e3c7aeb522c884dd456b,2025-02-07,6,1,False,1.0,0.0,0.0,0.0,5.0,0.0,5.0,6.333333333333333,0.0
c734a9d4fd20facb7d4e2f69c7a7be0a0263956653fc71b8d25ad3ed7a1ba446,2025-02-07,7,1,False,1.0,0.0,0.0,0.0,6.0,0.0,6.0,5.75,0.0
cb50b7517e0741a49adb67908546647f1da3398d8c72f00f00e9ba111909654b,2025-02-07,11,1,False,1.0,0.0,0.0,0.0,10.0,0.0,10.0,4.95,0.0
cc4113bc0f389ec5987bdc5cae8e94c8c01f0c5e127a5fc2b0ef752d7226c0ca,2025-02-07,8,1,False,1.0,0.0,0.0,0.0,7.0,0.0,7.0,7.416666666666667,0.0
cca321773f148695c0ffc5ed365db650aadc5ecdd13b4ddb3e6b57f38bf5a719,2025-02-07,13,1,False,1.0,0.0,0.0,0.0,12.0,0.0,12.0,7.033333333333333,0.0
d111a1427a39ed7f2d2483db714c5e0d79823bc9ecc62a126e1d144d374d286a,2025-02-07,14,1,False,1.0,0.0,0.0,0.0,13.0,1.0,13.0,8.183333333333334,0.15
dab294f3951611f65a9b1e6408fbad19981d1b65b76c28c3408dac6a6b93bbc8,2025-02-07,16,1,False,1.0,0.0,0.0,0.0,15.0,0.0,15.0,8.383333333333333,0.0
ddee12fc509b00889675d637518a8f7dfe216a200b6ad812c397b77d8bccb88b,2025-02-07,9,1,False,1.0,0.0,0.0,0.0,8.0,0.0,8.0,7.016666666666667,0.0
e001292c71d84c28529aed04ab0af1efa767893752908a7b7645f33d09aab74b,2025-02-07,13,1,False,1.0,0.0,0.0,0.0,12.0,0.0,12.0,8.283333333333333,0.0
e1a146fdbba0f457a2ea0a102e2c24872edc75865f95a9b842fcefa68e455266,2025-02-07,15,1,False,1.0,1.0,0.0,0.0,14.0,1.0,14.0,7.5,0.35
e498ed2d854e821dd717169a7b55e586bb647b3bd1ef51990cbd4e847791cc49,2025-02-07,14,1,False,1.0,0.0,0.0,0.0,13.0,0.0,13.0,7.633333333333334,0.0
e72c6ef5ea8445fc95b1c3ca1c82368b6c9adc8a29368110f51d81735f76f11c,2025-02-07,7,1,False,1.0,0.0,0.0,0.0,6.0,0.0,6.0,6.316666666666666,0.0
ea171ad8a99227777c2e7c1664c91caf9c08e47d4ba5c09165812a6d9633998c,2025-02-07,7,1,False,1.0,0.0,0.0,0.0,6.0,0.0,6.0,8.066666666666666,0.0
eac146261339b15b8a1e873ed372802ae1c5198377cc8e0f4a23d21bcead9c02,2025-02-07,9,1,False,1.0,0.0,0.0,0.0,8.0,0.0,8.0,7.766666666666667,0.0
ec8eef52024b6815e3113797e206a360a9c324efc2f400801d5eb1179b75a43d,2025-02-07,8,1,False,1.0,0.0,0.0,0.0,7.0,0.0,7.0,6.733333333333333,0.0
eecce08639c689fc3170d254f909a8dedd091d778d0ae7aa829c656b8d085cdd,2025-02-07,10,1,False,1.0,0.0,0.0,0.0,9.0,0.0,9.0,5.45,0.0
f02fff917d5e1f556f7ca2d8e8ddde98179be018c2669a269bf40d4f64b627f7,2025-02-07,1,1,False,1.0,1.0,0.0,0.0,0.0,0.0,0.0,0.0,0.2
f17b0eabd2530f1710fc19c34c4d29cc782a669753833ca0d88f524467cdf67f,2025-02-07,14,1,False,1.0,0.0,0.0,0.0,13.0,0.0,13.0,8.433333333333334,0.0
f26a64875adce083be80130e941dbfa6e94f2202ff0c463336c1300ecc5217f6,2025-02-07,15,1,False,1.0,0.0,0.0,0.0,14.0,0.0,14.0,7.983333333333333,0.0
f441fbdfbb3a65b7660b581790ec8633cd5e9a2bc3450e46f6f6d948e0ebd96b,2025-02-07,7,1,False,1.0,0.0,0.0,0.0,6.0,0.0,6.0,8.783333333333333,0.0
1fddb883469b0cd0365153a0ebff0dbefb2b5a252dbaf2b9795ad45003650dcf,2025-02-08,10,1,False,0.0,0.0,0.0,0.0,10.0,10.0,10.0,4.816666666666666,0.15
f02fff917d5e1f556f7ca2d8e8ddde98179be018c2669a269bf40d4f64b627f7,2025-02-08,8,1,False,0.0,0.0,0.0,0.0,8.0,8.0,8.0,6.65,0.15
012fb52705cf3c18e19ff7f562c781dcd1736f3e5615ace007e35dee4740f412,2025-02-10,16,1,False,1.0,0.0,0.0,0.0,15.0,0.0,15.0,5.116666666666666,0.0
0604919ff2aebe087b97959084f1fffe2fd89b7e92f8997d6249f5617f0ec041,2025-02-10,8,1,False,1.0,0.0,0.0,0.0,7.0,0.0,7.0,4.633333333333334,0.0
0b9c9b2a643d502fb0470c0e2d25bd40592ae24d88e27a9cca008632f6491e86,2025-02-10,14,1,False,1.0,1.0,0.0,0.0,13.0,0.0,13.0,5.05,0.2
0bc6fa557a874432991fb3bef6cc8fecfed275284ca1549c6f502f2f2f86388f,2025-02-10,14,1,False,1.0,0.0,0.0,0.0,13.0,0.0,13.0,6.6,0.0
12881006a16563a03436c3185999cce893916a7f93bd295d9e51c610390a5400,2025-02-10,7,1,False,1.0,0.0,0.0,0.0,6.0,0.0,6.0,5.65,0.0
13cc67e7ae2b0731f9c20a2adb450d0ab125f700d392f08a01f5019b4da3be89,2025-02-10,16,1,False,1.0,0.0,0.0,0.0,15.0,0.0,15.0,6.983333333333333,0.0
1481a18bb91c683c9f0e63a3c1ffe035a67c1ee64eae546985a4caedd691f154,2025-02-10,12,1,False,1.0,0.0,0.0,0.0,11.0,0.0,11.0,4.466666666666667,0.0
1481cde120f4ec5a6626478c9222dacd947d0d027e33aa5175c391d3f10b05fd,2025-02-10,15,1,False,1.0,0.0,0.0,0.0,14.0,0.0,14.0,8.933333333333334,0.0
18757c67dbbb1f193d93dfd2c81d93f261d3cc1ab2b6b4a27daddb2a42f0c1e2,2025-02-10,14,1,False,1.0,0.0,0.0,0.0,13.0,0.0,13.0,6.616666666666666,0.0
1e13a5c6539e75908d998e36f94f2baee29b17d341286f7a2af3163b528a2fcc,2025-02-10,9,1,False,1.0,0.0,0.0,0.0,8.0,0.0,8.0,8.9,0.0
1e813ac9d9c5fbfa50cba6f0032edaff8652f398c5508cc13faa4cc0af6fc3b9,2025-02-10,15,1,False,1.0,0.0,0.0,0.0,14.0,0.0,14.0,7.2,0.0
1fddb883469b0cd0365153a0ebff0dbefb2b5a252dbaf2b9795ad45003650dcf,2025-02-10,9,1,False,1.0,0.0,0.0,0.0,8.0,0.0,8.0,9.033333333333333,0.0
227b301943873690ead2973a5f7d43ef587dc58b46733368a3f16daf8db98925,2025-02-10,13,1,False,1.0,0.0,0.0,0.0,12.0,0.0,12.0,7.333333333333333,0.0
269b850943bbddfb37b8186af3d0cd154525f08057e450bdb93ab26f06b9758d,2025-02-10,10,1,False,1.0,0.0,0.0,0.0,9.0,0.0,9.0,7.316666666666666,0.0
27ef13206d1090bf126d0f8dd08b66cc346b18eb199192600e14cdc52d7c9a35,2025-02-10,9,1,False,1.0,0.0,0.0,0.0,8.0,0.0,8.0,3.75,0.0
2b4a1e95204243f32c7235a27dbeae5a0e9d42da4c762132ac84c0817875d614,2025-02-10,10,1,False,1.0,0.0,0.0,0.0,9.0,0.0,9.0,5.766666666666667,0.0
2fdc8fb359ca03d047fec4ad4d7f3b9cfc23ebf54bee30aec8f1a6431bfd0d6e,2025-02-10,17,1,False,1.0,0.0,1.0,0.0,15.0,0.0,15.0,8.266666666666667,0.15
32c184d9780b5545a856a0a366a71b86deb3a80c4dc92142aaf6bb3437c336b1,2025-02-10,7,1,False,1.0,0.0,0.0,0.0,6.0,0.0,6.0,5.716666666666667,0.0
34977907ef51b1295028838fb56ded6159cee0d58c3200a0276324aac366417c,2025-02-10,16,1,False,1.0,0.0,0.0,0.0,15.0,0.0,15.0,6.583333333333333,0.0
3634cd4e250467a39545675e2f7386734815df9c667903c8c83b43450723a792,2025-02-10,10,1,False,1.0,0.0,0.0,0.0,9.0,0.0,9.0,7.266666666666667,0.0
369a478c83b6f436dd9aade49d6289f250e18ec2a71b9552d7d9bb884bb2b586,2025-02-10,13,1,False,1.0,0.0,0.0,0.0,12.0,4.0,12.0,9.766666666666667,0.15
3c32c4971223e549c349880665fa1e81f054571faf44435a8071b4de6b20dffb,2025-02-10,8,1,False,1.0,0.0,0.0,0.0,7.0,0.0,7.0,7.183333333333334,0.0
3e05c7d4c2f91af414e809d408787184297b351d1907c225f6f1e75fbec1f3a3,2025-02-10,13,1,False,1.0,0.0,0.0,0.0,12.0,0.0,12.0,4.983333333333333,0.0
44e2b71da8273f1b00b9ec55361a1e542f6812bce0acd27214d62e7de86dd6d0,2025-02-10,11,1,False,1.0,0.0,0.0,0.0,10.0,0.0,10.0,8.316666666666666,0.0
4620b38a9a7c0abed1e91cfdc3926234d098446655b643be9342b610365aa1b6,2025-02-10,11,1,False,1.0,0.0,0.0,0.0,10.0,0.0,10.0,6.833333333333333,0.0
49b020eb7c127b73472cb4fc893577b87b48690b941ca1067751e5a6e3eab262,2025-02-10,16,1,False,1.0,0.0,0.0,0.0,15.0,0.0,15.0,7.633333333333334,0.0
4bef524b2f19749989b990b1af1747f137bfe1d7fbf78fa1358ddfc45b247cf1,2025-02-10,15,1,False,1.0,0.0,0.0,0.0,14.0,1.0,14.0,9.583333333333334,0.15
4ef80c0c47503cd20d3a8157080fb28f38e6524b33375c23d5fcd98a2f64545e,2025-02-10,10,1,False,1.0,0.0,0.0,0.0,9.0,0.0,9.0,6.816666666666666,0.0
5088fc658035905665368960c940882faf61610a4e1ce57a24c6ffc946f0f5a8,2025-02-10,9,1,False,1.0,0.0,0.0,0.0,8.0,0.0,8.0,7.6,0.0
5379232fec078f04af386b787ed0dc69b2a455a27e52e901c773a11d2d0bce7f,2025-02-10,12,1,False,1.0,0.0,0.0,0.0,11.0,0.0,11.0,8.45,0.0
53a03335d3716bf67d3ed781065280a46863f8d947c2492c4e33cce33f4446d2,2025-02-10,7,1,False,1.0,0.0,0.0,0.0,6.0,0.0,6.0,6.616666666666666,0.0
603fcd2b8449630833d1b6c7313a10e8a2176025a45ca54002988df4de8536dd,2025-02-10,6,1,False,1.0,1.0,0.0,0.0,5.0,5.0,5.0,4.616666666666666,0.35
61127469ce0c27e2d19e0e5ecece9227e60515e12a899bc8bbc29e1c8f68a78f,2025-02-10,8,1,False,1.0,0.0,0.0,0.0,7.0,0.0,7.0,6.333333333333333,0.0
62009223daa0ff462d9b377b2b31f5c85b4e95caf611f5339cbb2b5e1dc9cab5,2025-02-10,6,1,False,1.0,0.0,0.0,0.0,5.0,0.0,5.0,7.066666666666666,0.0
620ea76a7f314a9faecfaadf110510d2abcf73e79e56e93b476e80794b9e251f,2025-02-10,10,1,False,1.0,0.0,0.0,0.0,9.0,0.0,9.0,6.733333333333333,0.0
685e9623979d1c18a11af39701aaf24188e1a40aee4c205c4d3220d26708793d,2025-02-10,8,1,False,1.0,0.0,0.0,0.0,7.0,0.0,7.0,6.333333333333333,0.0
69295bad69cbd357f13dc891b598791ab746ad0ed9cea2f9da57019f70c847b6,2025-02-10,8,1,False,1.0,0.0,0.0,0.0,7.0,0.0,7.0,6.916666666666667,0.0
6ac76fd52b6451030fdaa8cce0d1126104c034aa0d6cff3c078311dce03e36e5,2025-02-10,16,1,False,1.0,0.0,0.0,0.0,15.0,0.0,15.0,6.9,0.0
6e0553bc94f1b3457a68943cdeb271536fa0ca87652900b8c47b6b4e2eabc4b7,2025-02-10,6,1,False,1.0,0.0,0.0,0.0,5.0,0.0,5.0,6.316666666666666,0.0
71c200742f059a8380e2f3dd53ca613e2cdd705c24898e5957d46fefeff67336,2025-02-10,7,1,False,1.0,0.0,0.0,0.0,6.0,0.0,6.0,7.15,0.0
768115c2eaa5bf872b6f73af67403e31127811d5dfdaa65f5998e7f57a6be1ca,2025-02-10,6,1,False,1.0,0.0,0.0,0.0,5.0,0.0,5.0,7.5,0.0
77a935bf01e27db1c86c62c6082710b6fe7046028279183cc90fc11b5a21dd3c,2025-02-10,13,1,False,1.0,0.0,0.0,0.0,12.0,0.0,12.0,7.216666666666667,0.0
7b291901ed6fc90c51c56024b33122026451c19dfa4736a37621d21afa86ab5a,2025-02-10,14,1,False,1.0,0.0,0.0,0.0,13.0,0.0,13.0,7.85,0.0
7d64092a6e7dfd07913942876a0c314955bce8dc9fcabd12166bcf1ad5666185,2025-02-10,7,1,False,1.0,0.0,0.0,0.0,6.0,0.0,6.0,7.116666666666666,0.0
7faca1558937aea9797473b24d153f084fc8bc52e7e16da8f8bf4c48b587b358,2025-02-10,6,1,False,1.0,0.0,0.0,0.0,5.0,0.0,5.0,7.133333333333334,0.0
806e62fd6dd962469b9425c2f7b2550582df8623e5c711ade163292a626414aa,2025-02-10,9,1,False,1.0,0.0,0.0,0.0,8.0,0.0,8.0,8.133333333333333,0.0
85bf8422bdd496aa90249b85acbd42b16a6a0ed3121a586f0bcc607d16d09d80,2025-02-10,12,1,False,1.0,0.0,0.0,0.0,11.0,0.0,11.0,9.066666666666666,0.0
88b53efa4c89ad7a3d90cf3c01046d714f1adff9827d0eb5754b4ef76c64f039,2025-02-10,13,1,False,1.0,0.0,0.0,0.0,12.0,0.0,12.0,7.383333333333334,0.0
8eb9feaf80cb3b47e639148a128ff9ae2b814462106966998a7656825b71fa7d,2025-02-10,7,1,False,1.0,0.0,0.0,0.0,6.0,0.0,6.0,5.583333333333333,0.0
924ed1bb3874124ad2e307aa33a7e5791cc81dd30c0c079d54cfc1ea14ee310a,2025-02-10,9,1,False,1.0,0.0,0.0,0.0,8.0,0.0,8.0,5.966666666666667,0.0
939b9328b580200251e640b1f2170850525f4fefe336c98f053407a0725f9849,2025-02-10,11,1,False,1.0,0.0,0.0,0.0,10.0,0.0,10.0,7.316666666666666,0.0
9a31e4091d5c4c7fb8b9377b091ea9caa9cf26c36e62547a85992d9e109b1b9c,2025-02-10,8,1,False,1.0,1.0,0.0,0.0,7.0,0.0,7.0,6.133333333333334,0.2
9e007677846640b2acc599b1d1d498a20ff8260eeda2d49338e3b6ed111045a9,2025-02-10,15,1,False,1.0,0.0,0.0,0.0,14.0,0.0,14.0,7.233333333333333,0.0
9e7a5e914136e41ca82c366fd529e02d961e7ed1a6019ff724f06dbe447fbb88,2025-02-10,16,1,False,1.0,0.0,0.0,0.0,15.0,0.0,15.0,6.95,0.0
a8848b387af6359642c71478f693e4643381802ccc97f2b0c353264d7729405c,2025-02-10,14,1,False,1.0,0.0,0.0,0.0,13.0,0.0,13.0,8.45,0.0
b55080c0db11860ea934ecf297a13cf247817b3e34562a5897c18ff2cfa07f07,2025-02-10,7,1,False,1.0,0.0,0.0,0.0,6.0,0.0,6.0,7.25,0.0
b66c51931f321cca81cc9195f90b3174ae82ebb56c74459770f7800e347ca3b0,2025-02-10,16,1,False,1.0,0.0,0.0,0.0,15.0,0.0,15.0,7.5,0.0
b8e6c17d68aafa670b598b1cf0c0bd73a2937d6abb11055fded76b5e53231165,2025-02-10,9,1,False,1.0,0.0,0.0,0.0,8.0,0.0,8.0,7.6,0.0
bc60389887dd911a09f472d0f840e5a268d310cd13f422bfc6f811eb916ec82f,2025-02-10,14,1,False,1.0,0.0,0.0,0.0,13.0,0.0,13.0,7.516666666666667,0.0
c2fa44374f0aab02cb57c9ed348bb43c1fd456bfdf5b296c4f72174a002cd27f,2025-02-10,16,1,False,1.0,0.0,0.0,0.0,15.0,3.0,15.0,14.866666666666667,0.15
c5a8e30eed6744da0b641f474ebb407a75bc6fd07bd6e3c7aeb522c884dd456b,2025-02-10,6,1,False,1.0,0.0,0.0,0.0,5.0,0.0,5.0,5.216666666666667,0.0
c734a9d4fd20facb7d4e2f69c7a7be0a0263956653fc71b8d25ad3ed7a1ba446,2025-02-10,10,1,False,1.0,0.0,0.0,0.0,9.0,0.0,9.0,7.416666666666667,0.0
cb50b7517e0741a49adb67908546647f1da3398d8c72f00f00e9ba111909654b,2025-02-10,6,1,False,1.0,0.0,0.0,0.0,5.0,0.0,5.0,7.233333333333333,0.0
cc4113bc0f389ec5987bdc5cae8e94c8c01f0c5e127a5fc2b0ef752d7226c0ca,2025-02-10,7,1,False,1.0,0.0,0.0,0.0,6.0,0.0,6.0,5.533333333333333,0.0
cca321773f148695c0ffc5ed365db650aadc5ecdd13b4ddb3e6b57f38bf5a719,2025-02-10,15,1,False,1.0,0.0,0.0,0.0,14.0,1.0,14.0,8.716666666666667,0.15
d111a1427a39ed7f2d2483db714c5e0d79823bc9ecc62a126e1d144d374d286a,2025-02-10,10,1,False,1.0,0.0,0.0,0.0,9.0,0.0,9.0,4.933333333333334,0.0
dab294f3951611f65a9b1e6408fbad19981d1b65b76c28c3408dac6a6b93bbc8,2025-02-10,15,1,False,1.0,0.0,0.0,0.0,14.0,0.0,14.0,7.333333333333333,0.0
ddee12fc509b00889675d637518a8f7dfe216a200b6ad812c397b77d8bccb88b,2025-02-10,12,1,False,1.0,0.0,0.0,0.0,11.0,0.0,11.0,8.0,0.0
e001292c71d84c28529aed04ab0af1efa767893752908a7b7645f33d09aab74b,2025-02-10,9,1,False,1.0,0.0,0.0,0.0,8.0,0.0,8.0,8.7,0.0
e1a146fdbba0f457a2ea0a102e2c24872edc75865f95a9b842fcefa68e455266,2025-02-10,13,1,False,1.0,0.0,0.0,0.0,12.0,0.0,12.0,8.783333333333333,0.0
e498ed2d854e821dd717169a7b55e586bb647b3bd1ef51990cbd4e847791cc49,2025-02-10,6,1,False,1.0,0.0,0.0,0.0,5.0,0.0,5.0,7.016666666666667,0.0
e72c6ef5ea8445fc95b1c3ca1c82368b6c9adc8a29368110f51d81735f76f11c,2025-02-10,7,1,False,1.0,0.0,0.0,0.0,6.0,0.0,6.0,7.55,0.0
ea171ad8a99227777c2e7c1664c91caf9c08e47d4ba5c09165812a6d9633998c,2025-02-10,14,1,False,1.0,0.0,0.0,0.0,13.0,0.0,13.0,5.216666666666667,0.0
eac146261339b15b8a1e873ed372802ae1c5198377cc8e0f4a23d21bcead9c02,2025-02-10,16,1,False,1.0,0.0,0.0,0.0,15.0,0.0,15.0,7.866666666666666,0.0
ec8eef52024b6815e3113797e206a360a9c324efc2f400801d5eb1179b75a43d,2025-02-10,12,1,False,1.0,0.0,0.0,0.0,11.0,0.0,11.0,8.616666666666667,0.0
eecce08639c689fc3170d254f909a8dedd091d778d0ae7aa829c656b8d085cdd,2025-02-10,6,1,False,1.0,0.0,0.0,0.0,5.0,0.0,5.0,6.816666666666666,0.0
f02fff917d5e1f556f7ca2d8e8ddde98179be018c2669a269bf40d4f64b627f7,2025-02-10,14,1,False,1.0,0.0,0.0,0.0,13.0,0.0,13.0,5.783333333333333,0.0
f17b0eabd2530f1710fc19c34c4d29cc782a669753833ca0d88f524467cdf67f,2025-02-10,10,1,False,1.0,0.0,0.0,0.0,9.0,0.0,9.0,5.833333333333333,0.0
f26a64875adce083be80130e941dbfa6e94f2202ff0c463336c1300ecc5217f6,2025-02-10,11,1,False,1.0,0.0,0.0,0.0,10.0,0.0,10.0,7.0,0.0
f441fbdfbb3a65b7660b581790ec8633cd5e9a2bc3450e46f6f6d948e0ebd96b,2025-02-10,10,1,False,1.0,0.0,0.0,0.0,9.0,0.0,9.0,6.333333333333333,0.0
012fb52705cf3c18e19ff7f562c781dcd1736f3e5615ace007e35dee4740f412,2025-02-11,7,1,False,1.0,0.0,0.0,0.0,6.0,0.0,6.0,6.966666666666667,0.0
0604919ff2aebe087b97959084f1fffe2fd89b7e92f8997d6249f5617f0ec041,2025-02-11,11,1,False,1.0,0.0,0.0,0.0,10.0,0.0,10.0,9.133333333333333,0.0
0b9c9b2a643d502fb0470c0e2d25bd40592ae24d88e27a9cca008632f6491e86,2025-02-11,10,1,False,1.0,1.0,0.0,0.0,9.0,1.0,9.0,7.666666666666667,0.35
0bc6fa557a874432991fb3bef6cc8fecfed275284ca1549c6f502f2f2f86388f,2025-02-11,12,1,False,1.0,0.0,0.0,0.0,11.0,0.0,11.0,7.083333333333333,0.0
12881006a16563a03436c3185999cce893916a7f93bd295d9e51c610390a5400,2025-02-11,16,1,False,1.0,0.0,0.0,0.0,15.0,0.0,15.0,5.45,0.0
13cc67e7ae2b0731f9c20a2adb450d0ab125f700d392f08a01f5019b4da3be89,2025-02-11,16,1,False,1.0,0.0,0.0,0.0,15.0,0.0,15.0,7.266666666666667,0.0
1481a18bb91c683c9f0e63a3c1ffe035a67c1ee64eae546985a4caedd691f154,2025-02-11,12,1,False,1.0,0.0,0.0,0.0,11.0,2.0,11.0,8.983333333333333,0.15
1481cde120f4ec5a6626478c9222dacd947d0d027e33aa5175c391d3f10b05fd,2025-02-11,15,1,False,1.0,0.0,0.0,0.0,14.0,0.0,14.0,8.566666666666666,0.0
18757c67dbbb1f193d93dfd2c81d93f261d3cc1ab2b6b4a27daddb2a42f0c1e2,2025-02-11,13,1,False,1.0,0.0,0.0,0.0,12.0,0.0,12.0,6.933333333333334,0.0
1e13a5c6539e75908d998e36f94f2baee29b17d341286f7a2af3163b528a2fcc,2025-02-11,8,1,False,1.0,0.0,0.0,0.0,7.0,0.0,7.0,8.2,0.0
1e813ac9d9c5fbfa50cba6f0032edaff8652f398c5508cc13faa4cc0af6fc3b9,2025-02-11,6,1,False,1.0,0.0,0.0,0.0,5.0,0.0,5.0,7.9,0.0
1fddb883469b0cd0365153a0ebff0dbefb2b5a252dbaf2b9795ad45003650dcf,2025-02-11,6,1,False,1.0,1.0,0.0,0.0,5.0,5.0,5.0,1.0333333333333334,0.35
227b301943873690ead2973a5f7d43ef587dc58b46733368a3f16daf8db98925,2025-02-11,6,1,False,1.0,0.0,0.0,0.0,5.0,0.0,5.0,7.333333333333333,0.0
269b850943bbddfb37b8186af3d0cd154525f08057e450bdb93ab26f06b9758d,2025-02-11,14,1,False,1.0,0.0,0.0,0.0,13.0,3.0,13.0,13.833333333333334,0.15
27ef13206d1090bf126d0f8dd08b66cc346b18eb199192600e14cdc52d7c9a35,2025-02-11,9,1,False,1.0,0.0,1.0,0.0,7.0,0.0,7.0,6.383333333333334,0.15
2b4a1e95204243f32c7235a27dbeae5a0e9d42da4c762132ac84c0817875d614,2025-02-11,12,1,False,1.0,0.0,0.0,0.0,11.0,3.0,11.0,8.333333333333334,0.15
2fdc8fb359ca03d047fec4ad4d7f3b9cfc23ebf54bee30aec8f1a6431bfd0d6e,2025-02-11,14,1,False,1.0,0.0,0.0,0.0,13.0,0.0,13.0,7.5,0.0
32c184d9780b5545a856a0a366a71b86deb3a80c4dc92142aaf6bb3437c336b1,2025-02-11,15,1,False,1.0,0.0,0.0,0.0,14.0,1.0,14.0,8.8,0.15
34977907ef51b1295028838fb56ded6159cee0d58c3200a0276324aac366417c,2025-02-11,9,1,False,1.0,0.0,0.0,0.0,8.0,0.0,8.0,5.333333333333333,0.0
3634cd4e250467a39545675e2f7386734815df9c667903c8c83b43450723a792,2025-02-11,10,1,False,1.0,0.0,0.0,0.0,9.0,0.0,9.0,6.383333333333334,0.0
369a478c83b6f436dd9aade49d6289f250e18ec2a71b9552d7d9bb884bb2b586,2025-02-11,6,1,False,1.0,0.0,0.0,0.0,5.0,0.0,5.0,5.666666666666667,0.0
3c32c4971223e549c349880665fa1e81f054571faf44435a8071b4de6b20dffb,2025-02-11,15,1,False,1.0,0.0,0.0,0.0,14.0,0.0,14.0,9.333333333333334,0.0
3e05c7d4c2f91af414e809d408787184297b351d1907c225f6f1e75fbec1f3a3,2025-02-11,15,1,False,1.0,0.0,0.0,0.0,14.0,0.0,14.0,7.383333333333334,0.0
44e2b71da8273f1b00b9ec55361a1e542f6812bce0acd27214d62e7de86dd6d0,2025-02-11,15,1,False,1.0,0.0,0.0,0.0,14.0,0.0,14.0,7.983333333333333,0.0
4620b38a9a7c0abed1e91cfdc3926234d098446655b643be9342b610365aa1b6,2025-02-11,8,1,False,1.0,0.0,0.0,0.0,7.0,0.0,7.0,4.7,0.0
49b020eb7c127b73472cb4fc893577b87b48690b941ca1067751e5a6e3eab262,2025-02-11,9,1,False,1.0,0.0,0.0,0.0,8.0,0.0,8.0,6.283333333333333,0.0
4bef524b2f19749989b990b1af1747f137bfe1d7fbf78fa1358ddfc45b247cf1,2025-02-11,16,1,False,1.0,0.0,0.0,0.0,15.0,0.0,15.0,7.883333333333334,0.0
4ef80c0c47503cd20d3a8157080fb28f38e6524b33375c23d5fcd98a2f64545e,2025-02-11,10,1,False,1.0,0.0,0.0,0.0,9.0,0.0,9.0,7.233333333333333,0.0
5088fc658035905665368960c940882faf61610a4e1ce57a24c6ffc946f0f5a8,2025-02-11,14,1,False,1.0,0.0,0.0,0.0,13.0,0.0,13.0,8.4,0.0
5379232fec078f04af386b787ed0dc69b2a455a27e52e901c773a11d2d0bce7f,2025-02-11,16,1,False,1.0,0.0,2.0,0.0,13.0,0.0,13.0,7.2,0.15
53a03335d3716bf67d3ed781065280a46863f8d947c2492c4e33cce33f4446d2,2025-02-11,14,1,False,1.0,0.0,0.0,0.0,13.0,0.0,13.0,7.7,0.0
603fcd2b8449630833d1b6c7313a10e8a2176025a45ca54002988df4de8536dd,2025-02-11,20,1,False,1.0,0.0,0.0,0.0,19.0,8.0,19.0,12.683333333333334,0.15
61127469ce0c27e2d19e0e5ecece9227e60515e12a899bc8bbc29e1c8f68a78f,2025-02-11,13,1,False,1.0,0.0,0.0,0.0,12.0,0.0,12.0,7.866666666666666,0.0
62009223daa0ff462d9b377b2b31f5c85b4e95caf611f5339cbb2b5e1dc9cab5,2025-02-11,9,1,False,1.0,0.0,0.0,0.0,8.0,1.0,8.0,8.25,0.15
620ea76a7f314a9faecfaadf110510d2abcf73e79e56e93b476e80794b9e251f,2025-02-11,8,1,False,1.0,0.0,0.0,0.0,7.0,0.0,7.0,6.183333333333334,0.0
685e9623979d1c18a11af39701aaf24188e1a40aee4c205c4d3220d26708793d,2025-02-11,12,1,False,1.0,1.0,0.0,0.0,11.0,0.0,11.0,7.833333333333333,0.2
69295bad69cbd357f13dc891b598791ab746ad0ed9cea2f9da57019f70c847b6,2025-02-11,6,1,False,1.0,0.0,0.0,0.0,5.0,0.0,5.0,5.666666666666667,0.0
6ac76fd52b6451030fdaa8cce0d1126104c034aa0d6cff3c078311dce03e36e5,2025-02-11,9,1,False,1.0,0.0,0.0,0.0,8.0,0.0,8.0,6.433333333333334,0.0
6e0553bc94f1b3457a68943cdeb271536fa0ca87652900b8c47b6b4e2eabc4b7,2025-02-11,11,1,False,1.0,0.0,0.0,0.0,10.0,0.0,10.0,5.933333333333334,0.0
71c200742f059a8380e2f3dd53ca613e2cdd705c24898e5957d46fefeff67336,2025-02-11,14,1,False,1.0,0.0,0.0,0.0,13.0,0.0,13.0,7.4,0.0
768115c2eaa5bf872b6f73af67403e31127811d5dfdaa65f5998e7f57a6be1ca,2025-02-11,9,1,False,1.0,0.0,0.0,0.0,8.0,0.0,8.0,6.733333333333333,0.0
77a935bf01e27db1c86c62c6082710b6fe7046028279183cc90fc11b5a21dd3c,2025-02-11,13,1,False,1.0,0.0,0.0,0.0,12.0,1.0,12.0,7.566666666666666,0.15
7b291901ed6fc90c51c56024b33122026451c19dfa4736a37621d21afa86ab5a,2025-02-11,8,1,False,1.0,0.0,0.0,0.0,7.0,0.0,7.0,7.433333333333334,0.0
7d64092a6e7dfd07913942876a0c314955bce8dc9fcabd12166bcf1ad5666185,2025-02-11,13,1,False,1.0,0.0,0.0,0.0,12.0,0.0,12.0,7.25,0.0
7faca1558937aea9797473b24d153f084fc8bc52e7e16da8f8bf4c48b587b358,2025-02-11,12,1,False,1.0,1.0,0.0,0.0,11.0,2.0,11.0,7.2,0.35
806e62fd6dd962469b9425c2f7b2550582df8623e5c711ade163292a626414aa,2025-02-11,14,1,False,1.0,0.0,0.0,0.0,13.0,0.0,13.0,7.416666666666667,0.0
85bf8422bdd496aa90249b85acbd42b16a6a0ed3121a586f0bcc607d16d09d80,2025-02-11,7,1,False,1.0,0.0,0.0,0.0,6.0,0.0,6.0,7.3,0.0
88b53efa4c89ad7a3d90cf3c01046d714f1adff9827d0eb5754b4ef76c64f039,2025-02-11,13,1,False,1.0,0.0,0.0,0.0,12.0,0.0,12.0,7.283333333333333,0.0
8eb9feaf80cb3b47e639148a128ff9ae2b814462106966998a7656825b71fa7d,2025-02-11,15,1,False,1.0,0.0,0.0,0.0,14.0,2.0,14.0,8.35,0.15
924ed1bb3874124ad2e307aa33a7e5791cc81dd30c0c079d54cfc1ea14ee310a,2025-02-11,6,1,False,1.0,0.0,0.0,0.0,5.0,0.0,5.0,7.283333333333333,0.0
939b9328b580200251e640b1f2170850525f4fefe336c98f053407a0725f9849,2025-02-11,12,1,False,1.0,0.0,0.0,0.0,11.0,0.0,11.0,7.683333333333334,0.0
9a31e4091d5c4c7fb8b9377b091ea9caa9cf26c36e62547a85992d9e109b1b9c,2025-02-11,13,1,False,1.0,0.0,0.0,0.0,12.0,0.0,12.0,6.45,0.0
9e007677846640b2acc599b1d1d498a20ff8260eeda2d49338e3b6ed111045a9,2025-02-11,6,1,False,1.0,0.0,0.0,0.0,5.0,0.0,5.0,7.833333333333333,0.0
9e7a5e914136e41ca82c366fd529e02d961e7ed1a6019ff724f06dbe447fbb88,2025-02-11,8,1,False,1.0,0.0,2.0,0.0,5.0,0.0,5.0,6.0291253227777775,0.15
a8848b387af6359642c71478f693e4643381802ccc97f2b0c353264d7729405c,2025-02-11,8,1,False,1.0,0.0,0.0,0.0,7.0,0.0,7.0,9.183333333333334,0.0
b55080c0db11860ea934ecf297a13cf247817b3e34562a5897c18ff2cfa07f07,2025-02-11,12,1,False,1.0,0.0,0.0,0.0,11.0,0.0,11.0,6.266666666666667,0.0
b66c51931f321cca81cc9195f90b3174ae82ebb56c74459770f7800e347ca3b0,2025-02-11,7,1,False,1.0,0.0,0.0,0.0,6.0,0.0,6.0,7.45,0.0
b8e6c17d68aafa670b598b1cf0c0bd73a2937d6abb11055fded76b5e53231165,2025-02-11,11,1,False,1.0,0.0,0.0,0.0,10.0,0.0,10.0,7.5,0.0
bc60389887dd911a09f472d0f840e5a268d310cd13f422bfc6f811eb916ec82f,2025-02-11,10,1,False,1.0,0.0,0.0,0.0,9.0,0.0,9.0,7.816666666666666,0.0
c2fa44374f0aab02cb57c9ed348bb43c1fd456bfdf5b296c4f72174a002cd27f,2025-02-11,7,1,False,1.0,0.0,0.0,0.0,6.0,0.0,6.0,7.116666666666666,0.0
c5a8e30eed6744da0b641f474ebb407a75bc6fd07bd6e3c7aeb522c884dd456b,2025-02-11,13,1,False,1.0,0.0,0.0,0.0,12.0,1.0,12.0,8.35,0.15
c734a9d4fd20facb7d4e2f69c7a7be0a0263956653fc71b8d25ad3ed7a1ba446,2025-02-11,10,1,False,1.0,0.0,0.0,0.0,9.0,0.0,9.0,7.866666666666666,0.0
cb50b7517e0741a49adb67908546647f1da3398d8c72f00f00e9ba111909654b,2025-02-11,16,1,False,1.0,0.0,0.0,0.0,15.0,0.0,15.0,8.166666666666666,0.0
cc4113bc0f389ec5987bdc5cae8e94c8c01f0c5e127a5fc2b0ef752d7226c0ca,2025-02-11,11,1,False,1.0,0.0,0.0,0.0,10.0,0.0,10.0,7.783333333333333,0.0
cca321773f148695c0ffc5ed365db650aadc5ecdd13b4ddb3e6b57f38bf5a719,2025-02-11,11,1,False,1.0,0.0,0.0,0.0,10.0,0.0,10.0,7.933333333333334,0.0
d111a1427a39ed7f2d2483db714c5e0d79823bc9ecc62a126e1d144d374d286a,2025-02-11,8,1,False,1.0,0.0,0.0,0.0,7.0,0.0,7.0,6.1,0.0
dab294f3951611f65a9b1e6408fbad19981d1b65b76c28c3408dac6a6b93bbc8,2025-02-11,7,1,False,1.0,0.0,0.0,0.0,6.0,0.0,6.0,5.883333333333334,0.0
ddee12fc509b00889675d637518a8f7dfe216a200b6ad812c397b77d8bccb88b,2025-02-11,6,1,False,1.0,0.0,0.0,0.0,5.0,1.0,5.0,8.75,0.15
e001292c71d84c28529aed04ab0af1efa767893752908a7b7645f33d09aab74b,2025-02-11,14,1,False,1.0,0.0,0.0,0.0,13.0,0.0,13.0,8.35,0.0
e1a146fdbba0f457a2ea0a102e2c24872edc75865f95a9b842fcefa68e455266,2025-02-11,11,1,False,1.0,0.0,0.0,0.0,10.0,0.0,10.0,6.083333333333333,0.0
e498ed2d854e821dd717169a7b55e586bb647b3bd1ef51990cbd4e847791cc49,2025-02-11,7,1,False,1.0,0.0,0.0,0.0,6.0,1.0,6.0,9.033333333333333,0.15
e72c6ef5ea8445fc95b1c3ca1c82368b6c9adc8a29368110f51d81735f76f11c,2025-02-11,12,1,False,1.0,0.0,0.0,0.0,11.0,0.0,11.0,6.433333333333334,0.0
ea171ad8a99227777c2e7c1664c91caf9c08e47d4ba5c09165812a6d9633998c,2025-02-11,6,1,False,1.0,0.0,0.0,0.0,5.0,0.0,5.0,6.266666666666667,0.0
eac146261339b15b8a1e873ed372802ae1c5198377cc8e0f4a23d21bcead9c02,2025-02-11,9,1,False,1.0,0.0,0.0,0.0,8.0,0.0,8.0,5.25,0.0
ec8eef52024b6815e3113797e206a360a9c324efc2f400801d5eb1179b75a43d,2025-02-11,12,1,False,1.0,0.0,0.0,0.0,11.0,0.0,11.0,8.0,0.0
eecce08639c689fc3170d254f909a8dedd091d778d0ae7aa829c656b8d085cdd,2025-02-11,9,1,False,1.0,0.0,0.0,0.0,8.0,0.0,8.0,5.883333333333334,0.0
f02fff917d5e1f556f7ca2d8e8ddde98179be018c2669a269bf40d4f64b627f7,2025-02-11,13,1,False,1.0,0.0,0.0,0.0,12.0,0.0,12.0,7.9,0.0
f17b0eabd2530f1710fc19c34c4d29cc782a669753833ca0d88f524467cdf67f,2025-02-11,10,1,False,1.0,0.0,0.0,0.0,9.0,0.0,9.0,7.233333333333333,0.0
f26a64875adce083be80130e941dbfa6e94f2202ff0c463336c1300ecc5217f6,2025-02-11,12,1,False,1.0,0.0,0.0,0.0,11.0,0.0,11.0,7.616666666666666,0.0
f441fbdfbb3a65b7660b581790ec8633cd5e9a2bc3450e46f6f6d948e0ebd96b,2025-02-11,15,1,False,1.0,0.0,0.0,0.0,14.0,0.0,14.0,4.55,0.0
012fb52705cf3c18e19ff7f562c781dcd1736f3e5615ace007e35dee4740f412,2025-02-12,10,1,False,1.0,0.0,0.0,0.0,9.0,0.0,9.0,7.75,0.0
0604919ff2aebe087b97959084f1fffe2fd89b7e92f8997d6249f5617f0ec041,2025-02-12,15,1,False,1.0,0.0,0.0,0.0,14.0,0.0,14.0,8.383333333333333,0.0
0b9c9b2a643d502fb0470c0e2d25bd40592ae24d88e27a9cca008632f6491e86,2025-02-12,8,1,False,1.0,0.0,0.0,0.0,7.0,0.0,7.0,7.583333333333333,0.0
0bc6fa557a874432991fb3bef6cc8fecfed275284ca1549c6f502f2f2f86388f,2025-02-12,15,1,False,1.0,0.0,0.0,0.0,14.0,0.0,14.0,6.966666666666667,0.0
12881006a16563a03436c3185999cce893916a7f93bd295d9e51c610390a5400,2025-02-12,13,1,False,1.0,0.0,0.0,0.0,12.0,0.0,12.0,5.783333333333333,0.0
13cc67e7ae2b0731f9c20a2adb450d0ab125f700d392f08a01f5019b4da3be89,2025-02-12,16,1,False,1.0,0.0,0.0,0.0,15.0,0.0,15.0,7.6,0.0
1481a18bb91c683c9f0e63a3c1ffe035a67c1ee64eae546985a4caedd691f154,2025-02-12,11,1,False,1.0,0.0,0.0,0.0,10.0,0.0,10.0,6.083333333333333,0.0
1481cde120f4ec5a6626478c9222dacd947d0d027e33aa5175c391d3f10b05fd,2025-02-12,16,1,False,1.0,0.0,0.0,0.0,15.0,0.0,15.0,7.333333333333333,0.0
18757c67dbbb1f193d93dfd2c81d93f261d3cc1ab2b6b4a27daddb2a42f0c1e2,2025-02-12,6,1,False,1.0,0.0,0.0,0.0,5.0,0.0,5.0,3.0166666666666666,0.0
1e13a5c6539e75908d998e36f94f2baee29b17d341286f7a2af3163b528a2fcc,2025-02-12,15,1,False,1.0,0.0,0.0,0.0,14.0,0.0,14.0,7.716666666666667,0.0
1e813ac9d9c5fbfa50cba6f0032edaff8652f398c5508cc13faa4cc0af6fc3b9,2025-02-12,16,1,False,1.0,0.0,0.0,0.0,15.0,1.0,15.0,8.733333333333333,0.15
1fddb883469b0cd0365153a0ebff0dbefb2b5a252dbaf2b9795ad45003650dcf,2025-02-12,20,1,False,1.0,0.0,0.0,0.0,19.0,7.0,19.0,15.166666666666666,0.15
227b301943873690ead2973a5f7d43ef587dc58b46733368a3f16daf8db98925,2025-02-12,8,1,False,1.0,0.0,0.0,0.0,7.0,0.0,7.0,7.1,0.0
269b850943bbddfb37b8186af3d0cd154525f08057e450bdb93ab26f06b9758d,2025-02-12,12,1,False,1.0,0.0,0.0,0.0,11.0,0.0,11.0,7.616666666666666,0.0
27ef13206d1090bf126d0f8dd08b66cc346b18eb199192600e14cdc52d7c9a35,2025-02-12,7,1,False,1.0,0.0,0.0,0.0,6.0,0.0,6.0,5.85,0.0
2b4a1e95204243f32c7235a27dbeae5a0e9d42da4c762132ac84c0817875d614,2025-02-12,13,1,False,1.0,0.0,0.0,0.0,12.0,0.0,12.0,7.15,0.0
2fdc8fb359ca03d047fec4ad4d7f3b9cfc23ebf54bee30aec8f1a6431bfd0d6e,2025-02-12,6,1,False,1.0,0.0,0.0,0.0,5.0,0.0,5.0,7.316666666666666,0.0
32c184d9780b5545a856a0a366a71b86deb3a80c4dc92142aaf6bb3437c336b1,2025-02-12,13,1,False,1.0,0.0,0.0,0.0,12.0,0.0,12.0,7.166666666666667,0.0
34977907ef51b1295028838fb56ded6159cee0d58c3200a0276324aac366417c,2025-02-12,14,1,False,1.0,0.0,0.0,0.0,13.0,0.0,13.0,7.483333333333333,0.0
3634cd4e250467a39545675e2f7386734815df9c667903c8c83b43450723a792,2025-02-12,12,1,False,1.0,0.0,0.0,0.0,11.0,0.0,11.0,6.25,0.0
369a478c83b6f436dd9aade49d6289f250e18ec2a71b9552d7d9bb884bb2b586,2025-02-12,13,1,False,1.0,0.0,0.0,0.0,12.0,0.0,12.0,7.45,0.0
3c32c4971223e549c349880665fa1e81f054571faf44435a8071b4de6b20dffb,2025-02-12,14,1,False,1.0,0.0,0.0,0.0,13.0,0.0,13.0,8.0,0.0
3e05c7d4c2f91af414e809d408787184297b351d1907c225f6f1e75fbec1f3a3,2025-02-12,9,1,False,1.0,0.0,0.0,0.0,8.0,0.0,8.0,7.283333333333333,0.0
44e2b71da8273f1b00b9ec55361a1e542f6812bce0acd27214d62e7de86dd6d0,2025-02-12,11,1,False,1.0,0.0,0.0,0.0,10.0,0.0,10.0,8.883333333333333,0.0
4620b38a9a7c0abed1e91cfdc3926234d098446655b643be9342b610365aa1b6,2025-02-12,11,1,False,1.0,0.0,0.0,0.0,10.0,0.0,10.0,8.0,0.0
49b020eb7c127b73472cb4fc893577b87b48690b941ca1067751e5a6e3eab262,2025-02-12,10,1,False,1.0,0.0,0.0,0.0,9.0,0.0,9.0,8.0,0.0
4bef524b2f19749989b990b1af1747f137bfe1d7fbf78fa1358ddfc45b247cf1,2025-02-12,14,1,False,1.0,0.0,0.0,0.0,13.0,0.0,13.0,7.0,0.0
4ef80c0c47503cd20d3a8157080fb28f38e6524b33375c23d5fcd98a2f64545e,2025-02-12,12,1,False,1.0,0.0,0.0,0.0,11.0,0.0,11.0,5.15,0.0
5088fc658035905665368960c940882faf61610a4e1ce57a24c6ffc946f0f5a8,2025-02-12,11,1,False,1.0,0.0,0.0,0.0,10.0,0.0,10.0,8.683333333333334,0.0
5379232fec078f04af386b787ed0dc69b2a455a27e52e901c773a11d2d0bce7f,2025-02-12,12,1,False,1.0,0.0,0.0,0.0,11.0,6.0,11.0,13.1,0.15
53a03335d3716bf67d3ed781065280a46863f8d947c2492c4e33cce33f4446d2,2025-02-12,6,1,False,1.0,0.0,0.0,0.0,5.0,0.0,5.0,5.3,0.0
603fcd2b8449630833d1b6c7313a10e8a2176025a45ca54002988df4de8536dd,2025-02-12,3,1,False,1.0,1.0,0.0,0.0,2.0,2.0,2.0,2.6,0.35
61127469ce0c27e2d19e0e5ecece9227e60515e12a899bc8bbc29e1c8f68a78f,2025-02-12,6,1,False,1.0,0.0,0.0,0.0,5.0,0.0,5.0,6.433333333333334,0.0
62009223daa0ff462d9b377b2b31f5c85b4e95caf611f5339cbb2b5e1dc9cab5,2025-02-12,10,1,False,1.0,0.0,0.0,0.0,9.0,0.0,9.0,8.033333333333333,0.0
620ea76a7f314a9faecfaadf110510d2abcf73e79e56e93b476e80794b9e251f,2025-02-12,8,1,False,1.0,0.0,0.0,0.0,7.0,0.0,7.0,6.566666666666666,0.0
685e9623979d1c18a11af39701aaf24188e1a40aee4c205c4d3220d26708793d,2025-02-12,7,1,False,1.0,0.0,0.0,0.0,6.0,0.0,6.0,8.383333333333333,0.0
69295bad69cbd357f13dc891b598791ab746ad0ed9cea2f9da57019f70c847b6,2025-02-12,13,1,False,1.0,0.0,0.0,0.0,12.0,1.0,12.0,8.5,0.15
6ac76fd52b6451030fdaa8cce0d1126104c034aa0d6cff3c078311dce03e36e5,2025-02-12,7,1,False,1.0,0.0,0.0,0.0,6.0,0.0,6.0,7.616666666666666,0.0
6e0553bc94f1b3457a68943cdeb271536fa0ca87652900b8c47b6b4e2eabc4b7,2025-02-12,11,1,False,1.0,0.0,0.0,0.0,10.0,0.0,10.0,6.183333333333334,0.0
71c200742f059a8380e2f3dd53ca613e2cdd705c24898e5957d46fefeff67336,2025-02-12,14,1,False,1.0,0.0,0.0,0.0,13.0,1.0,13.0,9.316666666666666,0.15
768115c2eaa5bf872b6f73af67403e31127811d5dfdaa65f5998e7f57a6be1ca,2025-02-12,9,1,False,1.0,0.0,0.0,0.0,8.0,0.0,8.0,6.1,0.0
77a935bf01e27db1c86c62c6082710b6fe7046028279183cc90fc11b5a21dd3c,2025-02-12,14,1,False,1.0,0.0,0.0,0.0,13.0,0.0,13.0,8.35,0.0
7b291901ed6fc90c51c56024b33122026451c19dfa4736a37621d21afa86ab5a,2025-02-12,15,1,False,1.0,0.0,0.0,0.0,14.0,0.0,14.0,9.183333333333334,0.0
7d64092a6e7dfd07913942876a0c314955bce8dc9fcabd12166bcf1ad5666185,2025-02-12,15,1,False,1.0,0.0,0.0,0.0,14.0,0.0,14.0,6.65,0.0
7faca1558937aea9797473b24d153f084fc8bc52e7e16da8f8bf4c48b587b358,2025-02-12,12,1,False,1.0,0.0,0.0,0.0,11.0,0.0,11.0,8.1,0.0
806e62fd6dd962469b9425c2f7b2550582df8623e5c711ade163292a626414aa,2025-02-12,8,1,False,1.0,0.0,0.0,0.0,7.0,0.0,7.0,7.783333333333333,0.0
85bf8422bdd496aa90249b85acbd42b16a6a0ed3121a586f0bcc607d16d09d80,2025-02-12,10,1,False,1.0,0.0,0.0,0.0,9.0,0.0,9.0,8.583333333333334,0.0
88b53efa4c89ad7a3d90cf3c01046d714f1adff9827d0eb5754b4ef76c64f039,2025-02-12,7,1,False,1.0,0.0,0.0,0.0,6.0,0.0,6.0,7.416666666666667,0.0
8eb9feaf80cb3b47e639148a128ff9ae2b814462106966998a7656825b71fa7d,2025-02-12,7,1,False,1.0,0.0,0.0,0.0,6.0,0.0,6.0,6.6,0.0
924ed1bb3874124ad2e307aa33a7e5791cc81dd30c0c079d54cfc1ea14ee310a,2025-02-12,8,1,False,1.0,0.0,0.0,0.0,7.0,0.0,7.0,8.7,0.0
939b9328b580200251e640b1f2170850525f4fefe336c98f053407a0725f9849,2025-02-12,14,1,False,1.0,0.0,0.0,0.0,13.0,0.0,13.0,5.833333333333333,0.0
9a31e4091d5c4c7fb8b9377b091ea9caa9cf26c36e62547a85992d9e109b1b9c,2025-02-12,11,1,False,1.0,0.0,0.0,0.0,10.0,0.0,10.0,7.483333333333333,0.0
9e007677846640b2acc599b1d1d498a20ff8260eeda2d49338e3b6ed111045a9,2025-02-12,13,1,False,1.0,0.0,0.0,0.0,12.0,0.0,12.0,7.3,0.0
9e7a5e914136e41ca82c366fd529e02d961e7ed1a6019ff724f06dbe447fbb88,2025-02-12,6,1,False,1.0,0.0,0.0,0.0,5.0,0.0,5.0,6.566666666666666,0.0
a8848b387af6359642c71478f693e4643381802ccc97f2b0c353264d7729405c,2025-02-12,12,1,False,1.0,0.0,0.0,0.0,11.0,0.0,11.0,6.033333333333333,0.0
b55080c0db11860ea934ecf297a13cf247817b3e34562a5897c18ff2cfa07f07,2025-02-12,12,1,False,1.0,0.0,0.0,0.0,11.0,0.0,11.0,6.533333333333333,0.0
b66c51931f321cca81cc9195f90b3174ae82ebb56c74459770f7800e347ca3b0,2025-02-12,8,1,False,1.0,0.0,0.0,0.0,7.0,0.0,7.0,5.95,0.0
b8e6c17d68aafa670b598b1cf0c0bd73a2937d6abb11055fded76b5e53231165,2025-02-12,15,1,False,1.0,0.0,0.0,0.0,14.0,0.0,14.0,7.9,0.0
bc60389887dd911a09f472d0f840e5a268d310cd13f422bfc6f811eb916ec82f,2025-02-12,8,1,False,1.0,0.0,0.0,0.0,7.0,0.0,7.0,5.566666666666666,0.0
c2fa44374f0aab02cb57c9ed348bb43c1fd456bfdf5b296c4f72174a002cd27f,2025-02-12,6,1,False,1.0,0.0,0.0,0.0,5.0,0.0,5.0,8.0,0.0
c5a8e30eed6744da0b641f474ebb407a75bc6fd07bd6e3c7aeb522c884dd456b,2025-02-12,16,1,False,1.0,0.0,0.0,0.0,15.0,0.0,15.0,7.65,0.0
c734a9d4fd20facb7d4e2f69c7a7be0a0263956653fc71b8d25ad3ed7a1ba446,2025-02-12,6,1,False,1.0,0.0,0.0,0.0,5.0,0.0,5.0,4.95,0.0
cb50b7517e0741a49adb67908546647f1da3398d8c72f00f00e9ba111909654b,2025-02-12,8,1,False,1.0,0.0,0.0,0.0,7.0,0.0,7.0,6.933333333333334,0.0
cc4113bc0f389ec5987bdc5cae8e94c8c01f0c5e127a5fc2b0ef752d7226c0ca,2025-02-12,11,1,False,1.0,1.0,0.0,0.0,10.0,2.0,10.0,9.85,0.35
cca321773f148695c0ffc5ed365db650aadc5ecdd13b4ddb3e6b57f38bf5a719,2025-02-12,16,1,False,1.0,0.0,0.0,0.0,15.0,1.0,15.0,8.933333333333334,0.15
d111a1427a39ed7f2d2483db714c5e0d79823bc9ecc62a126e1d144d374d286a,2025-02-12,15,1,False,1.0,0.0,0.0,0.0,14.0,0.0,14.0,7.583333333333333,0.0
dab294f3951611f65a9b1e6408fbad19981d1b65b76c28c3408dac6a6b93bbc8,2025-02-12,15,1,False,1.0,0.0,0.0,0.0,14.0,0.0,14.0,8.15,0.0
ddee12fc509b00889675d637518a8f7dfe216a200b6ad812c397b77d8bccb88b,2025-02-12,15,1,False,1.0,0.0,0.0,0.0,14.0,0.0,14.0,7.733333333333333,0.0
e001292c71d84c28529aed04ab0af1efa767893752908a7b7645f33d09aab74b,2025-02-12,14,1,False,1.0,0.0,0.0,0.0,13.0,0.0,13.0,8.133333333333333,0.0
e1a146fdbba0f457a2ea0a102e2c24872edc75865f95a9b842fcefa68e455266,2025-02-12,14,1,False,1.0,0.0,0.0,0.0,13.0,0.0,13.0,6.616666666666666,0.0
e498ed2d854e821dd717169a7b55e586bb647b3bd1ef51990cbd4e847791cc49,2025-02-12,7,1,False,1.0,0.0,0.0,0.0,6.0,0.0,6.0,6.883333333333334,0.0
e72c6ef5ea8445fc95b1c3ca1c82368b6c9adc8a29368110f51d81735f76f11c,2025-02-12,8,1,False,1.0,1.0,0.0,0.0,7.0,1.0,7.0,7.266666666666667,0.35
ea171ad8a99227777c2e7c1664c91caf9c08e47d4ba5c09165812a6d9633998c,2025-02-12,16,1,False,1.0,0.0,0.0,0.0,15.0,0.0,15.0,7.783333333333333,0.0
eac146261339b15b8a1e873ed372802ae1c5198377cc8e0f4a23d21bcead9c02,2025-02-12,15,1,False,1.0,0.0,0.0,0.0,14.0,0.0,14.0,7.133333333333334,0.0
ec8eef52024b6815e3113797e206a360a9c324efc2f400801d5eb1179b75a43d,2025-02-12,16,1,False,1.0,0.0,0.0,0.0,15.0,0.0,15.0,6.75,0.0
eecce08639c689fc3170d254f909a8dedd091d778d0ae7aa829c656b8d085cdd,2025-02-12,13,1,False,1.0,0.0,0.0,0.0,12.0,0.0,12.0,8.516666666666667,0.0
f02fff917d5e1f556f7ca2d8e8ddde98179be018c2669a269bf40d4f64b627f7,2025-02-12,2,1,False,1.0,1.0,0.0,0.0,1.0,1.0,1.0,0.9,0.35
f17b0eabd2530f1710fc19c34c4d29cc782a669753833ca0d88f524467cdf67f,2025-02-12,11,1,False,1.0,0.0,0.0,0.0,10.0,0.0,10.0,8.05,0.0
f26a64875adce083be80130e941dbfa6e94f2202ff0c463336c1300ecc5217f6,2025-02-12,10,1,False,1.0,0.0,0.0,0.0,9.0,0.0,9.0,7.35,0.0
f441fbdfbb3a65b7660b581790ec8633cd5e9a2bc3450e46f6f6d948e0ebd96b,2025-02-12,7,1,False,1.0,0.0,0.0,0.0,6.0,0.0,6.0,6.733333333333333,0.0
012fb52705cf3c18e19ff7f562c781dcd1736f3e5615ace007e35dee4740f412,2025-02-13,12,1,False,1.0,0.0,0.0,0.0,11.0,0.0,11.0,6.283333333333333,0.0
0604919ff2aebe087b97959084f1fffe2fd89b7e92f8997d6249f5617f0ec041,2025-02-13,12,1,False,1.0,0.0,0.0,0.0,11.0,0.0,11.0,6.8,0.0
0b9c9b2a643d502fb0470c0e2d25bd40592ae24d88e27a9cca008632f6491e86,2025-02-13,12,1,False,1.0,0.0,0.0,0.0,11.0,0.0,11.0,7.9,0.0
0bc6fa557a874432991fb3bef6cc8fecfed275284ca1549c6f502f2f2f86388f,2025-02-13,13,1,False,1.0,0.0,0.0,0.0,12.0,1.0,12.0,9.783333333333333,0.15
12881006a16563a03436c3185999cce893916a7f93bd295d9e51c610390a5400,2025-02-13,8,1,False,1.0,0.0,0.0,0.0,7.0,0.0,7.0,7.25,0.0
13cc67e7ae2b0731f9c20a2adb450d0ab125f700d392f08a01f5019b4da3be89,2025-02-13,14,1,False,1.0,0.0,0.0,0.0,13.0,0.0,13.0,6.883333333333334,0.0
1481a18bb91c683c9f0e63a3c1ffe035a67c1ee64eae546985a4caedd691f154,2025-02-13,11,1,False,1.0,0.0,0.0,0.0,10.0,0.0,10.0,7.233333333333333,0.0
1481cde120f4ec5a6626478c9222dacd947d0d027e33aa5175c391d3f10b05fd,2025-02-13,12,1,False,1.0,0.0,0.0,0.0,11.0,2.0,11.0,9.016666666666667,0.15
18757c67dbbb1f193d93dfd2c81d93f261d3cc1ab2b6b4a27daddb2a42f0c1e2,2025-02-13,15,1,False,1.0,0.0,0.0,0.0,14.0,0.0,14.0,8.0,0.0
1e13a5c6539e75908d998e36f94f2baee29b17d341286f7a2af3163b528a2fcc,2025-02-13,13,1,False,1.0,0.0,0.0,0.0,12.0,0.0,12.0,7.533333333333333,0.0
1e813ac9d9c5fbfa50cba6f0032edaff8652f398c5508cc13faa4cc0af6fc3b9,2025-02-13,11,1,False,1.0,0.0,0.0,0.0,10.0,0.0,10.0,8.1,0.0
1fddb883469b0cd0365153a0ebff0dbefb2b5a252dbaf2b9795ad45003650dcf,2025-02-13,12,1,False,1.0,0.0,0.0,0.0,11.0,0.0,11.0,6.95,0.0
227b301943873690ead2973a5f7d43ef587dc58b46733368a3f16daf8db98925,2025-02-13,14,1,False,1.0,0.0,0.0,0.0,13.0,0.0,13.0,9.383333333333333,0.0
269b850943bbddfb37b8186af3d0cd154525f08057e450bdb93ab26f06b9758d,2025-02-13,15,1,False,1.0,1.0,0.0,0.0,14.0,1.0,14.0,9.566666666666666,0.35
27ef13206d1090bf126d0f8dd08b66cc346b18eb199192600e14cdc52d7c9a35,2025-02-13,10,1,False,1.0,0.0,0.0,0.0,9.0,0.0,9.0,8.283333333333333,0.0
2b4a1e95204243f32c7235a27dbeae5a0e9d42da4c762132ac84c0817875d614,2025-02-13,9,1,False,1.0,0.0,0.0,0.0,8.0,0.0,8.0,4.833333333333333,0.0
2fdc8fb359ca03d047fec4ad4d7f3b9cfc23ebf54bee30aec8f1a6431bfd0d6e,2025-02-13,14,1,False,1.0,0.0,0.0,0.0,13.0,0.0,13.0,7.583333333333333,0.0
32c184d9780b5545a856a0a366a71b86deb3a80c4dc92142aaf6bb3437c336b1,2025-02-13,12,1,False,1.0,0.0,0.0,0.0,11.0,0.0,11.0,7.066666666666666,0.0
34977907ef51b1295028838fb56ded6159cee0d58c3200a0276324aac366417c,2025-02-13,8,1,False,1.0,0.0,0.0,0.0,7.0,0.0,7.0,6.9,0.0
3634cd4e250467a39545675e2f7386734815df9c667903c8c83b43450723a792,2025-02-13,13,1,False,1.0,0.0,0.0,0.0,12.0,0.0,12.0,7.2,0.0
369a478c83b6f436dd9aade49d6289f250e18ec2a71b9552d7d9bb884bb2b586,2025-02-13,16,1,False,1.0,0.0,0.0,0.0,15.0,0.0,15.0,6.883333333333334,0.0
3c32c4971223e549c349880665fa1e81f054571faf44435a8071b4de6b20dffb,2025-02-13,10,1,False,1.0,0.0,0.0,0.0,9.0,0.0,9.0,6.716666666666667,0.0
3e05c7d4c2f91af414e809d408787184297b351d1907c225f6f1e75fbec1f3a3,2025-02-13,7,1,False,1.0,0.0,0.0,0.0,6.0,0.0,6.0,7.35,0.0
44e2b71da8273f1b00b9ec55361a1e542f6812bce0acd27214d62e7de86dd6d0,2025-02-13,7,1,False,1.0,0.0,0.0,0.0,6.0,0.0,6.0,4.5,0.0
4620b38a9a7c0abed1e91cfdc3926234d098446655b643be9342b610365aa1b6,2025-02-13,15,1,False,1.0,0.0,0.0,0.0,14.0,0.0,14.0,7.7,0.0
49b020eb7c127b73472cb4fc893577b87b48690b941ca1067751e5a6e3eab262,2025-02-13,9,1,False,1.0,0.0,0.0,0.0,8.0,0.0,8.0,5.583333333333333,0.0
4bef524b2f19749989b990b1af1747f137bfe1d7fbf78fa1358ddfc45b247cf1,2025-02-13,10,1,False,1.0,0.0,0.0,0.0,9.0,0.0,9.0,7.95,0.0
4ef80c0c47503cd20d3a8157080fb28f38e6524b33375c23d5fcd98a2f64545e,2025-02-13,11,1,False,1.0,0.0,0.0,0.0,10.0,0.0,10.0,7.6,0.0
5088fc658035905665368960c940882faf61610a4e1ce57a24c6ffc946f0f5a8,2025-02-13,15,1,False,1.0,0.0,0.0,0.0,14.0,4.0,14.0,9.283333333333333,0.15
5379232fec078f04af386b787ed0dc69b2a455a27e52e901c773a11d2d0bce7f,2025-02-13,8,1,False,1.0,0.0,0.0,0.0,7.0,0.0,7.0,5.8,0.0
53a03335d3716bf67d3ed781065280a46863f8d947c2492c4e33cce33f4446d2,2025-02-13,16,1,False,1.0,0.0,0.0,0.0,15.0,0.0,15.0,6.95,0.0
603fcd2b8449630833d1b6c7313a10e8a2176025a45ca54002988df4de8536dd,2025-02-13,15,1,False,1.0,0.0,0.0,0.0,14.0,3.0,14.0,16.233333333333334,0.15
61127469ce0c27e2d19e0e5ecece9227e60515e12a899bc8bbc29e1c8f68a78f,2025-02-13,12,1,False,1.0,0.0,0.0,0.0,11.0,0.0,11.0,7.083333333333333,0.0
62009223daa0ff462d9b377b2b31f5c85b4e95caf611f5339cbb2b5e1dc9cab5,2025-02-13,9,1,False,1.0,0.0,0.0,0.0,8.0,0.0,8.0,7.733333333333333,0.0
620ea76a7f314a9faecfaadf110510d2abcf73e79e56e93b476e80794b9e251f,2025-02-13,11,1,False,1.0,0.0,0.0,0.0,10.0,0.0,10.0,5.533333333333333,0.0
685e9623979d1c18a11af39701aaf24188e1a40aee4c205c4d3220d26708793d,2025-02-13,10,1,False,1.0,0.0,0.0,0.0,9.0,0.0,9.0,5.95,0.0
69295bad69cbd357f13dc891b598791ab746ad0ed9cea2f9da57019f70c847b6,2025-02-13,7,1,False,1.0,0.0,0.0,0.0,6.0,0.0,6.0,6.183333333333334,0.0
6ac76fd52b6451030fdaa8cce0d1126104c034aa0d6cff3c078311dce03e36e5,2025-02-13,7,1,False,1.0,0.0,0.0,0.0,6.0,0.0,6.0,7.016666666666667,0.0
6e0553bc94f1b3457a68943cdeb271536fa0ca87652900b8c47b6b4e2eabc4b7,2025-02-13,8,1,False,1.0,0.0,0.0,0.0,7.0,0.0,7.0,8.166666666666666,0.0
71c200742f059a8380e2f3dd53ca613e2cdd705c24898e5957d46fefeff67336,2025-02-13,9,1,False,1.0,0.0,0.0,0.0,8.0,0.0,8.0,6.35,0.0
768115c2eaa5bf872b6f73af67403e31127811d5dfdaa65f5998e7f57a6be1ca,2025-02-13,11,1,False,1.0,0.0,0.0,0.0,10.0,1.0,10.0,8.416666666666666,0.15
77a935bf01e27db1c86c62c6082710b6fe7046028279183cc90fc11b5a21dd3c,2025-02-13,9,1,False,1.0,0.0,0.0,0.0,8.0,0.0,8.0,7.85,0.0
7b291901ed6fc90c51c56024b33122026451c19dfa4736a37621d21afa86ab5a,2025-02-13,10,1,False,1.0,0.0,0.0,0.0,9.0,0.0,9.0,7.566666666666666,0.0
7d64092a6e7dfd07913942876a0c314955bce8dc9fcabd12166bcf1ad5666185,2025-02-13,11,1,False,1.0,0.0,0.0,0.0,10.0,2.0,10.0,10.133333333333333,0.15
7faca1558937aea9797473b24d153f084fc8bc52e7e16da8f8bf4c48b587b358,2025-02-13,8,1,False,1.0,0.0,0.0,0.0,7.0,0.0,7.0,7.7,0.0
806e62fd6dd962469b9425c2f7b2550582df8623e5c711ade163292a626414aa,2025-02-13,15,1,False,1.0,0.0,0.0,0.0,14.0,0.0,14.0,8.283333333333333,0.0
85bf8422bdd496aa90249b85acbd42b16a6a0ed3121a586f0bcc607d16d09d80,2025-02-13,10,1,False,1.0,0.0,0.0,0.0,9.0,0.0,9.0,5.85,0.0
88b53efa4c89ad7a3d90cf3c01046d714f1adff9827d0eb5754b4ef76c64f039,2025-02-13,14,1,False,1.0,0.0,0.0,0.0,13.0,0.0,13.0,6.816666666666666,0.0
8eb9feaf80cb3b47e639148a128ff9ae2b814462106966998a7656825b71fa7d,2025-02-13,12,1,False,1.0,0.0,0.0,0.0,11.0,0.0,11.0,6.133333333333334,0.0
924ed1bb3874124ad2e307aa33a7e5791cc81dd30c0c079d54cfc1ea14ee310a,2025-02-13,6,1,False,1.0,1.0,0.0,0.0,5.0,1.0,5.0,7.866666666666666,0.35
939b9328b580200251e640b1f2170850525f4fefe336c98f053407a0725f9849,2025-02-13,6,1,False,1.0,0.0,0.0,0.0,5.0,0.0,5.0,7.433333333333334,0.0
9a31e4091d5c4c7fb8b9377b091ea9caa9cf26c36e62547a85992d9e109b1b9c,2025-02-13,14,1,False,1.0,0.0,0.0,0.0,13.0,0.0,13.0,5.45,0.0
9e007677846640b2acc599b1d1d498a20ff8260eeda2d49338e3b6ed111045a9,2025-02-13,10,1,False,1.0,0.0,0.0,0.0,9.0,0.0,9.0,6.766666666666667,0.0
9e7a5e914136e41ca82c366fd529e02d961e7ed1a6019ff724f06dbe447fbb88,2025-02-13,8,1,False,1.0,0.0,0.0,0.0,7.0,0.0,7.0,6.416666666666667,0.0
a8848b387af6359642c71478f693e4643381802ccc97f2b0c353264d7729405c,2025-02-13,12,1,False,1.0,0.0,0.0,0.0,11.0,0.0,11.0,6.85,0.0
b55080c0db11860ea934ecf297a13cf247817b3e34562a5897c18ff2cfa07f07,2025-02-13,6,1,False,1.0,0.0,0.0,0.0,5.0,0.0,5.0,7.216666666666667,0.0
b66c51931f321cca81cc9195f90b3174ae82ebb56c74459770f7800e347ca3b0,2025-02-13,6,1,False,1.0,0.0,0.0,0.0,5.0,0.0,5.0,5.033333333333333,0.0
b8e6c17d68aafa670b598b1cf0c0bd73a2937d6abb11055fded76b5e53231165,2025-02-13,8,1,False,1.0,0.0,0.0,0.0,7.0,0.0,7.0,7.15,0.0
bc60389887dd911a09f472d0f840e5a268d310cd13f422bfc6f811eb916ec82f,2025-02-13,9,1,False,1.0,0.0,0.0,0.0,8.0,0.0,8.0,5.916666666666667,0.0
c2fa44374f0aab02cb57c9ed348bb43c1fd456bfdf5b296c4f72174a002cd27f,2025-02-13,16,1,False,1.0,0.0,0.0,0.0,15.0,2.0,15.0,10.45,0.15
c5a8e30eed6744da0b641f474ebb407a75bc6fd07bd6e3c7aeb522c884dd456b,2025-02-13,6,1,False,1.0,0.0,0.0,0.0,5.0,0.0,5.0,7.233333333333333,0.0
c734a9d4fd20facb7d4e2f69c7a7be0a0263956653fc71b8d25ad3ed7a1ba446,2025-02-13,14,1,False,1.0,0.0,0.0,0.0,13.0,0.0,13.0,7.633333333333334,0.0
cb50b7517e0741a49adb67908546647f1da3398d8c72f00f00e9ba111909654b,2025-02-13,16,1,False,1.0,0.0,0.0,0.0,15.0,0.0,15.0,7.45,0.0
cc4113bc0f389ec5987bdc5cae8e94c8c01f0c5e127a5fc2b0ef752d7226c0ca,2025-02-13,7,1,False,1.0,0.0,0.0,0.0,6.0,0.0,6.0,7.966666666666667,0.0
cca321773f148695c0ffc5ed365db650aadc5ecdd13b4ddb3e6b57f38bf5a719,2025-02-13,9,1,False,1.0,0.0,0.0,0.0,8.0,0.0,8.0,6.233333333333333,0.0
d111a1427a39ed7f2d2483db714c5e0d79823bc9ecc62a126e1d144d374d286a,2025-02-13,16,1,False,1.0,0.0,0.0,0.0,15.0,0.0,15.0,6.533333333333333,0.0
dab294f3951611f65a9b1e6408fbad19981d1b65b76c28c3408dac6a6b93bbc8,2025-02-13,7,1,False,1.0,0.0,0.0,0.0,6.0,0.0,6.0,8.883333333333333,0.0
ddee12fc509b00889675d637518a8f7dfe216a200b6ad812c397b77d8bccb88b,2025-02-13,15,1,False,1.0,0.0,0.0,0.0,14.0,0.0,14.0,6.5,0.0
e001292c71d84c28529aed04ab0af1efa767893752908a7b7645f33d09aab74b,2025-02-13,11,1,False,1.0,0.0,0.0,0.0,10.0,0.0,10.0,6.3,0.0
e1a146fdbba0f457a2ea0a102e2c24872edc75865f95a9b842fcefa68e455266,2025-02-13,10,1,False,1.0,1.0,0.0,0.0,9.0,1.0,9.0,7.616666666666666,0.35
e498ed2d854e821dd717169a7b55e586bb647b3bd1ef51990cbd4e847791cc49,2025-02-13,15,1,False,1.0,0.0,0.0,0.0,14.0,4.0,14.0,10.383333333333333,0.15
e72c6ef5ea8445fc95b1c3ca1c82368b6c9adc8a29368110f51d81735f76f11c,2025-02-13,11,1,False,1.0,0.0,0.0,0.0,10.0,1.0,10.0,8.066666666666666,0.15
ea171ad8a99227777c2e7c1664c91caf9c08e47d4ba5c09165812a6d9633998c,2025-02-13,11,1,False,1.0,0.0,0.0,0.0,10.0,0.0,10.0,8.616666666666667,0.0
eac146261339b15b8a1e873ed372802ae1c5198377cc8e0f4a23d21bcead9c02,2025-02-13,10,1,False,1.0,0.0,0.0,0.0,9.0,0.0,9.0,6.283333333333333,0.0
ec8eef52024b6815e3113797e206a360a9c324efc2f400801d5eb1179b75a43d,2025-02-13,13,1,False,1.0,0.0,0.0,0.0,12.0,0.0,12.0,5.766666666666667,0.0
eecce08639c689fc3170d254f909a8dedd091d778d0ae7aa829c656b8d085cdd,2025-02-13,16,1,False,1.0,0.0,0.0,0.0,15.0,0.0,15.0,8.266666666666667,0.0
f02fff917d5e1f556f7ca2d8e8ddde98179be018c2669a269bf40d4f64b627f7,2025-02-13,22,1,False,1.0,0.0,0.0,0.0,21.0,13.0,21.0,14.15,0.15
f17b0eabd2530f1710fc19c34c4d29cc782a669753833ca0d88f524467cdf67f,2025-02-13,1,1,False,1.0,1.0,0.0,0.0,0.0,0.0,0.0,0.0,0.2
f26a64875adce083be80130e941dbfa6e94f2202ff0c463336c1300ecc5217f6,2025-02-13,6,1,False,1.0,0.0,0.0,0.0,5.0,0.0,5.0,6.883333333333334,0.0
f441fbdfbb3a65b7660b581790ec8633cd5e9a2bc3450e46f6f6d948e0ebd96b,2025-02-13,9,1,False,1.0,0.0,0.0,0.0,8.0,0.0,8.0,7.083333333333333,0.0
012fb52705cf3c18e19ff7f562c781dcd1736f3e5615ace007e35dee4740f412,2025-02-14,9,1,False,1.0,0.0,0.0,0.0,8.0,0.0,8.0,7.216666666666667,0.0
0604919ff2aebe087b97959084f1fffe2fd89b7e92f8997d6249f5617f0ec041,2025-02-14,14,1,False,1.0,0.0,0.0,0.0,13.0,0.0,13.0,5.466666666666667,0.0
0b9c9b2a643d502fb0470c0e2d25bd40592ae24d88e27a9cca008632f6491e86,2025-02-14,11,1,False,1.0,0.0,0.0,0.0,10.0,0.0,10.0,7.883333333333334,0.0
0bc6fa557a874432991fb3bef6cc8fecfed275284ca1549c6f502f2f2f86388f,2025-02-14,11,1,False,1.0,0.0,0.0,0.0,10.0,0.0,10.0,5.616666666666666,0.0
12881006a16563a03436c3185999cce893916a7f93bd295d9e51c610390a5400,2025-02-14,7,1,False,1.0,0.0,0.0,0.0,6.0,0.0,6.0,4.7,0.0
13cc67e7ae2b0731f9c20a2adb450d0ab125f700d392f08a01f5019b4da3be89,2025-02-14,16,1,False,1.0,0.0,0.0,0.0,15.0,0.0,15.0,6.783333333333333,0.0
1481a18bb91c683c9f0e63a3c1ffe035a67c1ee64eae546985a4caedd691f154,2025-02-14,15,1,False,1.0,0.0,0.0,0.0,14.0,0.0,14.0,6.883333333333334,0.0
1481cde120f4ec5a6626478c9222dacd947d0d027e33aa5175c391d3f10b05fd,2025-02-14,9,1,False,1.0,0.0,0.0,0.0,8.0,0.0,8.0,8.75,0.0
18757c67dbbb1f193d93dfd2c81d93f261d3cc1ab2b6b4a27daddb2a42f0c1e2,2025-02-14,15,1,False,1.0,0.0,0.0,0.0,14.0,0.0,14.0,7.233333333333333,0.0
1e13a5c6539e75908d998e36f94f2baee29b17d341286f7a2af3163b528a2fcc,2025-02-14,9,1,False,1.0,0.0,0.0,0.0,8.0,0.0,8.0,5.466666666666667,0.0
1e813ac9d9c5fbfa50cba6f0032edaff8652f398c5508cc13faa4cc0af6fc3b9,2025-02-14,7,1,False,1.0,0.0,0.0,0.0,6.0,0.0,6.0,5.583333333333333,0.0
1fddb883469b0cd0365153a0ebff0dbefb2b5a252dbaf2b9795ad45003650dcf,2025-02-14,12,1,False,1.0,0.0,0.0,0.0,11.0,0.0,11.0,5.383333333333334,0.0
227b301943873690ead2973a5f7d43ef587dc58b46733368a3f16daf8db98925,2025-02-14,15,1,False,1.0,0.0,0.0,0.0,14.0,0.0,14.0,7.733333333333333,0.0
269b850943bbddfb37b8186af3d0cd154525f08057e450bdb93ab26f06b9758d,2025-02-14,6,1,False,1.0,1.0,1.0,1.0,4.0,4.0,4.0,2.4,0.85
27ef13206d1090bf126d0f8dd08b66cc346b18eb199192600e14cdc52d7c9a35,2025-02-14,15,1,False,1.0,0.0,0.0,0.0,14.0,0.0,14.0,8.516666666666667,0.0
2b4a1e95204243f32c7235a27dbeae5a0e9d42da4c762132ac84c0817875d614,2025-02-14,6,1,False,1.0,0.0,0.0,0.0,5.0,0.0,5.0,8.1,0.0
2fdc8fb359ca03d047fec4ad4d7f3b9cfc23ebf54bee30aec8f1a6431bfd0d6e,2025-02-14,15,1,False,1.0,0.0,0.0,0.0,14.0,0.0,14.0,7.5,0.0
32c184d9780b5545a856a0a366a71b86deb3a80c4dc92142aaf6bb3437c336b1,2025-02-14,14,1,False,1.0,0.0,0.0,0.0,13.0,0.0,13.0,7.266666666666667,0.0
34977907ef51b1295028838fb56ded6159cee0d58c3200a0276324aac366417c,2025-02-14,16,1,False,1.0,0.0,2.0,0.0,13.0,0.0,13.0,5.6,0.15
3634cd4e250467a39545675e2f7386734815df9c667903c8c83b43450723a792,2025-02-14,12,1,False,1.0,0.0,2.0,0.0,9.0,0.0,9.0,8.05,0.15
369a478c83b6f436dd9aade49d6289f250e18ec2a71b9552d7d9bb884bb2b586,2025-02-14,8,1,False,1.0,0.0,0.0,0.0,7.0,0.0,7.0,7.816666666666666,0.0
3c32c4971223e549c349880665fa1e81f054571faf44435a8071b4de6b20dffb,2025-02-14,7,1,False,1.0,0.0,0.0,0.0,6.0,0.0,6.0,7.45,0.0
3e05c7d4c2f91af414e809d408787184297b351d1907c225f6f1e75fbec1f3a3,2025-02-14,6,1,False,1.0,0.0,0.0,0.0,5.0,0.0,5.0,7.866666666666666,0.0
44e2b71da8273f1b00b9ec55361a1e542f6812bce0acd27214d62e7de86dd6d0,2025-02-14,7,1,False,1.0,0.0,0.0,0.0,6.0,0.0,6.0,8.683333333333334,0.0
4620b38a9a7c0abed1e91cfdc3926234d098446655b643be9342b610365aa1b6,2025-02-14,14,1,False,1.0,0.0,0.0,0.0,13.0,0.0,13.0,6.816666666666666,0.0
49b020eb7c127b73472cb4fc893577b87b48690b941ca1067751e5a6e3eab262,2025-02-14,14,1,False,1.0,0.0,0.0,0.0,13.0,0.0,13.0,8.7,0.0
4bef524b2f19749989b990b1af1747f137bfe1d7fbf78fa1358ddfc45b247cf1,2025-02-14,10,1,False,1.0,0.0,0.0,0.0,9.0,0.0,9.0,5.6,0.0
4ef80c0c47503cd20d3a8157080fb28f38e6524b33375c23d5fcd98a2f64545e,2025-02-14,14,1,False,1.0,0.0,0.0,0.0,13.0,1.0,13.0,8.8,0.15
5088fc658035905665368960c940882faf61610a4e1ce57a24c6ffc946f0f5a8,2025-02-14,10,1,False,1.0,0.0,0.0,0.0,9.0,1.0,9.0,8.35,0.15
5379232fec078f04af386b787ed0dc69b2a455a27e52e901c773a11d2d0bce7f,2025-02-14,12,1,False,1.0,0.0,0.0,0.0,11.0,1.0,11.0,12.016666666666667,0.15
53a03335d3716bf67d3ed781065280a46863f8d947c2492c4e33cce33f4446d2,2025-02-14,6,1,False,1.0,0.0,0.0,0.0,5.0,0.0,5.0,5.75,0.0
603fcd2b8449630833d1b6c7313a10e8a2176025a45ca54002988df4de8536dd,2025-02-14,12,1,False,1.0,0.0,0.0,0.0,11.0,2.0,11.0,9.766666666666667,0.15
61127469ce0c27e2d19e0e5ecece9227e60515e12a899bc8bbc29e1c8f68a78f,2025-02-14,8,1,False,1.0,0.0,0.0,0.0,7.0,0.0,7.0,6.4,0.0
62009223daa0ff462d9b377b2b31f5c85b4e95caf611f5339cbb2b5e1dc9cab5,2025-02-14,10,1,False,1.0,0.0,0.0,0.0,9.0,0.0,9.0,6.8,0.0
620ea76a7f314a9faecfaadf110510d2abcf73e79e56e93b476e80794b9e251f,2025-02-14,11,1,False,1.0,0.0,0.0,0.0,10.0,0.0,10.0,8.466666666666667,0.0
685e9623979d1c18a11af39701aaf24188e1a40aee4c205c4d3220d26708793d,2025-02-14,8,1,False,1.0,0.0,0.0,0.0,7.0,0.0,7.0,6.383333333333334,0.0
69295bad69cbd357f13dc891b598791ab746ad0ed9cea2f9da57019f70c847b6,2025-02-14,14,1,False,1.0,0.0,0.0,0.0,13.0,0.0,13.0,6.433333333333334,0.0
6ac76fd52b6451030fdaa8cce0d1126104c034aa0d6cff3c078311dce03e36e5,2025-02-14,6,1,False,1.0,0.0,0.0,0.0,5.0,0.0,5.0,4.916666666666667,0.0
6e0553bc94f1b3457a68943cdeb271536fa0ca87652900b8c47b6b4e2eabc4b7,2025-02-14,12,1,False,1.0,0.0,0.0,0.0,11.0,0.0,11.0,7.65,0.0
71c200742f059a8380e2f3dd53ca613e2cdd705c24898e5957d46fefeff67336,2025-02-14,10,1,False,1.0,0.0,0.0,0.0,9.0,0.0,9.0,7.583333333333333,0.0
768115c2eaa5bf872b6f73af67403e31127811d5dfdaa65f5998e7f57a6be1ca,2025-02-14,6,1,False,1.0,0.0,0.0,0.0,5.0,0.0,5.0,5.933333333333334,0.0
77a935bf01e27db1c86c62c6082710b6fe7046028279183cc90fc11b5a21dd3c,2025-02-14,6,1,False,1.0,0.0,0.0,0.0,5.0,0.0,5.0,4.566666666666666,0.0
7b291901ed6fc90c51c56024b33122026451c19dfa4736a37621d21afa86ab5a,2025-02-14,7,1,False,1.0,0.0,0.0,0.0,6.0,0.0,6.0,7.766666666666667,0.0
7d64092a6e7dfd07913942876a0c314955bce8dc9fcabd12166bcf1ad5666185,2025-02-14,14,1,False,1.0,0.0,2.0,0.0,11.0,0.0,11.0,8.05,0.15
7faca1558937aea9797473b24d153f084fc8bc52e7e16da8f8bf4c48b587b358,2025-02-14,14,1,False,1.0,0.0,0.0,0.0,13.0,0.0,13.0,7.5,0.0
806e62fd6dd962469b9425c2f7b2550582df8623e5c711ade163292a626414aa,2025-02-14,7,1,False,1.0,0.0,0.0,0.0,6.0,0.0,6.0,6.383333333333334,0.0
85bf8422bdd496aa90249b85acbd42b16a6a0ed3121a586f0bcc607d16d09d80,2025-02-14,9,1,False,1.0,0.0,0.0,0.0,8.0,0.0,8.0,7.466666666666667,0.0
88b53efa4c89ad7a3d90cf3c01046d714f1adff9827d0eb5754b4ef76c64f039,2025-02-14,6,1,False,1.0,0.0,0.0,0.0,5.0,0.0,5.0,4.483333333333333,0.0
8eb9feaf80cb3b47e639148a128ff9ae2b814462106966998a7656825b71fa7d,2025-02-14,10,1,False,1.0,0.0,0.0,0.0,9.0,0.0,9.0,7.766666666666667,0.0
924ed1bb3874124ad2e307aa33a7e5791cc81dd30c0c079d54cfc1ea14ee310a,2025-02-14,12,1,False,1.0,0.0,0.0,0.0,11.0,0.0,11.0,6.933333333333334,0.0
939b9328b580200251e640b1f2170850525f4fefe336c98f053407a0725f9849,2025-02-14,12,1,False,1.0,0.0,0.0,0.0,11.0,0.0,11.0,5.583333333333333,0.0
9a31e4091d5c4c7fb8b9377b091ea9caa9cf26c36e62547a85992d9e109b1b9c,2025-02-14,15,1,False,1.0,0.0,0.0,0.0,14.0,0.0,14.0,5.733333333333333,0.0
9e007677846640b2acc599b1d1d498a20ff8260eeda2d49338e3b6ed111045a9,2025-02-14,11,1,False,1.0,0.0,0.0,0.0,10.0,0.0,10.0,6.683333333333334,0.0
9e7a5e914136e41ca82c366fd529e02d961e7ed1a6019ff724f06dbe447fbb88,2025-02-14,15,1,False,1.0,0.0,0.0,0.0,14.0,0.0,14.0,7.166666666666667,0.0
a8848b387af6359642c71478f693e4643381802ccc97f2b0c353264d7729405c,2025-02-14,12,1,False,1.0,0.0,0.0,0.0,11.0,0.0,11.0,6.733333333333333,0.0
b55080c0db11860ea934ecf297a13cf247817b3e34562a5897c18ff2cfa07f07,2025-02-14,9,1,False,1.0,0.0,0.0,0.0,8.0,0.0,8.0,7.916666666666667,0.0
b66c51931f321cca81cc9195f90b3174ae82ebb56c74459770f7800e347ca3b0,2025-02-14,16,1,False,1.0,0.0,0.0,0.0,15.0,0.0,15.0,6.0,0.0
b8e6c17d68aafa670b598b1cf0c0bd73a2937d6abb11055fded76b5e53231165,2025-02-14,8,1,False,1.0,0.0,0.0,0.0,7.0,0.0,7.0,6.383333333333334,0.0
bc60389887dd911a09f472d0f840e5a268d310cd13f422bfc6f811eb916ec82f,2025-02-14,14,1,False,1.0,0.0,0.0,0.0,13.0,0.0,13.0,9.533333333333333,0.0
c2fa44374f0aab02cb57c9ed348bb43c1fd456bfdf5b296c4f72174a002cd27f,2025-02-14,3,1,False,1.0,1.0,0.0,0.0,2.0,2.0,2.0,1.5666666666666667,0.35
c5a8e30eed6744da0b641f474ebb407a75bc6fd07bd6e3c7aeb522c884dd456b,2025-02-14,14,1,False,1.0,0.0,0.0,0.0,13.0,0.0,13.0,7.666666666666667,0.0
c734a9d4fd20facb7d4e2f69c7a7be0a0263956653fc71b8d25ad3ed7a1ba446,2025-02-14,13,1,False,1.0,0.0,0.0,0.0,12.0,0.0,12.0,7.366666666666666,0.0
cb50b7517e0741a49adb67908546647f1da3398d8c72f00f00e9ba111909654b,2025-02-14,13,1,False,1.0,0.0,0.0,0.0,12.0,0.0,12.0,7.883333333333334,0.0
cc4113bc0f389ec5987bdc5cae8e94c8c01f0c5e127a5fc2b0ef752d7226c0ca,2025-02-14,7,1,False,1.0,0.0,0.0,0.0,6.0,0.0,6.0,5.183333333333334,0.0
cca321773f148695c0ffc5ed365db650aadc5ecdd13b4ddb3e6b57f38bf5a719,2025-02-14,11,1,False,1.0,0.0,0.0,0.0,10.0,0.0,10.0,8.3,0.0
d111a1427a39ed7f2d2483db714c5e0d79823bc9ecc62a126e1d144d374d286a,2025-02-14,16,1,False,1.0,0.0,0.0,0.0,15.0,0.0,15.0,7.466666666666667,0.0
dab294f3951611f65a9b1e6408fbad19981d1b65b76c28c3408dac6a6b93bbc8,2025-02-14,15,1,False,1.0,0.0,0.0,0.0,14.0,0.0,14.0,7.716666666666667,0.0
ddee12fc509b00889675d637518a8f7dfe216a200b6ad812c397b77d8bccb88b,2025-02-14,12,1,False,1.0,0.0,0.0,0.0,11.0,0.0,11.0,6.816666666666666,0.0
e001292c71d84c28529aed04ab0af1efa767893752908a7b7645f33d09aab74b,2025-02-14,11,1,False,1.0,0.0,0.0,0.0,10.0,1.0,10.0,8.166666666666666,0.15
e1a146fdbba0f457a2ea0a102e2c24872edc75865f95a9b842fcefa68e455266,2025-02-14,12,1,False,1.0,0.0,0.0,0.0,11.0,0.0,11.0,6.666666666666667,0.0
e498ed2d854e821dd717169a7b55e586bb647b3bd1ef51990cbd4e847791cc49,2025-02-14,8,1,False,1.0,0.0,0.0,0.0,7.0,1.0,7.0,9.45,0.15
e72c6ef5ea8445fc95b1c3ca1c82368b6c9adc8a29368110f51d81735f76f11c,2025-02-14,7,1,False,1.0,0.0,0.0,0.0,6.0,0.0,6.0,7.333333333333333,0.0
ea171ad8a99227777c2e7c1664c91caf9c08e47d4ba5c09165812a6d9633998c,2025-02-14,16,1,False,1.0,0.0,0.0,0.0,15.0,0.0,15.0,8.233333333333333,0.0
eac146261339b15b8a1e873ed372802ae1c5198377cc8e0f4a23d21bcead9c02,2025-02-14,9,1,False,1.0,0.0,0.0,0.0,8.0,0.0,8.0,7.516666666666667,0.0
ec8eef52024b6815e3113797e206a360a9c324efc2f400801d5eb1179b75a43d,2025-02-14,8,1,False,1.0,0.0,0.0,0.0,7.0,0.0,7.0,6.983333333333333,0.0
eecce08639c689fc3170d254f909a8dedd091d778d0ae7aa829c656b8d085cdd,2025-02-14,8,1,False,1.0,0.0,0.0,0.0,7.0,0.0,7.0,6.066666666666666,0.0
f02fff917d5e1f556f7ca2d8e8ddde98179be018c2669a269bf40d4f64b627f7,2025-02-14,8,1,False,1.0,0.0,0.0,0.0,7.0,1.0,7.0,8.883333333333333,0.15
f17b0eabd2530f1710fc19c34c4d29cc782a669753833ca0d88f524467cdf67f,2025-02-14,21,1,False,1.0,0.0,0.0,0.0,20.0,11.0,20.0,18.383333333333333,0.15
f26a64875adce083be80130e941dbfa6e94f2202ff0c463336c1300ecc5217f6,2025-02-14,16,1,False,1.0,0.0,0.0,0.0,15.0,0.0,15.0,7.75,0.0
f441fbdfbb3a65b7660b581790ec8633cd5e9a2bc3450e46f6f6d948e0ebd96b,2025-02-14,14,1,False,1.0,0.0,0.0,0.0,13.0,3.0,13.0,8.583333333333334,0.15
269b850943bbddfb37b8186af3d0cd154525f08057e450bdb93ab26f06b9758d,2025-02-15,5,1,False,0.0,0.0,1.0,1.0,4.0,4.0,4.0,2.7666666666666666,0.65
c2fa44374f0aab02cb57c9ed348bb43c1fd456bfdf5b296c4f72174a002cd27f,2025-02-15,11,1,False,0.0,0.0,0.0,0.0,11.0,11.0,11.0,4.033333333333333,0.15
012fb52705cf3c18e19ff7f562c781dcd1736f3e5615ace007e35dee4740f412,2025-02-17,7,1,False,1.0,0.0,0.0,0.0,6.0,0.0,6.0,7.766666666666667,0.0
0604919ff2aebe087b97959084f1fffe2fd89b7e92f8997d6249f5617f0ec041,2025-02-17,7,1,False,1.0,0.0,0.0,0.0,6.0,0.0,6.0,4.083333333333333,0.0
0b9c9b2a643d502fb0470c0e2d25bd40592ae24d88e27a9cca008632f6491e86,2025-02-17,8,1,False,1.0,0.0,0.0,0.0,7.0,0.0,7.0,7.783333333333333,0.0
0bc6fa557a874432991fb3bef6cc8fecfed275284ca1549c6f502f2f2f86388f,2025-02-17,9,1,False,1.0,0.0,0.0,0.0,8.0,0.0,8.0,7.5,0.0
12881006a16563a03436c3185999cce893916a7f93bd295d9e51c610390a5400,2025-02-17,7,1,False,1.0,0.0,0.0,0.0,6.0,0.0,6.0,6.933333333333334,0.0
13cc67e7ae2b0731f9c20a2adb450d0ab125f700d392f08a01f5019b4da3be89,2025-02-17,10,1,False,1.0,0.0,0.0,0.0,9.0,0.0,9.0,5.016666666666667,0.0
1481a18bb91c683c9f0e63a3c1ffe035a67c1ee64eae546985a4caedd691f154,2025-02-17,10,1,False,1.0,0.0,0.0,0.0,9.0,0.0,9.0,7.283333333333333,0.0
1481cde120f4ec5a6626478c9222dacd947d0d027e33aa5175c391d3f10b05fd,2025-02-17,16,1,False,1.0,0.0,0.0,0.0,15.0,2.0,15.0,8.4,0.15
18757c67dbbb1f193d93dfd2c81d93f261d3cc1ab2b6b4a27daddb2a42f0c1e2,2025-02-17,6,1,False,1.0,0.0,0.0,0.0,5.0,0.0,5.0,6.666666666666667,0.0
1e13a5c6539e75908d998e36f94f2baee29b17d341286f7a2af3163b528a2fcc,2025-02-17,15,1,False,1.0,0.0,0.0,0.0,14.0,0.0,14.0,7.316666666666666,0.0
1e813ac9d9c5fbfa50cba6f0032edaff8652f398c5508cc13faa4cc0af6fc3b9,2025-02-17,7,1,False,1.0,0.0,0.0,0.0,6.0,0.0,6.0,8.783333333333333,0.0
1fddb883469b0cd0365153a0ebff0dbefb2b5a252dbaf2b9795ad45003650dcf,2025-02-17,16,1,False,1.0,0.0,0.0,0.0,15.0,0.0,15.0,6.55,0.0
227b301943873690ead2973a5f7d43ef587dc58b46733368a3f16daf8db98925,2025-02-17,8,1,False,1.0,0.0,0.0,0.0,7.0,0.0,7.0,6.916666666666667,0.0
269b850943bbddfb37b8186af3d0cd154525f08057e450bdb93ab26f06b9758d,2025-02-17,15,1,False,1.0,0.0,0.0,0.0,14.0,0.0,14.0,6.983333333333333,0.0
27ef13206d1090bf126d0f8dd08b66cc346b18eb199192600e14cdc52d7c9a35,2025-02-17,8,1,False,1.0,0.0,0.0,0.0,7.0,0.0,7.0,6.266666666666667,0.0
2b4a1e95204243f32c7235a27dbeae5a0e9d42da4c762132ac84c0817875d614,2025-02-17,7,1,False,1.0,0.0,0.0,0.0,6.0,0.0,6.0,5.45,0.0
2fdc8fb359ca03d047fec4ad4d7f3b9cfc23ebf54bee30aec8f1a6431bfd0d6e,2025-02-17,14,1,False,1.0,0.0,0.0,0.0,13.0,0.0,13.0,7.1,0.0
32c184d9780b5545a856a0a366a71b86deb3a80c4dc92142aaf6bb3437c336b1,2025-02-17,8,1,False,1.0,0.0,0.0,0.0,7.0,0.0,7.0,6.85,0.0
34977907ef51b1295028838fb56ded6159cee0d58c3200a0276324aac366417c,2025-02-17,14,1,False,1.0,0.0,0.0,0.0,13.0,0.0,13.0,7.866666666666666,0.0
3634cd4e250467a39545675e2f7386734815df9c667903c8c83b43450723a792,2025-02-17,10,1,False,1.0,0.0,0.0,0.0,9.0,0.0,9.0,6.383333333333334,0.0
369a478c83b6f436dd9aade49d6289f250e18ec2a71b9552d7d9bb884bb2b586,2025-02-17,10,1,False,1.0,0.0,0.0,0.0,9.0,0.0,9.0,7.933333333333334,0.0
3c32c4971223e549c349880665fa1e81f054571faf44435a8071b4de6b20dffb,2025-02-17,15,1,False,1.0,0.0,0.0,0.0,14.0,0.0,14.0,6.866666666666666,0.0
3e05c7d4c2f91af414e809d408787184297b351d1907c225f6f1e75fbec1f3a3,2025-02-17,13,1,False,1.0,0.0,0.0,0.0,12.0,0.0,12.0,5.45,0.0
44e2b71da8273f1b00b9ec55361a1e542f6812bce0acd27214d62e7de86dd6d0,2025-02-17,14,1,False,1.0,0.0,0.0,0.0,13.0,0.0,13.0,7.533333333333333,0.0
4620b38a9a7c0abed1e91cfdc3926234d098446655b643be9342b610365aa1b6,2025-02-17,11,1,False,1.0,0.0,0.0,0.0,10.0,0.0,10.0,7.7,0.0
49b020eb7c127b73472cb4fc893577b87b48690b941ca1067751e5a6e3eab262,2025-02-17,9,1,False,1.0,0.0,0.0,0.0,8.0,0.0,8.0,7.016666666666667,0.0
4bef524b2f19749989b990b1af1747f137bfe1d7fbf78fa1358ddfc45b247cf1,2025-02-17,15,1,False,1.0,0.0,0.0,0.0,14.0,0.0,14.0,6.416666666666667,0.0
4ef80c0c47503cd20d3a8157080fb28f38e6524b33375c23d5fcd98a2f64545e,2025-02-17,11,1,False,1.0,0.0,0.0,0.0,10.0,0.0,10.0,6.85,0.0
5088fc658035905665368960c940882faf61610a4e1ce57a24c6ffc946f0f5a8,2025-02-17,10,1,False,1.0,0.0,0.0,0.0,9.0,0.0,9.0,6.216666666666667,0.0
5379232fec078f04af386b787ed0dc69b2a455a27e52e901c773a11d2d0bce7f,2025-02-17,11,1,False,1.0,0.0,0.0,0.0,10.0,0.0,10.0,7.583333333333333,0.0
53a03335d3716bf67d3ed781065280a46863f8d947c2492c4e33cce33f4446d2,2025-02-17,12,1,False,1.0,0.0,0.0,0.0,11.0,0.0,11.0,7.066666666666666,0.0
603fcd2b8449630833d1b6c7313a10e8a2176025a45ca54002988df4de8536dd,2025-02-17,16,1,False,1.0,0.0,0.0,0.0,15.0,0.0,15.0,6.466666666666667,0.0
61127469ce0c27e2d19e0e5ecece9227e60515e12a899bc8bbc29e1c8f68a78f,2025-02-17,7,1,False,1.0,0.0,0.0,0.0,6.0,0.0,6.0,5.716666666666667,0.0
62009223daa0ff462d9b377b2b31f5c85b4e95caf611f5339cbb2b5e1dc9cab5,2025-02-17,12,1,False,1.0,0.0,0.0,0.0,11.0,2.0,11.0,8.783333333333333,0.15
620ea76a7f314a9faecfaadf110510d2abcf73e79e56e93b476e80794b9e251f,2025-02-17,10,1,False,1.0,0.0,0.0,0.0,9.0,0.0,9.0,7.15,0.0
685e9623979d1c18a11af39701aaf24188e1a40aee4c205c4d3220d26708793d,2025-02-17,14,1,False,1.0,0.0,0.0,0.0,13.0,0.0,13.0,6.05,0.0
69295bad69cbd357f13dc891b598791ab746ad0ed9cea2f9da57019f70c847b6,2025-02-17,11,1,False,1.0,0.0,0.0,0.0,10.0,0.0,10.0,7.633333333333334,0.0
6ac76fd52b6451030fdaa8cce0d1126104c034aa0d6cff3c078311dce03e36e5,2025-02-17,7,1,False,1.0,0.0,0.0,0.0,6.0,0.0,6.0,9.216666666666667,0.0
6e0553bc94f1b3457a68943cdeb271536fa0ca87652900b8c47b6b4e2eabc4b7,2025-02-17,12,1,False,1.0,0.0,0.0,0.0,11.0,0.0,11.0,7.216666666666667,0.0
71c200742f059a8380e2f3dd53ca613e2cdd705c24898e5957d46fefeff67336,2025-02-17,9,1,False,1.0,0.0,0.0,0.0,8.0,0.0,8.0,7.416666666666667,0.0
768115c2eaa5bf872b6f73af67403e31127811d5dfdaa65f5998e7f57a6be1ca,2025-02-17,11,1,False,1.0,0.0,0.0,0.0,10.0,0.0,10.0,6.333333333333333,0.0
77a935bf01e27db1c86c62c6082710b6fe7046028279183cc90fc11b5a21dd3c,2025-02-17,16,1,False,1.0,0.0,0.0,0.0,15.0,0.0,15.0,8.4,0.0
7b291901ed6fc90c51c56024b33122026451c19dfa4736a37621d21afa86ab5a,2025-02-17,15,1,False,1.0,0.0,0.0,0.0,14.0,0.0,14.0,8.05,0.0
7d64092a6e7dfd07913942876a0c314955bce8dc9fcabd12166bcf1ad5666185,2025-02-17,12,1,False,1.0,0.0,0.0,0.0,11.0,0.0,11.0,5.8,0.0
7faca1558937aea9797473b24d153f084fc8bc52e7e16da8f8bf4c48b587b358,2025-02-17,10,1,False,1.0,0.0,0.0,0.0,9.0,0.0,9.0,6.033333333333333,0.0
806e62fd6dd962469b9425c2f7b2550582df8623e5c711ade163292a626414aa,2025-02-17,13,1,False,1.0,0.0,0.0,0.0,12.0,0.0,12.0,7.95,0.0
85bf8422bdd496aa90249b85acbd42b16a6a0ed3121a586f0bcc607d16d09d80,2025-02-17,10,1,False,1.0,0.0,0.0,0.0,9.0,0.0,9.0,7.966666666666667,0.0
88b53efa4c89ad7a3d90cf3c01046d714f1adff9827d0eb5754b4ef76c64f039,2025-02-17,10,1,False,1.0,0.0,0.0,0.0,9.0,0.0,9.0,8.633333333333333,0.0
8eb9feaf80cb3b47e639148a128ff9ae2b814462106966998a7656825b71fa7d,2025-02-17,7,1,False,1.0,0.0,0.0,0.0,6.0,0.0,6.0,7.183333333333334,0.0
924ed1bb3874124ad2e307aa33a7e5791cc81dd30c0c079d54cfc1ea14ee310a,2025-02-17,16,1,False,1.0,0.0,0.0,0.0,15.0,0.0,15.0,7.133333333333334,0.0
939b9328b580200251e640b1f2170850525f4fefe336c98f053407a0725f9849,2025-02-17,13,1,False,1.0,0.0,0.0,0.0,12.0,0.0,12.0,4.816666666666666,0.0
9a31e4091d5c4c7fb8b9377b091ea9caa9cf26c36e62547a85992d9e109b1b9c,2025-02-17,9,1,False,1.0,0.0,0.0,0.0,8.0,0.0,8.0,8.033333333333333,0.0
9e007677846640b2acc599b1d1d498a20ff8260eeda2d49338e3b6ed111045a9,2025-02-17,9,1,False,1.0,0.0,0.0,0.0,8.0,0.0,8.0,5.983333333333333,0.0
9e7a5e914136e41ca82c366fd529e02d961e7ed1a6019ff724f06dbe447fbb88,2025-02-17,13,1,False,1.0,0.0,0.0,0.0,12.0,0.0,12.0,6.983333333333333,0.0
a8848b387af6359642c71478f693e4643381802ccc97f2b0c353264d7729405c,2025-02-17,6,1,False,1.0,0.0,0.0,0.0,5.0,0.0,5.0,8.133333333333333,0.0
b55080c0db11860ea934ecf297a13cf247817b3e34562a5897c18ff2cfa07f07,2025-02-17,10,1,False,1.0,0.0,0.0,0.0,9.0,0.0,9.0,8.15,0.0
b66c51931f321cca81cc9195f90b3174ae82ebb56c74459770f7800e347ca3b0,2025-02-17,14,1,False,1.0,0.0,0.0,0.0,13.0,0.0,13.0,9.65,0.0
b8e6c17d68aafa670b598b1cf0c0bd73a2937d6abb11055fded76b5e53231165,2025-02-17,10,1,False,1.0,0.0,0.0,0.0,9.0,0.0,9.0,8.85,0.0
bc60389887dd911a09f472d0f840e5a268d310cd13f422bfc6f811eb916ec82f,2025-02-17,16,1,False,1.0,0.0,0.0,0.0,15.0,0.0,15.0,7.45,0.0
c2fa44374f0aab02cb57c9ed348bb43c1fd456bfdf5b296c4f72174a002cd27f,2025-02-17,12,1,False,1.0,0.0,0.0,0.0,11.0,2.0,11.0,14.716666666666667,0.15
c5a8e30eed6744da0b641f474ebb407a75bc6fd07bd6e3c7aeb522c884dd456b,2025-02-17,16,1,False,1.0,0.0,0.0,0.0,15.0,0.0,15.0,8.8,0.0
c734a9d4fd20facb7d4e2f69c7a7be0a0263956653fc71b8d25ad3ed7a1ba446,2025-02-17,11,1,False,1.0,0.0,0.0,0.0,10.0,0.0,10.0,8.516666666666667,0.0
cb50b7517e0741a49adb67908546647f1da3398d8c72f00f00e9ba111909654b,2025-02-17,12,1,False,1.0,0.0,0.0,0.0,11.0,0.0,11.0,7.75,0.0
cc4113bc0f389ec5987bdc5cae8e94c8c01f0c5e127a5fc2b0ef752d7226c0ca,2025-02-17,7,1,False,1.0,0.0,0.0,0.0,6.0,0.0,6.0,7.533333333333333,0.0
cca321773f148695c0ffc5ed365db650aadc5ecdd13b4ddb3e6b57f38bf5a719,2025-02-17,9,1,False,1.0,0.0,0.0,0.0,8.0,0.0,8.0,7.216666666666667,0.0
d111a1427a39ed7f2d2483db714c5e0d79823bc9ecc62a126e1d144d374d286a,2025-02-17,7,1,False,1.0,0.0,0.0,0.0,6.0,1.0,6.0,8.716666666666667,0.15
dab294f3951611f65a9b1e6408fbad19981d1b65b76c28c3408dac6a6b93bbc8,2025-02-17,11,1,False,1.0,0.0,0.0,0.0,10.0,0.0,10.0,9.183333333333334,0.0
ddee12fc509b00889675d637518a8f7dfe216a200b6ad812c397b77d8bccb88b,2025-02-17,14,1,False,1.0,0.0,0.0,0.0,13.0,0.0,13.0,7.116666666666666,0.0
e001292c71d84c28529aed04ab0af1efa767893752908a7b7645f33d09aab74b,2025-02-17,15,1,False,1.0,0.0,0.0,0.0,14.0,0.0,14.0,7.766666666666667,0.0
e1a146fdbba0f457a2ea0a102e2c24872edc75865f95a9b842fcefa68e455266,2025-02-17,8,1,False,1.0,0.0,0.0,0.0,7.0,0.0,7.0,5.45,0.0
e498ed2d854e821dd717169a7b55e586bb647b3bd1ef51990cbd4e847791cc49,2025-02-17,13,1,False,1.0,0.0,0.0,0.0,12.0,0.0,12.0,6.783333333333333,0.0
e72c6ef5ea8445fc95b1c3ca1c82368b6c9adc8a29368110f51d81735f76f11c,2025-02-17,10,1,False,1.0,0.0,0.0,0.0,9.0,0.0,9.0,8.166666666666666,0.0
ea171ad8a99227777c2e7c1664c91caf9c08e47d4ba5c09165812a6d9633998c,2025-02-17,11,1,False,1.0,0.0,0.0,0.0,10.0,0.0,10.0,5.316666666666666,0.0
eac146261339b15b8a1e873ed372802ae1c5198377cc8e0f4a23d21bcead9c02,2025-02-17,10,1,False,1.0,0.0,0.0,0.0,9.0,0.0,9.0,7.866666666666666,0.0
ec8eef52024b6815e3113797e206a360a9c324efc2f400801d5eb1179b75a43d,2025-02-17,11,1,False,1.0,0.0,0.0,0.0,10.0,0.0,10.0,8.933333333333334,0.0
eecce08639c689fc3170d254f909a8dedd091d778d0ae7aa829c656b8d085cdd,2025-02-17,11,1,False,1.0,0.0,0.0,0.0,10.0,0.0,10.0,7.683333333333334,0.0
f02fff917d5e1f556f7ca2d8e8ddde98179be018c2669a269bf40d4f64b627f7,2025-02-17,12,1,False,1.0,0.0,0.0,0.0,11.0,0.0,11.0,4.85,0.0
f17b0eabd2530f1710fc19c34c4d29cc782a669753833ca0d88f524467cdf67f,2025-02-17,11,1,False,1.0,0.0,0.0,0.0,10.0,0.0,10.0,8.35,0.0
f26a64875adce083be80130e941dbfa6e94f2202ff0c463336c1300ecc5217f6,2025-02-17,13,1,False,1.0,0.0,0.0,0.0,12.0,0.0,12.0,9.05,0.0
f441fbdfbb3a65b7660b581790ec8633cd5e9a2bc3450e46f6f6d948e0ebd96b,2025-02-17,11,1,False,1.0,0.0,0.0,0.0,10.0,0.0,10.0,6.133333333333334,0.0
012fb52705cf3c18e19ff7f562c781dcd1736f3e5615ace007e35dee4740f412,2025-02-18,14,1,False,1.0,0.0,0.0,0.0,13.0,0.0,13.0,8.366666666666667,0.0
0604919ff2aebe087b97959084f1fffe2fd89b7e92f8997d6249f5617f0ec041,2025-02-18,12,1,False,1.0,0.0,0.0,0.0,11.0,0.0,11.0,7.15,0.0
0b9c9b2a643d502fb0470c0e2d25bd40592ae24d88e27a9cca008632f6491e86,2025-02-18,9,1,False,1.0,0.0,0.0,0.0,8.0,1.0,8.0,8.4,0.15
0bc6fa557a874432991fb3bef6cc8fecfed275284ca1549c6f502f2f2f86388f,2025-02-18,9,1,False,1.0,0.0,0.0,0.0,8.0,0.0,8.0,8.066666666666666,0.0
12881006a16563a03436c3185999cce893916a7f93bd295d9e51c610390a5400,2025-02-18,16,1,False,1.0,0.0,0.0,0.0,15.0,0.0,15.0,7.366666666666666,0.0
13cc67e7ae2b0731f9c20a2adb450d0ab125f700d392f08a01f5019b4da3be89,2025-02-18,12,1,False,1.0,0.0,0.0,0.0,11.0,0.0,11.0,6.4,0.0
1481a18bb91c683c9f0e63a3c1ffe035a67c1ee64eae546985a4caedd691f154,2025-02-18,9,1,False,1.0,0.0,0.0,0.0,8.0,0.0,8.0,7.533333333333333,0.0
1481cde120f4ec5a6626478c9222dacd947d0d027e33aa5175c391d3f10b05fd,2025-02-18,13,1,False,1.0,0.0,0.0,0.0,12.0,1.0,12.0,8.85,0.15
18757c67dbbb1f193d93dfd2c81d93f261d3cc1ab2b6b4a27daddb2a42f0c1e2,2025-02-18,13,1,False,1.0,0.0,0.0,0.0,12.0,0.0,12.0,5.233333333333333,0.0
1e13a5c6539e75908d998e36f94f2baee29b17d341286f7a2af3163b528a2fcc,2025-02-18,8,1,False,1.0,0.0,0.0,0.0,7.0,0.0,7.0,7.833333333333333,0.0
1e813ac9d9c5fbfa50cba6f0032edaff8652f398c5508cc13faa4cc0af6fc3b9,2025-02-18,15,1,False,1.0,0.0,0.0,0.0,14.0,0.0,14.0,7.516666666666667,0.0
1fddb883469b0cd0365153a0ebff0dbefb2b5a252dbaf2b9795ad45003650dcf,2025-02-18,15,1,False,1.0,0.0,0.0,0.0,14.0,0.0,14.0,8.333333333333334,0.0
227b301943873690ead2973a5f7d43ef587dc58b46733368a3f16daf8db98925,2025-02-18,8,1,False,1.0,0.0,0.0,0.0,7.0,0.0,7.0,6.383333333333334,0.0
269b850943bbddfb37b8186af3d0cd154525f08057e450bdb93ab26f06b9758d,2025-02-18,7,1,False,1.0,0.0,0.0,0.0,6.0,0.0,6.0,6.65,0.0
27ef13206d1090bf126d0f8dd08b66cc346b18eb199192600e14cdc52d7c9a35,2025-02-18,13,1,False,1.0,0.0,2.0,0.0,10.0,0.0,10.0,6.166666666666667,0.15
2b4a1e95204243f32c7235a27dbeae5a0e9d42da4c762132ac84c0817875d614,2025-02-18,10,1,False,1.0,0.0,0.0,0.0,9.0,0.0,9.0,6.266666666666667,0.0
2fdc8fb359ca03d047fec4ad4d7f3b9cfc23ebf54bee30aec8f1a6431bfd0d6e,2025-02-18,7,1,False,1.0,0.0,0.0,0.0,6.0,0.0,6.0,6.733333333333333,0.0
32c184d9780b5545a856a0a366a71b86deb3a80c4dc92142aaf6bb3437c336b1,2025-02-18,7,1,False,1.0,0.0,0.0,0.0,6.0,0.0,6.0,6.7,0.0
34977907ef51b1295028838fb56ded6159cee0d58c3200a0276324aac366417c,2025-02-18,13,1,False,1.0,0.0,0.0,0.0,12.0,0.0,12.0,6.55,0.0
3634cd4e250467a39545675e2f7386734815df9c667903c8c83b43450723a792,2025-02-18,8,1,False,1.0,0.0,0.0,0.0,7.0,0.0,7.0,7.916666666666667,0.0
369a478c83b6f436dd9aade49d6289f250e18ec2a71b9552d7d9bb884bb2b586,2025-02-18,12,1,False,1.0,0.0,0.0,0.0,11.0,0.0,11.0,7.85,0.0
3c32c4971223e549c349880665fa1e81f054571faf44435a8071b4de6b20dffb,2025-02-18,9,1,False,1.0,0.0,0.0,0.0,8.0,0.0,8.0,8.2,0.0
3e05c7d4c2f91af414e809d408787184297b351d1907c225f6f1e75fbec1f3a3,2025-02-18,7,1,False,1.0,0.0,0.0,0.0,6.0,0.0,6.0,3.283333333333333,0.0
44e2b71da8273f1b00b9ec55361a1e542f6812bce0acd27214d62e7de86dd6d0,2025-02-18,7,1,False,1.0,0.0,0.0,0.0,6.0,0.0,6.0,4.816666666666666,0.0
4620b38a9a7c0abed1e91cfdc3926234d098446655b643be9342b610365aa1b6,2025-02-18,10,1,False,1.0,0.0,0.0,0.0,9.0,0.0,9.0,7.633333333333334,0.0
49b020eb7c127b73472cb4fc893577b87b48690b941ca1067751e5a6e3eab262,2025-02-18,12,1,False,1.0,0.0,0.0,0.0,11.0,0.0,11.0,6.466666666666667,0.0
4bef524b2f19749989b990b1af1747f137bfe1d7fbf78fa1358ddfc45b247cf1,2025-02-18,16,1,False,1.0,0.0,0.0,0.0,15.0,0.0,15.0,7.116666666666666,0.0
4ef80c0c47503cd20d3a8157080fb28f38e6524b33375c23d5fcd98a2f64545e,2025-02-18,13,1,False,1.0,0.0,0.0,0.0,12.0,0.0,12.0,6.9,0.0
5088fc658035905665368960c940882faf61610a4e1ce57a24c6ffc946f0f5a8,2025-02-18,9,1,False,1.0,0.0,0.0,0.0,8.0,0.0,8.0,8.066666666666666,0.0
5379232fec078f04af386b787ed0dc69b2a455a27e52e901c773a11d2d0bce7f,2025-02-18,9,1,False,1.0,0.0,0.0,0.0,8.0,1.0,8.0,11.95,0.15
53a03335d3716bf67d3ed781065280a46863f8d947c2492c4e33cce33f4446d2,2025-02-18,16,1,False,1.0,0.0,0.0,0.0,15.0,0.0,15.0,8.8,0.0
603fcd2b8449630833d1b6c7313a10e8a2176025a45ca54002988df4de8536dd,2025-02-18,12,1,False,1.0,0.0,0.0,0.0,11.0,0.0,11.0,6.116666666666666,0.0
61127469ce0c27e2d19e0e5ecece9227e60515e12a899bc8bbc29e1c8f68a78f,2025-02-18,11,1,False,1.0,0.0,0.0,0.0,10.0,0.0,10.0,7.216666666666667,0.0
62009223daa0ff462d9b377b2b31f5c85b4e95caf611f5339cbb2b5e1dc9cab5,2025-02-18,10,1,False,1.0,0.0,0.0,0.0,9.0,0.0,9.0,8.6,0.0
620ea76a7f314a9faecfaadf110510d2abcf73e79e56e93b476e80794b9e251f,2025-02-18,12,1,False,1.0,0.0,0.0,0.0,11.0,0.0,11.0,8.066666666666666,0.0
685e9623979d1c18a11af39701aaf24188e1a40aee4c205c4d3220d26708793d,2025-02-18,13,1,False,1.0,0.0,0.0,0.0,12.0,0.0,12.0,5.066666666666666,0.0
69295bad69cbd357f13dc891b598791ab746ad0ed9cea2f9da57019f70c847b6,2025-02-18,8,1,False,1.0,0.0,0.0,0.0,7.0,0.0,7.0,5.766666666666667,0.0
6ac76fd52b6451030fdaa8cce0d1126104c034aa0d6cff3c078311dce03e36e5,2025-02-18,8,1,False,1.0,0.0,0.0,0.0,7.0,0.0,7.0,7.5,0.0
6e0553bc94f1b3457a68943cdeb271536fa0ca87652900b8c47b6b4e2eabc4b7,2025-02-18,6,1,False,1.0,0.0,0.0,0.0,5.0,0.0,5.0,8.466666666666667,0.0
71c200742f059a8380e2f3dd53ca613e2cdd705c24898e5957d46fefeff67336,2025-02-18,10,1,False,1.0,0.0,0.0,0.0,9.0,0.0,9.0,6.666666666666667,0.0
768115c2eaa5bf872b6f73af67403e31127811d5dfdaa65f5998e7f57a6be1ca,2025-02-18,8,1,False,1.0,0.0,0.0,0.0,7.0,3.0,7.0,8.05,0.15
77a935bf01e27db1c86c62c6082710b6fe7046028279183cc90fc11b5a21dd3c,2025-02-18,14,1,False,1.0,0.0,0.0,0.0,13.0,0.0,13.0,6.816666666666666,0.0
7b291901ed6fc90c51c56024b33122026451c19dfa4736a37621d21afa86ab5a,2025-02-18,16,1,False,1.0,0.0,0.0,0.0,15.0,0.0,15.0,7.533333333333333,0.0
7d64092a6e7dfd07913942876a0c314955bce8dc9fcabd12166bcf1ad5666185,2025-02-18,15,1,False,1.0,0.0,0.0,0.0,14.0,0.0,14.0,8.1,0.0
7faca1558937aea9797473b24d153f084fc8bc52e7e16da8f8bf4c48b587b358,2025-02-18,12,1,False,1.0,0.0,0.0,0.0,11.0,1.0,11.0,9.4,0.15
806e62fd6dd962469b9425c2f7b2550582df8623e5c711ade163292a626414aa,2025-02-18,11,1,False,1.0,1.0,0.0,0.0,10.0,0.0,10.0,8.35,0.2
85bf8422bdd496aa90249b85acbd42b16a6a0ed3121a586f0bcc607d16d09d80,2025-02-18,7,1,False,1.0,0.0,0.0,0.0,6.0,0.0,6.0,5.333333333333333,0.0
88b53efa4c89ad7a3d90cf3c01046d714f1adff9827d0eb5754b4ef76c64f039,2025-02-18,11,1,False,1.0,0.0,0.0,0.0,10.0,0.0,10.0,6.733333333333333,0.0
8eb9feaf80cb3b47e639148a128ff9ae2b814462106966998a7656825b71fa7d,2025-02-18,13,1,False,1.0,0.0,0.0,0.0,12.0,0.0,12.0,6.1,0.0
924ed1bb3874124ad2e307aa33a7e5791cc81dd30c0c079d54cfc1ea14ee310a,2025-02-18,7,1,False,1.0,0.0,0.0,0.0,6.0,0.0,6.0,7.383333333333334,0.0
939b9328b580200251e640b1f2170850525f4fefe336c98f053407a0725f9849,2025-02-18,13,1,False,1.0,0.0,0.0,0.0,12.0,0.0,12.0,6.016666666666667,0.0
9a31e4091d5c4c7fb8b9377b091ea9caa9cf26c36e62547a85992d9e109b1b9c,2025-02-18,12,1,False,1.0,0.0,0.0,0.0,11.0,0.0,11.0,5.983333333333333,0.0
9e007677846640b2acc599b1d1d498a20ff8260eeda2d49338e3b6ed111045a9,2025-02-18,15,1,False,1.0,0.0,0.0,0.0,14.0,0.0,14.0,8.266666666666667,0.0
9e7a5e914136e41ca82c366fd529e02d961e7ed1a6019ff724f06dbe447fbb88,2025-02-18,8,1,False,1.0,0.0,0.0,0.0,7.0,0.0,7.0,8.816666666666666,0.0
a8848b387af6359642c71478f693e4643381802ccc97f2b0c353264d7729405c,2025-02-18,10,1,False,1.0,0.0,0.0,0.0,9.0,0.0,9.0,6.65,0.0
b55080c0db11860ea934ecf297a13cf247817b3e34562a5897c18ff2cfa07f07,2025-02-18,7,1,False,1.0,0.0,0.0,0.0,6.0,0.0,6.0,5.883333333333334,0.0
b66c51931f321cca81cc9195f90b3174ae82ebb56c74459770f7800e347ca3b0,2025-02-18,9,1,False,1.0,0.0,0.0,0.0,8.0,0.0,8.0,8.366666666666667,0.0
b8e6c17d68aafa670b598b1cf0c0bd73a2937d6abb11055fded76b5e53231165,2025-02-18,13,1,False,1.0,0.0,0.0,0.0,12.0,1.0,12.0,8.583333333333334,0.15
bc60389887dd911a09f472d0f840e5a268d310cd13f422bfc6f811eb916ec82f,2025-02-18,7,1,False,1.0,0.0,0.0,0.0,6.0,0.0,6.0,5.433333333333334,0.0
c2fa44374f0aab02cb57c9ed348bb43c1fd456bfdf5b296c4f72174a002cd27f,2025-02-18,6,1,False,1.0,0.0,0.0,0.0,5.0,0.0,5.0,6.95,0.0
c5a8e30eed6744da0b641f474ebb407a75bc6fd07bd6e3c7aeb522c884dd456b,2025-02-18,14,1,False,1.0,0.0,0.0,0.0,13.0,0.0,13.0,6.666666666666667,0.0
c734a9d4fd20facb7d4e2f69c7a7be0a0263956653fc71b8d25ad3ed7a1ba446,2025-02-18,12,1,False,1.0,0.0,0.0,0.0,11.0,0.0,11.0,5.533333333333333,0.0
cb50b7517e0741a49adb67908546647f1da3398d8c72f00f00e9ba111909654b,2025-02-18,6,1,False,1.0,0.0,0.0,0.0,5.0,0.0,5.0,6.766666666666667,0.0
cc4113bc0f389ec5987bdc5cae8e94c8c01f0c5e127a5fc2b0ef752d7226c0ca,2025-02-18,16,1,False,1.0,0.0,0.0,0.0,15.0,0.0,15.0,8.9,0.0
cca321773f148695c0ffc5ed365db650aadc5ecdd13b4ddb3e6b57f38bf5a719,2025-02-18,11,1,False,1.0,0.0,0.0,0.0,10.0,0.0,10.0,7.433333333333334,0.0
d111a1427a39ed7f2d2483db714c5e0d79823bc9ecc62a126e1d144d374d286a,2025-02-18,12,1,False,1.0,0.0,0.0,0.0,11.0,0.0,11.0,9.0,0.0
dab294f3951611f65a9b1e6408fbad19981d1b65b76c28c3408dac6a6b93bbc8,2025-02-18,6,1,False,1.0,0.0,0.0,0.0,5.0,0.0,5.0,8.633333333333333,0.0
ddee12fc509b00889675d637518a8f7dfe216a200b6ad812c397b77d8bccb88b,2025-02-18,7,1,False,1.0,0.0,0.0,0.0,6.0,0.0,6.0,8.033333333333333,0.0
e001292c71d84c28529aed04ab0af1efa767893752908a7b7645f33d09aab74b,2025-02-18,6,1,False,1.0,1.0,0.0,0.0,5.0,0.0,5.0,8.666666666666666,0.2
e1a146fdbba0f457a2ea0a102e2c24872edc75865f95a9b842fcefa68e455266,2025-02-18,13,1,False,1.0,0.0,0.0,0.0,12.0,1.0,12.0,8.2,0.15
e498ed2d854e821dd717169a7b55e586bb647b3bd1ef51990cbd4e847791cc49,2025-02-18,10,1,False,1.0,0.0,0.0,0.0,9.0,0.0,9.0,6.433333333333334,0.0
e72c6ef5ea8445fc95b1c3ca1c82368b6c9adc8a29368110f51d81735f76f11c,2025-02-18,14,1,False,1.0,0.0,0.0,0.0,13.0,0.0,13.0,8.033333333333333,0.0
ea171ad8a99227777c2e7c1664c91caf9c08e47d4ba5c09165812a6d9633998c,2025-02-18,14,1,False,1.0,0.0,0.0,0.0,13.0,0.0,13.0,7.466666666666667,0.0
eac146261339b15b8a1e873ed372802ae1c5198377cc8e0f4a23d21bcead9c02,2025-02-18,13,1,False,1.0,0.0,0.0,0.0,12.0,0.0,12.0,7.683333333333334,0.0
ec8eef52024b6815e3113797e206a360a9c324efc2f400801d5eb1179b75a43d,2025-02-18,11,1,False,1.0,0.0,0.0,0.0,10.0,0.0,10.0,7.75,0.0
eecce08639c689fc3170d254f909a8dedd091d778d0ae7aa829c656b8d085cdd,2025-02-18,9,1,False,1.0,0.0,0.0,0.0,8.0,0.0,8.0,7.283333333333333,0.0
f02fff917d5e1f556f7ca2d8e8ddde98179be018c2669a269bf40d4f64b627f7,2025-02-18,13,1,False,1.0,0.0,0.0,0.0,12.0,0.0,12.0,9.283333333333333,0.0
f17b0eabd2530f1710fc19c34c4d29cc782a669753833ca0d88f524467cdf67f,2025-02-18,15,1,False,1.0,0.0,0.0,0.0,14.0,0.0,14.0,6.35,0.0
f26a64875adce083be80130e941dbfa6e94f2202ff0c463336c1300ecc5217f6,2025-02-18,12,1,False,1.0,0.0,0.0,0.0,11.0,0.0,11.0,7.533333333333333,0.0
f441fbdfbb3a65b7660b581790ec8633cd5e9a2bc3450e46f6f6d948e0ebd96b,2025-02-18,10,1,False,1.0,0.0,0.0,0.0,9.0,0.0,9.0,6.6,0.0
012fb52705cf3c18e19ff7f562c781dcd1736f3e5615ace007e35dee4740f412,2025-02-19,7,1,False,1.0,0.0,0.0,0.0,6.0,0.0,6.0,8.366666666666667,0.0
0604919ff2aebe087b97959084f1fffe2fd89b7e92f8997d6249f5617f0ec041,2025-02-19,14,1,False,1.0,0.0,0.0,0.0,13.0,0.0,13.0,7.5,0.0
0b9c9b2a643d502fb0470c0e2d25bd40592ae24d88e27a9cca008632f6491e86,2025-02-19,9,1,False,1.0,0.0,0.0,0.0,8.0,0.0,8.0,8.75,0.0
0bc6fa557a874432991fb3bef6cc8fecfed275284ca1549c6f502f2f2f86388f,2025-02-19,6,1,False,1.0,0.0,0.0,0.0,5.0,0.0,5.0,6.65,0.0
12881006a16563a03436c3185999cce893916a7f93bd295d9e51c610390a5400,2025-02-19,7,1,False,1.0,0.0,0.0,0.0,6.0,0.0,6.0,7.633333333333334,0.0
13cc67e7ae2b0731f9c20a2adb450d0ab125f700d392f08a01f5019b4da3be89,2025-02-19,14,1,False,1.0,0.0,0.0,0.0,13.0,2.0,13.0,8.766666666666667,0.15
1481a18bb91c683c9f0e63a3c1ffe035a67c1ee64eae546985a4caedd691f154,2025-02-19,14,1,False,1.0,0.0,0.0,0.0,13.0,0.0,13.0,8.183333333333334,0.0
1481cde120f4ec5a6626478c9222dacd947d0d027e33aa5175c391d3f10b05fd,2025-02-19,8,1,False,1.0,0.0,0.0,0.0,7.0,0.0,7.0,6.683333333333334,0.0
18757c67dbbb1f193d93dfd2c81d93f261d3cc1ab2b6b4a27daddb2a42f0c1e2,2025-02-19,11,1,False,1.0,0.0,0.0,0.0,10.0,0.0,10.0,7.216666666666667,0.0
1e13a5c6539e75908d998e36f94f2baee29b17d341286f7a2af3163b528a2fcc,2025-02-19,8,1,False,1.0,0.0,0.0,0.0,7.0,0.0,7.0,9.416666666666666,0.0
1e813ac9d9c5fbfa50cba6f0032edaff8652f398c5508cc13faa4cc0af6fc3b9,2025-02-19,16,1,False,1.0,0.0,0.0,0.0,15.0,0.0,15.0,6.816666666666666,0.0
1fddb883469b0cd0365153a0ebff0dbefb2b5a252dbaf2b9795ad45003650dcf,2025-02-19,12,1,False,1.0,0.0,0.0,0.0,11.0,0.0,11.0,6.6,0.0
227b301943873690ead2973a5f7d43ef587dc58b46733368a3f16daf8db98925,2025-02-19,7,1,False,1.0,0.0,0.0,0.0,6.0,0.0,6.0,7.5,0.0
269b850943bbddfb37b8186af3d0cd154525f08057e450bdb93ab26f06b9758d,2025-02-19,14,1,False,1.0,0.0,0.0,0.0,13.0,0.0,13.0,7.5,0.0
27ef13206d1090bf126d0f8dd08b66cc346b18eb199192600e14cdc52d7c9a35,2025-02-19,7,1,False,1.0,0.0,0.0,0.0,6.0,0.0,6.0,6.25,0.0
2b4a1e95204243f32c7235a27dbeae5a0e9d42da4c762132ac84c0817875d614,2025-02-19,8,1,False,1.0,0.0,0.0,0.0,7.0,0.0,7.0,7.983333333333333,0.0
2fdc8fb359ca03d047fec4ad4d7f3b9cfc23ebf54bee30aec8f1a6431bfd0d6e,2025-02-19,6,1,False,1.0,0.0,0.0,0.0,5.0,0.0,5.0,8.033333333333333,0.0
32c184d9780b5545a856a0a366a71b86deb3a80c4dc92142aaf6bb3437c336b1,2025-02-19,7,1,False,1.0,0.0,0.0,0.0,6.0,1.0,6.0,9.133333333333333,0.15
34977907ef51b1295028838fb56ded6159cee0d58c3200a0276324aac366417c,2025-02-19,13,1,False,1.0,0.0,0.0,0.0,12.0,0.0,12.0,7.466666666666667,0.0
3634cd4e250467a39545675e2f7386734815df9c667903c8c83b43450723a792,2025-02-19,7,1,False,1.0,0.0,0.0,0.0,6.0,0.0,6.0,6.233333333333333,0.0
369a478c83b6f436dd9aade49d6289f250e18ec2a71b9552d7d9bb884bb2b586,2025-02-19,12,1,False,1.0,1.0,0.0,0.0,11.0,0.0,11.0,8.966666666666667,0.2
3c32c4971223e549c349880665fa1e81f054571faf44435a8071b4de6b20dffb,2025-02-19,8,1,False,1.0,0.0,0.0,0.0,7.0,1.0,7.0,8.85,0.15
3e05c7d4c2f91af414e809d408787184297b351d1907c225f6f1e75fbec1f3a3,2025-02-19,7,1,False,1.0,0.0,0.0,0.0,6.0,0.0,6.0,6.766666666666667,0.0
44e2b71da8273f1b00b9ec55361a1e542f6812bce0acd27214d62e7de86dd6d0,2025-02-19,7,1,False,1.0,0.0,0.0,0.0,6.0,0.0,6.0,7.333333333333333,0.0
4620b38a9a7c0abed1e91cfdc3926234d098446655b643be9342b610365aa1b6,2025-02-19,7,1,False,1.0,0.0,0.0,0.0,6.0,0.0,6.0,7.916666666666667,0.0
49b020eb7c127b73472cb4fc893577b87b48690b941ca1067751e5a6e3eab262,2025-02-19,13,1,False,1.0,0.0,0.0,0.0,12.0,0.0,12.0,8.016666666666667,0.0
4bef524b2f19749989b990b1af1747f137bfe1d7fbf78fa1358ddfc45b247cf1,2025-02-19,10,1,False,1.0,0.0,0.0,0.0,9.0,0.0,9.0,5.8,0.0
4ef80c0c47503cd20d3a8157080fb28f38e6524b33375c23d5fcd98a2f64545e,2025-02-19,8,1,False,1.0,0.0,0.0,0.0,7.0,1.0,7.0,9.55,0.15
5088fc658035905665368960c940882faf61610a4e1ce57a24c6ffc946f0f5a8,2025-02-19,9,1,False,1.0,0.0,0.0,0.0,8.0,0.0,8.0,5.933333333333334,0.0
5379232fec078f04af386b787ed0dc69b2a455a27e52e901c773a11d2d0bce7f,2025-02-19,8,1,True,1.0,0.0,0.0,0.0,7.0,3.0,7.0,11.966666666666667,0.15
53a03335d3716bf67d3ed781065280a46863f8d947c2492c4e33cce33f4446d2,2025-02-19,11,1,False,1.0,0.0,0.0,0.0,10.0,0.0,10.0,8.15,0.0
603fcd2b8449630833d1b6c7313a10e8a2176025a45ca54002988df4de8536dd,2025-02-19,13,1,False,1.0,0.0,0.0,0.0,12.0,0.0,12.0,7.133333333333334,0.0
61127469ce0c27e2d19e0e5ecece9227e60515e12a899bc8bbc29e1c8f68a78f,2025-02-19,15,1,False,1.0,0.0,2.0,0.0,12.0,0.0,12.0,5.566666666666666,0.15
62009223daa0ff462d9b377b2b31f5c85b4e95caf611f5339cbb2b5e1dc9cab5,2025-02-19,11,1,False,1.0,0.0,0.0,0.0,10.0,0.0,10.0,8.933333333333334,0.0
620ea76a7f314a9faecfaadf110510d2abcf73e79e56e93b476e80794b9e251f,2025-02-19,10,1,False,1.0,0.0,0.0,0.0,9.0,0.0,9.0,6.566666666666666,0.0
685e9623979d1c18a11af39701aaf24188e1a40aee4c205c4d3220d26708793d,2025-02-19,16,1,False,1.0,0.0,0.0,0.0,15.0,0.0,15.0,7.633333333333334,0.0
69295bad69cbd357f13dc891b598791ab746ad0ed9cea2f9da57019f70c847b6,2025-02-19,10,1,False,1.0,0.0,0.0,0.0,9.0,0.0,9.0,3.7333333333333334,0.0
6ac76fd52b6451030fdaa8cce0d1126104c034aa0d6cff3c078311dce03e36e5,2025-02-19,15,1,False,1.0,0.0,0.0,0.0,14.0,0.0,14.0,7.533333333333333,0.0
6e0553bc94f1b3457a68943cdeb271536fa0ca87652900b8c47b6b4e2eabc4b7,2025-02-19,14,1,False,1.0,0.0,0.0,0.0,13.0,0.0,13.0,6.983333333333333,0.0
71c200742f059a8380e2f3dd53ca613e2cdd705c24898e5957d46fefeff67336,2025-02-19,16,1,False,1.0,0.0,0.0,0.0,15.0,0.0,15.0,6.916666666666667,0.0
768115c2eaa5bf872b6f73af67403e31127811d5dfdaa65f5998e7f57a6be1ca,2025-02-19,14,1,False,1.0,0.0,0.0,0.0,13.0,0.0,13.0,7.6,0.0
77a935bf01e27db1c86c62c6082710b6fe7046028279183cc90fc11b5a21dd3c,2025-02-19,9,1,False,1.0,0.0,0.0,0.0,8.0,0.0,8.0,8.2,0.0
7b291901ed6fc90c51c56024b33122026451c19dfa4736a37621d21afa86ab5a,2025-02-19,7,1,False,1.0,0.0,0.0,0.0,6.0,0.0,6.0,5.233333333333333,0.0
7d64092a6e7dfd07913942876a0c314955bce8dc9fcabd12166bcf1ad5666185,2025-02-19,6,1,False,1.0,0.0,0.0,0.0,5.0,0.0,5.0,7.666666666666667,0.0
7faca1558937aea9797473b24d153f084fc8bc52e7e16da8f8bf4c48b587b358,2025-02-19,12,1,False,1.0,0.0,0.0,0.0,11.0,0.0,11.0,6.866666666666666,0.0
806e62fd6dd962469b9425c2f7b2550582df8623e5c711ade163292a626414aa,2025-02-19,13,1,False,1.0,0.0,0.0,0.0,12.0,0.0,12.0,6.816666666666666,0.0
85bf8422bdd496aa90249b85acbd42b16a6a0ed3121a586f0bcc607d16d09d80,2025-02-19,11,1,False,1.0,0.0,0.0,0.0,10.0,0.0,10.0,7.266666666666667,0.0
88b53efa4c89ad7a3d90cf3c01046d714f1adff9827d0eb5754b4ef76c64f039,2025-02-19,4,1,False,1.0,1.0,0.0,0.0,3.0,3.0,3.0,2.25,0.35
8eb9feaf80cb3b47e639148a128ff9ae2b814462106966998a7656825b71fa7d,2025-02-19,12,1,False,1.0,0.0,0.0,0.0,11.0,0.0,11.0,6.483333333333333,0.0
924ed1bb3874124ad2e307aa33a7e5791cc81dd30c0c079d54cfc1ea14ee310a,2025-02-19,6,1,False,1.0,0.0,0.0,0.0,5.0,0.0,5.0,7.083333333333333,0.0
939b9328b580200251e640b1f2170850525f4fefe336c98f053407a0725f9849,2025-02-19,16,1,False,1.0,0.0,0.0,0.0,15.0,0.0,15.0,7.016666666666667,0.0
9a31e4091d5c4c7fb8b9377b091ea9caa9cf26c36e62547a85992d9e109b1b9c,2025-02-19,10,1,False,1.0,0.0,0.0,0.0,9.0,0.0,9.0,7.216666666666667,0.0
9e007677846640b2acc599b1d1d498a20ff8260eeda2d49338e3b6ed111045a9,2025-02-19,8,1,False,1.0,0.0,0.0,0.0,7.0,0.0,7.0,8.133333333333333,0.0
9e7a5e914136e41ca82c366fd529e02d961e7ed1a6019ff724f06dbe447fbb88,2025-02-19,10,1,False,1.0,0.0,0.0,0.0,9.0,0.0,9.0,8.283333333333333,0.0
a8848b387af6359642c71478f693e4643381802ccc97f2b0c353264d7729405c,2025-02-19,10,1,False,1.0,0.0,0.0,0.0,9.0,0.0,9.0,8.766666666666667,0.0
b55080c0db11860ea934ecf297a13cf247817b3e34562a5897c18ff2cfa07f07,2025-02-19,16,1,False,1.0,0.0,0.0,0.0,15.0,0.0,15.0,7.4,0.0
b66c51931f321cca81cc9195f90b3174ae82ebb56c74459770f7800e347ca3b0,2025-02-19,9,1,False,1.0,0.0,0.0,0.0,8.0,0.0,8.0,5.866666666666666,0.0
b8e6c17d68aafa670b598b1cf0c0bd73a2937d6abb11055fded76b5e53231165,2025-02-19,14,1,False,1.0,1.0,0.0,0.0,13.0,1.0,13.0,7.483333333333333,0.35
bc60389887dd911a09f472d0f840e5a268d310cd13f422bfc6f811eb916ec82f,2025-02-19,11,1,False,1.0,0.0,0.0,0.0,10.0,0.0,10.0,8.4,0.0
c2fa44374f0aab02cb57c9ed348bb43c1fd456bfdf5b296c4f72174a002cd27f,2025-02-19,6,1,False,1.0,0.0,0.0,0.0,5.0,0.0,5.0,4.7,0.0
c5a8e30eed6744da0b641f474ebb407a75bc6fd07bd6e3c7aeb522c884dd456b,2025-02-19,14,1,False,1.0,0.0,0.0,0.0,13.0,0.0,13.0,7.683333333333334,0.0
c734a9d4fd20facb7d4e2f69c7a7be0a0263956653fc71b8d25ad3ed7a1ba446,2025-02-19,14,1,False,1.0,0.0,0.0,0.0,13.0,0.0,13.0,7.5,0.0
cb50b7517e0741a49adb67908546647f1da3398d8c72f00f00e9ba111909654b,2025-02-19,10,1,False,1.0,0.0,0.0,0.0,9.0,0.0,9.0,6.0,0.0
cc4113bc0f389ec5987bdc5cae8e94c8c01f0c5e127a5fc2b0ef752d7226c0ca,2025-02-19,11,1,False,1.0,0.0,0.0,0.0,10.0,0.0,10.0,4.683333333333334,0.0
cca321773f148695c0ffc5ed365db650aadc5ecdd13b4ddb3e6b57f38bf5a719,2025-02-19,13,1,False,1.0,0.0,0.0,0.0,12.0,0.0,12.0,5.416666666666667,0.0
d111a1427a39ed7f2d2483db714c5e0d79823bc9ecc62a126e1d144d374d286a,2025-02-19,10,1,False,1.0,0.0,0.0,0.0,9.0,0.0,9.0,8.266666666666667,0.0
dab294f3951611f65a9b1e6408fbad19981d1b65b76c28c3408dac6a6b93bbc8,2025-02-19,14,1,False,1.0,0.0,0.0,0.0,13.0,0.0,13.0,7.566666666666666,0.0
ddee12fc509b00889675d637518a8f7dfe216a200b6ad812c397b77d8bccb88b,2025-02-19,8,1,False,1.0,0.0,0.0,0.0,7.0,0.0,7.0,5.083333333333333,0.0
e001292c71d84c28529aed04ab0af1efa767893752908a7b7645f33d09aab74b,2025-02-19,9,1,False,1.0,0.0,0.0,0.0,8.0,0.0,8.0,4.516666666666667,0.0
e1a146fdbba0f457a2ea0a102e2c24872edc75865f95a9b842fcefa68e455266,2025-02-19,14,1,False,1.0,0.0,0.0,0.0,13.0,0.0,13.0,8.466666666666667,0.0
e498ed2d854e821dd717169a7b55e586bb647b3bd1ef51990cbd4e847791cc49,2025-02-19,9,1,False,1.0,0.0,0.0,0.0,8.0,0.0,8.0,6.866666666666666,0.0
e72c6ef5ea8445fc95b1c3ca1c82368b6c9adc8a29368110f51d81735f76f11c,2025-02-19,10,1,False,1.0,0.0,0.0,0.0,9.0,0.0,9.0,9.4,0.0
ea171ad8a99227777c2e7c1664c91caf9c08e47d4ba5c09165812a6d9633998c,2025-02-19,12,1,False,1.0,0.0,0.0,0.0,11.0,0.0,11.0,6.133333333333334,0.0
eac146261339b15b8a1e873ed372802ae1c5198377cc8e0f4a23d21bcead9c02,2025-02-19,16,1,False,1.0,0.0,0.0,0.0,15.0,0.0,15.0,6.866666666666666,0.0
ec8eef52024b6815e3113797e206a360a9c324efc2f400801d5eb1179b75a43d,2025-02-19,10,1,False,1.0,0.0,0.0,0.0,9.0,0.0,9.0,6.383333333333334,0.0
eecce08639c689fc3170d254f909a8dedd091d778d0ae7aa829c656b8d085cdd,2025-02-19,8,1,False,1.0,0.0,0.0,0.0,7.0,0.0,7.0,7.8,0.0
f02fff917d5e1f556f7ca2d8e8ddde98179be018c2669a269bf40d4f64b627f7,2025-02-19,7,1,False,1.0,0.0,0.0,0.0,6.0,1.0,6.0,9.6,0.15
f17b0eabd2530f1710fc19c34c4d29cc782a669753833ca0d88f524467cdf67f,2025-02-19,15,1,False,1.0,0.0,0.0,0.0,14.0,0.0,14.0,7.266666666666667,0.0
f26a64875adce083be80130e941dbfa6e94f2202ff0c463336c1300ecc5217f6,2025-02-19,15,1,False,1.0,0.0,0.0,0.0,14.0,0.0,14.0,7.05,0.0
f441fbdfbb3a65b7660b581790ec8633cd5e9a2bc3450e46f6f6d948e0ebd96b,2025-02-19,9,1,False,1.0,0.0,0.0,0.0,8.0,0.0,8.0,6.466666666666667,0.0
012fb52705cf3c18e19ff7f562c781dcd1736f3e5615ace007e35dee4740f412,2025-02-20,14,1,False,1.0,0.0,0.0,0.0,13.0,0.0,13.0,6.883333333333334,0.0
0604919ff2aebe087b97959084f1fffe2fd89b7e92f8997d6249f5617f0ec041,2025-02-20,8,1,False,1.0,0.0,0.0,0.0,7.0,0.0,7.0,8.25,0.0
0b9c9b2a643d502fb0470c0e2d25bd40592ae24d88e27a9cca008632f6491e86,2025-02-20,13,1,False,1.0,0.0,0.0,0.0,12.0,0.0,12.0,5.583333333333333,0.0
0bc6fa557a874432991fb3bef6cc8fecfed275284ca1549c6f502f2f2f86388f,2025-02-20,16,1,False,1.0,0.0,0.0,0.0,15.0,1.0,15.0,9.333333333333334,0.15
12881006a16563a03436c3185999cce893916a7f93bd295d9e51c610390a5400,2025-02-20,6,1,False,1.0,0.0,0.0,0.0,5.0,0.0,5.0,7.6,0.0
13cc67e7ae2b0731f9c20a2adb450d0ab125f700d392f08a01f5019b4da3be89,2025-02-20,12,1,False,1.0,0.0,0.0,0.0,11.0,2.0,11.0,7.633333333333334,0.15
1481a18bb91c683c9f0e63a3c1ffe035a67c1ee64eae546985a4caedd691f154,2025-02-20,14,1,False,1.0,0.0,0.0,0.0,13.0,0.0,13.0,7.216666666666667,0.0
1481cde120f4ec5a6626478c9222dacd947d0d027e33aa5175c391d3f10b05fd,2025-02-20,6,1,False,1.0,0.0,0.0,0.0,5.0,0.0,5.0,6.15,0.0
18757c67dbbb1f193d93dfd2c81d93f261d3cc1ab2b6b4a27daddb2a42f0c1e2,2025-02-20,9,1,False,1.0,0.0,0.0,0.0,8.0,0.0,8.0,4.916666666666667,0.0
1e13a5c6539e75908d998e36f94f2baee29b17d341286f7a2af3163b528a2fcc,2025-02-20,11,1,False,1.0,1.0,0.0,0.0,10.0,0.0,10.0,6.966666666666667,0.2
1e813ac9d9c5fbfa50cba6f0032edaff8652f398c5508cc13faa4cc0af6fc3b9,2025-02-20,6,1,False,1.0,0.0,0.0,0.0,5.0,0.0,5.0,5.583333333333333,0.0
1fddb883469b0cd0365153a0ebff0dbefb2b5a252dbaf2b9795ad45003650dcf,2025-02-20,11,1,False,1.0,0.0,0.0,0.0,10.0,0.0,10.0,6.816666666666666,0.0
227b301943873690ead2973a5f7d43ef587dc58b46733368a3f16daf8db98925,2025-02-20,12,1,False,1.0,0.0,0.0,0.0,11.0,0.0,11.0,6.266666666666667,0.0
269b850943bbddfb37b8186af3d0cd154525f08057e450bdb93ab26f06b9758d,2025-02-20,8,1,False,1.0,0.0,0.0,0.0,7.0,0.0,7.0,7.316666666666666,0.0
27ef13206d1090bf126d0f8dd08b66cc346b18eb199192600e14cdc52d7c9a35,2025-02-20,11,1,False,1.0,0.0,0.0,0.0,10.0,0.0,10.0,6.25,0.0
2b4a1e95204243f32c7235a27dbeae5a0e9d42da4c762132ac84c0817875d614,2025-02-20,7,1,False,1.0,0.0,0.0,0.0,6.0,0.0,6.0,5.066666666666666,0.0
2fdc8fb359ca03d047fec4ad4d7f3b9cfc23ebf54bee30aec8f1a6431bfd0d6e,2025-02-20,7,1,False,1.0,0.0,0.0,0.0,6.0,0.0,6.0,6.733333333333333,0.0
32c184d9780b5545a856a0a366a71b86deb3a80c4dc92142aaf6bb3437c336b1,2025-02-20,12,1,False,1.0,0.0,0.0,0.0,11.0,0.0,11.0,7.55,0.0
34977907ef51b1295028838fb56ded6159cee0d58c3200a0276324aac366417c,2025-02-20,16,1,False,1.0,0.0,2.0,0.0,13.0,0.0,13.0,5.216666666666667,0.15
3634cd4e250467a39545675e2f7386734815df9c667903c8c83b43450723a792,2025-02-20,15,1,False,1.0,0.0,0.0,0.0,14.0,0.0,14.0,7.683333333333334,0.0
369a478c83b6f436dd9aade49d6289f250e18ec2a71b9552d7d9bb884bb2b586,2025-02-20,14,1,False,1.0,0.0,0.0,0.0,13.0,1.0,13.0,9.583333333333334,0.15
3c32c4971223e549c349880665fa1e81f054571faf44435a8071b4de6b20dffb,2025-02-20,16,1,False,1.0,0.0,0.0,0.0,15.0,1.0,15.0,9.166666666666666,0.15
3e05c7d4c2f91af414e809d408787184297b351d1907c225f6f1e75fbec1f3a3,2025-02-20,16,1,False,1.0,0.0,0.0,0.0,15.0,0.0,15.0,7.533333333333333,0.0
44e2b71da8273f1b00b9ec55361a1e542f6812bce0acd27214d62e7de86dd6d0,2025-02-20,15,1,False,1.0,0.0,0.0,0.0,14.0,0.0,14.0,7.283333333333333,0.0
4620b38a9a7c0abed1e91cfdc3926234d098446655b643be9342b610365aa1b6,2025-02-20,10,1,False,1.0,0.0,0.0,0.0,9.0,0.0,9.0,5.616666666666666,0.0
49b020eb7c127b73472cb4fc893577b87b48690b941ca1067751e5a6e3eab262,2025-02-20,6,1,False,1.0,0.0,0.0,0.0,5.0,0.0,5.0,5.066666666666666,0.0
4bef524b2f19749989b990b1af1747f137bfe1d7fbf78fa1358ddfc45b247cf1,2025-02-20,6,1,False,1.0,0.0,0.0,0.0,5.0,0.0,5.0,5.3,0.0
4ef80c0c47503cd20d3a8157080fb28f38e6524b33375c23d5fcd98a2f64545e,2025-02-20,6,1,False,1.0,0.0,0.0,0.0,5.0,0.0,5.0,6.766666666666667,0.0
5088fc658035905665368960c940882faf61610a4e1ce57a24c6ffc946f0f5a8,2025-02-20,11,1,False,1.0,0.0,0.0,0.0,10.0,0.0,10.0,8.25,0.0
5379232fec078f04af386b787ed0dc69b2a455a27e52e901c773a11d2d0bce7f,2025-02-20,16,1,False,1.0,0.0,0.0,0.0,15.0,0.0,15.0,7.45,0.0
53a03335d3716bf67d3ed781065280a46863f8d947c2492c4e33cce33f4446d2,2025-02-20,16,1,False,1.0,0.0,0.0,0.0,15.0,0.0,15.0,6.516666666666667,0.0
603fcd2b8449630833d1b6c7313a10e8a2176025a45ca54002988df4de8536dd,2025-02-20,9,1,False,1.0,0.0,0.0,0.0,8.0,2.0,8.0,11.466666666666667,0.15
61127469ce0c27e2d19e0e5ecece9227e60515e12a899bc8bbc29e1c8f68a78f,2025-02-20,14,1,False,1.0,0.0,0.0,0.0,13.0,0.0,13.0,7.233333333333333,0.0
62009223daa0ff462d9b377b2b31f5c85b4e95caf611f5339cbb2b5e1dc9cab5,2025-02-20,9,1,False,1.0,0.0,0.0,0.0,8.0,0.0,8.0,6.216666666666667,0.0
620ea76a7f314a9faecfaadf110510d2abcf73e79e56e93b476e80794b9e251f,2025-02-20,15,1,False,1.0,0.0,0.0,0.0,14.0,0.0,14.0,4.666666666666667,0.0
685e9623979d1c18a11af39701aaf24188e1a40aee4c205c4d3220d26708793d,2025-02-20,6,1,False,1.0,0.0,0.0,0.0,5.0,0.0,5.0,7.133333333333334,0.0
69295bad69cbd357f13dc891b598791ab746ad0ed9cea2f9da57019f70c847b6,2025-02-20,16,1,False,1.0,0.0,0.0,0.0,15.0,0.0,15.0,6.716666666666667,0.0
6ac76fd52b6451030fdaa8cce0d1126104c034aa0d6cff3c078311dce03e36e5,2025-02-20,11,1,False,1.0,0.0,0.0,0.0,10.0,0.0,10.0,7.033333333333333,0.0
6e0553bc94f1b3457a68943cdeb271536fa0ca87652900b8c47b6b4e2eabc4b7,2025-02-20,16,1,False,1.0,0.0,0.0,0.0,15.0,2.0,15.0,9.016666666666667,0.15
71c200742f059a8380e2f3dd53ca613e2cdd705c24898e5957d46fefeff67336,2025-02-20,15,1,False,1.0,1.0,0.0,0.0,14.0,1.0,14.0,8.5,0.35
768115c2eaa5bf872b6f73af67403e31127811d5dfdaa65f5998e7f57a6be1ca,2025-02-20,9,1,False,1.0,0.0,0.0,0.0,8.0,0.0,8.0,6.733333333333333,0.0
77a935bf01e27db1c86c62c6082710b6fe7046028279183cc90fc11b5a21dd3c,2025-02-20,8,1,False,1.0,0.0,0.0,0.0,7.0,0.0,7.0,6.183333333333334,0.0
7b291901ed6fc90c51c56024b33122026451c19dfa4736a37621d21afa86ab5a,2025-02-20,6,1,False,1.0,0.0,0.0,0.0,5.0,0.0,5.0,6.6,0.0
7d64092a6e7dfd07913942876a0c314955bce8dc9fcabd12166bcf1ad5666185,2025-02-20,13,1,False,1.0,0.0,0.0,0.0,12.0,0.0,12.0,7.583333333333333,0.0
7faca1558937aea9797473b24d153f084fc8bc52e7e16da8f8bf4c48b587b358,2025-02-20,13,1,False,1.0,0.0,0.0,0.0,12.0,0.0,12.0,7.066666666666666,0.0
806e62fd6dd962469b9425c2f7b2550582df8623e5c711ade163292a626414aa,2025-02-20,6,1,False,1.0,0.0,0.0,0.0,5.0,0.0,5.0,5.066666666666666,0.0
85bf8422bdd496aa90249b85acbd42b16a6a0ed3121a586f0bcc607d16d09d80,2025-02-20,11,1,False,1.0,0.0,0.0,0.0,10.0,0.0,10.0,6.35,0.0
88b53efa4c89ad7a3d90cf3c01046d714f1adff9827d0eb5754b4ef76c64f039,2025-02-20,24,1,False,1.0,0.0,0.0,0.0,23.0,9.0,23.0,15.6,0.15
8eb9feaf80cb3b47e639148a128ff9ae2b814462106966998a7656825b71fa7d,2025-02-20,11,1,False,1.0,0.0,0.0,0.0,10.0,0.0,10.0,9.0,0.0
924ed1bb3874124ad2e307aa33a7e5791cc81dd30c0c079d54cfc1ea14ee310a,2025-02-20,9,1,False,1.0,0.0,0.0,0.0,8.0,0.0,8.0,6.75,0.0
939b9328b580200251e640b1f2170850525f4fefe336c98f053407a0725f9849,2025-02-20,8,1,False,1.0,1.0,0.0,0.0,7.0,1.0,7.0,7.2,0.35
9a31e4091d5c4c7fb8b9377b091ea9caa9cf26c36e62547a85992d9e109b1b9c,2025-02-20,11,1,False,1.0,0.0,0.0,0.0,10.0,0.0,10.0,8.25,0.0
9e007677846640b2acc599b1d1d498a20ff8260eeda2d49338e3b6ed111045a9,2025-02-20,16,1,False,1.0,0.0,0.0,0.0,15.0,0.0,15.0,6.55,0.0
9e7a5e914136e41ca82c366fd529e02d961e7ed1a6019ff724f06dbe447fbb88,2025-02-20,6,1,False,1.0,0.0,0.0,0.0,5.0,0.0,5.0,7.466666666666667,0.0
a8848b387af6359642c71478f693e4643381802ccc97f2b0c353264d7729405c,2025-02-20,15,1,False,1.0,0.0,0.0,0.0,14.0,0.0,14.0,6.4,0.0
b55080c0db11860ea934ecf297a13cf247817b3e34562a5897c18ff2cfa07f07,2025-02-20,11,1,False,1.0,0.0,0.0,0.0,10.0,0.0,10.0,6.283333333333333,0.0
b66c51931f321cca81cc9195f90b3174ae82ebb56c74459770f7800e347ca3b0,2025-02-20,14,1,False,1.0,0.0,0.0,0.0,13.0,0.0,13.0,6.183333333333334,0.0
b8e6c17d68aafa670b598b1cf0c0bd73a2937d6abb11055fded76b5e53231165,2025-02-20,11,1,False,1.0,0.0,0.0,0.0,10.0,0.0,10.0,5.316666666666666,0.0
bc60389887dd911a09f472d0f840e5a268d310cd13f422bfc6f811eb916ec82f,2025-02-20,10,1,False,1.0,0.0,0.0,0.0,9.0,0.0,9.0,8.016666666666667,0.0
c2fa44374f0aab02cb57c9ed348bb43c1fd456bfdf5b296c4f72174a002cd27f,2025-02-20,15,1,False,1.0,0.0,0.0,0.0,14.0,0.0,14.0,7.55,0.0
c5a8e30eed6744da0b641f474ebb407a75bc6fd07bd6e3c7aeb522c884dd456b,2025-02-20,9,1,False,1.0,1.0,0.0,0.0,8.0,0.0,8.0,5.283333333333333,0.2
c734a9d4fd20facb7d4e2f69c7a7be0a0263956653fc71b8d25ad3ed7a1ba446,2025-02-20,13,1,False,1.0,0.0,0.0,0.0,12.0,0.0,12.0,7.333333333333333,0.0
cb50b7517e0741a49adb67908546647f1da3398d8c72f00f00e9ba111909654b,2025-02-20,16,1,False,1.0,0.0,0.0,0.0,15.0,0.0,15.0,6.783333333333333,0.0
cc4113bc0f389ec5987bdc5cae8e94c8c01f0c5e127a5fc2b0ef752d7226c0ca,2025-02-20,12,1,False,1.0,0.0,0.0,0.0,11.0,2.0,11.0,9.216666666666667,0.15
cca321773f148695c0ffc5ed365db650aadc5ecdd13b4ddb3e6b57f38bf5a719,2025-02-20,6,1,False,1.0,0.0,0.0,0.0,5.0,0.0,5.0,8.233333333333333,0.0
d111a1427a39ed7f2d2483db714c5e0d79823bc9ecc62a126e1d144d374d286a,2025-02-20,15,1,False,1.0,0.0,0.0,0.0,14.0,0.0,14.0,5.95,0.0
dab294f3951611f65a9b1e6408fbad19981d1b65b76c28c3408dac6a6b93bbc8,2025-02-20,12,1,False,1.0,0.0,0.0,0.0,11.0,0.0,11.0,7.216666666666667,0.0
ddee12fc509b00889675d637518a8f7dfe216a200b6ad812c397b77d8bccb88b,2025-02-20,14,1,False,1.0,0.0,0.0,0.0,13.0,0.0,13.0,6.466666666666667,0.0
e001292c71d84c28529aed04ab0af1efa767893752908a7b7645f33d09aab74b,2025-02-20,12,1,False,1.0,0.0,0.0,0.0,11.0,0.0,11.0,7.683333333333334,0.0
e1a146fdbba0f457a2ea0a102e2c24872edc75865f95a9b842fcefa68e455266,2025-02-20,15,1,False,1.0,0.0,0.0,0.0,14.0,0.0,14.0,5.2,0.0
e498ed2d854e821dd717169a7b55e586bb647b3bd1ef51990cbd4e847791cc49,2025-02-20,6,1,False,1.0,0.0,0.0,0.0,5.0,0.0,5.0,6.7,0.0
e72c6ef5ea8445fc95b1c3ca1c82368b6c9adc8a29368110f51d81735f76f11c,2025-02-20,12,1,False,1.0,1.0,0.0,0.0,11.0,0.0,11.0,7.066666666666666,0.2
ea171ad8a99227777c2e7c1664c91caf9c08e47d4ba5c09165812a6d9633998c,2025-02-20,9,1,False,1.0,0.0,0.0,0.0,8.0,0.0,8.0,6.55,0.0
eac146261339b15b8a1e873ed372802ae1c5198377cc8e0f4a23d21bcead9c02,2025-02-20,10,1,False,1.0,0.0,0.0,0.0,9.0,0.0,9.0,7.5,0.0
ec8eef52024b6815e3113797e206a360a9c324efc2f400801d5eb1179b75a43d,2025-02-20,10,1,False,1.0,0.0,0.0,0.0,9.0,0.0,9.0,5.75,0.0
eecce08639c689fc3170d254f909a8dedd091d778d0ae7aa829c656b8d085cdd,2025-02-20,7,1,False,1.0,0.0,0.0,0.0,6.0,0.0,6.0,6.983333333333333,0.0
f02fff917d5e1f556f7ca2d8e8ddde98179be018c2669a269bf40d4f64b627f7,2025-02-20,10,1,False,1.0,0.0,0.0,0.0,9.0,0.0,9.0,7.183333333333334,0.0
f17b0eabd2530f1710fc19c34c4d29cc782a669753833ca0d88f524467cdf67f,2025-02-20,6,1,False,1.0,0.0,0.0,0.0,5.0,0.0,5.0,5.533333333333333,0.0
f26a64875adce083be80130e941dbfa6e94f2202ff0c463336c1300ecc5217f6,2025-02-20,11,1,False,1.0,0.0,0.0,0.0,10.0,0.0,10.0,7.05,0.0
f441fbdfbb3a65b7660b581790ec8633cd5e9a2bc3450e46f6f6d948e0ebd96b,2025-02-20,6,1,False,1.0,0.0,0.0,0.0,5.0,0.0,5.0,7.083333333333333,0.0
012fb52705cf3c18e19ff7f562c781dcd1736f3e5615ace007e35dee4740f412,2025-02-21,12,1,False,1.0,0.0,0.0,0.0,11.0,0.0,11.0,6.083333333333333,0.0
0604919ff2aebe087b97959084f1fffe2fd89b7e92f8997d6249f5617f0ec041,2025-02-21,9,1,False,1.0,0.0,0.0,0.0,8.0,1.0,8.0,8.6,0.15
0b9c9b2a643d502fb0470c0e2d25bd40592ae24d88e27a9cca008632f6491e86,2025-02-21,6,1,False,1.0,0.0,0.0,0.0,5.0,0.0,5.0,8.05,0.0
0bc6fa557a874432991fb3bef6cc8fecfed275284ca1549c6f502f2f2f86388f,2025-02-21,16,1,False,1.0,0.0,0.0,0.0,15.0,0.0,15.0,6.8,0.0
12881006a16563a03436c3185999cce893916a7f93bd295d9e51c610390a5400,2025-02-21,15,1,False,1.0,0.0,0.0,0.0,14.0,5.0,14.0,9.0,0.15
13cc67e7ae2b0731f9c20a2adb450d0ab125f700d392f08a01f5019b4da3be89,2025-02-21,6,1,False,1.0,0.0,0.0,0.0,5.0,0.0,5.0,6.45,0.0
1481a18bb91c683c9f0e63a3c1ffe035a67c1ee64eae546985a4caedd691f154,2025-02-21,13,1,False,1.0,0.0,0.0,0.0,12.0,0.0,12.0,7.116666666666666,0.0
1481cde120f4ec5a6626478c9222dacd947d0d027e33aa5175c391d3f10b05fd,2025-02-21,10,1,False,1.0,0.0,0.0,0.0,9.0,0.0,9.0,5.966666666666667,0.0
18757c67dbbb1f193d93dfd2c81d93f261d3cc1ab2b6b4a27daddb2a42f0c1e2,2025-02-21,9,1,False,1.0,0.0,0.0,0.0,8.0,0.0,8.0,8.216666666666667,0.0
1e13a5c6539e75908d998e36f94f2baee29b17d341286f7a2af3163b528a2fcc,2025-02-21,9,1,False,1.0,0.0,0.0,0.0,8.0,2.0,8.0,8.75,0.15
1e813ac9d9c5fbfa50cba6f0032edaff8652f398c5508cc13faa4cc0af6fc3b9,2025-02-21,6,1,False,1.0,0.0,0.0,0.0,5.0,0.0,5.0,8.683333333333334,0.0
1fddb883469b0cd0365153a0ebff0dbefb2b5a252dbaf2b9795ad45003650dcf,2025-02-21,11,1,False,1.0,0.0,0.0,0.0,10.0,1.0,10.0,9.666666666666666,0.15
227b301943873690ead2973a5f7d43ef587dc58b46733368a3f16daf8db98925,2025-02-21,7,1,False,1.0,0.0,0.0,0.0,6.0,0.0,6.0,7.85,0.0
269b850943bbddfb37b8186af3d0cd154525f08057e450bdb93ab26f06b9758d,2025-02-21,10,1,False,1.0,0.0,0.0,0.0,9.0,0.0,9.0,6.75,0.0
27ef13206d1090bf126d0f8dd08b66cc346b18eb199192600e14cdc52d7c9a35,2025-02-21,8,1,False,1.0,0.0,2.0,0.0,5.0,0.0,5.0,6.216666666666667,0.15
2b4a1e95204243f32c7235a27dbeae5a0e9d42da4c762132ac84c0817875d614,2025-02-21,8,1,False,1.0,0.0,0.0,0.0,7.0,0.0,7.0,5.516666666666667,0.0
2fdc8fb359ca03d047fec4ad4d7f3b9cfc23ebf54bee30aec8f1a6431bfd0d6e,2025-02-21,15,1,False,1.0,0.0,0.0,0.0,14.0,0.0,14.0,6.266666666666667,0.0
32c184d9780b5545a856a0a366a71b86deb3a80c4dc92142aaf6bb3437c336b1,2025-02-21,8,1,False,1.0,0.0,0.0,0.0,7.0,0.0,7.0,4.983333333333333,0.0
34977907ef51b1295028838fb56ded6159cee0d58c3200a0276324aac366417c,2025-02-21,8,1,False,1.0,0.0,0.0,0.0,7.0,0.0,7.0,5.15,0.0
3634cd4e250467a39545675e2f7386734815df9c667903c8c83b43450723a792,2025-02-21,16,1,False,1.0,0.0,0.0,0.0,15.0,2.0,15.0,10.35,0.15
369a478c83b6f436dd9aade49d6289f250e18ec2a71b9552d7d9bb884bb2b586,2025-02-21,9,1,False,1.0,0.0,0.0,0.0,8.0,0.0,8.0,6.116666666666666,0.0
3c32c4971223e549c349880665fa1e81f054571faf44435a8071b4de6b20dffb,2025-02-21,9,1,False,1.0,0.0,0.0,0.0,8.0,0.0,8.0,7.75,0.0
3e05c7d4c2f91af414e809d408787184297b351d1907c225f6f1e75fbec1f3a3,2025-02-21,12,1,False,1.0,0.0,0.0,0.0,11.0,0.0,11.0,7.866666666666666,0.0
44e2b71da8273f1b00b9ec55361a1e542f6812bce0acd27214d62e7de86dd6d0,2025-02-21,12,1,False,1.0,0.0,0.0,0.0,11.0,0.0,11.0,6.2,0.0
4620b38a9a7c0abed1e91cfdc3926234d098446655b643be9342b610365aa1b6,2025-02-21,16,1,False,1.0,0.0,0.0,0.0,15.0,0.0,15.0,7.866666666666666,0.0
49b020eb7c127b73472cb4fc893577b87b48690b941ca1067751e5a6e3eab262,2025-02-21,8,1,False,1.0,0.0,0.0,0.0,7.0,0.0,7.0,6.9,0.0
4bef524b2f19749989b990b1af1747f137bfe1d7fbf78fa1358ddfc45b247cf1,2025-02-21,6,1,False,1.0,0.0,0.0,0.0,5.0,0.0,5.0,7.216666666666667,0.0
4ef80c0c47503cd20d3a8157080fb28f38e6524b33375c23d5fcd98a2f64545e,2025-02-21,13,1,False,1.0,0.0,0.0,0.0,12.0,0.0,12.0,6.7,0.0
5088fc658035905665368960c940882faf61610a4e1ce57a24c6ffc946f0f5a8,2025-02-21,12,1,False,1.0,0.0,0.0,0.0,11.0,0.0,11.0,7.683333333333334,0.0
5379232fec078f04af386b787ed0dc69b2a455a27e52e901c773a11d2d0bce7f,2025-02-21,17,1,False,1.0,0.0,0.0,0.0,16.0,10.0,16.0,13.35,0.15
53a03335d3716bf67d3ed781065280a46863f8d947c2492c4e33cce33f4446d2,2025-02-21,16,1,False,1.0,0.0,0.0,0.0,15.0,0.0,15.0,8.25,0.0
603fcd2b8449630833d1b6c7313a10e8a2176025a45ca54002988df4de8536dd,2025-02-21,10,1,False,1.0,0.0,0.0,0.0,9.0,0.0,9.0,6.683333333333334,0.0
61127469ce0c27e2d19e0e5ecece9227e60515e12a899bc8bbc29e1c8f68a78f,2025-02-21,11,1,False,1.0,0.0,0.0,0.0,10.0,0.0,10.0,7.683333333333334,0.0
62009223daa0ff462d9b377b2b31f5c85b4e95caf611f5339cbb2b5e1dc9cab5,2025-02-21,7,1,False,1.0,0.0,0.0,0.0,6.0,0.0,6.0,3.4166666666666665,0.0
620ea76a7f314a9faecfaadf110510d2abcf73e79e56e93b476e80794b9e251f,2025-02-21,11,1,False,1.0,0.0,0.0,0.0,10.0,0.0,10.0,6.766666666666667,0.0
685e9623979d1c18a11af39701aaf24188e1a40aee4c205c4d3220d26708793d,2025-02-21,13,1,False,1.0,0.0,0.0,0.0,12.0,2.0,12.0,9.466666666666667,0.15
69295bad69cbd357f13dc891b598791ab746ad0ed9cea2f9da57019f70c847b6,2025-02-21,12,1,False,1.0,0.0,0.0,0.0,11.0,0.0,11.0,6.016666666666667,0.0
6ac76fd52b6451030fdaa8cce0d1126104c034aa0d6cff3c078311dce03e36e5,2025-02-21,14,1,False,1.0,0.0,0.0,0.0,13.0,0.0,13.0,6.366666666666666,0.0
6e0553bc94f1b3457a68943cdeb271536fa0ca87652900b8c47b6b4e2eabc4b7,2025-02-21,12,1,False,1.0,0.0,0.0,0.0,11.0,0.0,11.0,7.45,0.0
71c200742f059a8380e2f3dd53ca613e2cdd705c24898e5957d46fefeff67336,2025-02-21,16,1,False,1.0,0.0,0.0,0.0,15.0,0.0,15.0,6.583333333333333,0.0
768115c2eaa5bf872b6f73af67403e31127811d5dfdaa65f5998e7f57a6be1ca,2025-02-21,14,1,False,1.0,0.0,0.0,0.0,13.0,0.0,13.0,6.333333333333333,0.0
77a935bf01e27db1c86c62c6082710b6fe7046028279183cc90fc11b5a21dd3c,2025-02-21,14,1,False,1.0,0.0,0.0,0.0,13.0,0.0,13.0,7.216666666666667,0.0
7b291901ed6fc90c51c56024b33122026451c19dfa4736a37621d21afa86ab5a,2025-02-21,10,1,False,1.0,0.0,0.0,0.0,9.0,0.0,9.0,5.916666666666667,0.0
7d64092a6e7dfd07913942876a0c314955bce8dc9fcabd12166bcf1ad5666185,2025-02-21,13,1,False,1.0,0.0,0.0,0.0,12.0,0.0,12.0,5.716666666666667,0.0
7faca1558937aea9797473b24d153f084fc8bc52e7e16da8f8bf4c48b587b358,2025-02-21,9,1,False,1.0,0.0,0.0,0.0,8.0,0.0,8.0,7.083333333333333,0.0
806e62fd6dd962469b9425c2f7b2550582df8623e5c711ade163292a626414aa,2025-02-21,13,1,False,1.0,0.0,0.0,0.0,12.0,0.0,12.0,8.466666666666667,0.0
85bf8422bdd496aa90249b85acbd42b16a6a0ed3121a586f0bcc607d16d09d80,2025-02-21,16,1,False,1.0,0.0,0.0,0.0,15.0,0.0,15.0,7.15,0.0
88b53efa4c89ad7a3d90cf3c01046d714f1adff9827d0eb5754b4ef76c64f039,2025-02-21,13,1,False,1.0,0.0,0.0,0.0,12.0,0.0,12.0,8.066666666666666,0.0
8eb9feaf80cb3b47e639148a128ff9ae2b814462106966998a7656825b71fa7d,2025-02-21,7,1,False,1.0,0.0,0.0,0.0,6.0,0.0,6.0,7.483333333333333,0.0
924ed1bb3874124ad2e307aa33a7e5791cc81dd30c0c079d54cfc1ea14ee310a,2025-02-21,6,1,False,1.0,0.0,0.0,0.0,5.0,0.0,5.0,3.816666666666667,0.0
939b9328b580200251e640b1f2170850525f4fefe336c98f053407a0725f9849,2025-02-21,7,1,False,1.0,0.0,0.0,0.0,6.0,0.0,6.0,4.783333333333333,0.0
9a31e4091d5c4c7fb8b9377b091ea9caa9cf26c36e62547a85992d9e109b1b9c,2025-02-21,11,1,False,1.0,0.0,0.0,0.0,10.0,1.0,10.0,9.8,0.15
9e007677846640b2acc599b1d1d498a20ff8260eeda2d49338e3b6ed111045a9,2025-02-21,7,1,False,1.0,0.0,0.0,0.0,6.0,0.0,6.0,6.666666666666667,0.0
9e7a5e914136e41ca82c366fd529e02d961e7ed1a6019ff724f06dbe447fbb88,2025-02-21,9,1,False,1.0,0.0,0.0,0.0,8.0,0.0,8.0,8.466666666666667,0.0
a8848b387af6359642c71478f693e4643381802ccc97f2b0c353264d7729405c,2025-02-21,13,1,False,1.0,0.0,0.0,0.0,12.0,0.0,12.0,7.9,0.0
b55080c0db11860ea934ecf297a13cf247817b3e34562a5897c18ff2cfa07f07,2025-02-21,9,1,False,1.0,0.0,0.0,0.0,8.0,0.0,8.0,5.366666666666666,0.0
b66c51931f321cca81cc9195f90b3174ae82ebb56c74459770f7800e347ca3b0,2025-02-21,15,1,False,1.0,0.0,0.0,0.0,14.0,0.0,14.0,6.8,0.0
b8e6c17d68aafa670b598b1cf0c0bd73a2937d6abb11055fded76b5e53231165,2025-02-21,6,1,False,1.0,0.0,0.0,0.0,5.0,0.0,5.0,8.1,0.0
bc60389887dd911a09f472d0f840e5a268d310cd13f422bfc6f811eb916ec82f,2025-02-21,16,1,False,1.0,0.0,0.0,0.0,15.0,0.0,15.0,7.3,0.0
c2fa44374f0aab02cb57c9ed348bb43c1fd456bfdf5b296c4f72174a002cd27f,2025-02-21,16,1,False,1.0,0.0,0.0,0.0,15.0,0.0,15.0,6.15,0.0
c5a8e30eed6744da0b641f474ebb407a75bc6fd07bd6e3c7aeb522c884dd456b,2025-02-21,9,1,False,1.0,0.0,2.0,0.0,6.0,0.0,6.0,7.116666666666666,0.15
c734a9d4fd20facb7d4e2f69c7a7be0a0263956653fc71b8d25ad3ed7a1ba446,2025-02-21,9,1,False,1.0,0.0,0.0,0.0,8.0,0.0,8.0,8.033333333333333,0.0
cb50b7517e0741a49adb67908546647f1da3398d8c72f00f00e9ba111909654b,2025-02-21,16,1,False,1.0,0.0,0.0,0.0,15.0,0.0,15.0,8.133333333333333,0.0
cc4113bc0f389ec5987bdc5cae8e94c8c01f0c5e127a5fc2b0ef752d7226c0ca,2025-02-21,16,1,False,1.0,0.0,0.0,0.0,15.0,0.0,15.0,7.9,0.0
cca321773f148695c0ffc5ed365db650aadc5ecdd13b4ddb3e6b57f38bf5a719,2025-02-21,9,1,False,1.0,0.0,0.0,0.0,8.0,0.0,8.0,8.216666666666667,0.0
d111a1427a39ed7f2d2483db714c5e0d79823bc9ecc62a126e1d144d374d286a,2025-02-21,9,1,False,1.0,0.0,0.0,0.0,8.0,0.0,8.0,5.266666666666667,0.0
dab294f3951611f65a9b1e6408fbad19981d1b65b76c28c3408dac6a6b93bbc8,2025-02-21,15,1,False,1.0,0.0,0.0,0.0,14.0,0.0,14.0,7.766666666666667,0.0
ddee12fc509b00889675d637518a8f7dfe216a200b6ad812c397b77d8bccb88b,2025-02-21,12,1,False,1.0,0.0,0.0,0.0,11.0,0.0,11.0,7.75,0.0
e001292c71d84c28529aed04ab0af1efa767893752908a7b7645f33d09aab74b,2025-02-21,12,1,False,1.0,0.0,0.0,0.0,11.0,0.0,11.0,6.966666666666667,0.0
e1a146fdbba0f457a2ea0a102e2c24872edc75865f95a9b842fcefa68e455266,2025-02-21,16,1,False,1.0,0.0,0.0,0.0,15.0,0.0,15.0,7.15,0.0
e498ed2d854e821dd717169a7b55e586bb647b3bd1ef51990cbd4e847791cc49,2025-02-21,10,1,False,1.0,0.0,0.0,0.0,9.0,0.0,9.0,8.016666666666667,0.0
e72c6ef5ea8445fc95b1c3ca1c82368b6c9adc8a29368110f51d81735f76f11c,2025-02-21,12,1,False,1.0,0.0,0.0,0.0,11.0,0.0,11.0,6.766666666666667,0.0
ea171ad8a99227777c2e7c1664c91caf9c08e47d4ba5c09165812a6d9633998c,2025-02-21,15,1,False,1.0,0.0,0.0,0.0,14.0,0.0,14.0,8.683333333333334,0.0
eac146261339b15b8a1e873ed372802ae1c5198377cc8e0f4a23d21bcead9c02,2025-02-21,14,1,False,1.0,0.0,0.0,0.0,13.0,0.0,13.0,9.3,0.0
ec8eef52024b6815e3113797e206a360a9c324efc2f400801d5eb1179b75a43d,2025-02-21,11,1,False,1.0,0.0,0.0,0.0,10.0,0.0,10.0,7.3,0.0
eecce08639c689fc3170d254f909a8dedd091d778d0ae7aa829c656b8d085cdd,2025-02-21,14,1,False,1.0,0.0,0.0,0.0,13.0,0.0,13.0,8.716666666666667,0.0
f02fff917d5e1f556f7ca2d8e8ddde98179be018c2669a269bf40d4f64b627f7,2025-02-21,12,1,False,1.0,0.0,0.0,0.0,11.0,0.0,11.0,5.933333333333334,0.0
f17b0eabd2530f1710fc19c34c4d29cc782a669753833ca0d88f524467cdf67f,2025-02-21,16,1,False,1.0,0.0,0.0,0.0,15.0,0.0,15.0,7.766666666666667,0.0
f26a64875adce083be80130e941dbfa6e94f2202ff0c463336c1300ecc5217f6,2025-02-21,10,1,False,1.0,0.0,0.0,0.0,9.0,1.0,9.0,8.583333333333334,0.15
f441fbdfbb3a65b7660b581790ec8633cd5e9a2bc3450e46f6f6d948e0ebd96b,2025-02-21,15,1,False,1.0,0.0,0.0,0.0,14.0,0.0,14.0,8.733333333333333,0.0
5379232fec078f04af386b787ed0dc69b2a455a27e52e901c773a11d2d0bce7f,2025-02-22,1,1,False,0.0,0.0,0.0,0.0,1.0,1.0,1.0,0.0,0.15
012fb52705cf3c18e19ff7f562c781dcd1736f3e5615ace007e35dee4740f412,2025-02-24,9,1,False,1.0,0.0,0.0,0.0,8.0,0.0,8.0,8.033333333333333,0.0
0604919ff2aebe087b97959084f1fffe2fd89b7e92f8997d6249f5617f0ec041,2025-02-24,6,1,False,1.0,0.0,0.0,0.0,5.0,0.0,5.0,4.216666666666667,0.0
0b9c9b2a643d502fb0470c0e2d25bd40592ae24d88e27a9cca008632f6491e86,2025-02-24,12,1,False,1.0,0.0,0.0,0.0,11.0,0.0,11.0,8.333333333333334,0.0
0bc6fa557a874432991fb3bef6cc8fecfed275284ca1549c6f502f2f2f86388f,2025-02-24,16,1,False,1.0,0.0,0.0,0.0,15.0,0.0,15.0,8.116666666666667,0.0
12881006a16563a03436c3185999cce893916a7f93bd295d9e51c610390a5400,2025-02-24,11,1,False,1.0,0.0,0.0,0.0,10.0,0.0,10.0,7.883333333333334,0.0
13cc67e7ae2b0731f9c20a2adb450d0ab125f700d392f08a01f5019b4da3be89,2025-02-24,7,1,False,1.0,0.0,0.0,0.0,6.0,0.0,6.0,6.233333333333333,0.0
1481a18bb91c683c9f0e63a3c1ffe035a67c1ee64eae546985a4caedd691f154,2025-02-24,6,1,False,1.0,0.0,0.0,0.0,5.0,0.0,5.0,3.033333333333333,0.0
1481cde120f4ec5a6626478c9222dacd947d0d027e33aa5175c391d3f10b05fd,2025-02-24,9,1,False,1.0,0.0,0.0,0.0,8.0,0.0,8.0,5.8,0.0
18757c67dbbb1f193d93dfd2c81d93f261d3cc1ab2b6b4a27daddb2a42f0c1e2,2025-02-24,13,1,False,1.0,0.0,0.0,0.0,12.0,0.0,12.0,8.366666666666667,0.0
1e13a5c6539e75908d998e36f94f2baee29b17d341286f7a2af3163b528a2fcc,2025-02-24,10,1,False,1.0,0.0,0.0,0.0,9.0,0.0,9.0,6.716666666666667,0.0
1e813ac9d9c5fbfa50cba6f0032edaff8652f398c5508cc13faa4cc0af6fc3b9,2025-02-24,15,1,False,1.0,0.0,0.0,0.0,14.0,0.0,14.0,6.266666666666667,0.0
1fddb883469b0cd0365153a0ebff0dbefb2b5a252dbaf2b9795ad45003650dcf,2025-02-24,5,1,False,1.0,1.0,0.0,0.0,4.0,4.0,4.0,2.566666666666667,0.35
227b301943873690ead2973a5f7d43ef587dc58b46733368a3f16daf8db98925,2025-02-24,13,1,False,1.0,0.0,0.0,0.0,12.0,0.0,12.0,7.716666666666667,0.0
269b850943bbddfb37b8186af3d0cd154525f08057e450bdb93ab26f06b9758d,2025-02-24,9,1,False,1.0,0.0,0.0,0.0,8.0,0.0,8.0,5.916666666666667,0.0
27ef13206d1090bf126d0f8dd08b66cc346b18eb199192600e14cdc52d7c9a35,2025-02-24,6,1,False,1.0,0.0,0.0,0.0,5.0,0.0,5.0,8.55,0.0
2b4a1e95204243f32c7235a27dbeae5a0e9d42da4c762132ac84c0817875d614,2025-02-24,16,1,False,1.0,0.0,0.0,0.0,15.0,0.0,15.0,6.783333333333333,0.0
2fdc8fb359ca03d047fec4ad4d7f3b9cfc23ebf54bee30aec8f1a6431bfd0d6e,2025-02-24,9,1,False,1.0,0.0,0.0,0.0,8.0,0.0,8.0,7.816666666666666,0.0
32c184d9780b5545a856a0a366a71b86deb3a80c4dc92142aaf6bb3437c336b1,2025-02-24,14,1,False,1.0,0.0,0.0,0.0,13.0,0.0,13.0,6.216666666666667,0.0
34977907ef51b1295028838fb56ded6159cee0d58c3200a0276324aac366417c,2025-02-24,11,1,False,1.0,0.0,0.0,0.0,10.0,0.0,10.0,7.5,0.0
3634cd4e250467a39545675e2f7386734815df9c667903c8c83b43450723a792,2025-02-24,13,1,False,1.0,0.0,0.0,0.0,12.0,1.0,12.0,9.4,0.15
369a478c83b6f436dd9aade49d6289f250e18ec2a71b9552d7d9bb884bb2b586,2025-02-24,8,1,False,1.0,0.0,0.0,0.0,7.0,0.0,7.0,7.95,0.0
3c32c4971223e549c349880665fa1e81f054571faf44435a8071b4de6b20dffb,2025-02-24,16,1,False,1.0,0.0,0.0,0.0,15.0,0.0,15.0,6.183333333333334,0.0
3e05c7d4c2f91af414e809d408787184297b351d1907c225f6f1e75fbec1f3a3,2025-02-24,12,1,False,1.0,0.0,0.0,0.0,11.0,0.0,11.0,7.333333333333333,0.0
44e2b71da8273f1b00b9ec55361a1e542f6812bce0acd27214d62e7de86dd6d0,2025-02-24,12,1,False,1.0,0.0,0.0,0.0,11.0,0.0,11.0,6.4,0.0
4620b38a9a7c0abed1e91cfdc3926234d098446655b643be9342b610365aa1b6,2025-02-24,16,1,False,1.0,0.0,0.0,0.0,15.0,0.0,15.0,6.15,0.0
49b020eb7c127b73472cb4fc893577b87b48690b941ca1067751e5a6e3eab262,2025-02-24,10,1,False,1.0,0.0,0.0,0.0,9.0,0.0,9.0,6.05,0.0
4bef524b2f19749989b990b1af1747f137bfe1d7fbf78fa1358ddfc45b247cf1,2025-02-24,7,1,False,1.0,0.0,0.0,0.0,6.0,0.0,6.0,7.066666666666666,0.0
4ef80c0c47503cd20d3a8157080fb28f38e6524b33375c23d5fcd98a2f64545e,2025-02-24,8,1,False,1.0,0.0,0.0,0.0,7.0,0.0,7.0,6.416666666666667,0.0
5088fc658035905665368960c940882faf61610a4e1ce57a24c6ffc946f0f5a8,2025-02-24,13,1,False,1.0,0.0,0.0,0.0,12.0,0.0,12.0,6.0,0.0
5379232fec078f04af386b787ed0dc69b2a455a27e52e901c773a11d2d0bce7f,2025-02-24,9,1,False,1.0,0.0,0.0,0.0,8.0,0.0,8.0,6.8,0.0
53a03335d3716bf67d3ed781065280a46863f8d947c2492c4e33cce33f4446d2,2025-02-24,9,1,False,1.0,0.0,0.0,0.0,8.0,0.0,8.0,7.283333333333333,0.0
603fcd2b8449630833d1b6c7313a10e8a2176025a45ca54002988df4de8536dd,2025-02-24,15,1,False,1.0,0.0,0.0,0.0,14.0,0.0,14.0,9.1,0.0
61127469ce0c27e2d19e0e5ecece9227e60515e12a899bc8bbc29e1c8f68a78f,2025-02-24,7,1,False,1.0,0.0,0.0,0.0,6.0,0.0,6.0,7.583333333333333,0.0
62009223daa0ff462d9b377b2b31f5c85b4e95caf611f5339cbb2b5e1dc9cab5,2025-02-24,13,1,False,1.0,0.0,0.0,0.0,12.0,0.0,12.0,7.383333333333334,0.0
620ea76a7f314a9faecfaadf110510d2abcf73e79e56e93b476e80794b9e251f,2025-02-24,11,1,False,1.0,0.0,0.0,0.0,10.0,2.0,10.0,8.1,0.15
685e9623979d1c18a11af39701aaf24188e1a40aee4c205c4d3220d26708793d,2025-02-24,10,1,False,1.0,0.0,0.0,0.0,9.0,0.0,9.0,6.283333333333333,0.0
69295bad69cbd357f13dc891b598791ab746ad0ed9cea2f9da57019f70c847b6,2025-02-24,9,1,False,1.0,0.0,0.0,0.0,8.0,0.0,8.0,4.833333333333333,0.0
6ac76fd52b6451030fdaa8cce0d1126104c034aa0d6cff3c078311dce03e36e5,2025-02-24,14,1,False,1.0,0.0,0.0,0.0,13.0,0.0,13.0,7.933333333333334,0.0
6e0553bc94f1b3457a68943cdeb271536fa0ca87652900b8c47b6b4e2eabc4b7,2025-02-24,13,1,False,1.0,0.0,0.0,0.0,12.0,0.0,12.0,6.316666666666666,0.0
71c200742f059a8380e2f3dd53ca613e2cdd705c24898e5957d46fefeff67336,2025-02-24,11,1,False,1.0,0.0,0.0,0.0,10.0,0.0,10.0,6.766666666666667,0.0
768115c2eaa5bf872b6f73af67403e31127811d5dfdaa65f5998e7f57a6be1ca,2025-02-24,7,1,False,1.0,0.0,0.0,0.0,6.0,1.0,6.0,9.15,0.15
77a935bf01e27db1c86c62c6082710b6fe7046028279183cc90fc11b5a21dd3c,2025-02-24,12,1,False,1.0,0.0,0.0,0.0,11.0,0.0,11.0,7.65,0.0
7b291901ed6fc90c51c56024b33122026451c19dfa4736a37621d21afa86ab5a,2025-02-24,11,1,False,1.0,0.0,0.0,0.0,10.0,0.0,10.0,6.733333333333333,0.0
7d64092a6e7dfd07913942876a0c314955bce8dc9fcabd12166bcf1ad5666185,2025-02-24,10,1,False,1.0,0.0,0.0,0.0,9.0,0.0,9.0,6.433333333333334,0.0
7faca1558937aea9797473b24d153f084fc8bc52e7e16da8f8bf4c48b587b358,2025-02-24,14,1,False,1.0,0.0,0.0,0.0,13.0,0.0,13.0,6.883333333333334,0.0
806e62fd6dd962469b9425c2f7b2550582df8623e5c711ade163292a626414aa,2025-02-24,9,1,False,1.0,0.0,0.0,0.0,8.0,0.0,8.0,7.266666666666667,0.0
85bf8422bdd496aa90249b85acbd42b16a6a0ed3121a586f0bcc607d16d09d80,2025-02-24,11,1,False,1.0,0.0,0.0,0.0,10.0,0.0,10.0,6.233333333333333,0.0
88b53efa4c89ad7a3d90cf3c01046d714f1adff9827d0eb5754b4ef76c64f039,2025-02-24,13,1,False,1.0,0.0,0.0,0.0,12.0,3.0,12.0,11.95,0.15
8eb9feaf80cb3b47e639148a128ff9ae2b814462106966998a7656825b71fa7d,2025-02-24,13,1,False,1.0,0.0,0.0,0.0,12.0,0.0,12.0,7.45,0.0
924ed1bb3874124ad2e307aa33a7e5791cc81dd30c0c079d54cfc1ea14ee310a,2025-02-24,14,1,False,1.0,0.0,0.0,0.0,13.0,0.0,13.0,7.45,0.0
939b9328b580200251e640b1f2170850525f4fefe336c98f053407a0725f9849,2025-02-24,6,1,False,1.0,0.0,0.0,0.0,5.0,0.0,5.0,5.95,0.0
9a31e4091d5c4c7fb8b9377b091ea9caa9cf26c36e62547a85992d9e109b1b9c,2025-02-24,14,1,False,1.0,0.0,0.0,0.0,13.0,0.0,13.0,6.383333333333334,0.0
9e007677846640b2acc599b1d1d498a20ff8260eeda2d49338e3b6ed111045a9,2025-02-24,8,1,False,1.0,0.0,0.0,0.0,7.0,0.0,7.0,7.95,0.0
9e7a5e914136e41ca82c366fd529e02d961e7ed1a6019ff724f06dbe447fbb88,2025-02-24,8,1,False,1.0,0.0,0.0,0.0,7.0,0.0,7.0,6.933333333333334,0.0
a8848b387af6359642c71478f693e4643381802ccc97f2b0c353264d7729405c,2025-02-24,6,1,False,1.0,0.0,0.0,0.0,5.0,0.0,5.0,6.7,0.0
b55080c0db11860ea934ecf297a13cf247817b3e34562a5897c18ff2cfa07f07,2025-02-24,15,1,False,1.0,0.0,0.0,0.0,14.0,0.0,14.0,7.2,0.0
b66c51931f321cca81cc9195f90b3174ae82ebb56c74459770f7800e347ca3b0,2025-02-24,9,1,False,1.0,0.0,0.0,0.0,8.0,0.0,8.0,7.283333333333333,0.0
b8e6c17d68aafa670b598b1cf0c0bd73a2937d6abb11055fded76b5e53231165,2025-02-24,11,1,False,1.0,0.0,0.0,0.0,10.0,0.0,10.0,7.983333333333333,0.0
bc60389887dd911a09f472d0f840e5a268d310cd13f422bfc6f811eb916ec82f,2025-02-24,8,1,False,1.0,0.0,0.0,0.0,7.0,0.0,7.0,7.75,0.0
c2fa44374f0aab02cb57c9ed348bb43c1fd456bfdf5b296c4f72174a002cd27f,2025-02-24,14,1,False,1.0,0.0,0.0,0.0,13.0,0.0,13.0,7.05,0.0
c5a8e30eed6744da0b641f474ebb407a75bc6fd07bd6e3c7aeb522c884dd456b,2025-02-24,15,1,False,1.0,0.0,0.0,0.0,14.0,0.0,14.0,6.966666666666667,0.0
c734a9d4fd20facb7d4e2f69c7a7be0a0263956653fc71b8d25ad3ed7a1ba446,2025-02-24,16,1,False,1.0,0.0,0.0,0.0,15.0,0.0,15.0,7.916666666666667,0.0
cb50b7517e0741a49adb67908546647f1da3398d8c72f00f00e9ba111909654b,2025-02-24,14,1,False,1.0,0.0,0.0,0.0,13.0,0.0,13.0,6.6,0.0
cc4113bc0f389ec5987bdc5cae8e94c8c01f0c5e127a5fc2b0ef752d7226c0ca,2025-02-24,9,1,False,1.0,0.0,0.0,0.0,8.0,0.0,8.0,7.166666666666667,0.0
cca321773f148695c0ffc5ed365db650aadc5ecdd13b4ddb3e6b57f38bf5a719,2025-02-24,13,1,False,1.0,0.0,0.0,0.0,12.0,0.0,12.0,5.383333333333334,0.0
d111a1427a39ed7f2d2483db714c5e0d79823bc9ecc62a126e1d144d374d286a,2025-02-24,8,1,False,1.0,0.0,0.0,0.0,7.0,0.0,7.0,5.233333333333333,0.0
dab294f3951611f65a9b1e6408fbad19981d1b65b76c28c3408dac6a6b93bbc8,2025-02-24,13,1,False,1.0,0.0,0.0,0.0,12.0,0.0,12.0,6.416666666666667,0.0
ddee12fc509b00889675d637518a8f7dfe216a200b6ad812c397b77d8bccb88b,2025-02-24,10,1,False,1.0,0.0,0.0,0.0,9.0,0.0,9.0,7.1,0.0
e001292c71d84c28529aed04ab0af1efa767893752908a7b7645f33d09aab74b,2025-02-24,7,1,False,1.0,0.0,0.0,0.0,6.0,0.0,6.0,6.333333333333333,0.0
e1a146fdbba0f457a2ea0a102e2c24872edc75865f95a9b842fcefa68e455266,2025-02-24,9,1,False,1.0,0.0,0.0,0.0,8.0,0.0,8.0,6.416666666666667,0.0
e498ed2d854e821dd717169a7b55e586bb647b3bd1ef51990cbd4e847791cc49,2025-02-24,15,1,False,1.0,0.0,0.0,0.0,14.0,0.0,14.0,6.066666666666666,0.0
e72c6ef5ea8445fc95b1c3ca1c82368b6c9adc8a29368110f51d81735f76f11c,2025-02-24,8,1,False,1.0,0.0,0.0,0.0,7.0,2.0,7.0,8.8,0.15
ea171ad8a99227777c2e7c1664c91caf9c08e47d4ba5c09165812a6d9633998c,2025-02-24,13,1,False,1.0,0.0,0.0,0.0,12.0,0.0,12.0,8.1,0.0
eac146261339b15b8a1e873ed372802ae1c5198377cc8e0f4a23d21bcead9c02,2025-02-24,12,1,False,1.0,0.0,0.0,0.0,11.0,0.0,11.0,7.85,0.0
ec8eef52024b6815e3113797e206a360a9c324efc2f400801d5eb1179b75a43d,2025-02-24,14,1,False,1.0,0.0,0.0,0.0,13.0,0.0,13.0,7.45,0.0
eecce08639c689fc3170d254f909a8dedd091d778d0ae7aa829c656b8d085cdd,2025-02-24,7,1,False,1.0,0.0,0.0,0.0,6.0,0.0,6.0,6.683333333333334,0.0
f02fff917d5e1f556f7ca2d8e8ddde98179be018c2669a269bf40d4f64b627f7,2025-02-24,14,1,False,1.0,0.0,0.0,0.0,13.0,0.0,13.0,8.683333333333334,0.0
f17b0eabd2530f1710fc19c34c4d29cc782a669753833ca0d88f524467cdf67f,2025-02-24,12,1,False,1.0,1.0,0.0,0.0,11.0,1.0,11.0,7.1,0.35
f26a64875adce083be80130e941dbfa6e94f2202ff0c463336c1300ecc5217f6,2025-02-24,6,1,False,1.0,0.0,0.0,0.0,5.0,0.0,5.0,7.716666666666667,0.0
f441fbdfbb3a65b7660b581790ec8633cd5e9a2bc3450e46f6f6d948e0ebd96b,2025-02-24,16,1,False,1.0,0.0,0.0,0.0,15.0,0.0,15.0,6.816666666666666,0.0
012fb52705cf3c18e19ff7f562c781dcd1736f3e5615ace007e35dee4740f412,2025-02-25,16,1,False,1.0,0.0,0.0,0.0,15.0,0.0,15.0,8.333333333333334,0.0
0604919ff2aebe087b97959084f1fffe2fd89b7e92f8997d6249f5617f0ec041,2025-02-25,6,1,False,1.0,0.0,0.0,0.0,5.0,0.0,5.0,6.95,0.0
0b9c9b2a643d502fb0470c0e2d25bd40592ae24d88e27a9cca008632f6491e86,2025-02-25,6,1,False,1.0,0.0,0.0,0.0,5.0,0.0,5.0,6.283333333333333,0.0
0bc6fa557a874432991fb3bef6cc8fecfed275284ca1549c6f502f2f2f86388f,2025-02-25,12,1,False,1.0,0.0,0.0,0.0,11.0,2.0,11.0,9.566666666666666,0.15
12881006a16563a03436c3185999cce893916a7f93bd295d9e51c610390a5400,2025-02-25,6,1,False,1.0,0.0,0.0,0.0,5.0,0.0,5.0,7.3,0.0
13cc67e7ae2b0731f9c20a2adb450d0ab125f700d392f08a01f5019b4da3be89,2025-02-25,13,1,False,1.0,0.0,0.0,0.0,12.0,0.0,12.0,6.483333333333333,0.0
1481a18bb91c683c9f0e63a3c1ffe035a67c1ee64eae546985a4caedd691f154,2025-02-25,12,1,False,1.0,0.0,0.0,0.0,11.0,0.0,11.0,8.233333333333333,0.0
1481cde120f4ec5a6626478c9222dacd947d0d027e33aa5175c391d3f10b05fd,2025-02-25,15,1,False,1.0,0.0,0.0,0.0,14.0,0.0,14.0,6.166666666666667,0.0
18757c67dbbb1f193d93dfd2c81d93f261d3cc1ab2b6b4a27daddb2a42f0c1e2,2025-02-25,10,1,False,1.0,0.0,0.0,0.0,9.0,0.0,9.0,4.866666666666666,0.0
1e13a5c6539e75908d998e36f94f2baee29b17d341286f7a2af3163b528a2fcc,2025-02-25,9,1,False,1.0,0.0,0.0,0.0,8.0,1.0,8.0,9.1,0.15
1e813ac9d9c5fbfa50cba6f0032edaff8652f398c5508cc13faa4cc0af6fc3b9,2025-02-25,15,1,False,1.0,0.0,0.0,0.0,14.0,1.0,14.0,8.85,0.15
1fddb883469b0cd0365153a0ebff0dbefb2b5a252dbaf2b9795ad45003650dcf,2025-02-25,16,1,False,1.0,0.0,0.0,0.0,15.0,4.0,15.0,15.716666666666667,0.15
227b301943873690ead2973a5f7d43ef587dc58b46733368a3f16daf8db98925,2025-02-25,8,1,False,1.0,0.0,0.0,0.0,7.0,0.0,7.0,8.583333333333334,0.0
269b850943bbddfb37b8186af3d0cd154525f08057e450bdb93ab26f06b9758d,2025-02-25,17,1,False,1.0,0.0,0.0,0.0,16.0,2.0,16.0,14.25,0.15
27ef13206d1090bf126d0f8dd08b66cc346b18eb199192600e14cdc52d7c9a35,2025-02-25,15,1,False,1.0,0.0,0.0,0.0,14.0,0.0,14.0,8.316666666666666,0.0
2b4a1e95204243f32c7235a27dbeae5a0e9d42da4c762132ac84c0817875d614,2025-02-25,16,1,False,1.0,0.0,0.0,0.0,15.0,4.0,15.0,8.183333333333334,0.15
2fdc8fb359ca03d047fec4ad4d7f3b9cfc23ebf54bee30aec8f1a6431bfd0d6e,2025-02-25,9,1,False,1.0,0.0,0.0,0.0,8.0,0.0,8.0,8.083333333333334,0.0
32c184d9780b5545a856a0a366a71b86deb3a80c4dc92142aaf6bb3437c336b1,2025-02-25,12,1,False,1.0,0.0,0.0,0.0,11.0,1.0,11.0,7.266666666666667,0.15
34977907ef51b1295028838fb56ded6159cee0d58c3200a0276324aac366417c,2025-02-25,13,1,False,1.0,0.0,0.0,0.0,12.0,0.0,12.0,5.25,0.0
3634cd4e250467a39545675e2f7386734815df9c667903c8c83b43450723a792,2025-02-25,6,1,False,1.0,0.0,0.0,0.0,5.0,0.0,5.0,7.516666666666667,0.0
369a478c83b6f436dd9aade49d6289f250e18ec2a71b9552d7d9bb884bb2b586,2025-02-25,6,1,False,1.0,0.0,0.0,0.0,5.0,0.0,5.0,7.883333333333334,0.0
3c32c4971223e549c349880665fa1e81f054571faf44435a8071b4de6b20dffb,2025-02-25,15,1,False,1.0,0.0,0.0,0.0,14.0,0.0,14.0,7.366666666666666,0.0
3e05c7d4c2f91af414e809d408787184297b351d1907c225f6f1e75fbec1f3a3,2025-02-25,16,1,False,1.0,0.0,0.0,0.0,15.0,0.0,15.0,8.566666666666666,0.0
44e2b71da8273f1b00b9ec55361a1e542f6812bce0acd27214d62e7de86dd6d0,2025-02-25,11,1,False,1.0,0.0,0.0,0.0,10.0,0.0,10.0,6.7,0.0
4620b38a9a7c0abed1e91cfdc3926234d098446655b643be9342b610365aa1b6,2025-02-25,8,1,False,1.0,0.0,0.0,0.0,7.0,0.0,7.0,8.3,0.0
49b020eb7c127b73472cb4fc893577b87b48690b941ca1067751e5a6e3eab262,2025-02-25,11,1,False,1.0,0.0,0.0,0.0,10.0,0.0,10.0,9.033333333333333,0.0
4bef524b2f19749989b990b1af1747f137bfe1d7fbf78fa1358ddfc45b247cf1,2025-02-25,14,1,False,1.0,0.0,0.0,0.0,13.0,0.0,13.0,6.533333333333333,0.0
4ef80c0c47503cd20d3a8157080fb28f38e6524b33375c23d5fcd98a2f64545e,2025-02-25,9,1,False,1.0,0.0,0.0,0.0,8.0,0.0,8.0,7.533333333333333,0.0
5088fc658035905665368960c940882faf61610a4e1ce57a24c6ffc946f0f5a8,2025-02-25,6,1,False,1.0,0.0,0.0,0.0,5.0,0.0,5.0,5.166666666666667,0.0
5379232fec078f04af386b787ed0dc69b2a455a27e52e901c773a11d2d0bce7f,2025-02-25,15,1,False,1.0,0.0,0.0,0.0,14.0,1.0,14.0,9.166666666666666,0.15
53a03335d3716bf67d3ed781065280a46863f8d947c2492c4e33cce33f4446d2,2025-02-25,12,1,False,1.0,0.0,0.0,0.0,11.0,0.0,11.0,6.9,0.0
603fcd2b8449630833d1b6c7313a10e8a2176025a45ca54002988df4de8536dd,2025-02-25,7,1,False,1.0,0.0,0.0,0.0,6.0,0.0,6.0,7.983333333333333,0.0
61127469ce0c27e2d19e0e5ecece9227e60515e12a899bc8bbc29e1c8f68a78f,2025-02-25,15,1,False,1.0,0.0,0.0,0.0,14.0,0.0,14.0,6.416666666666667,0.0
62009223daa0ff462d9b377b2b31f5c85b4e95caf611f5339cbb2b5e1dc9cab5,2025-02-25,6,1,False,1.0,0.0,0.0,0.0,5.0,0.0,5.0,7.616666666666666,0.0
620ea76a7f314a9faecfaadf110510d2abcf73e79e56e93b476e80794b9e251f,2025-02-25,7,1,False,1.0,0.0,0.0,0.0,6.0,0.0,6.0,6.716666666666667,0.0
685e9623979d1c18a11af39701aaf24188e1a40aee4c205c4d3220d26708793d,2025-02-25,9,1,False,1.0,0.0,0.0,0.0,8.0,0.0,8.0,7.666666666666667,0.0
69295bad69cbd357f13dc891b598791ab746ad0ed9cea2f9da57019f70c847b6,2025-02-25,14,1,False,1.0,0.0,0.0,0.0,13.0,0.0,13.0,6.583333333333333,0.0
6ac76fd52b6451030fdaa8cce0d1126104c034aa0d6cff3c078311dce03e36e5,2025-02-25,15,1,False,1.0,0.0,0.0,0.0,14.0,0.0,14.0,7.7,0.0
6e0553bc94f1b3457a68943cdeb271536fa0ca87652900b8c47b6b4e2eabc4b7,2025-02-25,16,1,False,1.0,0.0,0.0,0.0,15.0,0.0,15.0,7.866666666666666,0.0
71c200742f059a8380e2f3dd53ca613e2cdd705c24898e5957d46fefeff67336,2025-02-25,15,1,False,1.0,0.0,0.0,0.0,14.0,0.0,14.0,8.616666666666667,0.0
768115c2eaa5bf872b6f73af67403e31127811d5dfdaa65f5998e7f57a6be1ca,2025-02-25,7,1,False,1.0,0.0,0.0,0.0,6.0,0.0,6.0,8.616666666666667,0.0
77a935bf01e27db1c86c62c6082710b6fe7046028279183cc90fc11b5a21dd3c,2025-02-25,11,1,False,1.0,0.0,0.0,0.0,10.0,0.0,10.0,7.716666666666667,0.0
7b291901ed6fc90c51c56024b33122026451c19dfa4736a37621d21afa86ab5a,2025-02-25,11,1,False,1.0,0.0,0.0,0.0,10.0,0.0,10.0,5.916666666666667,0.0
7d64092a6e7dfd07913942876a0c314955bce8dc9fcabd12166bcf1ad5666185,2025-02-25,10,1,False,1.0,0.0,0.0,0.0,9.0,1.0,9.0,8.25,0.15
7faca1558937aea9797473b24d153f084fc8bc52e7e16da8f8bf4c48b587b358,2025-02-25,16,1,False,1.0,0.0,0.0,0.0,15.0,0.0,15.0,8.2,0.0
806e62fd6dd962469b9425c2f7b2550582df8623e5c711ade163292a626414aa,2025-02-25,8,1,False,1.0,0.0,0.0,0.0,7.0,0.0,7.0,6.066666666666666,0.0
85bf8422bdd496aa90249b85acbd42b16a6a0ed3121a586f0bcc607d16d09d80,2025-02-25,12,1,False,1.0,0.0,0.0,0.0,11.0,0.0,11.0,7.916666666666667,0.0
88b53efa4c89ad7a3d90cf3c01046d714f1adff9827d0eb5754b4ef76c64f039,2025-02-25,11,1,False,1.0,0.0,0.0,0.0,10.0,0.0,10.0,6.616666666666666,0.0
8eb9feaf80cb3b47e639148a128ff9ae2b814462106966998a7656825b71fa7d,2025-02-25,14,1,False,1.0,0.0,0.0,0.0,13.0,3.0,13.0,8.916666666666666,0.15
924ed1bb3874124ad2e307aa33a7e5791cc81dd30c0c079d54cfc1ea14ee310a,2025-02-25,12,1,False,1.0,0.0,0.0,0.0,11.0,0.0,11.0,8.566666666666666,0.0
939b9328b580200251e640b1f2170850525f4fefe336c98f053407a0725f9849,2025-02-25,7,1,False,1.0,0.0,0.0,0.0,6.0,0.0,6.0,6.8,0.0
9a31e4091d5c4c7fb8b9377b091ea9caa9cf26c36e62547a85992d9e109b1b9c,2025-02-25,16,1,False,1.0,0.0,0.0,0.0,15.0,0.0,15.0,7.4,0.0
9e007677846640b2acc599b1d1d498a20ff8260eeda2d49338e3b6ed111045a9,2025-02-25,16,1,False,1.0,0.0,0.0,0.0,15.0,0.0,15.0,7.816666666666666,0.0
9e7a5e914136e41ca82c366fd529e02d961e7ed1a6019ff724f06dbe447fbb88,2025-02-25,11,1,False,1.0,0.0,0.0,0.0,10.0,0.0,10.0,7.666666666666667,0.0
a8848b387af6359642c71478f693e4643381802ccc97f2b0c353264d7729405c,2025-02-25,11,1,False,1.0,0.0,0.0,0.0,10.0,0.0,10.0,8.0,0.0
b55080c0db11860ea934ecf297a13cf247817b3e34562a5897c18ff2cfa07f07,2025-02-25,10,1,False,1.0,0.0,0.0,0.0,9.0,0.0,9.0,6.15,0.0
b66c51931f321cca81cc9195f90b3174ae82ebb56c74459770f7800e347ca3b0,2025-02-25,10,1,False,1.0,0.0,0.0,0.0,9.0,0.0,9.0,7.683333333333334,0.0
b8e6c17d68aafa670b598b1cf0c0bd73a2937d6abb11055fded76b5e53231165,2025-02-25,13,1,False,1.0,0.0,0.0,0.0,12.0,0.0,12.0,5.6,0.0
bc60389887dd911a09f472d0f840e5a268d310cd13f422bfc6f811eb916ec82f,2025-02-25,14,1,False,1.0,0.0,0.0,0.0,13.0,0.0,13.0,7.516666666666667,0.0
c2fa44374f0aab02cb57c9ed348bb43c1fd456bfdf5b296c4f72174a002cd27f,2025-02-25,14,1,False,1.0,0.0,0.0,0.0,13.0,0.0,13.0,7.366666666666666,0.0
c5a8e30eed6744da0b641f474ebb407a75bc6fd07bd6e3c7aeb522c884dd456b,2025-02-25,14,1,False,1.0,0.0,0.0,0.0,13.0,0.0,13.0,7.25,0.0
c734a9d4fd20facb7d4e2f69c7a7be0a0263956653fc71b8d25ad3ed7a1ba446,2025-02-25,12,1,False,1.0,0.0,0.0,0.0,11.0,0.0,11.0,7.566666666666666,0.0
cb50b7517e0741a49adb67908546647f1da3398d8c72f00f00e9ba111909654b,2025-02-25,15,1,False,1.0,0.0,0.0,0.0,14.0,0.0,14.0,7.216666666666667,0.0
cc4113bc0f389ec5987bdc5cae8e94c8c01f0c5e127a5fc2b0ef752d7226c0ca,2025-02-25,6,1,False,1.0,0.0,0.0,0.0,5.0,0.0,5.0,6.383333333333334,0.0
cca321773f148695c0ffc5ed365db650aadc5ecdd13b4ddb3e6b57f38bf5a719,2025-02-25,7,1,False,1.0,0.0,0.0,0.0,6.0,0.0,6.0,5.033333333333333,0.0
d111a1427a39ed7f2d2483db714c5e0d79823bc9ecc62a126e1d144d374d286a,2025-02-25,16,1,False,1.0,0.0,0.0,0.0,15.0,0.0,15.0,6.4,0.0
dab294f3951611f65a9b1e6408fbad19981d1b65b76c28c3408dac6a6b93bbc8,2025-02-25,15,1,False,1.0,0.0,0.0,0.0,14.0,0.0,14.0,7.733333333333333,0.0
ddee12fc509b00889675d637518a8f7dfe216a200b6ad812c397b77d8bccb88b,2025-02-25,6,1,False,1.0,0.0,0.0,0.0,5.0,0.0,5.0,5.066666666666666,0.0
e001292c71d84c28529aed04ab0af1efa767893752908a7b7645f33d09aab74b,2025-02-25,8,1,False,1.0,0.0,0.0,0.0,7.0,0.0,7.0,7.2,0.0
e1a146fdbba0f457a2ea0a102e2c24872edc75865f95a9b842fcefa68e455266,2025-02-25,11,1,False,1.0,0.0,0.0,0.0,10.0,0.0,10.0,7.983333333333333,0.0
e498ed2d854e821dd717169a7b55e586bb647b3bd1ef51990cbd4e847791cc49,2025-02-25,7,1,False,1.0,0.0,0.0,0.0,6.0,0.0,6.0,6.4,0.0
e72c6ef5ea8445fc95b1c3ca1c82368b6c9adc8a29368110f51d81735f76f11c,2025-02-25,16,1,False,1.0,0.0,0.0,0.0,15.0,0.0,15.0,8.316666666666666,0.0
ea171ad8a99227777c2e7c1664c91caf9c08e47d4ba5c09165812a6d9633998c,2025-02-25,13,1,False,1.0,0.0,0.0,0.0,12.0,0.0,12.0,7.933333333333334,0.0
eac146261339b15b8a1e873ed372802ae1c5198377cc8e0f4a23d21bcead9c02,2025-02-25,16,1,False,1.0,0.0,0.0,0.0,15.0,0.0,15.0,6.2,0.0
ec8eef52024b6815e3113797e206a360a9c324efc2f400801d5eb1179b75a43d,2025-02-25,10,1,False,1.0,0.0,0.0,0.0,9.0,0.0,9.0,6.9,0.0
eecce08639c689fc3170d254f909a8dedd091d778d0ae7aa829c656b8d085cdd,2025-02-25,11,1,False,1.0,0.0,0.0,0.0,10.0,0.0,10.0,5.75,0.0
f02fff917d5e1f556f7ca2d8e8ddde98179be018c2669a269bf40d4f64b627f7,2025-02-25,6,1,False,1.0,0.0,0.0,0.0,5.0,0.0,5.0,6.783333333333333,0.0
f17b0eabd2530f1710fc19c34c4d29cc782a669753833ca0d88f524467cdf67f,2025-02-25,11,1,False,1.0,1.0,0.0,0.0,10.0,0.0,10.0,7.366666666666666,0.2
f26a64875adce083be80130e941dbfa6e94f2202ff0c463336c1300ecc5217f6,2025-02-25,8,1,False,1.0,0.0,0.0,0.0,7.0,0.0,7.0,8.116666666666667,0.0
f441fbdfbb3a65b7660b581790ec8633cd5e9a2bc3450e46f6f6d948e0ebd96b,2025-02-25,8,1,False,1.0,0.0,0.0,0.0,7.0,0.0,7.0,5.95,0.0
012fb52705cf3c18e19ff7f562c781dcd1736f3e5615ace007e35dee4740f412,2025-02-26,6,1,False,1.0,0.0,0.0,0.0,5.0,0.0,5.0,7.616666666666666,0.0
0604919ff2aebe087b97959084f1fffe2fd89b7e92f8997d6249f5617f0ec041,2025-02-26,8,1,False,1.0,0.0,0.0,0.0,7.0,0.0,7.0,7.766666666666667,0.0
0b9c9b2a643d502fb0470c0e2d25bd40592ae24d88e27a9cca008632f6491e86,2025-02-26,9,1,False,1.0,0.0,0.0,0.0,8.0,2.0,8.0,9.333333333333334,0.15
0bc6fa557a874432991fb3bef6cc8fecfed275284ca1549c6f502f2f2f86388f,2025-02-26,8,1,False,1.0,0.0,0.0,0.0,7.0,0.0,7.0,8.15,0.0
12881006a16563a03436c3185999cce893916a7f93bd295d9e51c610390a5400,2025-02-26,11,1,False,1.0,0.0,0.0,0.0,10.0,0.0,10.0,7.733333333333333,0.0
13cc67e7ae2b0731f9c20a2adb450d0ab125f700d392f08a01f5019b4da3be89,2025-02-26,13,1,False,1.0,1.0,0.0,0.0,12.0,0.0,12.0,7.733333333333333,0.2
1481a18bb91c683c9f0e63a3c1ffe035a67c1ee64eae546985a4caedd691f154,2025-02-26,9,1,False,1.0,0.0,0.0,0.0,8.0,1.0,8.0,8.383333333333333,0.15
1481cde120f4ec5a6626478c9222dacd947d0d027e33aa5175c391d3f10b05fd,2025-02-26,7,1,False,1.0,0.0,0.0,0.0,6.0,0.0,6.0,6.283333333333333,0.0
18757c67dbbb1f193d93dfd2c81d93f261d3cc1ab2b6b4a27daddb2a42f0c1e2,2025-02-26,12,1,False,1.0,0.0,0.0,0.0,11.0,0.0,11.0,6.783333333333333,0.0
1e13a5c6539e75908d998e36f94f2baee29b17d341286f7a2af3163b528a2fcc,2025-02-26,7,1,False,1.0,0.0,0.0,0.0,6.0,0.0,6.0,5.933333333333334,0.0
1e813ac9d9c5fbfa50cba6f0032edaff8652f398c5508cc13faa4cc0af6fc3b9,2025-02-26,11,1,False,1.0,0.0,0.0,0.0,10.0,1.0,10.0,8.566666666666666,0.15
1fddb883469b0cd0365153a0ebff0dbefb2b5a252dbaf2b9795ad45003650dcf,2025-02-26,12,1,False,1.0,0.0,0.0,0.0,11.0,0.0,11.0,7.283333333333333,0.0
227b301943873690ead2973a5f7d43ef587dc58b46733368a3f16daf8db98925,2025-02-26,12,1,False,1.0,0.0,0.0,0.0,11.0,0.0,11.0,7.533333333333333,0.0
269b850943bbddfb37b8186af3d0cd154525f08057e450bdb93ab26f06b9758d,2025-02-26,10,1,False,1.0,0.0,0.0,0.0,9.0,0.0,9.0,6.916666666666667,0.0
27ef13206d1090bf126d0f8dd08b66cc346b18eb199192600e14cdc52d7c9a35,2025-02-26,6,1,False,1.0,0.0,0.0,0.0,5.0,0.0,5.0,5.7,0.0
2b4a1e95204243f32c7235a27dbeae5a0e9d42da4c762132ac84c0817875d614,2025-02-26,13,1,False,1.0,0.0,0.0,0.0,12.0,0.0,12.0,8.166666666666666,0.0
2fdc8fb359ca03d047fec4ad4d7f3b9cfc23ebf54bee30aec8f1a6431bfd0d6e,2025-02-26,8,1,False,1.0,0.0,0.0,0.0,7.0,0.0,7.0,7.566666666666666,0.0
32c184d9780b5545a856a0a366a71b86deb3a80c4dc92142aaf6bb3437c336b1,2025-02-26,12,1,False,1.0,0.0,0.0,0.0,11.0,0.0,11.0,6.116666666666666,0.0
34977907ef51b1295028838fb56ded6159cee0d58c3200a0276324aac366417c,2025-02-26,14,1,False,1.0,0.0,0.0,0.0,13.0,0.0,13.0,8.966666666666667,0.0
3634cd4e250467a39545675e2f7386734815df9c667903c8c83b43450723a792,2025-02-26,8,1,False,1.0,0.0,0.0,0.0,7.0,0.0,7.0,5.966666666666667,0.0
369a478c83b6f436dd9aade49d6289f250e18ec2a71b9552d7d9bb884bb2b586,2025-02-26,6,1,False,1.0,0.0,0.0,0.0,5.0,0.0,5.0,6.866666666666666,0.0
3c32c4971223e549c349880665fa1e81f054571faf44435a8071b4de6b20dffb,2025-02-26,13,1,False,1.0,0.0,0.0,0.0,12.0,0.0,12.0,8.9,0.0
3e05c7d4c2f91af414e809d408787184297b351d1907c225f6f1e75fbec1f3a3,2025-02-26,13,1,False,1.0,0.0,0.0,0.0,12.0,0.0,12.0,6.933333333333334,0.0
44e2b71da8273f1b00b9ec55361a1e542f6812bce0acd27214d62e7de86dd6d0,2025-02-26,15,1,False,1.0,0.0,0.0,0.0,14.0,0.0,14.0,8.183333333333334,0.0
4620b38a9a7c0abed1e91cfdc3926234d098446655b643be9342b610365aa1b6,2025-02-26,7,1,False,1.0,0.0,0.0,0.0,6.0,0.0,6.0,4.45,0.0
49b020eb7c127b73472cb4fc893577b87b48690b941ca1067751e5a6e3eab262,2025-02-26,16,1,False,1.0,0.0,0.0,0.0,15.0,0.0,15.0,7.633333333333334,0.0
4bef524b2f19749989b990b1af1747f137bfe1d7fbf78fa1358ddfc45b247cf1,2025-02-26,7,1,False,1.0,0.0,0.0,0.0,6.0,0.0,6.0,4.8,0.0
4ef80c0c47503cd20d3a8157080fb28f38e6524b33375c23d5fcd98a2f64545e,2025-02-26,13,1,False,1.0,0.0,0.0,0.0,12.0,0.0,12.0,6.9,0.0
5088fc658035905665368960c940882faf61610a4e1ce57a24c6ffc946f0f5a8,2025-02-26,16,1,False,1.0,1.0,0.0,0.0,15.0,1.0,15.0,7.133333333333334,0.35
5379232fec078f04af386b787ed0dc69b2a455a27e52e901c773a11d2d0bce7f,2025-02-26,9,1,False,1.0,0.0,0.0,0.0,8.0,0.0,8.0,5.333333333333333,0.0
53a03335d3716bf67d3ed781065280a46863f8d947c2492c4e33cce33f4446d2,2025-02-26,8,1,False,1.0,0.0,0.0,0.0,7.0,0.0,7.0,6.1,0.0
603fcd2b8449630833d1b6c7313a10e8a2176025a45ca54002988df4de8536dd,2025-02-26,9,1,False,1.0,0.0,0.0,0.0,8.0,0.0,8.0,5.616666666666666,0.0
61127469ce0c27e2d19e0e5ecece9227e60515e12a899bc8bbc29e1c8f68a78f,2025-02-26,12,1,False,1.0,0.0,0.0,0.0,11.0,0.0,11.0,6.666666666666667,0.0
62009223daa0ff462d9b377b2b31f5c85b4e95caf611f5339cbb2b5e1dc9cab5,2025-02-26,15,1,False,1.0,0.0,0.0,0.0,14.0,0.0,14.0,6.95,0.0
620ea76a7f314a9faecfaadf110510d2abcf73e79e56e93b476e80794b9e251f,2025-02-26,8,1,False,1.0,0.0,0.0,0.0,7.0,0.0,7.0,6.616666666666666,0.0
685e9623979d1c18a11af39701aaf24188e1a40aee4c205c4d3220d26708793d,2025-02-26,9,1,False,1.0,0.0,0.0,0.0,8.0,0.0,8.0,8.266666666666667,0.0
69295bad69cbd357f13dc891b598791ab746ad0ed9cea2f9da57019f70c847b6,2025-02-26,12,1,False,1.0,0.0,0.0,0.0,11.0,0.0,11.0,7.133333333333334,0.0
6ac76fd52b6451030fdaa8cce0d1126104c034aa0d6cff3c078311dce03e36e5,2025-02-26,16,1,False,1.0,0.0,0.0,0.0,15.0,1.0,15.0,9.033333333333333,0.15
6e0553bc94f1b3457a68943cdeb271536fa0ca87652900b8c47b6b4e2eabc4b7,2025-02-26,12,1,False,1.0,0.0,0.0,0.0,11.0,0.0,11.0,5.416666666666667,0.0
71c200742f059a8380e2f3dd53ca613e2cdd705c24898e5957d46fefeff67336,2025-02-26,15,1,False,1.0,0.0,0.0,0.0,14.0,0.0,14.0,6.883333333333334,0.0
768115c2eaa5bf872b6f73af67403e31127811d5dfdaa65f5998e7f57a6be1ca,2025-02-26,16,1,False,1.0,0.0,0.0,0.0,15.0,0.0,15.0,6.916666666666667,0.0
77a935bf01e27db1c86c62c6082710b6fe7046028279183cc90fc11b5a21dd3c,2025-02-26,8,1,False,1.0,0.0,0.0,0.0,7.0,0.0,7.0,6.616666666666666,0.0
7b291901ed6fc90c51c56024b33122026451c19dfa4736a37621d21afa86ab5a,2025-02-26,11,1,False,1.0,0.0,0.0,0.0,10.0,0.0,10.0,7.983333333333333,0.0
7d64092a6e7dfd07913942876a0c314955bce8dc9fcabd12166bcf1ad5666185,2025-02-26,11,1,False,1.0,0.0,0.0,0.0,10.0,0.0,10.0,7.166666666666667,0.0
7faca1558937aea9797473b24d153f084fc8bc52e7e16da8f8bf4c48b587b358,2025-02-26,10,1,False,1.0,0.0,0.0,0.0,9.0,0.0,9.0,5.116666666666666,0.0
806e62fd6dd962469b9425c2f7b2550582df8623e5c711ade163292a626414aa,2025-02-26,16,1,False,1.0,0.0,0.0,0.0,15.0,0.0,15.0,7.5,0.0
85bf8422bdd496aa90249b85acbd42b16a6a0ed3121a586f0bcc607d16d09d80,2025-02-26,10,1,False,1.0,0.0,0.0,0.0,9.0,0.0,9.0,5.566666666666666,0.0
88b53efa4c89ad7a3d90cf3c01046d714f1adff9827d0eb5754b4ef76c64f039,2025-02-26,8,1,False,1.0,0.0,0.0,0.0,7.0,0.0,7.0,6.133333333333334,0.0
8eb9feaf80cb3b47e639148a128ff9ae2b814462106966998a7656825b71fa7d,2025-02-26,16,1,False,1.0,0.0,0.0,0.0,15.0,0.0,15.0,8.266666666666667,0.0
924ed1bb3874124ad2e307aa33a7e5791cc81dd30c0c079d54cfc1ea14ee310a,2025-02-26,9,1,False,1.0,0.0,0.0,0.0,8.0,0.0,8.0,6.5,0.0
939b9328b580200251e640b1f2170850525f4fefe336c98f053407a0725f9849,2025-02-26,8,1,False,1.0,0.0,0.0,0.0,7.0,0.0,7.0,7.8,0.0
9a31e4091d5c4c7fb8b9377b091ea9caa9cf26c36e62547a85992d9e109b1b9c,2025-02-26,13,1,False,1.0,0.0,0.0,0.0,12.0,0.0,12.0,6.883333333333334,0.0
9e007677846640b2acc599b1d1d498a20ff8260eeda2d49338e3b6ed111045a9,2025-02-26,15,1,False,1.0,0.0,0.0,0.0,14.0,0.0,14.0,7.116666666666666,0.0
9e7a5e914136e41ca82c366fd529e02d961e7ed1a6019ff724f06dbe447fbb88,2025-02-26,12,1,False,1.0,0.0,0.0,0.0,11.0,0.0,11.0,7.3,0.0
a8848b387af6359642c71478f693e4643381802ccc97f2b0c353264d7729405c,2025-02-26,14,1,False,1.0,0.0,0.0,0.0,13.0,0.0,13.0,8.383333333333333,0.0
b55080c0db11860ea934ecf297a13cf247817b3e34562a5897c18ff2cfa07f07,2025-02-26,12,1,False,1.0,0.0,0.0,0.0,11.0,0.0,11.0,9.2,0.0
b66c51931f321cca81cc9195f90b3174ae82ebb56c74459770f7800e347ca3b0,2025-02-26,7,1,False,1.0,0.0,0.0,0.0,6.0,0.0,6.0,8.55,0.0
b8e6c17d68aafa670b598b1cf0c0bd73a2937d6abb11055fded76b5e53231165,2025-02-26,14,1,False,1.0,0.0,0.0,0.0,13.0,0.0,13.0,7.183333333333334,0.0
bc60389887dd911a09f472d0f840e5a268d310cd13f422bfc6f811eb916ec82f,2025-02-26,12,1,False,1.0,0.0,0.0,0.0,11.0,0.0,11.0,5.666666666666667,0.0
c2fa44374f0aab02cb57c9ed348bb43c1fd456bfdf5b296c4f72174a002cd27f,2025-02-26,6,1,False,1.0,0.0,0.0,0.0,5.0,0.0,5.0,8.966666666666667,0.0
c5a8e30eed6744da0b641f474ebb407a75bc6fd07bd6e3c7aeb522c884dd456b,2025-02-26,8,1,False,1.0,0.0,0.0,0.0,7.0,0.0,7.0,6.766666666666667,0.0
c734a9d4fd20facb7d4e2f69c7a7be0a0263956653fc71b8d25ad3ed7a1ba446,2025-02-26,6,1,False,1.0,0.0,0.0,0.0,5.0,0.0,5.0,8.3,0.0
cb50b7517e0741a49adb67908546647f1da3398d8c72f00f00e9ba111909654b,2025-02-26,14,1,False,1.0,0.0,0.0,0.0,13.0,0.0,13.0,8.15,0.0
cc4113bc0f389ec5987bdc5cae8e94c8c01f0c5e127a5fc2b0ef752d7226c0ca,2025-02-26,10,1,False,1.0,0.0,0.0,0.0,9.0,0.0,9.0,8.783333333333333,0.0
cca321773f148695c0ffc5ed365db650aadc5ecdd13b4ddb3e6b57f38bf5a719,2025-02-26,11,1,False,1.0,0.0,0.0,0.0,10.0,0.0,10.0,6.5,0.0
d111a1427a39ed7f2d2483db714c5e0d79823bc9ecc62a126e1d144d374d286a,2025-02-26,12,1,False,1.0,0.0,0.0,0.0,11.0,0.0,11.0,7.333333333333333,0.0
dab294f3951611f65a9b1e6408fbad19981d1b65b76c28c3408dac6a6b93bbc8,2025-02-26,13,1,False,1.0,0.0,0.0,0.0,12.0,0.0,12.0,6.433333333333334,0.0
ddee12fc509b00889675d637518a8f7dfe216a200b6ad812c397b77d8bccb88b,2025-02-26,11,1,False,1.0,0.0,0.0,0.0,10.0,0.0,10.0,7.083333333333333,0.0
e001292c71d84c28529aed04ab0af1efa767893752908a7b7645f33d09aab74b,2025-02-26,10,1,False,1.0,0.0,0.0,0.0,9.0,0.0,9.0,5.4,0.0
e1a146fdbba0f457a2ea0a102e2c24872edc75865f95a9b842fcefa68e455266,2025-02-26,14,1,False,1.0,0.0,0.0,0.0,13.0,0.0,13.0,5.1,0.0
e498ed2d854e821dd717169a7b55e586bb647b3bd1ef51990cbd4e847791cc49,2025-02-26,6,1,False,1.0,0.0,0.0,0.0,5.0,0.0,5.0,6.8,0.0
e72c6ef5ea8445fc95b1c3ca1c82368b6c9adc8a29368110f51d81735f76f11c,2025-02-26,12,1,False,1.0,0.0,0.0,0.0,11.0,0.0,11.0,7.483333333333333,0.0
ea171ad8a99227777c2e7c1664c91caf9c08e47d4ba5c09165812a6d9633998c,2025-02-26,16,1,False,1.0,0.0,0.0,0.0,15.0,0.0,15.0,6.5,0.0
eac146261339b15b8a1e873ed372802ae1c5198377cc8e0f4a23d21bcead9c02,2025-02-26,9,1,False,1.0,0.0,0.0,0.0,8.0,0.0,8.0,6.65,0.0
ec8eef52024b6815e3113797e206a360a9c324efc2f400801d5eb1179b75a43d,2025-02-26,6,1,False,1.0,0.0,0.0,0.0,5.0,0.0,5.0,5.2,0.0
eecce08639c689fc3170d254f909a8dedd091d778d0ae7aa829c656b8d085cdd,2025-02-26,8,1,False,1.0,0.0,0.0,0.0,7.0,0.0,7.0,6.15,0.0
f02fff917d5e1f556f7ca2d8e8ddde98179be018c2669a269bf40d4f64b627f7,2025-02-26,15,1,False,1.0,0.0,0.0,0.0,14.0,0.0,14.0,8.833333333333334,0.0
f17b0eabd2530f1710fc19c34c4d29cc782a669753833ca0d88f524467cdf67f,2025-02-26,14,1,False,1.0,0.0,0.0,0.0,13.0,0.0,13.0,7.233333333333333,0.0
f26a64875adce083be80130e941dbfa6e94f2202ff0c463336c1300ecc5217f6,2025-02-26,13,1,False,1.0,0.0,0.0,0.0,12.0,0.0,12.0,8.133333333333333,0.0
f441fbdfbb3a65b7660b581790ec8633cd5e9a2bc3450e46f6f6d948e0ebd96b,2025-02-26,11,1,False,1.0,0.0,0.0,0.0,10.0,0.0,10.0,7.483333333333333,0.0
012fb52705cf3c18e19ff7f562c781dcd1736f3e5615ace007e35dee4740f412,2025-02-27,7,1,False,1.0,0.0,0.0,0.0,6.0,0.0,6.0,7.05,0.0
0604919ff2aebe087b97959084f1fffe2fd89b7e92f8997d6249f5617f0ec041,2025-02-27,16,1,False,1.0,0.0,0.0,0.0,15.0,3.0,15.0,8.933333333333334,0.15
0b9c9b2a643d502fb0470c0e2d25bd40592ae24d88e27a9cca008632f6491e86,2025-02-27,16,1,False,1.0,0.0,0.0,0.0,15.0,1.0,15.0,8.433333333333334,0.15
0bc6fa557a874432991fb3bef6cc8fecfed275284ca1549c6f502f2f2f86388f,2025-02-27,13,1,False,1.0,0.0,0.0,0.0,12.0,0.0,12.0,5.133333333333334,0.0
12881006a16563a03436c3185999cce893916a7f93bd295d9e51c610390a5400,2025-02-27,12,1,False,1.0,0.0,0.0,0.0,11.0,0.0,11.0,5.716666666666667,0.0
13cc67e7ae2b0731f9c20a2adb450d0ab125f700d392f08a01f5019b4da3be89,2025-02-27,6,1,False,1.0,0.0,0.0,0.0,5.0,0.0,5.0,5.433333333333334,0.0
1481a18bb91c683c9f0e63a3c1ffe035a67c1ee64eae546985a4caedd691f154,2025-02-27,7,1,False,1.0,0.0,0.0,0.0,6.0,0.0,6.0,6.8,0.0
1481cde120f4ec5a6626478c9222dacd947d0d027e33aa5175c391d3f10b05fd,2025-02-27,7,1,False,1.0,0.0,0.0,0.0,6.0,0.0,6.0,5.5,0.0
18757c67dbbb1f193d93dfd2c81d93f261d3cc1ab2b6b4a27daddb2a42f0c1e2,2025-02-27,13,1,False,1.0,0.0,0.0,0.0,12.0,0.0,12.0,7.6,0.0
1e13a5c6539e75908d998e36f94f2baee29b17d341286f7a2af3163b528a2fcc,2025-02-27,15,1,False,1.0,0.0,0.0,0.0,14.0,0.0,14.0,7.75,0.0
1e813ac9d9c5fbfa50cba6f0032edaff8652f398c5508cc13faa4cc0af6fc3b9,2025-02-27,15,1,False,1.0,0.0,0.0,0.0,14.0,0.0,14.0,8.1,0.0
1fddb883469b0cd0365153a0ebff0dbefb2b5a252dbaf2b9795ad45003650dcf,2025-02-27,12,1,False,1.0,0.0,0.0,0.0,11.0,0.0,11.0,7.3,0.0
227b301943873690ead2973a5f7d43ef587dc58b46733368a3f16daf8db98925,2025-02-27,14,1,False,1.0,0.0,0.0,0.0,13.0,1.0,13.0,9.216666666666667,0.15
269b850943bbddfb37b8186af3d0cd154525f08057e450bdb93ab26f06b9758d,2025-02-27,8,1,False,1.0,0.0,0.0,0.0,7.0,1.0,7.0,9.683333333333334,0.15
27ef13206d1090bf126d0f8dd08b66cc346b18eb199192600e14cdc52d7c9a35,2025-02-27,10,1,False,1.0,0.0,0.0,0.0,9.0,0.0,9.0,7.983333333333333,0.0
2b4a1e95204243f32c7235a27dbeae5a0e9d42da4c762132ac84c0817875d614,2025-02-27,13,1,False,1.0,0.0,0.0,0.0,12.0,0.0,12.0,5.383333333333334,0.0
2fdc8fb359ca03d047fec4ad4d7f3b9cfc23ebf54bee30aec8f1a6431bfd0d6e,2025-02-27,10,1,False,1.0,0.0,0.0,0.0,9.0,0.0,9.0,4.65,0.0
32c184d9780b5545a856a0a366a71b86deb3a80c4dc92142aaf6bb3437c336b1,2025-02-27,6,1,False,1.0,0.0,0.0,0.0,5.0,0.0,5.0,2.783333333333333,0.0
34977907ef51b1295028838fb56ded6159cee0d58c3200a0276324aac366417c,2025-02-27,14,1,False,1.0,0.0,0.0,0.0,13.0,0.0,13.0,7.65,0.0
3634cd4e250467a39545675e2f7386734815df9c667903c8c83b43450723a792,2025-02-27,7,1,False,1.0,1.0,0.0,0.0,6.0,0.0,6.0,5.616666666666666,0.2
369a478c83b6f436dd9aade49d6289f250e18ec2a71b9552d7d9bb884bb2b586,2025-02-27,13,1,False,1.0,0.0,0.0,0.0,12.0,0.0,12.0,8.1,0.0
3c32c4971223e549c349880665fa1e81f054571faf44435a8071b4de6b20dffb,2025-02-27,15,1,False,1.0,0.0,0.0,0.0,14.0,0.0,14.0,7.466666666666667,0.0
3e05c7d4c2f91af414e809d408787184297b351d1907c225f6f1e75fbec1f3a3,2025-02-27,7,1,False,1.0,0.0,0.0,0.0,6.0,1.0,6.0,8.466666666666667,0.15
44e2b71da8273f1b00b9ec55361a1e542f6812bce0acd27214d62e7de86dd6d0,2025-02-27,11,1,False,1.0,0.0,0.0,0.0,10.0,0.0,10.0,6.5,0.0
4620b38a9a7c0abed1e91cfdc3926234d098446655b643be9342b610365aa1b6,2025-02-27,11,1,False,1.0,0.0,0.0,0.0,10.0,0.0,10.0,7.066666666666666,0.0
49b020eb7c127b73472cb4fc893577b87b48690b941ca1067751e5a6e3eab262,2025-02-27,15,1,False,1.0,0.0,0.0,0.0,14.0,0.0,14.0,6.916666666666667,0.0
4bef524b2f19749989b990b1af1747f137bfe1d7fbf78fa1358ddfc45b247cf1,2025-02-27,9,1,False,1.0,0.0,0.0,0.0,8.0,0.0,8.0,7.65,0.0
4ef80c0c47503cd20d3a8157080fb28f38e6524b33375c23d5fcd98a2f64545e,2025-02-27,14,1,False,1.0,0.0,0.0,0.0,13.0,0.0,13.0,5.1,0.0
5088fc658035905665368960c940882faf61610a4e1ce57a24c6ffc946f0f5a8,2025-02-27,13,1,False,1.0,0.0,0.0,0.0,12.0,0.0,12.0,6.65,0.0
5379232fec078f04af386b787ed0dc69b2a455a27e52e901c773a11d2d0bce7f,2025-02-27,15,1,False,1.0,0.0,0.0,0.0,14.0,0.0,14.0,8.116666666666667,0.0
53a03335d3716bf67d3ed781065280a46863f8d947c2492c4e33cce33f4446d2,2025-02-27,16,1,False,1.0,0.0,0.0,0.0,15.0,0.0,15.0,6.55,0.0
603fcd2b8449630833d1b6c7313a10e8a2176025a45ca54002988df4de8536dd,2025-02-27,10,1,False,1.0,0.0,0.0,0.0,9.0,0.0,9.0,7.133333333333334,0.0
61127469ce0c27e2d19e0e5ecece9227e60515e12a899bc8bbc29e1c8f68a78f,2025-02-27,15,1,False,1.0,0.0,0.0,0.0,14.0,0.0,14.0,7.35,0.0
62009223daa0ff462d9b377b2b31f5c85b4e95caf611f5339cbb2b5e1dc9cab5,2025-02-27,16,1,False,1.0,0.0,0.0,0.0,15.0,1.0,15.0,9.65,0.15
620ea76a7f314a9faecfaadf110510d2abcf73e79e56e93b476e80794b9e251f,2025-02-27,6,1,False,1.0,0.0,0.0,0.0,5.0,0.0,5.0,7.2,0.0
685e9623979d1c18a11af39701aaf24188e1a40aee4c205c4d3220d26708793d,2025-02-27,9,1,False,1.0,0.0,0.0,0.0,8.0,0.0,8.0,6.15,0.0
69295bad69cbd357f13dc891b598791ab746ad0ed9cea2f9da57019f70c847b6,2025-02-27,10,1,False,1.0,0.0,0.0,0.0,9.0,0.0,9.0,7.033333333333333,0.0
6ac76fd52b6451030fdaa8cce0d1126104c034aa0d6cff3c078311dce03e36e5,2025-02-27,11,1,False,1.0,0.0,0.0,0.0,10.0,0.0,10.0,7.5,0.0
6e0553bc94f1b3457a68943cdeb271536fa0ca87652900b8c47b6b4e2eabc4b7,2025-02-27,14,1,False,1.0,0.0,0.0,0.0,13.0,0.0,13.0,7.1,0.0
71c200742f059a8380e2f3dd53ca613e2cdd705c24898e5957d46fefeff67336,2025-02-27,6,1,False,1.0,0.0,0.0,0.0,5.0,0.0,5.0,6.483333333333333,0.0
768115c2eaa5bf872b6f73af67403e31127811d5dfdaa65f5998e7f57a6be1ca,2025-02-27,15,1,False,1.0,0.0,0.0,0.0,14.0,0.0,14.0,7.75,0.0
77a935bf01e27db1c86c62c6082710b6fe7046028279183cc90fc11b5a21dd3c,2025-02-27,8,1,False,1.0,0.0,0.0,0.0,7.0,0.0,7.0,5.8,0.0
7b291901ed6fc90c51c56024b33122026451c19dfa4736a37621d21afa86ab5a,2025-02-27,16,1,False,1.0,0.0,0.0,0.0,15.0,0.0,15.0,7.266666666666667,0.0
7d64092a6e7dfd07913942876a0c314955bce8dc9fcabd12166bcf1ad5666185,2025-02-27,16,1,False,1.0,0.0,0.0,0.0,15.0,0.0,15.0,7.833333333333333,0.0
7faca1558937aea9797473b24d153f084fc8bc52e7e16da8f8bf4c48b587b358,2025-02-27,13,1,False,1.0,0.0,0.0,0.0,12.0,0.0,12.0,7.316666666666666,0.0
806e62fd6dd962469b9425c2f7b2550582df8623e5c711ade163292a626414aa,2025-02-27,14,1,False,1.0,0.0,0.0,0.0,13.0,0.0,13.0,6.466666666666667,0.0
85bf8422bdd496aa90249b85acbd42b16a6a0ed3121a586f0bcc607d16d09d80,2025-02-27,14,1,False,1.0,0.0,0.0,0.0,13.0,0.0,13.0,7.866666666666666,0.0
88b53efa4c89ad7a3d90cf3c01046d714f1adff9827d0eb5754b4ef76c64f039,2025-02-27,6,1,False,1.0,0.0,0.0,0.0,5.0,0.0,5.0,6.25,0.0
8eb9feaf80cb3b47e639148a128ff9ae2b814462106966998a7656825b71fa7d,2025-02-27,9,1,False,1.0,0.0,0.0,0.0,8.0,0.0,8.0,7.916666666666667,0.0
924ed1bb3874124ad2e307aa33a7e5791cc81dd30c0c079d54cfc1ea14ee310a,2025-02-27,6,1,False,1.0,0.0,0.0,0.0,5.0,0.0,5.0,6.733333333333333,0.0
939b9328b580200251e640b1f2170850525f4fefe336c98f053407a0725f9849,2025-02-27,11,1,False,1.0,0.0,0.0,0.0,10.0,0.0,10.0,9.316666666666666,0.0
9a31e4091d5c4c7fb8b9377b091ea9caa9cf26c36e62547a85992d9e109b1b9c,2025-02-27,8,1,False,1.0,0.0,0.0,0.0,7.0,0.0,7.0,5.816666666666666,0.0
9e007677846640b2acc599b1d1d498a20ff8260eeda2d49338e3b6ed111045a9,2025-02-27,16,1,False,1.0,0.0,0.0,0.0,15.0,0.0,15.0,8.05,0.0
9e7a5e914136e41ca82c366fd529e02d961e7ed1a6019ff724f06dbe447fbb88,2025-02-27,7,1,False,1.0,0.0,0.0,0.0,6.0,0.0,6.0,8.4,0.0
a8848b387af6359642c71478f693e4643381802ccc97f2b0c353264d7729405c,2025-02-27,14,1,False,1.0,0.0,0.0,0.0,13.0,1.0,13.0,9.183333333333334,0.15
b55080c0db11860ea934ecf297a13cf247817b3e34562a5897c18ff2cfa07f07,2025-02-27,9,1,False,1.0,0.0,0.0,0.0,8.0,0.0,8.0,6.166666666666667,0.0
b66c51931f321cca81cc9195f90b3174ae82ebb56c74459770f7800e347ca3b0,2025-02-27,9,1,False,1.0,0.0,0.0,0.0,8.0,0.0,8.0,5.016666666666667,0.0
b8e6c17d68aafa670b598b1cf0c0bd73a2937d6abb11055fded76b5e53231165,2025-02-27,6,1,False,1.0,0.0,0.0,0.0,5.0,0.0,5.0,6.85,0.0
bc60389887dd911a09f472d0f840e5a268d310cd13f422bfc6f811eb916ec82f,2025-02-27,13,1,False,1.0,0.0,0.0,0.0,12.0,0.0,12.0,7.9,0.0
c2fa44374f0aab02cb57c9ed348bb43c1fd456bfdf5b296c4f72174a002cd27f,2025-02-27,13,1,False,1.0,0.0,0.0,0.0,12.0,5.0,12.0,14.033333333333333,0.15
c5a8e30eed6744da0b641f474ebb407a75bc6fd07bd6e3c7aeb522c884dd456b,2025-02-27,11,1,False,1.0,0.0,0.0,0.0,10.0,0.0,10.0,6.4,0.0
c734a9d4fd20facb7d4e2f69c7a7be0a0263956653fc71b8d25ad3ed7a1ba446,2025-02-27,8,1,False,1.0,0.0,0.0,0.0,7.0,0.0,7.0,5.983333333333333,0.0
cb50b7517e0741a49adb67908546647f1da3398d8c72f00f00e9ba111909654b,2025-02-27,11,1,False,1.0,0.0,0.0,0.0,10.0,0.0,10.0,7.416666666666667,0.0
cc4113bc0f389ec5987bdc5cae8e94c8c01f0c5e127a5fc2b0ef752d7226c0ca,2025-02-27,7,1,False,1.0,0.0,0.0,0.0,6.0,0.0,6.0,5.55,0.0
cca321773f148695c0ffc5ed365db650aadc5ecdd13b4ddb3e6b57f38bf5a719,2025-02-27,12,1,False,1.0,0.0,0.0,0.0,11.0,0.0,11.0,7.133333333333334,0.0
d111a1427a39ed7f2d2483db714c5e0d79823bc9ecc62a126e1d144d374d286a,2025-02-27,8,1,False,1.0,0.0,0.0,0.0,7.0,0.0,7.0,8.466666666666667,0.0
dab294f3951611f65a9b1e6408fbad19981d1b65b76c28c3408dac6a6b93bbc8,2025-02-27,10,1,False,1.0,0.0,0.0,0.0,9.0,0.0,9.0,7.65,0.0
ddee12fc509b00889675d637518a8f7dfe216a200b6ad812c397b77d8bccb88b,2025-02-27,16,1,False,1.0,0.0,0.0,0.0,15.0,1.0,15.0,8.45,0.15
e001292c71d84c28529aed04ab0af1efa767893752908a7b7645f33d09aab74b,2025-02-27,10,1,False,1.0,0.0,0.0,0.0,9.0,0.0,9.0,5.983333333333333,0.0
e1a146fdbba0f457a2ea0a102e2c24872edc75865f95a9b842fcefa68e455266,2025-02-27,15,1,False,1.0,0.0,0.0,0.0,14.0,0.0,14.0,6.65,0.0
e498ed2d854e821dd717169a7b55e586bb647b3bd1ef51990cbd4e847791cc49,2025-02-27,15,1,False,1.0,0.0,0.0,0.0,14.0,0.0,14.0,5.133333333333334,0.0
e72c6ef5ea8445fc95b1c3ca1c82368b6c9adc8a29368110f51d81735f76f11c,2025-02-27,16,1,False,1.0,0.0,0.0,0.0,15.0,0.0,15.0,7.616666666666666,0.0
ea171ad8a99227777c2e7c1664c91caf9c08e47d4ba5c09165812a6d9633998c,2025-02-27,8,1,False,1.0,0.0,0.0,0.0,7.0,0.0,7.0,7.233333333333333,0.0
eac146261339b15b8a1e873ed372802ae1c5198377cc8e0f4a23d21bcead9c02,2025-02-27,12,1,False,1.0,1.0,0.0,0.0,11.0,0.0,11.0,7.483333333333333,0.2
ec8eef52024b6815e3113797e206a360a9c324efc2f400801d5eb1179b75a43d,2025-02-27,7,1,False,1.0,0.0,0.0,0.0,6.0,0.0,6.0,4.35,0.0
eecce08639c689fc3170d254f909a8dedd091d778d0ae7aa829c656b8d085cdd,2025-02-27,16,1,False,1.0,0.0,0.0,0.0,15.0,0.0,15.0,6.833333333333333,0.0
f02fff917d5e1f556f7ca2d8e8ddde98179be018c2669a269bf40d4f64b627f7,2025-02-27,16,1,False,1.0,0.0,0.0,0.0,15.0,0.0,15.0,8.166666666666666,0.0
f17b0eabd2530f1710fc19c34c4d29cc782a669753833ca0d88f524467cdf67f,2025-02-27,7,1,False,1.0,0.0,0.0,0.0,6.0,0.0,6.0,7.6,0.0
f26a64875adce083be80130e941dbfa6e94f2202ff0c463336c1300ecc5217f6,2025-02-27,12,1,False,1.0,0.0,0.0,0.0,11.0,0.0,11.0,7.866666666666666,0.0
f441fbdfbb3a65b7660b581790ec8633cd5e9a2bc3450e46f6f6d948e0ebd96b,2025-02-27,14,1,False,1.0,0.0,0.0,0.0,13.0,0.0,13.0,8.816666666666666,0.0
012fb52705cf3c18e19ff7f562c781dcd1736f3e5615ace007e35dee4740f412,2025-02-28,8,1,False,1.0,0.0,0.0,0.0,7.0,0.0,7.0,7.85,0.0
0604919ff2aebe087b97959084f1fffe2fd89b7e92f8997d6249f5617f0ec041,2025-02-28,7,1,False,1.0,0.0,0.0,0.0,6.0,0.0,6.0,6.233333333333333,0.0
0b9c9b2a643d502fb0470c0e2d25bd40592ae24d88e27a9cca008632f6491e86,2025-02-28,9,1,False,1.0,0.0,0.0,0.0,8.0,0.0,8.0,6.05,0.0
0bc6fa557a874432991fb3bef6cc8fecfed275284ca1549c6f502f2f2f86388f,2025-02-28,16,1,False,1.0,0.0,0.0,0.0,15.0,2.0,15.0,8.116666666666667,0.15
12881006a16563a03436c3185999cce893916a7f93bd295d9e51c610390a5400,2025-02-28,8,1,False,1.0,0.0,0.0,0.0,7.0,0.0,7.0,6.983333333333333,0.0
13cc67e7ae2b0731f9c20a2adb450d0ab125f700d392f08a01f5019b4da3be89,2025-02-28,13,1,False,1.0,0.0,0.0,0.0,12.0,0.0,12.0,6.1,0.0
1481a18bb91c683c9f0e63a3c1ffe035a67c1ee64eae546985a4caedd691f154,2025-02-28,9,1,False,1.0,0.0,0.0,0.0,8.0,0.0,8.0,8.883333333333333,0.0
1481cde120f4ec5a6626478c9222dacd947d0d027e33aa5175c391d3f10b05fd,2025-02-28,10,1,False,1.0,0.0,0.0,0.0,9.0,0.0,9.0,6.033333333333333,0.0
18757c67dbbb1f193d93dfd2c81d93f261d3cc1ab2b6b4a27daddb2a42f0c1e2,2025-02-28,10,1,False,1.0,0.0,0.0,0.0,9.0,0.0,9.0,5.3,0.0
1e13a5c6539e75908d998e36f94f2baee29b17d341286f7a2af3163b528a2fcc,2025-02-28,12,1,False,1.0,0.0,0.0,0.0,11.0,0.0,11.0,7.05,0.0
1e813ac9d9c5fbfa50cba6f0032edaff8652f398c5508cc13faa4cc0af6fc3b9,2025-02-28,12,1,False,1.0,0.0,0.0,0.0,11.0,0.0,11.0,5.816666666666666,0.0
1fddb883469b0cd0365153a0ebff0dbefb2b5a252dbaf2b9795ad45003650dcf,2025-02-28,3,1,False,1.0,1.0,0.0,0.0,2.0,2.0,2.0,0.45,0.35
227b301943873690ead2973a5f7d43ef587dc58b46733368a3f16daf8db98925,2025-02-28,9,1,False,1.0,0.0,0.0,0.0,8.0,0.0,8.0,9.3,0.0
269b850943bbddfb37b8186af3d0cd154525f08057e450bdb93ab26f06b9758d,2025-02-28,13,1,False,1.0,0.0,0.0,0.0,12.0,0.0,12.0,7.966666666666667,0.0
27ef13206d1090bf126d0f8dd08b66cc346b18eb199192600e14cdc52d7c9a35,2025-02-28,8,1,False,1.0,0.0,0.0,0.0,7.0,0.0,7.0,6.616666666666666,0.0
2b4a1e95204243f32c7235a27dbeae5a0e9d42da4c762132ac84c0817875d614,2025-02-28,6,1,False,1.0,0.0,0.0,0.0,5.0,0.0,5.0,6.033333333333333,0.0
2fdc8fb359ca03d047fec4ad4d7f3b9cfc23ebf54bee30aec8f1a6431bfd0d6e,2025-02-28,14,1,False,1.0,0.0,0.0,0.0,13.0,0.0,13.0,6.366666666666666,0.0
32c184d9780b5545a856a0a366a71b86deb3a80c4dc92142aaf6bb3437c336b1,2025-02-28,15,1,False,1.0,0.0,0.0,0.0,14.0,1.0,14.0,8.966666666666667,0.15
34977907ef51b1295028838fb56ded6159cee0d58c3200a0276324aac366417c,2025-02-28,11,1,False,1.0,0.0,0.0,0.0,10.0,0.0,10.0,6.55,0.0
3634cd4e250467a39545675e2f7386734815df9c667903c8c83b43450723a792,2025-02-28,10,1,False,1.0,0.0,2.0,0.0,7.0,0.0,7.0,7.283333333333333,0.15
369a478c83b6f436dd9aade49d6289f250e18ec2a71b9552d7d9bb884bb2b586,2025-02-28,8,1,False,1.0,0.0,0.0,0.0,7.0,0.0,7.0,8.55,0.0
3c32c4971223e549c349880665fa1e81f054571faf44435a8071b4de6b20dffb,2025-02-28,15,1,False,1.0,0.0,0.0,0.0,14.0,0.0,14.0,7.816666666666666,0.0
3e05c7d4c2f91af414e809d408787184297b351d1907c225f6f1e75fbec1f3a3,2025-02-28,8,1,False,1.0,0.0,0.0,0.0,7.0,0.0,7.0,6.833333333333333,0.0
44e2b71da8273f1b00b9ec55361a1e542f6812bce0acd27214d62e7de86dd6d0,2025-02-28,11,1,False,1.0,0.0,0.0,0.0,10.0,0.0,10.0,6.433333333333334,0.0
4620b38a9a7c0abed1e91cfdc3926234d098446655b643be9342b610365aa1b6,2025-02-28,12,1,False,1.0,0.0,0.0,0.0,11.0,0.0,11.0,6.9,0.0
49b020eb7c127b73472cb4fc893577b87b48690b941ca1067751e5a6e3eab262,2025-02-28,13,1,False,1.0,1.0,0.0,0.0,12.0,1.0,12.0,9.3,0.35
4bef524b2f19749989b990b1af1747f137bfe1d7fbf78fa1358ddfc45b247cf1,2025-02-28,14,1,False,1.0,0.0,0.0,0.0,13.0,0.0,13.0,9.233333333333333,0.0
4ef80c0c47503cd20d3a8157080fb28f38e6524b33375c23d5fcd98a2f64545e,2025-02-28,11,1,False,1.0,0.0,0.0,0.0,10.0,0.0,10.0,6.45,0.0
5088fc658035905665368960c940882faf61610a4e1ce57a24c6ffc946f0f5a8,2025-02-28,12,1,False,1.0,0.0,0.0,0.0,11.0,0.0,11.0,6.483333333333333,0.0
5379232fec078f04af386b787ed0dc69b2a455a27e52e901c773a11d2d0bce7f,2025-02-28,8,1,False,1.0,0.0,0.0,0.0,7.0,0.0,7.0,6.1,0.0
53a03335d3716bf67d3ed781065280a46863f8d947c2492c4e33cce33f4446d2,2025-02-28,10,1,False,1.0,0.0,0.0,0.0,9.0,0.0,9.0,5.466666666666667,0.0
603fcd2b8449630833d1b6c7313a10e8a2176025a45ca54002988df4de8536dd,2025-02-28,9,1,False,1.0,0.0,0.0,0.0,8.0,0.0,8.0,7.016666666666667,0.0
61127469ce0c27e2d19e0e5ecece9227e60515e12a899bc8bbc29e1c8f68a78f,2025-02-28,14,1,False,1.0,0.0,0.0,0.0,13.0,0.0,13.0,6.466666666666667,0.0
62009223daa0ff462d9b377b2b31f5c85b4e95caf611f5339cbb2b5e1dc9cab5,2025-02-28,8,1,False,1.0,1.0,0.0,0.0,7.0,0.0,7.0,4.933333333333334,0.2
620ea76a7f314a9faecfaadf110510d2abcf73e79e56e93b476e80794b9e251f,2025-02-28,6,1,False,1.0,0.0,0.0,0.0,5.0,0.0,5.0,6.783333333333333,0.0
685e9623979d1c18a11af39701aaf24188e1a40aee4c205c4d3220d26708793d,2025-02-28,9,1,False,1.0,0.0,0.0,0.0,8.0,0.0,8.0,8.25,0.0
69295bad69cbd357f13dc891b598791ab746ad0ed9cea2f9da57019f70c847b6,2025-02-28,6,1,False,1.0,0.0,0.0,0.0,5.0,0.0,5.0,7.383333333333334,0.0
6ac76fd52b6451030fdaa8cce0d1126104c034aa0d6cff3c078311dce03e36e5,2025-02-28,16,1,False,1.0,0.0,0.0,0.0,15.0,0.0,15.0,6.366666666666666,0.0
6e0553bc94f1b3457a68943cdeb271536fa0ca87652900b8c47b6b4e2eabc4b7,2025-02-28,10,1,False,1.0,0.0,0.0,0.0,9.0,1.0,9.0,9.75,0.15
71c200742f059a8380e2f3dd53ca613e2cdd705c24898e5957d46fefeff67336,2025-02-28,11,1,False,1.0,0.0,0.0,0.0,10.0,0.0,10.0,8.683333333333334,0.0
768115c2eaa5bf872b6f73af67403e31127811d5dfdaa65f5998e7f57a6be1ca,2025-02-28,10,1,False,1.0,0.0,0.0,0.0,9.0,1.0,9.0,11.583333333333334,0.15
77a935bf01e27db1c86c62c6082710b6fe7046028279183cc90fc11b5a21dd3c,2025-02-28,15,1,False,1.0,0.0,0.0,0.0,14.0,0.0,14.0,8.866666666666667,0.0
7b291901ed6fc90c51c56024b33122026451c19dfa4736a37621d21afa86ab5a,2025-02-28,11,1,False,1.0,0.0,0.0,0.0,10.0,0.0,10.0,5.183333333333334,0.0
7d64092a6e7dfd07913942876a0c314955bce8dc9fcabd12166bcf1ad5666185,2025-02-28,9,1,False,1.0,0.0,2.0,0.0,6.0,0.0,6.0,5.466666666666667,0.15
7faca1558937aea9797473b24d153f084fc8bc52e7e16da8f8bf4c48b587b358,2025-02-28,9,1,False,1.0,0.0,0.0,0.0,8.0,0.0,8.0,6.3,0.0
806e62fd6dd962469b9425c2f7b2550582df8623e5c711ade163292a626414aa,2025-02-28,15,1,False,1.0,0.0,0.0,0.0,14.0,0.0,14.0,7.6,0.0
85bf8422bdd496aa90249b85acbd42b16a6a0ed3121a586f0bcc607d16d09d80,2025-02-28,9,1,False,1.0,0.0,0.0,0.0,8.0,0.0,8.0,5.083333333333333,0.0
88b53efa4c89ad7a3d90cf3c01046d714f1adff9827d0eb5754b4ef76c64f039,2025-02-28,6,1,False,1.0,0.0,0.0,0.0,5.0,2.0,5.0,8.516666666666667,0.15
8eb9feaf80cb3b47e639148a128ff9ae2b814462106966998a7656825b71fa7d,2025-02-28,8,1,False,1.0,0.0,0.0,0.0,7.0,0.0,7.0,6.8,0.0
924ed1bb3874124ad2e307aa33a7e5791cc81dd30c0c079d54cfc1ea14ee310a,2025-02-28,13,1,False,1.0,0.0,0.0,0.0,12.0,0.0,12.0,8.35,0.0
939b9328b580200251e640b1f2170850525f4fefe336c98f053407a0725f9849,2025-02-28,9,1,False,1.0,0.0,0.0,0.0,8.0,0.0,8.0,5.9,0.0
9a31e4091d5c4c7fb8b9377b091ea9caa9cf26c36e62547a85992d9e109b1b9c,2025-02-28,7,1,False,1.0,0.0,0.0,0.0,6.0,0.0,6.0,6.133333333333334,0.0
9e007677846640b2acc599b1d1d498a20ff8260eeda2d49338e3b6ed111045a9,2025-02-28,13,1,False,1.0,0.0,0.0,0.0,12.0,0.0,12.0,7.233333333333333,0.0
9e7a5e914136e41ca82c366fd529e02d961e7ed1a6019ff724f06dbe447fbb88,2025-02-28,14,1,False,1.0,0.0,0.0,0.0,13.0,0.0,13.0,5.483333333333333,0.0
a8848b387af6359642c71478f693e4643381802ccc97f2b0c353264d7729405c,2025-02-28,11,1,False,1.0,0.0,0.0,0.0,10.0,0.0,10.0,4.483333333333333,0.0
b55080c0db11860ea934ecf297a13cf247817b3e34562a5897c18ff2cfa07f07,2025-02-28,14,1,False,1.0,0.0,0.0,0.0,13.0,0.0,13.0,7.983333333333333,0.0
b66c51931f321cca81cc9195f90b3174ae82ebb56c74459770f7800e347ca3b0,2025-02-28,16,1,False,1.0,0.0,0.0,0.0,15.0,0.0,15.0,7.1,0.0
b8e6c17d68aafa670b598b1cf0c0bd73a2937d6abb11055fded76b5e53231165,2025-02-28,9,1,False,1.0,0.0,0.0,0.0,8.0,0.0,8.0,8.083333333333334,0.0
bc60389887dd911a09f472d0f840e5a268d310cd13f422bfc6f811eb916ec82f,2025-02-28,13,1,False,1.0,0.0,0.0,0.0,12.0,0.0,12.0,8.6,0.0
c2fa44374f0aab02cb57c9ed348bb43c1fd456bfdf5b296c4f72174a002cd27f,2025-02-28,11,1,False,1.0,0.0,0.0,0.0,10.0,0.0,10.0,8.083333333333334,0.0
c5a8e30eed6744da0b641f474ebb407a75bc6fd07bd6e3c7aeb522c884dd456b,2025-02-28,15,1,False,1.0,0.0,0.0,0.0,14.0,0.0,14.0,6.783333333333333,0.0
c734a9d4fd20facb7d4e2f69c7a7be0a0263956653fc71b8d25ad3ed7a1ba446,2025-02-28,11,1,False,1.0,0.0,0.0,0.0,10.0,0.0,10.0,9.15,0.0
cb50b7517e0741a49adb67908546647f1da3398d8c72f00f00e9ba111909654b,2025-02-28,14,1,False,1.0,0.0,0.0,0.0,13.0,0.0,13.0,4.916666666666667,0.0
cc4113bc0f389ec5987bdc5cae8e94c8c01f0c5e127a5fc2b0ef752d7226c0ca,2025-02-28,8,1,False,1.0,0.0,0.0,0.0,7.0,0.0,7.0,6.583333333333333,0.0
cca321773f148695c0ffc5ed365db650aadc5ecdd13b4ddb3e6b57f38bf5a719,2025-02-28,10,1,False,1.0,0.0,0.0,0.0,9.0,0.0,9.0,7.433333333333334,0.0
d111a1427a39ed7f2d2483db714c5e0d79823bc9ecc62a126e1d144d374d286a,2025-02-28,13,1,False,1.0,0.0,0.0,0.0,12.0,0.0,12.0,8.1,0.0
dab294f3951611f65a9b1e6408fbad19981d1b65b76c28c3408dac6a6b93bbc8,2025-02-28,8,1,False,1.0,0.0,0.0,0.0,7.0,0.0,7.0,5.783333333333333,0.0
ddee12fc509b00889675d637518a8f7dfe216a200b6ad812c397b77d8bccb88b,2025-02-28,13,1,False,1.0,0.0,0.0,0.0,12.0,0.0,12.0,8.116666666666667,0.0
e001292c71d84c28529aed04ab0af1efa767893752908a7b7645f33d09aab74b,2025-02-28,7,1,False,1.0,1.0,0.0,0.0,6.0,0.0,6.0,6.0,0.2
e1a146fdbba0f457a2ea0a102e2c24872edc75865f95a9b842fcefa68e455266,2025-02-28,7,1,False,1.0,0.0,0.0,0.0,6.0,0.0,6.0,6.833333333333333,0.0
e498ed2d854e821dd717169a7b55e586bb647b3bd1ef51990cbd4e847791cc49,2025-02-28,8,1,False,1.0,0.0,0.0,0.0,7.0,0.0,7.0,6.983333333333333,0.0
e72c6ef5ea8445fc95b1c3ca1c82368b6c9adc8a29368110f51d81735f76f11c,2025-02-28,13,1,False,1.0,0.0,0.0,0.0,12.0,0.0,12.0,7.216666666666667,0.0
ea171ad8a99227777c2e7c1664c91caf9c08e47d4ba5c09165812a6d9633998c,2025-02-28,15,1,False,1.0,0.0,0.0,0.0,14.0,0.0,14.0,7.35,0.0
eac146261339b15b8a1e873ed372802ae1c5198377cc8e0f4a23d21bcead9c02,2025-02-28,10,1,False,1.0,0.0,0.0,0.0,9.0,0.0,9.0,7.666666666666667,0.0
ec8eef52024b6815e3113797e206a360a9c324efc2f400801d5eb1179b75a43d,2025-02-28,13,1,False,1.0,0.0,0.0,0.0,12.0,0.0,12.0,7.95,0.0
eecce08639c689fc3170d254f909a8dedd091d778d0ae7aa829c656b8d085cdd,2025-02-28,12,1,False,1.0,0.0,0.0,0.0,11.0,0.0,11.0,8.283333333333333,0.0
f02fff917d5e1f556f7ca2d8e8ddde98179be018c2669a269bf40d4f64b627f7,2025-02-28,13,1,False,1.0,0.0,0.0,0.0,12.0,0.0,12.0,6.183333333333334,0.0
f17b0eabd2530f1710fc19c34c4d29cc782a669753833ca0d88f524467cdf67f,2025-02-28,18,1,False,1.0,0.0,0.0,0.0,17.0,5.0,17.0,14.266666666666667,0.15
f26a64875adce083be80130e941dbfa6e94f2202ff0c463336c1300ecc5217f6,2025-02-28,14,1,False,1.0,0.0,0.0,0.0,13.0,0.0,13.0,6.85,0.0
f441fbdfbb3a65b7660b581790ec8633cd5e9a2bc3450e46f6f6d948e0ebd96b,2025-02-28,13,1,False,1.0,0.0,0.0,0.0,12.0,0.0,12.0,7.216666666666667,0.0
1fddb883469b0cd0365153a0ebff0dbefb2b5a252dbaf2b9795ad45003650dcf,2025-03-01,12,1,False,0.0,0.0,0.0,0.0,12.0,12.0,12.0,3.9,0.15
012fb52705cf3c18e19ff7f562c781dcd1736f3e5615ace007e35dee4740f412,2025-03-03,13,1,False,1.0,0.0,0.0,0.0,12.0,3.0,12.0,8.833333333333334,0.15
0604919ff2aebe087b97959084f1fffe2fd89b7e92f8997d6249f5617f0ec041,2025-03-03,8,1,False,1.0,0.0,0.0,0.0,7.0,0.0,7.0,6.2,0.0
0b9c9b2a643d502fb0470c0e2d25bd40592ae24d88e27a9cca008632f6491e86,2025-03-03,6,1,False,1.0,1.0,0.0,0.0,5.0,0.0,5.0,7.183333333333334,0.2
0bc6fa557a874432991fb3bef6cc8fecfed275284ca1549c6f502f2f2f86388f,2025-03-03,8,1,False,1.0,0.0,0.0,0.0,7.0,0.0,7.0,8.016666666666667,0.0
12881006a16563a03436c3185999cce893916a7f93bd295d9e51c610390a5400,2025-03-03,12,1,False,1.0,0.0,0.0,0.0,11.0,0.0,11.0,7.683333333333334,0.0
13cc67e7ae2b0731f9c20a2adb450d0ab125f700d392f08a01f5019b4da3be89,2025-03-03,6,1,False,1.0,0.0,0.0,0.0,5.0,0.0,5.0,5.85,0.0
1481a18bb91c683c9f0e63a3c1ffe035a67c1ee64eae546985a4caedd691f154,2025-03-03,16,1,False,1.0,0.0,0.0,0.0,15.0,0.0,15.0,5.333333333333333,0.0
1481cde120f4ec5a6626478c9222dacd947d0d027e33aa5175c391d3f10b05fd,2025-03-03,6,1,False,1.0,0.0,0.0,0.0,5.0,0.0,5.0,6.183333333333334,0.0
18757c67dbbb1f193d93dfd2c81d93f261d3cc1ab2b6b4a27daddb2a42f0c1e2,2025-03-03,16,1,False,1.0,0.0,0.0,0.0,15.0,0.0,15.0,6.666666666666667,0.0
1e13a5c6539e75908d998e36f94f2baee29b17d341286f7a2af3163b528a2fcc,2025-03-03,15,1,False,1.0,0.0,0.0,0.0,14.0,0.0,14.0,6.183333333333334,0.0
1e813ac9d9c5fbfa50cba6f0032edaff8652f398c5508cc13faa4cc0af6fc3b9,2025-03-03,15,1,False,1.0,0.0,0.0,0.0,14.0,0.0,14.0,7.816666666666666,0.0
1fddb883469b0cd0365153a0ebff0dbefb2b5a252dbaf2b9795ad45003650dcf,2025-03-03,21,1,False,1.0,0.0,0.0,0.0,20.0,5.0,20.0,13.416666666666666,0.15
227b301943873690ead2973a5f7d43ef587dc58b46733368a3f16daf8db98925,2025-03-03,16,1,False,1.0,0.0,0.0,0.0,15.0,0.0,15.0,7.566666666666666,0.0
269b850943bbddfb37b8186af3d0cd154525f08057e450bdb93ab26f06b9758d,2025-03-03,13,1,False,1.0,0.0,0.0,0.0,12.0,0.0,12.0,6.466666666666667,0.0
27ef13206d1090bf126d0f8dd08b66cc346b18eb199192600e14cdc52d7c9a35,2025-03-03,9,1,False,1.0,0.0,0.0,0.0,8.0,2.0,8.0,8.966666666666667,0.15
2b4a1e95204243f32c7235a27dbeae5a0e9d42da4c762132ac84c0817875d614,2025-03-03,13,1,False,1.0,0.0,0.0,0.0,12.0,0.0,12.0,6.933333333333334,0.0
2fdc8fb359ca03d047fec4ad4d7f3b9cfc23ebf54bee30aec8f1a6431bfd0d6e,2025-03-03,11,1,False,1.0,0.0,0.0,0.0,10.0,0.0,10.0,6.816666666666666,0.0
32c184d9780b5545a856a0a366a71b86deb3a80c4dc92142aaf6bb3437c336b1,2025-03-03,12,1,False,1.0,0.0,0.0,0.0,11.0,1.0,11.0,9.266666666666667,0.15
34977907ef51b1295028838fb56ded6159cee0d58c3200a0276324aac366417c,2025-03-03,13,1,False,1.0,0.0,0.0,0.0,12.0,0.0,12.0,6.65,0.0
3634cd4e250467a39545675e2f7386734815df9c667903c8c83b43450723a792,2025-03-03,15,1,False,1.0,0.0,0.0,0.0,14.0,0.0,14.0,7.983333333333333,0.0
369a478c83b6f436dd9aade49d6289f250e18ec2a71b9552d7d9bb884bb2b586,2025-03-03,15,1,False,1.0,0.0,0.0,0.0,14.0,0.0,14.0,7.25,0.0
3c32c4971223e549c349880665fa1e81f054571faf44435a8071b4de6b20dffb,2025-03-03,11,1,False,1.0,0.0,0.0,0.0,10.0,0.0,10.0,7.433333333333334,0.0
3e05c7d4c2f91af414e809d408787184297b351d1907c225f6f1e75fbec1f3a3,2025-03-03,7,1,False,1.0,0.0,0.0,0.0,6.0,0.0,6.0,6.766666666666667,0.0
44e2b71da8273f1b00b9ec55361a1e542f6812bce0acd27214d62e7de86dd6d0,2025-03-03,7,1,False,1.0,0.0,0.0,0.0,6.0,1.0,6.0,7.083333333333333,0.15
4620b38a9a7c0abed1e91cfdc3926234d098446655b643be9342b610365aa1b6,2025-03-03,15,1,False,1.0,0.0,0.0,0.0,14.0,0.0,14.0,7.183333333333334,0.0
49b020eb7c127b73472cb4fc893577b87b48690b941ca1067751e5a6e3eab262,2025-03-03,13,1,False,1.0,0.0,0.0,0.0,12.0,0.0,12.0,7.466666666666667,0.0
4bef524b2f19749989b990b1af1747f137bfe1d7fbf78fa1358ddfc45b247cf1,2025-03-03,12,1,False,1.0,0.0,0.0,0.0,11.0,0.0,11.0,5.983333333333333,0.0
4ef80c0c47503cd20d3a8157080fb28f38e6524b33375c23d5fcd98a2f64545e,2025-03-03,13,1,False,1.0,0.0,0.0,0.0,12.0,5.0,12.0,11.333333333333334,0.15
5088fc658035905665368960c940882faf61610a4e1ce57a24c6ffc946f0f5a8,2025-03-03,14,1,False,1.0,0.0,0.0,0.0,13.0,0.0,13.0,7.566666666666666,0.0
5379232fec078f04af386b787ed0dc69b2a455a27e52e901c773a11d2d0bce7f,2025-03-03,11,1,False,1.0,0.0,1.0,0.0,9.0,0.0,9.0,8.65,0.15
53a03335d3716bf67d3ed781065280a46863f8d947c2492c4e33cce33f4446d2,2025-03-03,16,1,False,1.0,0.0,0.0,0.0,15.0,0.0,15.0,7.916666666666667,0.0
603fcd2b8449630833d1b6c7313a10e8a2176025a45ca54002988df4de8536dd,2025-03-03,14,1,False,1.0,0.0,0.0,0.0,13.0,1.0,13.0,10.2,0.15
61127469ce0c27e2d19e0e5ecece9227e60515e12a899bc8bbc29e1c8f68a78f,2025-03-03,7,1,False,1.0,0.0,0.0,0.0,6.0,0.0,6.0,6.783333333333333,0.0
62009223daa0ff462d9b377b2b31f5c85b4e95caf611f5339cbb2b5e1dc9cab5,2025-03-03,11,1,False,1.0,0.0,0.0,0.0,10.0,0.0,10.0,7.366666666666666,0.0
620ea76a7f314a9faecfaadf110510d2abcf73e79e56e93b476e80794b9e251f,2025-03-03,6,1,False,1.0,0.0,0.0,0.0,5.0,0.0,5.0,5.55,0.0
685e9623979d1c18a11af39701aaf24188e1a40aee4c205c4d3220d26708793d,2025-03-03,16,1,False,1.0,0.0,0.0,0.0,15.0,0.0,15.0,7.5,0.0
69295bad69cbd357f13dc891b598791ab746ad0ed9cea2f9da57019f70c847b6,2025-03-03,8,1,False,1.0,0.0,0.0,0.0,7.0,0.0,7.0,6.516666666666667,0.0
6ac76fd52b6451030fdaa8cce0d1126104c034aa0d6cff3c078311dce03e36e5,2025-03-03,16,1,False,1.0,0.0,0.0,0.0,15.0,0.0,15.0,8.066666666666666,0.0
6e0553bc94f1b3457a68943cdeb271536fa0ca87652900b8c47b6b4e2eabc4b7,2025-03-03,12,1,False,1.0,0.0,0.0,0.0,11.0,0.0,11.0,8.216666666666667,0.0
71c200742f059a8380e2f3dd53ca613e2cdd705c24898e5957d46fefeff67336,2025-03-03,10,1,False,1.0,0.0,0.0,0.0,9.0,0.0,9.0,8.183333333333334,0.0
768115c2eaa5bf872b6f73af67403e31127811d5dfdaa65f5998e7f57a6be1ca,2025-03-03,7,1,False,1.0,0.0,0.0,0.0,6.0,3.0,6.0,9.733333333333333,0.15
77a935bf01e27db1c86c62c6082710b6fe7046028279183cc90fc11b5a21dd3c,2025-03-03,6,1,False,1.0,0.0,0.0,0.0,5.0,0.0,5.0,7.85,0.0
7b291901ed6fc90c51c56024b33122026451c19dfa4736a37621d21afa86ab5a,2025-03-03,10,1,False,1.0,0.0,0.0,0.0,9.0,0.0,9.0,7.266666666666667,0.0
7d64092a6e7dfd07913942876a0c314955bce8dc9fcabd12166bcf1ad5666185,2025-03-03,7,1,False,1.0,0.0,0.0,0.0,6.0,0.0,6.0,6.533333333333333,0.0
7faca1558937aea9797473b24d153f084fc8bc52e7e16da8f8bf4c48b587b358,2025-03-03,12,1,False,1.0,0.0,0.0,0.0,11.0,0.0,11.0,7.883333333333334,0.0
806e62fd6dd962469b9425c2f7b2550582df8623e5c711ade163292a626414aa,2025-03-03,7,1,False,1.0,0.0,0.0,0.0,6.0,0.0,6.0,3.933333333333333,0.0
85bf8422bdd496aa90249b85acbd42b16a6a0ed3121a586f0bcc607d16d09d80,2025-03-03,13,1,False,1.0,0.0,0.0,0.0,12.0,0.0,12.0,6.833333333333333,0.0
88b53efa4c89ad7a3d90cf3c01046d714f1adff9827d0eb5754b4ef76c64f039,2025-03-03,1,1,False,1.0,1.0,0.0,0.0,0.0,0.0,0.0,0.0,0.2
8eb9feaf80cb3b47e639148a128ff9ae2b814462106966998a7656825b71fa7d,2025-03-03,12,1,False,1.0,0.0,0.0,0.0,11.0,1.0,11.0,8.683333333333334,0.15
924ed1bb3874124ad2e307aa33a7e5791cc81dd30c0c079d54cfc1ea14ee310a,2025-03-03,15,1,False,1.0,0.0,0.0,0.0,14.0,0.0,14.0,7.816666666666666,0.0
939b9328b580200251e640b1f2170850525f4fefe336c98f053407a0725f9849,2025-03-03,11,1,False,1.0,0.0,0.0,0.0,10.0,0.0,10.0,8.9,0.0
9a31e4091d5c4c7fb8b9377b091ea9caa9cf26c36e62547a85992d9e109b1b9c,2025-03-03,14,1,False,1.0,0.0,0.0,0.0,13.0,0.0,13.0,5.766666666666667,0.0
9e007677846640b2acc599b1d1d498a20ff8260eeda2d49338e3b6ed111045a9,2025-03-03,16,1,False,1.0,0.0,0.0,0.0,15.0,0.0,15.0,5.616666666666666,0.0
9e7a5e914136e41ca82c366fd529e02d961e7ed1a6019ff724f06dbe447fbb88,2025-03-03,11,1,False,1.0,0.0,0.0,0.0,10.0,0.0,10.0,5.766666666666667,0.0
a8848b387af6359642c71478f693e4643381802ccc97f2b0c353264d7729405c,2025-03-03,14,1,False,1.0,0.0,0.0,0.0,13.0,0.0,13.0,7.766666666666667,0.0
b55080c0db11860ea934ecf297a13cf247817b3e34562a5897c18ff2cfa07f07,2025-03-03,16,1,False,1.0,0.0,0.0,0.0,15.0,0.0,15.0,6.1,0.0
b66c51931f321cca81cc9195f90b3174ae82ebb56c74459770f7800e347ca3b0,2025-03-03,9,1,False,1.0,0.0,0.0,0.0,8.0,0.0,8.0,8.783333333333333,0.0
b8e6c17d68aafa670b598b1cf0c0bd73a2937d6abb11055fded76b5e53231165,2025-03-03,6,1,False,1.0,0.0,0.0,0.0,5.0,1.0,5.0,9.116666666666667,0.15
bc60389887dd911a09f472d0f840e5a268d310cd13f422bfc6f811eb916ec82f,2025-03-03,9,1,False,1.0,0.0,0.0,0.0,8.0,0.0,8.0,7.683333333333334,0.0
c2fa44374f0aab02cb57c9ed348bb43c1fd456bfdf5b296c4f72174a002cd27f,2025-03-03,13,1,False,1.0,0.0,0.0,0.0,12.0,0.0,12.0,7.15,0.0
c5a8e30eed6744da0b641f474ebb407a75bc6fd07bd6e3c7aeb522c884dd456b,2025-03-03,9,1,False,1.0,0.0,0.0,0.0,8.0,0.0,8.0,8.383333333333333,0.0
c734a9d4fd20facb7d4e2f69c7a7be0a0263956653fc71b8d25ad3ed7a1ba446,2025-03-03,10,1,False,1.0,0.0,0.0,0.0,9.0,0.0,9.0,4.733333333333333,0.0
cb50b7517e0741a49adb67908546647f1da3398d8c72f00f00e9ba111909654b,2025-03-03,8,1,False,1.0,0.0,0.0,0.0,7.0,0.0,7.0,8.366666666666667,0.0
cc4113bc0f389ec5987bdc5cae8e94c8c01f0c5e127a5fc2b0ef752d7226c0ca,2025-03-03,15,1,False,1.0,0.0,0.0,0.0,14.0,0.0,14.0,7.366666666666666,0.0
cca321773f148695c0ffc5ed365db650aadc5ecdd13b4ddb3e6b57f38bf5a719,2025-03-03,16,1,False,1.0,0.0,0.0,0.0,15.0,0.0,15.0,6.866666666666666,0.0
d111a1427a39ed7f2d2483db714c5e0d79823bc9ecc62a126e1d144d374d286a,2025-03-03,13,1,False,1.0,0.0,0.0,0.0,12.0,0.0,12.0,7.766666666666667,0.0
dab294f3951611f65a9b1e6408fbad19981d1b65b76c28c3408dac6a6b93bbc8,2025-03-03,13,1,False,1.0,0.0,0.0,0.0,12.0,1.0,12.0,9.766666666666667,0.15
ddee12fc509b00889675d637518a8f7dfe216a200b6ad812c397b77d8bccb88b,2025-03-03,8,1,False,1.0,0.0,0.0,0.0,7.0,0.0,7.0,6.5,0.0
e001292c71d84c28529aed04ab0af1efa767893752908a7b7645f33d09aab74b,2025-03-03,11,1,False,1.0,1.0,0.0,0.0,10.0,1.0,10.0,6.25,0.35
e1a146fdbba0f457a2ea0a102e2c24872edc75865f95a9b842fcefa68e455266,2025-03-03,12,1,False,1.0,1.0,0.0,0.0,11.0,0.0,11.0,8.816666666666666,0.2
e498ed2d854e821dd717169a7b55e586bb647b3bd1ef51990cbd4e847791cc49,2025-03-03,10,1,False,1.0,0.0,0.0,0.0,9.0,2.0,9.0,10.466666666666667,0.15
e72c6ef5ea8445fc95b1c3ca1c82368b6c9adc8a29368110f51d81735f76f11c,2025-03-03,6,1,False,1.0,0.0,0.0,0.0,5.0,0.0,5.0,6.1,0.0
ea171ad8a99227777c2e7c1664c91caf9c08e47d4ba5c09165812a6d9633998c,2025-03-03,8,1,False,1.0,0.0,0.0,0.0,7.0,0.0,7.0,7.716666666666667,0.0
eac146261339b15b8a1e873ed372802ae1c5198377cc8e0f4a23d21bcead9c02,2025-03-03,15,1,False,1.0,0.0,0.0,0.0,14.0,0.0,14.0,8.533333333333333,0.0
ec8eef52024b6815e3113797e206a360a9c324efc2f400801d5eb1179b75a43d,2025-03-03,8,1,False,1.0,0.0,0.0,0.0,7.0,0.0,7.0,7.266666666666667,0.0
eecce08639c689fc3170d254f909a8dedd091d778d0ae7aa829c656b8d085cdd,2025-03-03,9,1,False,1.0,0.0,0.0,0.0,8.0,0.0,8.0,7.966666666666667,0.0
f02fff917d5e1f556f7ca2d8e8ddde98179be018c2669a269bf40d4f64b627f7,2025-03-03,6,1,False,1.0,0.0,0.0,0.0,5.0,0.0,5.0,6.083333333333333,0.0
f17b0eabd2530f1710fc19c34c4d29cc782a669753833ca0d88f524467cdf67f,2025-03-03,9,1,False,1.0,0.0,0.0,0.0,8.0,2.0,8.0,13.05,0.15
f26a64875adce083be80130e941dbfa6e94f2202ff0c463336c1300ecc5217f6,2025-03-03,9,1,False,1.0,0.0,0.0,0.0,8.0,0.0,8.0,7.766666666666667,0.0
f441fbdfbb3a65b7660b581790ec8633cd5e9a2bc3450e46f6f6d948e0ebd96b,2025-03-03,13,1,False,1.0,0.0,0.0,0.0,12.0,0.0,12.0,8.016666666666667,0.0
012fb52705cf3c18e19ff7f562c781dcd1736f3e5615ace007e35dee4740f412,2025-03-04,11,1,False,1.0,0.0,0.0,0.0,10.0,0.0,10.0,7.966666666666667,0.0
0604919ff2aebe087b97959084f1fffe2fd89b7e92f8997d6249f5617f0ec041,2025-03-04,12,1,False,1.0,0.0,0.0,0.0,11.0,0.0,11.0,6.85,0.0
0b9c9b2a643d502fb0470c0e2d25bd40592ae24d88e27a9cca008632f6491e86,2025-03-04,12,1,False,1.0,0.0,0.0,0.0,11.0,0.0,11.0,4.616666666666666,0.0
0bc6fa557a874432991fb3bef6cc8fecfed275284ca1549c6f502f2f2f86388f,2025-03-04,15,1,False,1.0,0.0,0.0,0.0,14.0,0.0,14.0,7.733333333333333,0.0
12881006a16563a03436c3185999cce893916a7f93bd295d9e51c610390a5400,2025-03-04,9,1,False,1.0,0.0,0.0,0.0,8.0,0.0,8.0,5.5,0.0
13cc67e7ae2b0731f9c20a2adb450d0ab125f700d392f08a01f5019b4da3be89,2025-03-04,8,1,False,1.0,0.0,0.0,0.0,7.0,0.0,7.0,5.2,0.0
1481a18bb91c683c9f0e63a3c1ffe035a67c1ee64eae546985a4caedd691f154,2025-03-04,13,1,False,1.0,0.0,0.0,0.0,12.0,0.0,12.0,5.8,0.0
1481cde120f4ec5a6626478c9222dacd947d0d027e33aa5175c391d3f10b05fd,2025-03-04,14,1,False,1.0,0.0,0.0,0.0,13.0,0.0,13.0,6.783333333333333,0.0
18757c67dbbb1f193d93dfd2c81d93f261d3cc1ab2b6b4a27daddb2a42f0c1e2,2025-03-04,14,1,False,1.0,1.0,0.0,0.0,13.0,1.0,13.0,9.3,0.35
1e13a5c6539e75908d998e36f94f2baee29b17d341286f7a2af3163b528a2fcc,2025-03-04,10,1,False,1.0,0.0,0.0,0.0,9.0,0.0,9.0,6.3,0.0
1e813ac9d9c5fbfa50cba6f0032edaff8652f398c5508cc13faa4cc0af6fc3b9,2025-03-04,14,1,False,1.0,0.0,0.0,0.0,13.0,0.0,13.0,8.333333333333334,0.0
1fddb883469b0cd0365153a0ebff0dbefb2b5a252dbaf2b9795ad45003650dcf,2025-03-04,11,1,False,1.0,0.0,0.0,0.0,10.0,2.0,10.0,8.8,0.15
227b301943873690ead2973a5f7d43ef587dc58b46733368a3f16daf8db98925,2025-03-04,9,1,False,1.0,0.0,0.0,0.0,8.0,0.0,8.0,6.4,0.0
269b850943bbddfb37b8186af3d0cd154525f08057e450bdb93ab26f06b9758d,2025-03-04,10,1,False,1.0,0.0,0.0,0.0,9.0,0.0,9.0,6.733333333333333,0.0
27ef13206d1090bf126d0f8dd08b66cc346b18eb199192600e14cdc52d7c9a35,2025-03-04,14,1,False,1.0,0.0,0.0,0.0,13.0,0.0,13.0,7.666666666666667,0.0
2b4a1e95204243f32c7235a27dbeae5a0e9d42da4c762132ac84c0817875d614,2025-03-04,8,1,False,1.0,0.0,0.0,0.0,7.0,0.0,7.0,6.15,0.0
2fdc8fb359ca03d047fec4ad4d7f3b9cfc23ebf54bee30aec8f1a6431bfd0d6e,2025-03-04,12,1,False,1.0,0.0,0.0,0.0,11.0,0.0,11.0,7.516666666666667,0.0
32c184d9780b5545a856a0a366a71b86deb3a80c4dc92142aaf6bb3437c336b1,2025-03-04,14,1,False,1.0,0.0,0.0,0.0,13.0,0.0,13.0,6.533333333333333,0.0
34977907ef51b1295028838fb56ded6159cee0d58c3200a0276324aac366417c,2025-03-04,10,1,False,1.0,0.0,2.0,0.0,7.0,0.0,7.0,5.816666666666666,0.15
3634cd4e250467a39545675e2f7386734815df9c667903c8c83b43450723a792,2025-03-04,6,1,False,1.0,0.0,0.0,0.0,5.0,0.0,5.0,6.3,0.0
369a478c83b6f436dd9aade49d6289f250e18ec2a71b9552d7d9bb884bb2b586,2025-03-04,7,1,False,1.0,0.0,0.0,0.0,6.0,0.0,6.0,6.766666666666667,0.0
3c32c4971223e549c349880665fa1e81f054571faf44435a8071b4de6b20dffb,2025-03-04,15,1,False,1.0,0.0,0.0,0.0,14.0,0.0,14.0,7.666666666666667,0.0
3e05c7d4c2f91af414e809d408787184297b351d1907c225f6f1e75fbec1f3a3,2025-03-04,11,1,False,1.0,0.0,0.0,0.0,10.0,0.0,10.0,7.55,0.0
44e2b71da8273f1b00b9ec55361a1e542f6812bce0acd27214d62e7de86dd6d0,2025-03-04,12,1,False,1.0,0.0,0.0,0.0,11.0,0.0,11.0,8.533333333333333,0.0
4620b38a9a7c0abed1e91cfdc3926234d098446655b643be9342b610365aa1b6,2025-03-04,8,1,False,1.0,0.0,0.0,0.0,7.0,0.0,7.0,6.566666666666666,0.0
49b020eb7c127b73472cb4fc893577b87b48690b941ca1067751e5a6e3eab262,2025-03-04,9,1,False,1.0,0.0,0.0,0.0,8.0,0.0,8.0,7.183333333333334,0.0
4bef524b2f19749989b990b1af1747f137bfe1d7fbf78fa1358ddfc45b247cf1,2025-03-04,12,1,False,1.0,0.0,0.0,0.0,11.0,0.0,11.0,7.05,0.0
4ef80c0c47503cd20d3a8157080fb28f38e6524b33375c23d5fcd98a2f64545e,2025-03-04,6,1,False,1.0,0.0,0.0,0.0,5.0,0.0,5.0,6.833333333333333,0.0
5088fc658035905665368960c940882faf61610a4e1ce57a24c6ffc946f0f5a8,2025-03-04,14,1,False,1.0,0.0,0.0,0.0,13.0,0.0,13.0,7.05,0.0
5379232fec078f04af386b787ed0dc69b2a455a27e52e901c773a11d2d0bce7f,2025-03-04,9,1,False,1.0,0.0,2.0,0.0,6.0,0.0,6.0,6.25,0.15
53a03335d3716bf67d3ed781065280a46863f8d947c2492c4e33cce33f4446d2,2025-03-04,7,1,False,1.0,0.0,0.0,0.0,6.0,0.0,6.0,7.55,0.0
603fcd2b8449630833d1b6c7313a10e8a2176025a45ca54002988df4de8536dd,2025-03-04,6,1,False,1.0,0.0,0.0,0.0,5.0,0.0,5.0,6.4,0.0
61127469ce0c27e2d19e0e5ecece9227e60515e12a899bc8bbc29e1c8f68a78f,2025-03-04,13,1,False,1.0,0.0,0.0,0.0,12.0,0.0,12.0,7.616666666666666,0.0
62009223daa0ff462d9b377b2b31f5c85b4e95caf611f5339cbb2b5e1dc9cab5,2025-03-04,13,1,False,1.0,0.0,0.0,0.0,12.0,1.0,12.0,9.1,0.15
620ea76a7f314a9faecfaadf110510d2abcf73e79e56e93b476e80794b9e251f,2025-03-04,9,1,False,1.0,0.0,0.0,0.0,8.0,0.0,8.0,5.8,0.0
685e9623979d1c18a11af39701aaf24188e1a40aee4c205c4d3220d26708793d,2025-03-04,11,1,False,1.0,0.0,0.0,0.0,10.0,0.0,10.0,6.566666666666666,0.0
69295bad69cbd357f13dc891b598791ab746ad0ed9cea2f9da57019f70c847b6,2025-03-04,9,1,False,1.0,0.0,0.0,0.0,8.0,0.0,8.0,6.133333333333334,0.0
6ac76fd52b6451030fdaa8cce0d1126104c034aa0d6cff3c078311dce03e36e5,2025-03-04,14,1,False,1.0,0.0,0.0,0.0,13.0,3.0,13.0,9.116666666666667,0.15
6e0553bc94f1b3457a68943cdeb271536fa0ca87652900b8c47b6b4e2eabc4b7,2025-03-04,13,1,False,1.0,1.0,0.0,0.0,12.0,0.0,12.0,8.266666666666667,0.2
71c200742f059a8380e2f3dd53ca613e2cdd705c24898e5957d46fefeff67336,2025-03-04,8,1,False,1.0,0.0,0.0,0.0,7.0,0.0,7.0,4.016666666666667,0.0
768115c2eaa5bf872b6f73af67403e31127811d5dfdaa65f5998e7f57a6be1ca,2025-03-04,8,1,False,1.0,0.0,0.0,0.0,7.0,0.0,7.0,4.883333333333334,0.0
77a935bf01e27db1c86c62c6082710b6fe7046028279183cc90fc11b5a21dd3c,2025-03-04,10,1,False,1.0,0.0,0.0,0.0,9.0,0.0,9.0,7.183333333333334,0.0
7b291901ed6fc90c51c56024b33122026451c19dfa4736a37621d21afa86ab5a,2025-03-04,16,1,False,1.0,0.0,0.0,0.0,15.0,0.0,15.0,8.566666666666666,0.0
7d64092a6e7dfd07913942876a0c314955bce8dc9fcabd12166bcf1ad5666185,2025-03-04,16,1,False,1.0,0.0,0.0,0.0,15.0,0.0,15.0,5.683333333333334,0.0
7faca1558937aea9797473b24d153f084fc8bc52e7e16da8f8bf4c48b587b358,2025-03-04,12,1,False,1.0,0.0,0.0,0.0,11.0,0.0,11.0,5.85,0.0
806e62fd6dd962469b9425c2f7b2550582df8623e5c711ade163292a626414aa,2025-03-04,10,1,False,1.0,0.0,0.0,0.0,9.0,0.0,9.0,5.5,0.0
85bf8422bdd496aa90249b85acbd42b16a6a0ed3121a586f0bcc607d16d09d80,2025-03-04,9,1,False,1.0,0.0,0.0,0.0,8.0,0.0,8.0,6.4,0.0
88b53efa4c89ad7a3d90cf3c01046d714f1adff9827d0eb5754b4ef76c64f039,2025-03-04,13,1,False,1.0,0.0,0.0,0.0,12.0,5.0,12.0,15.883333333333333,0.15
8eb9feaf80cb3b47e639148a128ff9ae2b814462106966998a7656825b71fa7d,2025-03-04,8,1,False,1.0,0.0,0.0,0.0,7.0,0.0,7.0,6.183333333333334,0.0
924ed1bb3874124ad2e307aa33a7e5791cc81dd30c0c079d54cfc1ea14ee310a,2025-03-04,13,1,False,1.0,0.0,0.0,0.0,12.0,0.0,12.0,7.866666666666666,0.0
939b9328b580200251e640b1f2170850525f4fefe336c98f053407a0725f9849,2025-03-04,7,1,False,1.0,0.0,0.0,0.0,6.0,0.0,6.0,7.15,0.0
9a31e4091d5c4c7fb8b9377b091ea9caa9cf26c36e62547a85992d9e109b1b9c,2025-03-04,13,1,False,1.0,0.0,0.0,0.0,12.0,1.0,12.0,8.65,0.15
9e007677846640b2acc599b1d1d498a20ff8260eeda2d49338e3b6ed111045a9,2025-03-04,13,1,False,1.0,0.0,0.0,0.0,12.0,0.0,12.0,8.183333333333334,0.0
9e7a5e914136e41ca82c366fd529e02d961e7ed1a6019ff724f06dbe447fbb88,2025-03-04,11,1,False,1.0,0.0,0.0,0.0,10.0,1.0,10.0,9.1,0.15
a8848b387af6359642c71478f693e4643381802ccc97f2b0c353264d7729405c,2025-03-04,6,1,False,1.0,0.0,0.0,0.0,5.0,0.0,5.0,5.383333333333334,0.0
b55080c0db11860ea934ecf297a13cf247817b3e34562a5897c18ff2cfa07f07,2025-03-04,7,1,False,1.0,0.0,0.0,0.0,6.0,0.0,6.0,7.783333333333333,0.0
b66c51931f321cca81cc9195f90b3174ae82ebb56c74459770f7800e347ca3b0,2025-03-04,12,1,False,1.0,0.0,0.0,0.0,11.0,0.0,11.0,7.583333333333333,0.0
b8e6c17d68aafa670b598b1cf0c0bd73a2937d6abb11055fded76b5e53231165,2025-03-04,15,1,False,1.0,0.0,0.0,0.0,14.0,0.0,14.0,6.066666666666666,0.0
bc60389887dd911a09f472d0f840e5a268d310cd13f422bfc6f811eb916ec82f,2025-03-04,15,1,False,1.0,1.0,0.0,0.0,14.0,0.0,14.0,8.15,0.2
c2fa44374f0aab02cb57c9ed348bb43c1fd456bfdf5b296c4f72174a002cd27f,2025-03-04,15,1,False,1.0,0.0,0.0,0.0,14.0,0.0,14.0,7.95,0.0
c5a8e30eed6744da0b641f474ebb407a75bc6fd07bd6e3c7aeb522c884dd456b,2025-03-04,14,1,False,1.0,0.0,0.0,0.0,13.0,0.0,13.0,7.95,0.0
c734a9d4fd20facb7d4e2f69c7a7be0a0263956653fc71b8d25ad3ed7a1ba446,2025-03-04,13,1,False,1.0,0.0,0.0,0.0,12.0,0.0,12.0,7.516666666666667,0.0
cb50b7517e0741a49adb67908546647f1da3398d8c72f00f00e9ba111909654b,2025-03-04,9,1,False,1.0,0.0,0.0,0.0,8.0,0.0,8.0,7.05,0.0
cc4113bc0f389ec5987bdc5cae8e94c8c01f0c5e127a5fc2b0ef752d7226c0ca,2025-03-04,9,1,False,1.0,0.0,0.0,0.0,8.0,0.0,8.0,8.966666666666667,0.0
cca321773f148695c0ffc5ed365db650aadc5ecdd13b4ddb3e6b57f38bf5a719,2025-03-04,16,1,False,1.0,0.0,0.0,0.0,15.0,0.0,15.0,8.9,0.0
d111a1427a39ed7f2d2483db714c5e0d79823bc9ecc62a126e1d144d374d286a,2025-03-04,14,1,False,1.0,0.0,0.0,0.0,13.0,0.0,13.0,8.4,0.0
dab294f3951611f65a9b1e6408fbad19981d1b65b76c28c3408dac6a6b93bbc8,2025-03-04,9,1,False,1.0,0.0,0.0,0.0,8.0,0.0,8.0,6.45,0.0
ddee12fc509b00889675d637518a8f7dfe216a200b6ad812c397b77d8bccb88b,2025-03-04,13,1,False,1.0,0.0,0.0,0.0,12.0,0.0,12.0,5.85,0.0
e001292c71d84c28529aed04ab0af1efa767893752908a7b7645f33d09aab74b,2025-03-04,11,1,False,1.0,0.0,0.0,0.0,10.0,0.0,10.0,5.616666666666666,0.0
e1a146fdbba0f457a2ea0a102e2c24872edc75865f95a9b842fcefa68e455266,2025-03-04,7,1,False,1.0,0.0,0.0,0.0,6.0,0.0,6.0,6.433333333333334,0.0
e498ed2d854e821dd717169a7b55e586bb647b3bd1ef51990cbd4e847791cc49,2025-03-04,11,1,False,1.0,0.0,0.0,0.0,10.0,0.0,10.0,8.2,0.0
e72c6ef5ea8445fc95b1c3ca1c82368b6c9adc8a29368110f51d81735f76f11c,2025-03-04,8,1,False,1.0,0.0,0.0,0.0,7.0,0.0,7.0,5.9,0.0
ea171ad8a99227777c2e7c1664c91caf9c08e47d4ba5c09165812a6d9633998c,2025-03-04,8,1,False,1.0,0.0,0.0,0.0,7.0,0.0,7.0,7.616666666666666,0.0
eac146261339b15b8a1e873ed372802ae1c5198377cc8e0f4a23d21bcead9c02,2025-03-04,6,1,False,1.0,0.0,0.0,0.0,5.0,0.0,5.0,6.75,0.0
ec8eef52024b6815e3113797e206a360a9c324efc2f400801d5eb1179b75a43d,2025-03-04,13,1,False,1.0,0.0,0.0,0.0,12.0,0.0,12.0,6.166666666666667,0.0
eecce08639c689fc3170d254f909a8dedd091d778d0ae7aa829c656b8d085cdd,2025-03-04,14,1,False,1.0,0.0,0.0,0.0,13.0,0.0,13.0,8.65,0.0
f02fff917d5e1f556f7ca2d8e8ddde98179be018c2669a269bf40d4f64b627f7,2025-03-04,3,1,False,1.0,1.0,0.0,0.0,2.0,2.0,2.0,2.283333333333333,0.35
f17b0eabd2530f1710fc19c34c4d29cc782a669753833ca0d88f524467cdf67f,2025-03-04,4,1,False,1.0,1.0,0.0,0.0,3.0,3.0,3.0,1.8666666666666667,0.35
f26a64875adce083be80130e941dbfa6e94f2202ff0c463336c1300ecc5217f6,2025-03-04,15,1,False,1.0,0.0,0.0,0.0,14.0,0.0,14.0,6.233333333333333,0.0
f441fbdfbb3a65b7660b581790ec8633cd5e9a2bc3450e46f6f6d948e0ebd96b,2025-03-04,6,1,False,1.0,0.0,0.0,0.0,5.0,0.0,5.0,5.833333333333333,0.0
012fb52705cf3c18e19ff7f562c781dcd1736f3e5615ace007e35dee4740f412,2025-03-05,10,1,False,1.0,0.0,0.0,0.0,9.0,0.0,9.0,4.466666666666667,0.0
0604919ff2aebe087b97959084f1fffe2fd89b7e92f8997d6249f5617f0ec041,2025-03-05,10,1,False,1.0,0.0,0.0,0.0,9.0,0.0,9.0,5.983333333333333,0.0
0b9c9b2a643d502fb0470c0e2d25bd40592ae24d88e27a9cca008632f6491e86,2025-03-05,7,1,False,1.0,0.0,0.0,0.0,6.0,0.0,6.0,5.9,0.0
0bc6fa557a874432991fb3bef6cc8fecfed275284ca1549c6f502f2f2f86388f,2025-03-05,12,1,False,1.0,0.0,0.0,0.0,11.0,0.0,11.0,8.2,0.0
12881006a16563a03436c3185999cce893916a7f93bd295d9e51c610390a5400,2025-03-05,16,1,False,1.0,0.0,0.0,0.0,15.0,4.0,15.0,8.083333333333334,0.15
13cc67e7ae2b0731f9c20a2adb450d0ab125f700d392f08a01f5019b4da3be89,2025-03-05,12,1,False,1.0,0.0,0.0,0.0,11.0,0.0,11.0,6.116666666666666,0.0
1481a18bb91c683c9f0e63a3c1ffe035a67c1ee64eae546985a4caedd691f154,2025-03-05,7,1,False,1.0,0.0,0.0,0.0,6.0,0.0,6.0,3.7333333333333334,0.0
1481cde120f4ec5a6626478c9222dacd947d0d027e33aa5175c391d3f10b05fd,2025-03-05,11,1,False,1.0,0.0,0.0,0.0,10.0,0.0,10.0,8.033333333333333,0.0
18757c67dbbb1f193d93dfd2c81d93f261d3cc1ab2b6b4a27daddb2a42f0c1e2,2025-03-05,11,1,False,1.0,0.0,0.0,0.0,10.0,0.0,10.0,6.433333333333334,0.0
1e13a5c6539e75908d998e36f94f2baee29b17d341286f7a2af3163b528a2fcc,2025-03-05,14,1,False,1.0,0.0,0.0,0.0,13.0,0.0,13.0,7.8,0.0
1e813ac9d9c5fbfa50cba6f0032edaff8652f398c5508cc13faa4cc0af6fc3b9,2025-03-05,8,1,False,1.0,0.0,0.0,0.0,7.0,0.0,7.0,7.666666666666667,0.0
1fddb883469b0cd0365153a0ebff0dbefb2b5a252dbaf2b9795ad45003650dcf,2025-03-05,15,1,False,1.0,0.0,0.0,0.0,14.0,0.0,14.0,7.433333333333334,0.0
227b301943873690ead2973a5f7d43ef587dc58b46733368a3f16daf8db98925,2025-03-05,10,1,False,1.0,0.0,0.0,0.0,9.0,0.0,9.0,8.533333333333333,0.0
269b850943bbddfb37b8186af3d0cd154525f08057e450bdb93ab26f06b9758d,2025-03-05,16,1,True,1.0,0.0,0.0,0.0,15.0,1.0,15.0,14.35,0.15
27ef13206d1090bf126d0f8dd08b66cc346b18eb199192600e14cdc52d7c9a35,2025-03-05,15,1,False,1.0,0.0,0.0,0.0,14.0,0.0,14.0,8.216666666666667,0.0
2b4a1e95204243f32c7235a27dbeae5a0e9d42da4c762132ac84c0817875d614,2025-03-05,15,1,False,1.0,0.0,0.0,0.0,14.0,0.0,14.0,7.5,0.0
2fdc8fb359ca03d047fec4ad4d7f3b9cfc23ebf54bee30aec8f1a6431bfd0d6e,2025-03-05,12,1,False,1.0,0.0,0.0,0.0,11.0,1.0,11.0,10.8,0.15
32c184d9780b5545a856a0a366a71b86deb3a80c4dc92142aaf6bb3437c336b1,2025-03-05,10,1,False,1.0,0.0,0.0,0.0,9.0,0.0,9.0,7.183333333333334,0.0
34977907ef51b1295028838fb56ded6159cee0d58c3200a0276324aac366417c,2025-03-05,7,1,False,1.0,0.0,0.0,0.0,6.0,0.0,6.0,4.916666666666667,0.0
3634cd4e250467a39545675e2f7386734815df9c667903c8c83b43450723a792,2025-03-05,6,1,False,1.0,0.0,0.0,0.0,5.0,0.0,5.0,6.833333333333333,0.0
369a478c83b6f436dd9aade49d6289f250e18ec2a71b9552d7d9bb884bb2b586,2025-03-05,14,1,False,1.0,0.0,0.0,0.0,13.0,0.0,13.0,7.05,0.0
3c32c4971223e549c349880665fa1e81f054571faf44435a8071b4de6b20dffb,2025-03-05,9,1,False,1.0,0.0,0.0,0.0,8.0,0.0,8.0,7.0,0.0
3e05c7d4c2f91af414e809d408787184297b351d1907c225f6f1e75fbec1f3a3,2025-03-05,12,1,False,1.0,0.0,0.0,0.0,11.0,0.0,11.0,7.533333333333333,0.0
44e2b71da8273f1b00b9ec55361a1e542f6812bce0acd27214d62e7de86dd6d0,2025-03-05,16,1,False,1.0,0.0,0.0,0.0,15.0,0.0,15.0,8.7,0.0
4620b38a9a7c0abed1e91cfdc3926234d098446655b643be9342b610365aa1b6,2025-03-05,9,1,False,1.0,0.0,0.0,0.0,8.0,0.0,8.0,7.233333333333333,0.0
49b020eb7c127b73472cb4fc893577b87b48690b941ca1067751e5a6e3eab262,2025-03-05,13,1,False,1.0,0.0,0.0,0.0,12.0,0.0,12.0,7.65,0.0
4bef524b2f19749989b990b1af1747f137bfe1d7fbf78fa1358ddfc45b247cf1,2025-03-05,9,1,False,1.0,0.0,0.0,0.0,8.0,0.0,8.0,8.1,0.0
4ef80c0c47503cd20d3a8157080fb28f38e6524b33375c23d5fcd98a2f64545e,2025-03-05,7,1,False,1.0,0.0,0.0,0.0,6.0,0.0,6.0,7.483333333333333,0.0
5088fc658035905665368960c940882faf61610a4e1ce57a24c6ffc946f0f5a8,2025-03-05,14,1,False,1.0,0.0,0.0,0.0,13.0,0.0,13.0,4.916666666666667,0.0
5379232fec078f04af386b787ed0dc69b2a455a27e52e901c773a11d2d0bce7f,2025-03-05,9,1,False,1.0,0.0,0.0,0.0,8.0,0.0,8.0,7.6,0.0
53a03335d3716bf67d3ed781065280a46863f8d947c2492c4e33cce33f4446d2,2025-03-05,9,1,False,1.0,0.0,0.0,0.0,8.0,0.0,8.0,5.55,0.0
603fcd2b8449630833d1b6c7313a10e8a2176025a45ca54002988df4de8536dd,2025-03-05,12,1,False,1.0,0.0,0.0,0.0,11.0,2.0,11.0,8.7,0.15
61127469ce0c27e2d19e0e5ecece9227e60515e12a899bc8bbc29e1c8f68a78f,2025-03-05,8,1,False,1.0,1.0,0.0,0.0,7.0,2.0,7.0,5.366666666666666,0.35
62009223daa0ff462d9b377b2b31f5c85b4e95caf611f5339cbb2b5e1dc9cab5,2025-03-05,6,1,False,1.0,0.0,0.0,0.0,5.0,0.0,5.0,6.216666666666667,0.0
620ea76a7f314a9faecfaadf110510d2abcf73e79e56e93b476e80794b9e251f,2025-03-05,12,1,False,1.0,0.0,0.0,0.0,11.0,0.0,11.0,6.733333333333333,0.0
685e9623979d1c18a11af39701aaf24188e1a40aee4c205c4d3220d26708793d,2025-03-05,9,1,False,1.0,0.0,0.0,0.0,8.0,0.0,8.0,8.1,0.0
69295bad69cbd357f13dc891b598791ab746ad0ed9cea2f9da57019f70c847b6,2025-03-05,11,1,False,1.0,0.0,0.0,0.0,10.0,0.0,10.0,4.833333333333333,0.0
6ac76fd52b6451030fdaa8cce0d1126104c034aa0d6cff3c078311dce03e36e5,2025-03-05,12,1,False,1.0,0.0,0.0,0.0,11.0,0.0,11.0,5.966666666666667,0.0
6e0553bc94f1b3457a68943cdeb271536fa0ca87652900b8c47b6b4e2eabc4b7,2025-03-05,9,1,False,1.0,0.0,0.0,0.0,8.0,0.0,8.0,6.933333333333334,0.0
71c200742f059a8380e2f3dd53ca613e2cdd705c24898e5957d46fefeff67336,2025-03-05,6,1,False,1.0,0.0,0.0,0.0,5.0,1.0,5.0,9.083333333333334,0.15
768115c2eaa5bf872b6f73af67403e31127811d5dfdaa65f5998e7f57a6be1ca,2025-03-05,7,1,False,1.0,0.0,0.0,0.0,6.0,0.0,6.0,6.45,0.0
77a935bf01e27db1c86c62c6082710b6fe7046028279183cc90fc11b5a21dd3c,2025-03-05,7,1,False,1.0,0.0,0.0,0.0,6.0,0.0,6.0,5.933333333333334,0.0
7b291901ed6fc90c51c56024b33122026451c19dfa4736a37621d21afa86ab5a,2025-03-05,6,1,False,1.0,0.0,0.0,0.0,5.0,0.0,5.0,6.516666666666667,0.0
7d64092a6e7dfd07913942876a0c314955bce8dc9fcabd12166bcf1ad5666185,2025-03-05,7,1,False,1.0,0.0,0.0,0.0,6.0,0.0,6.0,6.966666666666667,0.0
7faca1558937aea9797473b24d153f084fc8bc52e7e16da8f8bf4c48b587b358,2025-03-05,13,1,False,1.0,0.0,0.0,0.0,12.0,0.0,12.0,9.066666666666666,0.0
806e62fd6dd962469b9425c2f7b2550582df8623e5c711ade163292a626414aa,2025-03-05,8,1,False,1.0,0.0,0.0,0.0,7.0,1.0,7.0,10.25,0.15
85bf8422bdd496aa90249b85acbd42b16a6a0ed3121a586f0bcc607d16d09d80,2025-03-05,7,1,False,1.0,0.0,0.0,0.0,6.0,0.0,6.0,7.133333333333334,0.0
88b53efa4c89ad7a3d90cf3c01046d714f1adff9827d0eb5754b4ef76c64f039,2025-03-05,14,1,False,1.0,0.0,0.0,0.0,13.0,0.0,13.0,8.033333333333333,0.0
8eb9feaf80cb3b47e639148a128ff9ae2b814462106966998a7656825b71fa7d,2025-03-05,15,1,False,1.0,0.0,0.0,0.0,14.0,0.0,14.0,8.683333333333334,0.0
924ed1bb3874124ad2e307aa33a7e5791cc81dd30c0c079d54cfc1ea14ee310a,2025-03-05,15,1,False,1.0,0.0,0.0,0.0,14.0,2.0,14.0,8.966666666666667,0.15
939b9328b580200251e640b1f2170850525f4fefe336c98f053407a0725f9849,2025-03-05,11,1,False,1.0,0.0,0.0,0.0,10.0,0.0,10.0,6.716666666666667,0.0
9a31e4091d5c4c7fb8b9377b091ea9caa9cf26c36e62547a85992d9e109b1b9c,2025-03-05,12,1,False,1.0,0.0,0.0,0.0,11.0,0.0,11.0,6.116666666666666,0.0
9e007677846640b2acc599b1d1d498a20ff8260eeda2d49338e3b6ed111045a9,2025-03-05,15,1,False,1.0,0.0,0.0,0.0,14.0,0.0,14.0,8.35,0.0
9e7a5e914136e41ca82c366fd529e02d961e7ed1a6019ff724f06dbe447fbb88,2025-03-05,16,1,False,1.0,0.0,0.0,0.0,15.0,0.0,15.0,8.3,0.0
a8848b387af6359642c71478f693e4643381802ccc97f2b0c353264d7729405c,2025-03-05,11,1,False,1.0,0.0,0.0,0.0,10.0,0.0,10.0,6.333333333333333,0.0
b55080c0db11860ea934ecf297a13cf247817b3e34562a5897c18ff2cfa07f07,2025-03-05,15,1,False,1.0,0.0,0.0,0.0,14.0,0.0,14.0,8.75,0.0
b66c51931f321cca81cc9195f90b3174ae82ebb56c74459770f7800e347ca3b0,2025-03-05,15,1,False,1.0,0.0,0.0,0.0,14.0,0.0,14.0,7.266666666666667,0.0
b8e6c17d68aafa670b598b1cf0c0bd73a2937d6abb11055fded76b5e53231165,2025-03-05,9,1,False,1.0,0.0,0.0,0.0,8.0,0.0,8.0,6.9,0.0
bc60389887dd911a09f472d0f840e5a268d310cd13f422bfc6f811eb916ec82f,2025-03-05,15,1,False,1.0,0.0,0.0,0.0,14.0,0.0,14.0,2.8,0.0
c2fa44374f0aab02cb57c9ed348bb43c1fd456bfdf5b296c4f72174a002cd27f,2025-03-05,11,1,False,1.0,0.0,0.0,0.0,10.0,0.0,10.0,6.583333333333333,0.0
c5a8e30eed6744da0b641f474ebb407a75bc6fd07bd6e3c7aeb522c884dd456b,2025-03-05,10,1,False,1.0,0.0,0.0,0.0,9.0,0.0,9.0,7.133333333333334,0.0
c734a9d4fd20facb7d4e2f69c7a7be0a0263956653fc71b8d25ad3ed7a1ba446,2025-03-05,8,1,False,1.0,0.0,0.0,0.0,7.0,0.0,7.0,5.883333333333334,0.0
cb50b7517e0741a49adb67908546647f1da3398d8c72f00f00e9ba111909654b,2025-03-05,14,1,False,1.0,0.0,0.0,0.0,13.0,0.0,13.0,6.633333333333334,0.0
cc4113bc0f389ec5987bdc5cae8e94c8c01f0c5e127a5fc2b0ef752d7226c0ca,2025-03-05,16,1,False,1.0,0.0,0.0,0.0,15.0,0.0,15.0,6.816666666666666,0.0
cca321773f148695c0ffc5ed365db650aadc5ecdd13b4ddb3e6b57f38bf5a719,2025-03-05,11,1,False,1.0,0.0,0.0,0.0,10.0,0.0,10.0,8.716666666666667,0.0
d111a1427a39ed7f2d2483db714c5e0d79823bc9ecc62a126e1d144d374d286a,2025-03-05,13,1,False,1.0,0.0,0.0,0.0,12.0,0.0,12.0,7.3,0.0
dab294f3951611f65a9b1e6408fbad19981d1b65b76c28c3408dac6a6b93bbc8,2025-03-05,7,1,False,1.0,0.0,0.0,0.0,6.0,1.0,6.0,8.966666666666667,0.15
ddee12fc509b00889675d637518a8f7dfe216a200b6ad812c397b77d8bccb88b,2025-03-05,9,1,False,1.0,0.0,0.0,0.0,8.0,0.0,8.0,7.633333333333334,0.0
e001292c71d84c28529aed04ab0af1efa767893752908a7b7645f33d09aab74b,2025-03-05,6,1,False,1.0,0.0,0.0,0.0,5.0,0.0,5.0,6.483333333333333,0.0
e1a146fdbba0f457a2ea0a102e2c24872edc75865f95a9b842fcefa68e455266,2025-03-05,8,1,False,1.0,0.0,0.0,0.0,7.0,0.0,7.0,8.533333333333333,0.0
e498ed2d854e821dd717169a7b55e586bb647b3bd1ef51990cbd4e847791cc49,2025-03-05,14,1,False,1.0,0.0,0.0,0.0,13.0,0.0,13.0,8.2,0.0
e72c6ef5ea8445fc95b1c3ca1c82368b6c9adc8a29368110f51d81735f76f11c,2025-03-05,14,1,False,1.0,0.0,0.0,0.0,13.0,0.0,13.0,7.8,0.0
ea171ad8a99227777c2e7c1664c91caf9c08e47d4ba5c09165812a6d9633998c,2025-03-05,13,1,False,1.0,0.0,0.0,0.0,12.0,0.0,12.0,5.133333333333334,0.0
eac146261339b15b8a1e873ed372802ae1c5198377cc8e0f4a23d21bcead9c02,2025-03-05,8,1,False,1.0,0.0,0.0,0.0,7.0,0.0,7.0,4.65,0.0
ec8eef52024b6815e3113797e206a360a9c324efc2f400801d5eb1179b75a43d,2025-03-05,10,1,False,1.0,0.0,0.0,0.0,9.0,0.0,9.0,6.816666666666666,0.0
eecce08639c689fc3170d254f909a8dedd091d778d0ae7aa829c656b8d085cdd,2025-03-05,8,1,False,1.0,0.0,0.0,0.0,7.0,0.0,7.0,8.7,0.0
f02fff917d5e1f556f7ca2d8e8ddde98179be018c2669a269bf40d4f64b627f7,2025-03-05,24,1,False,1.0,0.0,0.0,0.0,23.0,8.0,23.0,15.3,0.15
f17b0eabd2530f1710fc19c34c4d29cc782a669753833ca0d88f524467cdf67f,2025-03-05,5,2,False,1.0,1.0,0.0,0.0,4.0,4.0,4.0,22.516666666666666,0.5
f26a64875adce083be80130e941dbfa6e94f2202ff0c463336c1300ecc5217f6,2025-03-05,10,1,False,1.0,0.0,0.0,0.0,9.0,0.0,9.0,6.833333333333333,0.0
f441fbdfbb3a65b7660b581790ec8633cd5e9a2bc3450e46f6f6d948e0ebd96b,2025-03-05,13,1,False,1.0,0.0,0.0,0.0,12.0,0.0,12.0,6.616666666666666,0.0
012fb52705cf3c18e19ff7f562c781dcd1736f3e5615ace007e35dee4740f412,2025-03-06,14,1,False,1.0,0.0,0.0,0.0,13.0,0.0,13.0,9.05,0.0
0604919ff2aebe087b97959084f1fffe2fd89b7e92f8997d6249f5617f0ec041,2025-03-06,12,1,False,1.0,0.0,0.0,0.0,11.0,2.0,11.0,9.483333333333333,0.15
0b9c9b2a643d502fb0470c0e2d25bd40592ae24d88e27a9cca008632f6491e86,2025-03-06,16,1,False,1.0,1.0,0.0,0.0,15.0,2.0,15.0,8.1,0.35
0bc6fa557a874432991fb3bef6cc8fecfed275284ca1549c6f502f2f2f86388f,2025-03-06,14,1,False,1.0,0.0,0.0,0.0,13.0,0.0,13.0,7.133333333333334,0.0
12881006a16563a03436c3185999cce893916a7f93bd295d9e51c610390a5400,2025-03-06,6,1,False,1.0,0.0,0.0,0.0,5.0,0.0,5.0,5.833333333333333,0.0
13cc67e7ae2b0731f9c20a2adb450d0ab125f700d392f08a01f5019b4da3be89,2025-03-06,11,1,False,1.0,0.0,0.0,0.0,10.0,0.0,10.0,6.15,0.0
1481a18bb91c683c9f0e63a3c1ffe035a67c1ee64eae546985a4caedd691f154,2025-03-06,9,1,False,1.0,0.0,0.0,0.0,8.0,0.0,8.0,7.066666666666666,0.0
1481cde120f4ec5a6626478c9222dacd947d0d027e33aa5175c391d3f10b05fd,2025-03-06,14,1,False,1.0,1.0,0.0,0.0,13.0,0.0,13.0,7.2,0.2
18757c67dbbb1f193d93dfd2c81d93f261d3cc1ab2b6b4a27daddb2a42f0c1e2,2025-03-06,14,1,False,1.0,0.0,0.0,0.0,13.0,0.0,13.0,7.0,0.0
1e13a5c6539e75908d998e36f94f2baee29b17d341286f7a2af3163b528a2fcc,2025-03-06,15,1,False,1.0,0.0,0.0,0.0,14.0,0.0,14.0,7.566666666666666,0.0
1e813ac9d9c5fbfa50cba6f0032edaff8652f398c5508cc13faa4cc0af6fc3b9,2025-03-06,10,1,False,1.0,0.0,0.0,0.0,9.0,0.0,9.0,5.866666666666666,0.0
1fddb883469b0cd0365153a0ebff0dbefb2b5a252dbaf2b9795ad45003650dcf,2025-03-06,10,1,False,1.0,0.0,0.0,0.0,9.0,0.0,9.0,8.266666666666667,0.0
227b301943873690ead2973a5f7d43ef587dc58b46733368a3f16daf8db98925,2025-03-06,9,1,False,1.0,0.0,0.0,0.0,8.0,0.0,8.0,5.383333333333334,0.0
269b850943bbddfb37b8186af3d0cd154525f08057e450bdb93ab26f06b9758d,2025-03-06,15,1,False,1.0,0.0,0.0,0.0,14.0,0.0,14.0,6.733333333333333,0.0
27ef13206d1090bf126d0f8dd08b66cc346b18eb199192600e14cdc52d7c9a35,2025-03-06,14,1,False,1.0,0.0,0.0,0.0,13.0,0.0,13.0,7.883333333333334,0.0
2b4a1e95204243f32c7235a27dbeae5a0e9d42da4c762132ac84c0817875d614,2025-03-06,16,1,False,1.0,0.0,0.0,0.0,15.0,0.0,15.0,5.7,0.0
2fdc8fb359ca03d047fec4ad4d7f3b9cfc23ebf54bee30aec8f1a6431bfd0d6e,2025-03-06,12,1,False,1.0,0.0,0.0,0.0,11.0,0.0,11.0,5.6,0.0
32c184d9780b5545a856a0a366a71b86deb3a80c4dc92142aaf6bb3437c336b1,2025-03-06,12,1,False,1.0,0.0,0.0,0.0,11.0,0.0,11.0,6.916666666666667,0.0
34977907ef51b1295028838fb56ded6159cee0d58c3200a0276324aac366417c,2025-03-06,15,1,False,1.0,0.0,0.0,0.0,14.0,0.0,14.0,6.416666666666667,0.0
3634cd4e250467a39545675e2f7386734815df9c667903c8c83b43450723a792,2025-03-06,16,1,False,1.0,0.0,0.0,0.0,15.0,0.0,15.0,7.366666666666666,0.0
369a478c83b6f436dd9aade49d6289f250e18ec2a71b9552d7d9bb884bb2b586,2025-03-06,7,1,False,1.0,0.0,0.0,0.0,6.0,0.0,6.0,7.766666666666667,0.0
3c32c4971223e549c349880665fa1e81f054571faf44435a8071b4de6b20dffb,2025-03-06,6,1,False,1.0,0.0,0.0,0.0,5.0,0.0,5.0,5.166666666666667,0.0
3e05c7d4c2f91af414e809d408787184297b351d1907c225f6f1e75fbec1f3a3,2025-03-06,12,1,False,1.0,0.0,0.0,0.0,11.0,0.0,11.0,6.666666666666667,0.0
44e2b71da8273f1b00b9ec55361a1e542f6812bce0acd27214d62e7de86dd6d0,2025-03-06,14,1,False,1.0,0.0,0.0,0.0,13.0,0.0,13.0,7.533333333333333,0.0
4620b38a9a7c0abed1e91cfdc3926234d098446655b643be9342b610365aa1b6,2025-03-06,6,1,False,1.0,0.0,0.0,0.0,5.0,0.0,5.0,6.85,0.0
49b020eb7c127b73472cb4fc893577b87b48690b941ca1067751e5a6e3eab262,2025-03-06,6,1,False,1.0,0.0,0.0,0.0,5.0,1.0,5.0,8.766666666666667,0.15
4bef524b2f19749989b990b1af1747f137bfe1d7fbf78fa1358ddfc45b247cf1,2025-03-06,11,1,False,1.0,0.0,0.0,0.0,10.0,0.0,10.0,7.016666666666667,0.0
4ef80c0c47503cd20d3a8157080fb28f38e6524b33375c23d5fcd98a2f64545e,2025-03-06,14,1,False,1.0,0.0,0.0,0.0,13.0,0.0,13.0,8.033333333333333,0.0
5088fc658035905665368960c940882faf61610a4e1ce57a24c6ffc946f0f5a8,2025-03-06,15,1,False,1.0,0.0,0.0,0.0,14.0,0.0,14.0,7.416666666666667,0.0
5379232fec078f04af386b787ed0dc69b2a455a27e52e901c773a11d2d0bce7f,2025-03-06,3,1,False,1.0,1.0,0.0,0.0,2.0,2.0,2.0,1.5666666666666667,0.35
53a03335d3716bf67d3ed781065280a46863f8d947c2492c4e33cce33f4446d2,2025-03-06,6,1,False,1.0,0.0,0.0,0.0,5.0,1.0,5.0,8.733333333333333,0.15
603fcd2b8449630833d1b6c7313a10e8a2176025a45ca54002988df4de8536dd,2025-03-06,19,1,False,1.0,1.0,0.0,0.0,18.0,4.0,18.0,16.3,0.35
61127469ce0c27e2d19e0e5ecece9227e60515e12a899bc8bbc29e1c8f68a78f,2025-03-06,7,1,False,1.0,0.0,0.0,0.0,6.0,0.0,6.0,6.7,0.0
62009223daa0ff462d9b377b2b31f5c85b4e95caf611f5339cbb2b5e1dc9cab5,2025-03-06,11,1,False,1.0,0.0,0.0,0.0,10.0,0.0,10.0,6.7,0.0
620ea76a7f314a9faecfaadf110510d2abcf73e79e56e93b476e80794b9e251f,2025-03-06,7,1,False,1.0,0.0,0.0,0.0,6.0,0.0,6.0,7.416666666666667,0.0
685e9623979d1c18a11af39701aaf24188e1a40aee4c205c4d3220d26708793d,2025-03-06,12,1,False,1.0,0.0,0.0,0.0,11.0,0.0,11.0,7.033333333333333,0.0
69295bad69cbd357f13dc891b598791ab746ad0ed9cea2f9da57019f70c847b6,2025-03-06,15,1,False,1.0,0.0,0.0,0.0,14.0,0.0,14.0,5.783333333333333,0.0
6ac76fd52b6451030fdaa8cce0d1126104c034aa0d6cff3c078311dce03e36e5,2025-03-06,15,1,False,1.0,0.0,0.0,0.0,14.0,0.0,14.0,6.583333333333333,0.0
6e0553bc94f1b3457a68943cdeb271536fa0ca87652900b8c47b6b4e2eabc4b7,2025-03-06,14,1,False,1.0,0.0,0.0,0.0,13.0,0.0,13.0,7.35,0.0
71c200742f059a8380e2f3dd53ca613e2cdd705c24898e5957d46fefeff67336,2025-03-06,11,1,False,1.0,0.0,0.0,0.0,10.0,0.0,10.0,5.7,0.0
768115c2eaa5bf872b6f73af67403e31127811d5dfdaa65f5998e7f57a6be1ca,2025-03-06,9,1,False,1.0,0.0,0.0,0.0,8.0,0.0,8.0,5.233333333333333,0.0
77a935bf01e27db1c86c62c6082710b6fe7046028279183cc90fc11b5a21dd3c,2025-03-06,9,1,False,1.0,0.0,0.0,0.0,8.0,0.0,8.0,5.616666666666666,0.0
7b291901ed6fc90c51c56024b33122026451c19dfa4736a37621d21afa86ab5a,2025-03-06,9,1,False,1.0,0.0,0.0,0.0,8.0,0.0,8.0,5.516666666666667,0.0
7d64092a6e7dfd07913942876a0c314955bce8dc9fcabd12166bcf1ad5666185,2025-03-06,12,1,False,1.0,0.0,0.0,0.0,11.0,0.0,11.0,8.166666666666666,0.0
7faca1558937aea9797473b24d153f084fc8bc52e7e16da8f8bf4c48b587b358,2025-03-06,8,1,False,1.0,0.0,0.0,0.0,7.0,0.0,7.0,7.45,0.0
806e62fd6dd962469b9425c2f7b2550582df8623e5c711ade163292a626414aa,2025-03-06,16,1,False,1.0,0.0,2.0,0.0,13.0,0.0,13.0,7.7,0.15
85bf8422bdd496aa90249b85acbd42b16a6a0ed3121a586f0bcc607d16d09d80,2025-03-06,7,1,False,1.0,0.0,0.0,0.0,6.0,2.0,6.0,10.133333333333333,0.15
88b53efa4c89ad7a3d90cf3c01046d714f1adff9827d0eb5754b4ef76c64f039,2025-03-06,13,1,False,1.0,0.0,0.0,0.0,12.0,0.0,12.0,6.45,0.0
8eb9feaf80cb3b47e639148a128ff9ae2b814462106966998a7656825b71fa7d,2025-03-06,11,1,False,1.0,0.0,0.0,0.0,10.0,0.0,10.0,8.5,0.0
924ed1bb3874124ad2e307aa33a7e5791cc81dd30c0c079d54cfc1ea14ee310a,2025-03-06,12,1,False,1.0,0.0,0.0,0.0,11.0,0.0,11.0,7.45,0.0
939b9328b580200251e640b1f2170850525f4fefe336c98f053407a0725f9849,2025-03-06,13,1,False,1.0,0.0,0.0,0.0,12.0,0.0,12.0,8.716666666666667,0.0
9a31e4091d5c4c7fb8b9377b091ea9caa9cf26c36e62547a85992d9e109b1b9c,2025-03-06,16,1,False,1.0,0.0,0.0,0.0,15.0,0.0,15.0,8.283333333333333,0.0
9e007677846640b2acc599b1d1d498a20ff8260eeda2d49338e3b6ed111045a9,2025-03-06,11,1,False,1.0,0.0,0.0,0.0,10.0,0.0,10.0,5.833333333333333,0.0
9e7a5e914136e41ca82c366fd529e02d961e7ed1a6019ff724f06dbe447fbb88,2025-03-06,8,1,False,1.0,0.0,0.0,0.0,7.0,0.0,7.0,5.316666666666666,0.0
a8848b387af6359642c71478f693e4643381802ccc97f2b0c353264d7729405c,2025-03-06,6,1,False,1.0,0.0,0.0,0.0,5.0,0.0,5.0,5.8,0.0
b55080c0db11860ea934ecf297a13cf247817b3e34562a5897c18ff2cfa07f07,2025-03-06,8,1,False,1.0,0.0,0.0,0.0,7.0,0.0,7.0,6.783333333333333,0.0
b66c51931f321cca81cc9195f90b3174ae82ebb56c74459770f7800e347ca3b0,2025-03-06,16,1,False,1.0,0.0,0.0,0.0,15.0,0.0,15.0,8.15,0.0
b8e6c17d68aafa670b598b1cf0c0bd73a2937d6abb11055fded76b5e53231165,2025-03-06,12,1,False,1.0,0.0,0.0,0.0,11.0,0.0,11.0,7.966666666666667,0.0
bc60389887dd911a09f472d0f840e5a268d310cd13f422bfc6f811eb916ec82f,2025-03-06,10,1,False,1.0,0.0,0.0,0.0,9.0,0.0,9.0,4.366666666666666,0.0
c2fa44374f0aab02cb57c9ed348bb43c1fd456bfdf5b296c4f72174a002cd27f,2025-03-06,2,1,False,1.0,1.0,0.0,0.0,1.0,1.0,1.0,0.45,0.35
c5a8e30eed6744da0b641f474ebb407a75bc6fd07bd6e3c7aeb522c884dd456b,2025-03-06,13,1,False,1.0,0.0,0.0,0.0,12.0,0.0,12.0,7.966666666666667,0.0
c734a9d4fd20facb7d4e2f69c7a7be0a0263956653fc71b8d25ad3ed7a1ba446,2025-03-06,10,1,False,1.0,0.0,0.0,0.0,9.0,0.0,9.0,8.033333333333333,0.0
cb50b7517e0741a49adb67908546647f1da3398d8c72f00f00e9ba111909654b,2025-03-06,15,1,False,1.0,0.0,0.0,0.0,14.0,0.0,14.0,8.6,0.0
cc4113bc0f389ec5987bdc5cae8e94c8c01f0c5e127a5fc2b0ef752d7226c0ca,2025-03-06,7,1,False,1.0,0.0,0.0,0.0,6.0,0.0,6.0,7.333333333333333,0.0
cca321773f148695c0ffc5ed365db650aadc5ecdd13b4ddb3e6b57f38bf5a719,2025-03-06,10,1,False,1.0,0.0,0.0,0.0,9.0,0.0,9.0,6.55,0.0
d111a1427a39ed7f2d2483db714c5e0d79823bc9ecc62a126e1d144d374d286a,2025-03-06,8,1,False,1.0,0.0,0.0,0.0,7.0,0.0,7.0,5.883333333333334,0.0
dab294f3951611f65a9b1e6408fbad19981d1b65b76c28c3408dac6a6b93bbc8,2025-03-06,14,1,False,1.0,0.0,0.0,0.0,13.0,0.0,13.0,7.15,0.0
ddee12fc509b00889675d637518a8f7dfe216a200b6ad812c397b77d8bccb88b,2025-03-06,13,1,False,1.0,0.0,0.0,0.0,12.0,1.0,12.0,9.266666666666667,0.15
e001292c71d84c28529aed04ab0af1efa767893752908a7b7645f33d09aab74b,2025-03-06,16,1,False,1.0,0.0,0.0,0.0,15.0,0.0,15.0,9.033333333333333,0.0
e1a146fdbba0f457a2ea0a102e2c24872edc75865f95a9b842fcefa68e455266,2025-03-06,6,1,False,1.0,0.0,0.0,0.0,5.0,0.0,5.0,7.516666666666667,0.0
e498ed2d854e821dd717169a7b55e586bb647b3bd1ef51990cbd4e847791cc49,2025-03-06,6,1,False,1.0,0.0,0.0,0.0,5.0,0.0,5.0,7.616666666666666,0.0
e72c6ef5ea8445fc95b1c3ca1c82368b6c9adc8a29368110f51d81735f76f11c,2025-03-06,14,1,False,1.0,0.0,0.0,0.0,13.0,0.0,13.0,7.683333333333334,0.0
ea171ad8a99227777c2e7c1664c91caf9c08e47d4ba5c09165812a6d9633998c,2025-03-06,14,1,False,1.0,0.0,0.0,0.0,13.0,0.0,13.0,8.2,0.0
eac146261339b15b8a1e873ed372802ae1c5198377cc8e0f4a23d21bcead9c02,2025-03-06,12,1,False,1.0,0.0,0.0,0.0,11.0,0.0,11.0,7.366666666666666,0.0
ec8eef52024b6815e3113797e206a360a9c324efc2f400801d5eb1179b75a43d,2025-03-06,8,1,False,1.0,0.0,0.0,0.0,7.0,0.0,7.0,6.3,0.0
eecce08639c689fc3170d254f909a8dedd091d778d0ae7aa829c656b8d085cdd,2025-03-06,6,1,False,1.0,0.0,0.0,0.0,5.0,0.0,5.0,5.15,0.0
f02fff917d5e1f556f7ca2d8e8ddde98179be018c2669a269bf40d4f64b627f7,2025-03-06,9,1,False,1.0,0.0,0.0,0.0,8.0,0.0,8.0,7.7,0.0
f17b0eabd2530f1710fc19c34c4d29cc782a669753833ca0d88f524467cdf67f,2025-03-06,19,1,False,1.0,0.0,0.0,0.0,18.0,5.0,18.0,16.1,0.15
f26a64875adce083be80130e941dbfa6e94f2202ff0c463336c1300ecc5217f6,2025-03-06,10,1,False,1.0,0.0,2.0,0.0,7.0,0.0,7.0,7.25,0.15
f441fbdfbb3a65b7660b581790ec8633cd5e9a2bc3450e46f6f6d948e0ebd96b,2025-03-06,12,1,False,1.0,0.0,0.0,0.0,11.0,0.0,11.0,7.65,0.0
012fb52705cf3c18e19ff7f562c781dcd1736f3e5615ace007e35dee4740f412,2025-03-07,10,1,False,1.0,0.0,0.0,0.0,9.0,0.0,9.0,8.466666666666667,0.0
0604919ff2aebe087b97959084f1fffe2fd89b7e92f8997d6249f5617f0ec041,2025-03-07,9,1,False,1.0,0.0,0.0,0.0,8.0,0.0,8.0,4.633333333333334,0.0
0b9c9b2a643d502fb0470c0e2d25bd40592ae24d88e27a9cca008632f6491e86,2025-03-07,13,1,False,1.0,0.0,0.0,0.0,12.0,0.0,12.0,6.516666666666667,0.0
0bc6fa557a874432991fb3bef6cc8fecfed275284ca1549c6f502f2f2f86388f,2025-03-07,15,1,False,1.0,0.0,0.0,0.0,14.0,0.0,14.0,7.266666666666667,0.0
12881006a16563a03436c3185999cce893916a7f93bd295d9e51c610390a5400,2025-03-07,14,1,False,1.0,0.0,0.0,0.0,13.0,0.0,13.0,6.416666666666667,0.0
13cc67e7ae2b0731f9c20a2adb450d0ab125f700d392f08a01f5019b4da3be89,2025-03-07,9,1,False,1.0,0.0,0.0,0.0,8.0,0.0,8.0,6.966666666666667,0.0
1481a18bb91c683c9f0e63a3c1ffe035a67c1ee64eae546985a4caedd691f154,2025-03-07,7,1,False,1.0,0.0,0.0,0.0,6.0,0.0,6.0,6.416666666666667,0.0
1481cde120f4ec5a6626478c9222dacd947d0d027e33aa5175c391d3f10b05fd,2025-03-07,12,1,False,1.0,0.0,0.0,0.0,11.0,0.0,11.0,7.45,0.0
18757c67dbbb1f193d93dfd2c81d93f261d3cc1ab2b6b4a27daddb2a42f0c1e2,2025-03-07,16,1,False,1.0,0.0,0.0,0.0,15.0,0.0,15.0,7.166666666666667,0.0
1e13a5c6539e75908d998e36f94f2baee29b17d341286f7a2af3163b528a2fcc,2025-03-07,8,1,False,1.0,1.0,0.0,0.0,7.0,0.0,7.0,7.333333333333333,0.2
1e813ac9d9c5fbfa50cba6f0032edaff8652f398c5508cc13faa4cc0af6fc3b9,2025-03-07,6,1,False,1.0,0.0,0.0,0.0,5.0,0.0,5.0,7.85,0.0
1fddb883469b0cd0365153a0ebff0dbefb2b5a252dbaf2b9795ad45003650dcf,2025-03-07,1,1,False,1.0,1.0,0.0,0.0,0.0,0.0,0.0,0.0,0.2
227b301943873690ead2973a5f7d43ef587dc58b46733368a3f16daf8db98925,2025-03-07,6,1,False,1.0,0.0,0.0,0.0,5.0,0.0,5.0,4.55,0.0
269b850943bbddfb37b8186af3d0cd154525f08057e450bdb93ab26f06b9758d,2025-03-07,11,1,False,1.0,1.0,0.0,0.0,10.0,1.0,10.0,7.75,0.35
27ef13206d1090bf126d0f8dd08b66cc346b18eb199192600e14cdc52d7c9a35,2025-03-07,12,1,False,1.0,0.0,0.0,0.0,11.0,0.0,11.0,6.85,0.0
2b4a1e95204243f32c7235a27dbeae5a0e9d42da4c762132ac84c0817875d614,2025-03-07,15,1,False,1.0,0.0,0.0,0.0,14.0,0.0,14.0,7.2,0.0
2fdc8fb359ca03d047fec4ad4d7f3b9cfc23ebf54bee30aec8f1a6431bfd0d6e,2025-03-07,12,1,False,1.0,0.0,0.0,0.0,11.0,2.0,11.0,9.316666666666666,0.15
32c184d9780b5545a856a0a366a71b86deb3a80c4dc92142aaf6bb3437c336b1,2025-03-07,12,1,False,1.0,0.0,0.0,0.0,11.0,0.0,11.0,6.4,0.0
34977907ef51b1295028838fb56ded6159cee0d58c3200a0276324aac366417c,2025-03-07,8,1,False,1.0,0.0,0.0,0.0,7.0,0.0,7.0,3.2,0.0
3634cd4e250467a39545675e2f7386734815df9c667903c8c83b43450723a792,2025-03-07,6,1,False,1.0,0.0,0.0,0.0,5.0,0.0,5.0,8.616666666666667,0.0
369a478c83b6f436dd9aade49d6289f250e18ec2a71b9552d7d9bb884bb2b586,2025-03-07,14,1,False,1.0,0.0,0.0,0.0,13.0,0.0,13.0,7.95,0.0
3c32c4971223e549c349880665fa1e81f054571faf44435a8071b4de6b20dffb,2025-03-07,11,1,False,1.0,0.0,0.0,0.0,10.0,0.0,10.0,6.95,0.0
3e05c7d4c2f91af414e809d408787184297b351d1907c225f6f1e75fbec1f3a3,2025-03-07,7,1,False,1.0,0.0,0.0,0.0,6.0,0.0,6.0,7.55,0.0
44e2b71da8273f1b00b9ec55361a1e542f6812bce0acd27214d62e7de86dd6d0,2025-03-07,9,1,False,1.0,0.0,0.0,0.0,8.0,0.0,8.0,7.883333333333334,0.0
4620b38a9a7c0abed1e91cfdc3926234d098446655b643be9342b610365aa1b6,2025-03-07,9,1,False,1.0,0.0,0.0,0.0,8.0,0.0,8.0,7.75,0.0
49b020eb7c127b73472cb4fc893577b87b48690b941ca1067751e5a6e3eab262,2025-03-07,9,1,False,1.0,0.0,0.0,0.0,8.0,0.0,8.0,6.3,0.0
4bef524b2f19749989b990b1af1747f137bfe1d7fbf78fa1358ddfc45b247cf1,2025-03-07,11,1,False,1.0,0.0,0.0,0.0,10.0,0.0,10.0,7.916666666666667,0.0
4ef80c0c47503cd20d3a8157080fb28f38e6524b33375c23d5fcd98a2f64545e,2025-03-07,7,1,False,1.0,0.0,0.0,0.0,6.0,0.0,6.0,8.066666666666666,0.0
5088fc658035905665368960c940882faf61610a4e1ce57a24c6ffc946f0f5a8,2025-03-07,13,1,False,1.0,0.0,0.0,0.0,12.0,0.0,12.0,5.7,0.0
5379232fec078f04af386b787ed0dc69b2a455a27e52e901c773a11d2d0bce7f,2025-03-07,21,1,False,1.0,0.0,0.0,0.0,20.0,17.0,20.0,21.316666666666666,0.15
53a03335d3716bf67d3ed781065280a46863f8d947c2492c4e33cce33f4446d2,2025-03-07,8,1,False,1.0,0.0,0.0,0.0,7.0,0.0,7.0,7.466666666666667,0.0
603fcd2b8449630833d1b6c7313a10e8a2176025a45ca54002988df4de8536dd,2025-03-07,7,1,False,1.0,0.0,0.0,0.0,6.0,0.0,6.0,6.6,0.0
61127469ce0c27e2d19e0e5ecece9227e60515e12a899bc8bbc29e1c8f68a78f,2025-03-07,17,1,False,1.0,0.0,2.0,0.0,14.0,0.0,14.0,4.066666666666666,0.15
62009223daa0ff462d9b377b2b31f5c85b4e95caf611f5339cbb2b5e1dc9cab5,2025-03-07,16,1,False,1.0,0.0,0.0,0.0,15.0,0.0,15.0,9.233333333333333,0.0
620ea76a7f314a9faecfaadf110510d2abcf73e79e56e93b476e80794b9e251f,2025-03-07,14,1,False,1.0,0.0,0.0,0.0,13.0,0.0,13.0,7.816666666666666,0.0
685e9623979d1c18a11af39701aaf24188e1a40aee4c205c4d3220d26708793d,2025-03-07,12,1,False,1.0,0.0,0.0,0.0,11.0,0.0,11.0,7.633333333333334,0.0
69295bad69cbd357f13dc891b598791ab746ad0ed9cea2f9da57019f70c847b6,2025-03-07,13,1,False,1.0,0.0,0.0,0.0,12.0,0.0,12.0,7.55,0.0
6ac76fd52b6451030fdaa8cce0d1126104c034aa0d6cff3c078311dce03e36e5,2025-03-07,7,1,False,1.0,0.0,0.0,0.0,6.0,0.0,6.0,7.866666666666666,0.0
6e0553bc94f1b3457a68943cdeb271536fa0ca87652900b8c47b6b4e2eabc4b7,2025-03-07,9,1,False,1.0,0.0,0.0,0.0,8.0,0.0,8.0,7.433333333333334,0.0
71c200742f059a8380e2f3dd53ca613e2cdd705c24898e5957d46fefeff67336,2025-03-07,8,1,False,1.0,0.0,0.0,0.0,7.0,0.0,7.0,5.666666666666667,0.0
768115c2eaa5bf872b6f73af67403e31127811d5dfdaa65f5998e7f57a6be1ca,2025-03-07,13,1,False,1.0,0.0,0.0,0.0,12.0,0.0,12.0,7.383333333333334,0.0
77a935bf01e27db1c86c62c6082710b6fe7046028279183cc90fc11b5a21dd3c,2025-03-07,12,1,False,1.0,0.0,0.0,0.0,11.0,0.0,11.0,7.116666666666666,0.0
7b291901ed6fc90c51c56024b33122026451c19dfa4736a37621d21afa86ab5a,2025-03-07,15,1,False,1.0,0.0,0.0,0.0,14.0,0.0,14.0,6.633333333333334,0.0
7d64092a6e7dfd07913942876a0c314955bce8dc9fcabd12166bcf1ad5666185,2025-03-07,17,1,False,1.0,0.0,2.0,0.0,14.0,0.0,14.0,8.15,0.15
7faca1558937aea9797473b24d153f084fc8bc52e7e16da8f8bf4c48b587b358,2025-03-07,7,1,False,1.0,0.0,0.0,0.0,6.0,0.0,6.0,6.2,0.0
806e62fd6dd962469b9425c2f7b2550582df8623e5c711ade163292a626414aa,2025-03-07,9,1,False,1.0,0.0,0.0,0.0,8.0,0.0,8.0,6.3,0.0
85bf8422bdd496aa90249b85acbd42b16a6a0ed3121a586f0bcc607d16d09d80,2025-03-07,10,1,False,1.0,0.0,0.0,0.0,9.0,0.0,9.0,7.183333333333334,0.0
88b53efa4c89ad7a3d90cf3c01046d714f1adff9827d0eb5754b4ef76c64f039,2025-03-07,15,1,False,1.0,0.0,0.0,0.0,14.0,0.0,14.0,6.25,0.0
8eb9feaf80cb3b47e639148a128ff9ae2b814462106966998a7656825b71fa7d,2025-03-07,10,1,False,1.0,0.0,0.0,0.0,9.0,0.0,9.0,7.683333333333334,0.0
924ed1bb3874124ad2e307aa33a7e5791cc81dd30c0c079d54cfc1ea14ee310a,2025-03-07,7,1,False,1.0,0.0,0.0,0.0,6.0,0.0,6.0,5.05,0.0
939b9328b580200251e640b1f2170850525f4fefe336c98f053407a0725f9849,2025-03-07,13,1,False,1.0,0.0,0.0,0.0,12.0,1.0,12.0,8.3,0.15
9a31e4091d5c4c7fb8b9377b091ea9caa9cf26c36e62547a85992d9e109b1b9c,2025-03-07,6,1,False,1.0,0.0,0.0,0.0,5.0,0.0,5.0,7.616666666666666,0.0
9e007677846640b2acc599b1d1d498a20ff8260eeda2d49338e3b6ed111045a9,2025-03-07,7,1,False,1.0,0.0,0.0,0.0,6.0,0.0,6.0,7.783333333333333,0.0
9e7a5e914136e41ca82c366fd529e02d961e7ed1a6019ff724f06dbe447fbb88,2025-03-07,10,1,False,1.0,0.0,0.0,0.0,9.0,0.0,9.0,7.85,0.0
a8848b387af6359642c71478f693e4643381802ccc97f2b0c353264d7729405c,2025-03-07,12,1,False,1.0,0.0,0.0,0.0,11.0,0.0,11.0,5.616666666666666,0.0
b55080c0db11860ea934ecf297a13cf247817b3e34562a5897c18ff2cfa07f07,2025-03-07,16,1,False,1.0,0.0,0.0,0.0,15.0,0.0,15.0,4.8,0.0
b66c51931f321cca81cc9195f90b3174ae82ebb56c74459770f7800e347ca3b0,2025-03-07,13,1,False,1.0,0.0,0.0,0.0,12.0,0.0,12.0,5.4,0.0
b8e6c17d68aafa670b598b1cf0c0bd73a2937d6abb11055fded76b5e53231165,2025-03-07,15,1,False,1.0,0.0,0.0,0.0,14.0,1.0,14.0,9.533333333333333,0.15
bc60389887dd911a09f472d0f840e5a268d310cd13f422bfc6f811eb916ec82f,2025-03-07,16,1,False,1.0,0.0,0.0,0.0,15.0,0.0,15.0,6.816666666666666,0.0
c2fa44374f0aab02cb57c9ed348bb43c1fd456bfdf5b296c4f72174a002cd27f,2025-03-07,18,1,False,1.0,1.0,0.0,0.0,17.0,15.0,17.0,20.933333333333334,0.35
c5a8e30eed6744da0b641f474ebb407a75bc6fd07bd6e3c7aeb522c884dd456b,2025-03-07,13,1,False,1.0,0.0,0.0,0.0,12.0,0.0,12.0,6.016666666666667,0.0
c734a9d4fd20facb7d4e2f69c7a7be0a0263956653fc71b8d25ad3ed7a1ba446,2025-03-07,9,1,False,1.0,0.0,0.0,0.0,8.0,0.0,8.0,5.2,0.0
cb50b7517e0741a49adb67908546647f1da3398d8c72f00f00e9ba111909654b,2025-03-07,6,1,False,1.0,0.0,0.0,0.0,5.0,0.0,5.0,5.1,0.0
cc4113bc0f389ec5987bdc5cae8e94c8c01f0c5e127a5fc2b0ef752d7226c0ca,2025-03-07,13,1,False,1.0,0.0,0.0,0.0,12.0,0.0,12.0,7.883333333333334,0.0
cca321773f148695c0ffc5ed365db650aadc5ecdd13b4ddb3e6b57f38bf5a719,2025-03-07,8,1,False,1.0,0.0,0.0,0.0,7.0,0.0,7.0,5.95,0.0
d111a1427a39ed7f2d2483db714c5e0d79823bc9ecc62a126e1d144d374d286a,2025-03-07,13,1,False,1.0,0.0,0.0,0.0,12.0,0.0,12.0,6.816666666666666,0.0
dab294f3951611f65a9b1e6408fbad19981d1b65b76c28c3408dac6a6b93bbc8,2025-03-07,14,1,False,1.0,0.0,0.0,0.0,13.0,0.0,13.0,7.5,0.0
ddee12fc509b00889675d637518a8f7dfe216a200b6ad812c397b77d8bccb88b,2025-03-07,11,1,False,1.0,0.0,0.0,0.0,10.0,0.0,10.0,5.483333333333333,0.0
e001292c71d84c28529aed04ab0af1efa767893752908a7b7645f33d09aab74b,2025-03-07,16,1,False,1.0,0.0,0.0,0.0,15.0,0.0,15.0,5.783333333333333,0.0
e1a146fdbba0f457a2ea0a102e2c24872edc75865f95a9b842fcefa68e455266,2025-03-07,12,1,False,1.0,0.0,0.0,0.0,11.0,2.0,11.0,9.75,0.15
e498ed2d854e821dd717169a7b55e586bb647b3bd1ef51990cbd4e847791cc49,2025-03-07,8,1,False,1.0,0.0,0.0,0.0,7.0,0.0,7.0,6.616666666666666,0.0
e72c6ef5ea8445fc95b1c3ca1c82368b6c9adc8a29368110f51d81735f76f11c,2025-03-07,15,1,False,1.0,0.0,0.0,0.0,14.0,0.0,14.0,5.866666666666666,0.0
ea171ad8a99227777c2e7c1664c91caf9c08e47d4ba5c09165812a6d9633998c,2025-03-07,12,1,False,1.0,0.0,0.0,0.0,11.0,0.0,11.0,7.666666666666667,0.0
eac146261339b15b8a1e873ed372802ae1c5198377cc8e0f4a23d21bcead9c02,2025-03-07,13,1,False,1.0,0.0,0.0,0.0,12.0,0.0,12.0,7.616666666666666,0.0
ec8eef52024b6815e3113797e206a360a9c324efc2f400801d5eb1179b75a43d,2025-03-07,10,1,False,1.0,0.0,0.0,0.0,9.0,0.0,9.0,7.016666666666667,0.0
eecce08639c689fc3170d254f909a8dedd091d778d0ae7aa829c656b8d085cdd,2025-03-07,14,1,False,1.0,0.0,0.0,0.0,13.0,0.0,13.0,6.666666666666667,0.0
f02fff917d5e1f556f7ca2d8e8ddde98179be018c2669a269bf40d4f64b627f7,2025-03-07,7,1,False,1.0,0.0,0.0,0.0,6.0,0.0,6.0,8.233333333333333,0.0
f17b0eabd2530f1710fc19c34c4d29cc782a669753833ca0d88f524467cdf67f,2025-03-07,15,1,False,1.0,0.0,0.0,0.0,14.0,0.0,14.0,6.616666666666666,0.0
f26a64875adce083be80130e941dbfa6e94f2202ff0c463336c1300ecc5217f6,2025-03-07,11,1,False,1.0,0.0,0.0,0.0,10.0,0.0,10.0,7.7,0.0
f441fbdfbb3a65b7660b581790ec8633cd5e9a2bc3450e46f6f6d948e0ebd96b,2025-03-07,8,1,False,1.0,0.0,0.0,0.0,7.0,0.0,7.0,6.816666666666666,0.0
1fddb883469b0cd0365153a0ebff0dbefb2b5a252dbaf2b9795ad45003650dcf,2025-03-08,13,1,False,0.0,0.0,0.0,0.0,13.0,13.0,13.0,5.583333333333333,0.15
c2fa44374f0aab02cb57c9ed348bb43c1fd456bfdf5b296c4f72174a002cd27f,2025-03-08,3,1,False,0.0,0.0,0.0,0.0,3.0,3.0,3.0,0.31666666666666665,0.15
012fb52705cf3c18e19ff7f562c781dcd1736f3e5615ace007e35dee4740f412,2025-03-10,6,1,False,1.0,0.0,0.0,0.0,5.0,0.0,5.0,7.333333333333333,0.0
0604919ff2aebe087b97959084f1fffe2fd89b7e92f8997d6249f5617f0ec041,2025-03-10,12,1,False,1.0,0.0,0.0,0.0,11.0,0.0,11.0,6.816666666666666,0.0
0b9c9b2a643d502fb0470c0e2d25bd40592ae24d88e27a9cca008632f6491e86,2025-03-10,15,1,False,1.0,0.0,0.0,0.0,14.0,0.0,14.0,6.25,0.0
0bc6fa557a874432991fb3bef6cc8fecfed275284ca1549c6f502f2f2f86388f,2025-03-10,6,1,False,1.0,0.0,0.0,0.0,5.0,0.0,5.0,3.55,0.0
12881006a16563a03436c3185999cce893916a7f93bd295d9e51c610390a5400,2025-03-10,11,1,False,1.0,0.0,0.0,0.0,10.0,0.0,10.0,7.683333333333334,0.0
13cc67e7ae2b0731f9c20a2adb450d0ab125f700d392f08a01f5019b4da3be89,2025-03-10,8,1,False,1.0,0.0,0.0,0.0,7.0,0.0,7.0,7.683333333333334,0.0
1481a18bb91c683c9f0e63a3c1ffe035a67c1ee64eae546985a4caedd691f154,2025-03-10,14,1,False,1.0,0.0,0.0,0.0,13.0,0.0,13.0,8.2,0.0
1481cde120f4ec5a6626478c9222dacd947d0d027e33aa5175c391d3f10b05fd,2025-03-10,12,1,False,1.0,0.0,0.0,0.0,11.0,0.0,11.0,6.9,0.0
18757c67dbbb1f193d93dfd2c81d93f261d3cc1ab2b6b4a27daddb2a42f0c1e2,2025-03-10,8,1,False,1.0,0.0,0.0,0.0,7.0,0.0,7.0,7.566666666666666,0.0
1e13a5c6539e75908d998e36f94f2baee29b17d341286f7a2af3163b528a2fcc,2025-03-10,16,1,False,1.0,0.0,0.0,0.0,15.0,0.0,15.0,7.15,0.0
1e813ac9d9c5fbfa50cba6f0032edaff8652f398c5508cc13faa4cc0af6fc3b9,2025-03-10,6,1,False,1.0,0.0,0.0,0.0,5.0,0.0,5.0,7.516666666666667,0.0
1fddb883469b0cd0365153a0ebff0dbefb2b5a252dbaf2b9795ad45003650dcf,2025-03-10,15,1,False,1.0,0.0,0.0,0.0,14.0,1.0,14.0,9.3,0.15
227b301943873690ead2973a5f7d43ef587dc58b46733368a3f16daf8db98925,2025-03-10,7,1,False,1.0,0.0,0.0,0.0,6.0,0.0,6.0,7.1,0.0
269b850943bbddfb37b8186af3d0cd154525f08057e450bdb93ab26f06b9758d,2025-03-10,13,1,False,1.0,0.0,0.0,0.0,12.0,1.0,12.0,7.233333333333333,0.15
27ef13206d1090bf126d0f8dd08b66cc346b18eb199192600e14cdc52d7c9a35,2025-03-10,14,1,False,1.0,0.0,0.0,0.0,13.0,0.0,13.0,5.8,0.0
2b4a1e95204243f32c7235a27dbeae5a0e9d42da4c762132ac84c0817875d614,2025-03-10,12,1,False,1.0,0.0,0.0,0.0,11.0,0.0,11.0,6.916666666666667,0.0
2fdc8fb359ca03d047fec4ad4d7f3b9cfc23ebf54bee30aec8f1a6431bfd0d6e,2025-03-10,9,1,False,1.0,0.0,0.0,0.0,8.0,0.0,8.0,7.733333333333333,0.0
32c184d9780b5545a856a0a366a71b86deb3a80c4dc92142aaf6bb3437c336b1,2025-03-10,9,1,False,1.0,0.0,0.0,0.0,8.0,0.0,8.0,9.133333333333333,0.0
34977907ef51b1295028838fb56ded6159cee0d58c3200a0276324aac366417c,2025-03-10,14,1,False,1.0,0.0,0.0,0.0,13.0,0.0,13.0,7.866666666666666,0.0
3634cd4e250467a39545675e2f7386734815df9c667903c8c83b43450723a792,2025-03-10,8,1,False,1.0,0.0,0.0,0.0,7.0,0.0,7.0,8.166666666666666,0.0
369a478c83b6f436dd9aade49d6289f250e18ec2a71b9552d7d9bb884bb2b586,2025-03-10,14,1,False,1.0,0.0,0.0,0.0,13.0,0.0,13.0,6.1,0.0
3c32c4971223e549c349880665fa1e81f054571faf44435a8071b4de6b20dffb,2025-03-10,13,1,False,1.0,0.0,0.0,0.0,12.0,0.0,12.0,7.283333333333333,0.0
3e05c7d4c2f91af414e809d408787184297b351d1907c225f6f1e75fbec1f3a3,2025-03-10,7,1,False,1.0,0.0,0.0,0.0,6.0,0.0,6.0,8.2,0.0
44e2b71da8273f1b00b9ec55361a1e542f6812bce0acd27214d62e7de86dd6d0,2025-03-10,8,1,False,1.0,0.0,0.0,0.0,7.0,0.0,7.0,6.466666666666667,0.0
4620b38a9a7c0abed1e91cfdc3926234d098446655b643be9342b610365aa1b6,2025-03-10,8,1,False,1.0,0.0,0.0,0.0,7.0,0.0,7.0,6.516666666666667,0.0
49b020eb7c127b73472cb4fc893577b87b48690b941ca1067751e5a6e3eab262,2025-03-10,9,1,False,1.0,0.0,0.0,0.0,8.0,0.0,8.0,7.066666666666666,0.0
4bef524b2f19749989b990b1af1747f137bfe1d7fbf78fa1358ddfc45b247cf1,2025-03-10,7,1,False,1.0,0.0,0.0,0.0,6.0,0.0,6.0,7.35,0.0
4ef80c0c47503cd20d3a8157080fb28f38e6524b33375c23d5fcd98a2f64545e,2025-03-10,11,1,False,1.0,0.0,0.0,0.0,10.0,0.0,10.0,6.1,0.0
5088fc658035905665368960c940882faf61610a4e1ce57a24c6ffc946f0f5a8,2025-03-10,12,1,False,1.0,0.0,0.0,0.0,11.0,0.0,11.0,6.083333333333333,0.0
5379232fec078f04af386b787ed0dc69b2a455a27e52e901c773a11d2d0bce7f,2025-03-10,8,1,False,1.0,0.0,0.0,0.0,7.0,0.0,7.0,7.5,0.0
53a03335d3716bf67d3ed781065280a46863f8d947c2492c4e33cce33f4446d2,2025-03-10,12,1,False,1.0,0.0,0.0,0.0,11.0,0.0,11.0,6.05,0.0
603fcd2b8449630833d1b6c7313a10e8a2176025a45ca54002988df4de8536dd,2025-03-10,12,1,False,1.0,0.0,0.0,0.0,11.0,0.0,11.0,7.7,0.0
61127469ce0c27e2d19e0e5ecece9227e60515e12a899bc8bbc29e1c8f68a78f,2025-03-10,14,1,False,1.0,0.0,0.0,0.0,13.0,0.0,13.0,7.666666666666667,0.0
62009223daa0ff462d9b377b2b31f5c85b4e95caf611f5339cbb2b5e1dc9cab5,2025-03-10,15,1,False,1.0,0.0,0.0,0.0,14.0,0.0,14.0,7.833333333333333,0.0
620ea76a7f314a9faecfaadf110510d2abcf73e79e56e93b476e80794b9e251f,2025-03-10,16,1,False,1.0,0.0,0.0,0.0,15.0,0.0,15.0,8.05,0.0
685e9623979d1c18a11af39701aaf24188e1a40aee4c205c4d3220d26708793d,2025-03-10,11,1,False,1.0,0.0,0.0,0.0,10.0,0.0,10.0,7.816666666666666,0.0
69295bad69cbd357f13dc891b598791ab746ad0ed9cea2f9da57019f70c847b6,2025-03-10,16,1,False,1.0,0.0,0.0,0.0,15.0,0.0,15.0,7.983333333333333,0.0
6ac76fd52b6451030fdaa8cce0d1126104c034aa0d6cff3c078311dce03e36e5,2025-03-10,7,1,False,1.0,0.0,0.0,0.0,6.0,2.0,6.0,9.016666666666667,0.15
6e0553bc94f1b3457a68943cdeb271536fa0ca87652900b8c47b6b4e2eabc4b7,2025-03-10,15,1,False,1.0,0.0,0.0,0.0,14.0,0.0,14.0,8.666666666666666,0.0
71c200742f059a8380e2f3dd53ca613e2cdd705c24898e5957d46fefeff67336,2025-03-10,7,1,False,1.0,0.0,0.0,0.0,6.0,0.0,6.0,5.15,0.0
768115c2eaa5bf872b6f73af67403e31127811d5dfdaa65f5998e7f57a6be1ca,2025-03-10,15,1,False,1.0,0.0,0.0,0.0,14.0,0.0,14.0,7.216666666666667,0.0
77a935bf01e27db1c86c62c6082710b6fe7046028279183cc90fc11b5a21dd3c,2025-03-10,14,1,False,1.0,0.0,0.0,0.0,13.0,1.0,13.0,8.75,0.15
7b291901ed6fc90c51c56024b33122026451c19dfa4736a37621d21afa86ab5a,2025-03-10,16,1,False,1.0,0.0,0.0,0.0,15.0,0.0,15.0,7.066666666666666,0.0
7d64092a6e7dfd07913942876a0c314955bce8dc9fcabd12166bcf1ad5666185,2025-03-10,12,1,False,1.0,0.0,0.0,0.0,11.0,0.0,11.0,7.1,0.0
7faca1558937aea9797473b24d153f084fc8bc52e7e16da8f8bf4c48b587b358,2025-03-10,11,1,False,1.0,0.0,0.0,0.0,10.0,0.0,10.0,6.316666666666666,0.0
806e62fd6dd962469b9425c2f7b2550582df8623e5c711ade163292a626414aa,2025-03-10,17,1,False,1.0,0.0,2.0,0.0,14.0,0.0,14.0,8.4,0.15
85bf8422bdd496aa90249b85acbd42b16a6a0ed3121a586f0bcc607d16d09d80,2025-03-10,11,1,False,1.0,0.0,0.0,0.0,10.0,0.0,10.0,7.633333333333334,0.0
88b53efa4c89ad7a3d90cf3c01046d714f1adff9827d0eb5754b4ef76c64f039,2025-03-10,15,1,False,1.0,0.0,0.0,0.0,14.0,0.0,14.0,6.383333333333334,0.0
8eb9feaf80cb3b47e639148a128ff9ae2b814462106966998a7656825b71fa7d,2025-03-10,7,1,False,1.0,0.0,0.0,0.0,6.0,0.0,6.0,7.566666666666666,0.0
924ed1bb3874124ad2e307aa33a7e5791cc81dd30c0c079d54cfc1ea14ee310a,2025-03-10,8,1,False,1.0,0.0,0.0,0.0,7.0,0.0,7.0,5.35,0.0
939b9328b580200251e640b1f2170850525f4fefe336c98f053407a0725f9849,2025-03-10,10,1,False,1.0,0.0,0.0,0.0,9.0,0.0,9.0,5.85,0.0
9a31e4091d5c4c7fb8b9377b091ea9caa9cf26c36e62547a85992d9e109b1b9c,2025-03-10,11,1,False,1.0,0.0,0.0,0.0,10.0,1.0,10.0,8.633333333333333,0.15
9e007677846640b2acc599b1d1d498a20ff8260eeda2d49338e3b6ed111045a9,2025-03-10,16,1,False,1.0,0.0,0.0,0.0,15.0,0.0,15.0,6.233333333333333,0.0
9e7a5e914136e41ca82c366fd529e02d961e7ed1a6019ff724f06dbe447fbb88,2025-03-10,7,1,False,1.0,0.0,0.0,0.0,6.0,2.0,6.0,8.65,0.15
a8848b387af6359642c71478f693e4643381802ccc97f2b0c353264d7729405c,2025-03-10,9,1,False,1.0,0.0,0.0,0.0,8.0,0.0,8.0,9.266666666666667,0.0
b55080c0db11860ea934ecf297a13cf247817b3e34562a5897c18ff2cfa07f07,2025-03-10,15,1,False,1.0,0.0,0.0,0.0,14.0,0.0,14.0,5.3,0.0
b66c51931f321cca81cc9195f90b3174ae82ebb56c74459770f7800e347ca3b0,2025-03-10,13,1,False,1.0,0.0,0.0,0.0,12.0,0.0,12.0,6.0,0.0
b8e6c17d68aafa670b598b1cf0c0bd73a2937d6abb11055fded76b5e53231165,2025-03-10,8,1,False,1.0,0.0,0.0,0.0,7.0,0.0,7.0,7.916666666666667,0.0
bc60389887dd911a09f472d0f840e5a268d310cd13f422bfc6f811eb916ec82f,2025-03-10,6,1,False,1.0,0.0,0.0,0.0,5.0,0.0,5.0,5.65,0.0
c2fa44374f0aab02cb57c9ed348bb43c1fd456bfdf5b296c4f72174a002cd27f,2025-03-10,7,1,False,1.0,0.0,0.0,0.0,6.0,0.0,6.0,8.2,0.0
c5a8e30eed6744da0b641f474ebb407a75bc6fd07bd6e3c7aeb522c884dd456b,2025-03-10,15,1,False,1.0,0.0,0.0,0.0,14.0,0.0,14.0,4.85,0.0
c734a9d4fd20facb7d4e2f69c7a7be0a0263956653fc71b8d25ad3ed7a1ba446,2025-03-10,12,1,False,1.0,0.0,0.0,0.0,11.0,0.0,11.0,7.9,0.0
cb50b7517e0741a49adb67908546647f1da3398d8c72f00f00e9ba111909654b,2025-03-10,13,1,False,1.0,0.0,0.0,0.0,12.0,0.0,12.0,8.116666666666667,0.0
cc4113bc0f389ec5987bdc5cae8e94c8c01f0c5e127a5fc2b0ef752d7226c0ca,2025-03-10,10,1,False,1.0,0.0,0.0,0.0,9.0,0.0,9.0,7.433333333333334,0.0
cca321773f148695c0ffc5ed365db650aadc5ecdd13b4ddb3e6b57f38bf5a719,2025-03-10,15,1,False,1.0,0.0,0.0,0.0,14.0,0.0,14.0,7.266666666666667,0.0
d111a1427a39ed7f2d2483db714c5e0d79823bc9ecc62a126e1d144d374d286a,2025-03-10,10,1,False,1.0,0.0,0.0,0.0,9.0,0.0,9.0,8.266666666666667,0.0
dab294f3951611f65a9b1e6408fbad19981d1b65b76c28c3408dac6a6b93bbc8,2025-03-10,14,1,False,1.0,0.0,0.0,0.0,13.0,0.0,13.0,8.333333333333334,0.0
ddee12fc509b00889675d637518a8f7dfe216a200b6ad812c397b77d8bccb88b,2025-03-10,15,1,False,1.0,0.0,0.0,0.0,14.0,2.0,14.0,9.366666666666667,0.15
e001292c71d84c28529aed04ab0af1efa767893752908a7b7645f33d09aab74b,2025-03-10,10,1,False,1.0,0.0,0.0,0.0,9.0,0.0,9.0,6.216666666666667,0.0
e1a146fdbba0f457a2ea0a102e2c24872edc75865f95a9b842fcefa68e455266,2025-03-10,14,1,False,1.0,0.0,0.0,0.0,13.0,0.0,13.0,5.383333333333334,0.0
e498ed2d854e821dd717169a7b55e586bb647b3bd1ef51990cbd4e847791cc49,2025-03-10,9,1,False,1.0,0.0,0.0,0.0,8.0,0.0,8.0,8.933333333333334,0.0
e72c6ef5ea8445fc95b1c3ca1c82368b6c9adc8a29368110f51d81735f76f11c,2025-03-10,6,1,False,1.0,0.0,0.0,0.0,5.0,0.0,5.0,4.35,0.0
ea171ad8a99227777c2e7c1664c91caf9c08e47d4ba5c09165812a6d9633998c,2025-03-10,9,1,False,1.0,0.0,0.0,0.0,8.0,0.0,8.0,6.116666666666666,0.0
eac146261339b15b8a1e873ed372802ae1c5198377cc8e0f4a23d21bcead9c02,2025-03-10,16,1,False,1.0,0.0,0.0,0.0,15.0,0.0,15.0,7.7,0.0
ec8eef52024b6815e3113797e206a360a9c324efc2f400801d5eb1179b75a43d,2025-03-10,13,1,False,1.0,0.0,0.0,0.0,12.0,3.0,12.0,10.3,0.15
eecce08639c689fc3170d254f909a8dedd091d778d0ae7aa829c656b8d085cdd,2025-03-10,11,1,False,1.0,0.0,0.0,0.0,10.0,0.0,10.0,6.483333333333333,0.0
f02fff917d5e1f556f7ca2d8e8ddde98179be018c2669a269bf40d4f64b627f7,2025-03-10,8,1,False,1.0,0.0,0.0,0.0,7.0,0.0,7.0,6.283333333333333,0.0
f17b0eabd2530f1710fc19c34c4d29cc782a669753833ca0d88f524467cdf67f,2025-03-10,12,1,False,1.0,0.0,0.0,0.0,11.0,0.0,11.0,8.1,0.0
f26a64875adce083be80130e941dbfa6e94f2202ff0c463336c1300ecc5217f6,2025-03-10,11,1,False,1.0,0.0,0.0,0.0,10.0,0.0,10.0,7.4,0.0
f441fbdfbb3a65b7660b581790ec8633cd5e9a2bc3450e46f6f6d948e0ebd96b,2025-03-10,15,1,False,1.0,0.0,0.0,0.0,14.0,0.0,14.0,7.016666666666667,0.0
012fb52705cf3c18e19ff7f562c781dcd1736f3e5615ace007e35dee4740f412,2025-03-11,16,1,False,1.0,0.0,0.0,0.0,15.0,0.0,15.0,6.433333333333334,0.0
0604919ff2aebe087b97959084f1fffe2fd89b7e92f8997d6249f5617f0ec041,2025-03-11,10,1,False,1.0,0.0,0.0,0.0,9.0,0.0,9.0,8.55,0.0
0b9c9b2a643d502fb0470c0e2d25bd40592ae24d88e27a9cca008632f6491e86,2025-03-11,7,1,False,1.0,0.0,0.0,0.0,6.0,2.0,6.0,9.983333333333333,0.15
0bc6fa557a874432991fb3bef6cc8fecfed275284ca1549c6f502f2f2f86388f,2025-03-11,7,1,False,1.0,0.0,0.0,0.0,6.0,0.0,6.0,6.466666666666667,0.0
12881006a16563a03436c3185999cce893916a7f93bd295d9e51c610390a5400,2025-03-11,12,1,False,1.0,0.0,0.0,0.0,11.0,2.0,11.0,8.383333333333333,0.15
13cc67e7ae2b0731f9c20a2adb450d0ab125f700d392f08a01f5019b4da3be89,2025-03-11,16,1,False,1.0,0.0,0.0,0.0,15.0,0.0,15.0,7.55,0.0
1481a18bb91c683c9f0e63a3c1ffe035a67c1ee64eae546985a4caedd691f154,2025-03-11,13,1,False,1.0,0.0,0.0,0.0,12.0,2.0,12.0,9.183333333333334,0.15
1481cde120f4ec5a6626478c9222dacd947d0d027e33aa5175c391d3f10b05fd,2025-03-11,13,1,False,1.0,0.0,0.0,0.0,12.0,0.0,12.0,6.866666666666666,0.0
18757c67dbbb1f193d93dfd2c81d93f261d3cc1ab2b6b4a27daddb2a42f0c1e2,2025-03-11,16,1,False,1.0,0.0,0.0,0.0,15.0,0.0,15.0,6.883333333333334,0.0
1e13a5c6539e75908d998e36f94f2baee29b17d341286f7a2af3163b528a2fcc,2025-03-11,12,1,False,1.0,0.0,0.0,0.0,11.0,0.0,11.0,9.45,0.0
1e813ac9d9c5fbfa50cba6f0032edaff8652f398c5508cc13faa4cc0af6fc3b9,2025-03-11,13,1,False,1.0,0.0,0.0,0.0,12.0,0.0,12.0,7.166666666666667,0.0
1fddb883469b0cd0365153a0ebff0dbefb2b5a252dbaf2b9795ad45003650dcf,2025-03-11,7,1,False,1.0,0.0,0.0,0.0,6.0,0.0,6.0,5.016666666666667,0.0
227b301943873690ead2973a5f7d43ef587dc58b46733368a3f16daf8db98925,2025-03-11,9,1,False,1.0,0.0,0.0,0.0,8.0,0.0,8.0,5.3,0.0
269b850943bbddfb37b8186af3d0cd154525f08057e450bdb93ab26f06b9758d,2025-03-11,13,1,False,1.0,0.0,0.0,0.0,12.0,0.0,12.0,7.566666666666666,0.0
27ef13206d1090bf126d0f8dd08b66cc346b18eb199192600e14cdc52d7c9a35,2025-03-11,13,1,False,1.0,0.0,0.0,0.0,12.0,1.0,12.0,9.833333333333334,0.15
2b4a1e95204243f32c7235a27dbeae5a0e9d42da4c762132ac84c0817875d614,2025-03-11,6,1,False,1.0,0.0,0.0,0.0,5.0,0.0,5.0,8.183333333333334,0.0
2fdc8fb359ca03d047fec4ad4d7f3b9cfc23ebf54bee30aec8f1a6431bfd0d6e,2025-03-11,12,1,False,1.0,0.0,0.0,0.0,11.0,0.0,11.0,7.083333333333333,0.0
32c184d9780b5545a856a0a366a71b86deb3a80c4dc92142aaf6bb3437c336b1,2025-03-11,6,1,False,1.0,0.0,0.0,0.0,5.0,0.0,5.0,7.366666666666666,0.0
34977907ef51b1295028838fb56ded6159cee0d58c3200a0276324aac366417c,2025-03-11,13,1,False,1.0,0.0,0.0,0.0,12.0,0.0,12.0,6.733333333333333,0.0
3634cd4e250467a39545675e2f7386734815df9c667903c8c83b43450723a792,2025-03-11,15,1,False,1.0,0.0,0.0,0.0,14.0,1.0,14.0,9.566666666666666,0.15
369a478c83b6f436dd9aade49d6289f250e18ec2a71b9552d7d9bb884bb2b586,2025-03-11,16,1,False,1.0,0.0,0.0,0.0,15.0,0.0,15.0,7.416666666666667,0.0
3c32c4971223e549c349880665fa1e81f054571faf44435a8071b4de6b20dffb,2025-03-11,7,1,False,1.0,0.0,0.0,0.0,6.0,0.0,6.0,8.433333333333334,0.0
3e05c7d4c2f91af414e809d408787184297b351d1907c225f6f1e75fbec1f3a3,2025-03-11,14,1,False,1.0,0.0,0.0,0.0,13.0,0.0,13.0,7.05,0.0
44e2b71da8273f1b00b9ec55361a1e542f6812bce0acd27214d62e7de86dd6d0,2025-03-11,8,1,False,1.0,0.0,0.0,0.0,7.0,0.0,7.0,7.516666666666667,0.0
4620b38a9a7c0abed1e91cfdc3926234d098446655b643be9342b610365aa1b6,2025-03-11,8,1,False,1.0,0.0,0.0,0.0,7.0,0.0,7.0,7.366666666666666,0.0
49b020eb7c127b73472cb4fc893577b87b48690b941ca1067751e5a6e3eab262,2025-03-11,7,1,False,1.0,0.0,0.0,0.0,6.0,0.0,6.0,9.016666666666667,0.0
4bef524b2f19749989b990b1af1747f137bfe1d7fbf78fa1358ddfc45b247cf1,2025-03-11,14,1,False,1.0,0.0,0.0,0.0,13.0,0.0,13.0,7.383333333333334,0.0
4ef80c0c47503cd20d3a8157080fb28f38e6524b33375c23d5fcd98a2f64545e,2025-03-11,9,1,False,1.0,0.0,0.0,0.0,8.0,1.0,8.0,7.533333333333333,0.15
5088fc658035905665368960c940882faf61610a4e1ce57a24c6ffc946f0f5a8,2025-03-11,15,1,False,1.0,0.0,0.0,0.0,14.0,0.0,14.0,7.016666666666667,0.0
5379232fec078f04af386b787ed0dc69b2a455a27e52e901c773a11d2d0bce7f,2025-03-11,16,1,False,1.0,0.0,0.0,0.0,15.0,0.0,15.0,7.033333333333333,0.0
53a03335d3716bf67d3ed781065280a46863f8d947c2492c4e33cce33f4446d2,2025-03-11,6,1,False,1.0,0.0,0.0,0.0,5.0,0.0,5.0,6.35,0.0
603fcd2b8449630833d1b6c7313a10e8a2176025a45ca54002988df4de8536dd,2025-03-11,9,1,False,1.0,0.0,0.0,0.0,8.0,0.0,8.0,5.4,0.0
61127469ce0c27e2d19e0e5ecece9227e60515e12a899bc8bbc29e1c8f68a78f,2025-03-11,10,1,False,1.0,0.0,0.0,0.0,9.0,1.0,9.0,8.483333333333333,0.15
62009223daa0ff462d9b377b2b31f5c85b4e95caf611f5339cbb2b5e1dc9cab5,2025-03-11,11,1,False,1.0,0.0,0.0,0.0,10.0,0.0,10.0,6.833333333333333,0.0
620ea76a7f314a9faecfaadf110510d2abcf73e79e56e93b476e80794b9e251f,2025-03-11,6,1,False,1.0,0.0,0.0,0.0,5.0,0.0,5.0,6.1,0.0
685e9623979d1c18a11af39701aaf24188e1a40aee4c205c4d3220d26708793d,2025-03-11,11,1,False,1.0,0.0,0.0,0.0,10.0,0.0,10.0,7.916666666666667,0.0
69295bad69cbd357f13dc891b598791ab746ad0ed9cea2f9da57019f70c847b6,2025-03-11,12,1,False,1.0,0.0,0.0,0.0,11.0,0.0,11.0,5.733333333333333,0.0
6ac76fd52b6451030fdaa8cce0d1126104c034aa0d6cff3c078311dce03e36e5,2025-03-11,12,1,False,1.0,0.0,0.0,0.0,11.0,0.0,11.0,5.183333333333334,0.0
6e0553bc94f1b3457a68943cdeb271536fa0ca87652900b8c47b6b4e2eabc4b7,2025-03-11,15,1,False,1.0,0.0,0.0,0.0,14.0,0.0,14.0,6.866666666666666,0.0
71c200742f059a8380e2f3dd53ca613e2cdd705c24898e5957d46fefeff67336,2025-03-11,9,1,False,1.0,0.0,0.0,0.0,8.0,0.0,8.0,6.45,0.0
768115c2eaa5bf872b6f73af67403e31127811d5dfdaa65f5998e7f57a6be1ca,2025-03-11,13,1,False,1.0,0.0,0.0,0.0,12.0,0.0,12.0,7.55,0.0
77a935bf01e27db1c86c62c6082710b6fe7046028279183cc90fc11b5a21dd3c,2025-03-11,14,1,False,1.0,0.0,0.0,0.0,13.0,0.0,13.0,6.6,0.0
7b291901ed6fc90c51c56024b33122026451c19dfa4736a37621d21afa86ab5a,2025-03-11,16,1,False,1.0,0.0,0.0,0.0,15.0,0.0,15.0,8.533333333333333,0.0
7d64092a6e7dfd07913942876a0c314955bce8dc9fcabd12166bcf1ad5666185,2025-03-11,8,1,False,1.0,0.0,0.0,0.0,7.0,0.0,7.0,5.266666666666667,0.0
7faca1558937aea9797473b24d153f084fc8bc52e7e16da8f8bf4c48b587b358,2025-03-11,13,1,False,1.0,0.0,0.0,0.0,12.0,1.0,12.0,8.433333333333334,0.15
806e62fd6dd962469b9425c2f7b2550582df8623e5c711ade163292a626414aa,2025-03-11,12,1,False,1.0,0.0,0.0,0.0,11.0,0.0,11.0,7.416666666666667,0.0
85bf8422bdd496aa90249b85acbd42b16a6a0ed3121a586f0bcc607d16d09d80,2025-03-11,15,1,False,1.0,0.0,0.0,0.0,14.0,0.0,14.0,8.4,0.0
88b53efa4c89ad7a3d90cf3c01046d714f1adff9827d0eb5754b4ef76c64f039,2025-03-11,15,1,False,1.0,0.0,0.0,0.0,14.0,0.0,14.0,7.516666666666667,0.0
8eb9feaf80cb3b47e639148a128ff9ae2b814462106966998a7656825b71fa7d,2025-03-11,7,1,False,1.0,0.0,0.0,0.0,6.0,0.0,6.0,6.7,0.0
924ed1bb3874124ad2e307aa33a7e5791cc81dd30c0c079d54cfc1ea14ee310a,2025-03-11,16,1,False,1.0,0.0,0.0,0.0,15.0,0.0,15.0,8.083333333333334,0.0
939b9328b580200251e640b1f2170850525f4fefe336c98f053407a0725f9849,2025-03-11,15,1,False,1.0,1.0,0.0,0.0,14.0,1.0,14.0,10.066666666666666,0.35
9a31e4091d5c4c7fb8b9377b091ea9caa9cf26c36e62547a85992d9e109b1b9c,2025-03-11,10,1,False,1.0,1.0,0.0,0.0,9.0,1.0,9.0,8.0,0.35
9e007677846640b2acc599b1d1d498a20ff8260eeda2d49338e3b6ed111045a9,2025-03-11,14,1,False,1.0,0.0,0.0,0.0,13.0,0.0,13.0,7.583333333333333,0.0
9e7a5e914136e41ca82c366fd529e02d961e7ed1a6019ff724f06dbe447fbb88,2025-03-11,10,1,False,1.0,0.0,0.0,0.0,9.0,0.0,9.0,6.366666666666666,0.0
a8848b387af6359642c71478f693e4643381802ccc97f2b0c353264d7729405c,2025-03-11,6,1,False,1.0,0.0,0.0,0.0,5.0,0.0,5.0,7.433333333333334,0.0
b55080c0db11860ea934ecf297a13cf247817b3e34562a5897c18ff2cfa07f07,2025-03-11,10,1,False,1.0,0.0,0.0,0.0,9.0,0.0,9.0,6.566666666666666,0.0
b66c51931f321cca81cc9195f90b3174ae82ebb56c74459770f7800e347ca3b0,2025-03-11,13,1,False,1.0,0.0,0.0,0.0,12.0,0.0,12.0,7.9,0.0
b8e6c17d68aafa670b598b1cf0c0bd73a2937d6abb11055fded76b5e53231165,2025-03-11,13,1,False,1.0,0.0,0.0,0.0,12.0,0.0,12.0,7.283333333333333,0.0
bc60389887dd911a09f472d0f840e5a268d310cd13f422bfc6f811eb916ec82f,2025-03-11,11,1,False,1.0,0.0,0.0,0.0,10.0,0.0,10.0,7.633333333333334,0.0
c2fa44374f0aab02cb57c9ed348bb43c1fd456bfdf5b296c4f72174a002cd27f,2025-03-11,6,1,False,1.0,0.0,0.0,0.0,5.0,0.0,5.0,3.783333333333333,0.0
c5a8e30eed6744da0b641f474ebb407a75bc6fd07bd6e3c7aeb522c884dd456b,2025-03-11,11,1,False,1.0,0.0,2.0,0.0,8.0,0.0,8.0,7.716666666666667,0.15
c734a9d4fd20facb7d4e2f69c7a7be0a0263956653fc71b8d25ad3ed7a1ba446,2025-03-11,14,1,False,1.0,0.0,0.0,0.0,13.0,0.0,13.0,7.8,0.0
cb50b7517e0741a49adb67908546647f1da3398d8c72f00f00e9ba111909654b,2025-03-11,15,1,False,1.0,0.0,0.0,0.0,14.0,0.0,14.0,8.066666666666666,0.0
cc4113bc0f389ec5987bdc5cae8e94c8c01f0c5e127a5fc2b0ef752d7226c0ca,2025-03-11,10,1,False,1.0,0.0,0.0,0.0,9.0,0.0,9.0,7.033333333333333,0.0
cca321773f148695c0ffc5ed365db650aadc5ecdd13b4ddb3e6b57f38bf5a719,2025-03-11,14,1,False,1.0,0.0,0.0,0.0,13.0,0.0,13.0,7.883333333333334,0.0
d111a1427a39ed7f2d2483db714c5e0d79823bc9ecc62a126e1d144d374d286a,2025-03-11,12,1,False,1.0,0.0,0.0,0.0,11.0,0.0,11.0,7.716666666666667,0.0
dab294f3951611f65a9b1e6408fbad19981d1b65b76c28c3408dac6a6b93bbc8,2025-03-11,8,1,False,1.0,0.0,0.0,0.0,7.0,0.0,7.0,6.266666666666667,0.0
ddee12fc509b00889675d637518a8f7dfe216a200b6ad812c397b77d8bccb88b,2025-03-11,11,1,False,1.0,0.0,0.0,0.0,10.0,0.0,10.0,6.85,0.0
e001292c71d84c28529aed04ab0af1efa767893752908a7b7645f33d09aab74b,2025-03-11,13,1,False,1.0,0.0,0.0,0.0,12.0,0.0,12.0,7.716666666666667,0.0
e1a146fdbba0f457a2ea0a102e2c24872edc75865f95a9b842fcefa68e455266,2025-03-11,13,1,False,1.0,0.0,0.0,0.0,12.0,1.0,12.0,8.75,0.15
e498ed2d854e821dd717169a7b55e586bb647b3bd1ef51990cbd4e847791cc49,2025-03-11,9,1,False,1.0,0.0,0.0,0.0,8.0,0.0,8.0,7.766666666666667,0.0
e72c6ef5ea8445fc95b1c3ca1c82368b6c9adc8a29368110f51d81735f76f11c,2025-03-11,10,1,False,1.0,0.0,0.0,0.0,9.0,0.0,9.0,5.366666666666666,0.0
ea171ad8a99227777c2e7c1664c91caf9c08e47d4ba5c09165812a6d9633998c,2025-03-11,10,1,False,1.0,0.0,0.0,0.0,9.0,2.0,9.0,7.783333333333333,0.15
eac146261339b15b8a1e873ed372802ae1c5198377cc8e0f4a23d21bcead9c02,2025-03-11,14,1,False,1.0,0.0,0.0,0.0,13.0,0.0,13.0,6.183333333333334,0.0
ec8eef52024b6815e3113797e206a360a9c324efc2f400801d5eb1179b75a43d,2025-03-11,14,1,False,1.0,0.0,0.0,0.0,13.0,0.0,13.0,6.433333333333334,0.0
eecce08639c689fc3170d254f909a8dedd091d778d0ae7aa829c656b8d085cdd,2025-03-11,13,1,False,1.0,0.0,0.0,0.0,12.0,0.0,12.0,6.966666666666667,0.0
f02fff917d5e1f556f7ca2d8e8ddde98179be018c2669a269bf40d4f64b627f7,2025-03-11,16,1,False,1.0,0.0,0.0,0.0,15.0,0.0,15.0,7.8,0.0
f17b0eabd2530f1710fc19c34c4d29cc782a669753833ca0d88f524467cdf67f,2025-03-11,7,1,False,1.0,0.0,0.0,0.0,6.0,1.0,6.0,9.833333333333334,0.15
f26a64875adce083be80130e941dbfa6e94f2202ff0c463336c1300ecc5217f6,2025-03-11,7,1,False,1.0,0.0,0.0,0.0,6.0,0.0,6.0,6.466666666666667,0.0
f441fbdfbb3a65b7660b581790ec8633cd5e9a2bc3450e46f6f6d948e0ebd96b,2025-03-11,9,1,False,1.0,0.0,0.0,0.0,8.0,0.0,8.0,7.333333333333333,0.0
012fb52705cf3c18e19ff7f562c781dcd1736f3e5615ace007e35dee4740f412,2025-03-12,8,1,False,1.0,0.0,0.0,0.0,7.0,0.0,7.0,6.516666666666667,0.0
0604919ff2aebe087b97959084f1fffe2fd89b7e92f8997d6249f5617f0ec041,2025-03-12,15,1,False,1.0,0.0,0.0,0.0,14.0,0.0,14.0,7.283333333333333,0.0
0b9c9b2a643d502fb0470c0e2d25bd40592ae24d88e27a9cca008632f6491e86,2025-03-12,11,1,False,1.0,0.0,0.0,0.0,10.0,0.0,10.0,6.616666666666666,0.0
0bc6fa557a874432991fb3bef6cc8fecfed275284ca1549c6f502f2f2f86388f,2025-03-12,9,1,False,1.0,0.0,0.0,0.0,8.0,0.0,8.0,6.483333333333333,0.0
12881006a16563a03436c3185999cce893916a7f93bd295d9e51c610390a5400,2025-03-12,12,1,False,1.0,0.0,0.0,0.0,11.0,0.0,11.0,6.95,0.0
13cc67e7ae2b0731f9c20a2adb450d0ab125f700d392f08a01f5019b4da3be89,2025-03-12,12,1,False,1.0,0.0,0.0,0.0,11.0,0.0,11.0,7.666666666666667,0.0
1481a18bb91c683c9f0e63a3c1ffe035a67c1ee64eae546985a4caedd691f154,2025-03-12,10,1,False,1.0,0.0,0.0,0.0,9.0,0.0,9.0,7.883333333333334,0.0
1481cde120f4ec5a6626478c9222dacd947d0d027e33aa5175c391d3f10b05fd,2025-03-12,8,1,False,1.0,0.0,0.0,0.0,7.0,0.0,7.0,7.283333333333333,0.0
18757c67dbbb1f193d93dfd2c81d93f261d3cc1ab2b6b4a27daddb2a42f0c1e2,2025-03-12,14,1,False,1.0,0.0,0.0,0.0,13.0,3.0,13.0,9.566666666666666,0.15
1e13a5c6539e75908d998e36f94f2baee29b17d341286f7a2af3163b528a2fcc,2025-03-12,15,1,False,1.0,0.0,0.0,0.0,14.0,0.0,14.0,6.633333333333334,0.0
1e813ac9d9c5fbfa50cba6f0032edaff8652f398c5508cc13faa4cc0af6fc3b9,2025-03-12,13,1,False,1.0,0.0,0.0,0.0,12.0,1.0,12.0,9.35,0.15
1fddb883469b0cd0365153a0ebff0dbefb2b5a252dbaf2b9795ad45003650dcf,2025-03-12,15,1,False,1.0,0.0,0.0,0.0,14.0,0.0,14.0,7.25,0.0
227b301943873690ead2973a5f7d43ef587dc58b46733368a3f16daf8db98925,2025-03-12,14,1,False,1.0,0.0,0.0,0.0,13.0,0.0,13.0,8.833333333333334,0.0
269b850943bbddfb37b8186af3d0cd154525f08057e450bdb93ab26f06b9758d,2025-03-12,14,1,False,1.0,0.0,0.0,0.0,13.0,0.0,13.0,7.666666666666667,0.0
27ef13206d1090bf126d0f8dd08b66cc346b18eb199192600e14cdc52d7c9a35,2025-03-12,9,1,False,1.0,0.0,0.0,0.0,8.0,0.0,8.0,6.366666666666666,0.0
2b4a1e95204243f32c7235a27dbeae5a0e9d42da4c762132ac84c0817875d614,2025-03-12,11,1,False,1.0,0.0,0.0,0.0,10.0,0.0,10.0,7.833333333333333,0.0
2fdc8fb359ca03d047fec4ad4d7f3b9cfc23ebf54bee30aec8f1a6431bfd0d6e,2025-03-12,16,1,False,1.0,0.0,0.0,0.0,15.0,0.0,15.0,5.85,0.0
32c184d9780b5545a856a0a366a71b86deb3a80c4dc92142aaf6bb3437c336b1,2025-03-12,14,1,False,1.0,0.0,0.0,0.0,13.0,0.0,13.0,8.95,0.0
34977907ef51b1295028838fb56ded6159cee0d58c3200a0276324aac366417c,2025-03-12,9,1,False,1.0,0.0,0.0,0.0,8.0,0.0,8.0,6.7,0.0
3634cd4e250467a39545675e2f7386734815df9c667903c8c83b43450723a792,2025-03-12,6,1,False,1.0,0.0,0.0,0.0,5.0,0.0,5.0,7.266666666666667,0.0
369a478c83b6f436dd9aade49d6289f250e18ec2a71b9552d7d9bb884bb2b586,2025-03-12,9,1,False,1.0,0.0,0.0,0.0,8.0,0.0,8.0,8.8,0.0
3c32c4971223e549c349880665fa1e81f054571faf44435a8071b4de6b20dffb,2025-03-12,14,1,False,1.0,0.0,0.0,0.0,13.0,0.0,13.0,7.7,0.0
3e05c7d4c2f91af414e809d408787184297b351d1907c225f6f1e75fbec1f3a3,2025-03-12,9,1,False,1.0,0.0,0.0,0.0,8.0,0.0,8.0,7.316666666666666,0.0
44e2b71da8273f1b00b9ec55361a1e542f6812bce0acd27214d62e7de86dd6d0,2025-03-12,13,1,False,1.0,0.0,0.0,0.0,12.0,2.0,12.0,9.066666666666666,0.15
4620b38a9a7c0abed1e91cfdc3926234d098446655b643be9342b610365aa1b6,2025-03-12,10,1,False,1.0,0.0,0.0,0.0,9.0,0.0,9.0,6.183333333333334,0.0
49b020eb7c127b73472cb4fc893577b87b48690b941ca1067751e5a6e3eab262,2025-03-12,8,1,False,1.0,0.0,0.0,0.0,7.0,0.0,7.0,7.516666666666667,0.0
4bef524b2f19749989b990b1af1747f137bfe1d7fbf78fa1358ddfc45b247cf1,2025-03-12,6,1,False,1.0,0.0,0.0,0.0,5.0,0.0,5.0,6.95,0.0
4ef80c0c47503cd20d3a8157080fb28f38e6524b33375c23d5fcd98a2f64545e,2025-03-12,9,1,False,1.0,0.0,0.0,0.0,8.0,0.0,8.0,7.516666666666667,0.0
5088fc658035905665368960c940882faf61610a4e1ce57a24c6ffc946f0f5a8,2025-03-12,12,1,False,1.0,0.0,0.0,0.0,11.0,0.0,11.0,6.9,0.0
5379232fec078f04af386b787ed0dc69b2a455a27e52e901c773a11d2d0bce7f,2025-03-12,16,1,False,1.0,0.0,0.0,0.0,15.0,1.0,15.0,8.616666666666667,0.15
53a03335d3716bf67d3ed781065280a46863f8d947c2492c4e33cce33f4446d2,2025-03-12,6,1,False,1.0,0.0,0.0,0.0,5.0,1.0,5.0,9.416666666666666,0.15
603fcd2b8449630833d1b6c7313a10e8a2176025a45ca54002988df4de8536dd,2025-03-12,13,1,False,1.0,0.0,0.0,0.0,12.0,4.0,12.0,14.283333333333333,0.15
61127469ce0c27e2d19e0e5ecece9227e60515e12a899bc8bbc29e1c8f68a78f,2025-03-12,16,1,False,1.0,0.0,0.0,0.0,15.0,0.0,15.0,8.633333333333333,0.0
62009223daa0ff462d9b377b2b31f5c85b4e95caf611f5339cbb2b5e1dc9cab5,2025-03-12,11,1,False,1.0,0.0,0.0,0.0,10.0,0.0,10.0,6.516666666666667,0.0
620ea76a7f314a9faecfaadf110510d2abcf73e79e56e93b476e80794b9e251f,2025-03-12,8,1,False,1.0,0.0,0.0,0.0,7.0,0.0,7.0,7.6,0.0
685e9623979d1c18a11af39701aaf24188e1a40aee4c205c4d3220d26708793d,2025-03-12,16,1,False,1.0,0.0,0.0,0.0,15.0,0.0,15.0,7.433333333333334,0.0
69295bad69cbd357f13dc891b598791ab746ad0ed9cea2f9da57019f70c847b6,2025-03-12,14,1,False,1.0,0.0,0.0,0.0,13.0,0.0,13.0,5.683333333333334,0.0
6ac76fd52b6451030fdaa8cce0d1126104c034aa0d6cff3c078311dce03e36e5,2025-03-12,6,1,False,1.0,0.0,0.0,0.0,5.0,0.0,5.0,5.2,0.0
6e0553bc94f1b3457a68943cdeb271536fa0ca87652900b8c47b6b4e2eabc4b7,2025-03-12,7,1,False,1.0,1.0,0.0,0.0,6.0,0.0,6.0,6.95,0.2
71c200742f059a8380e2f3dd53ca613e2cdd705c24898e5957d46fefeff67336,2025-03-12,11,1,False,1.0,0.0,0.0,0.0,10.0,0.0,10.0,8.383333333333333,0.0
768115c2eaa5bf872b6f73af67403e31127811d5dfdaa65f5998e7f57a6be1ca,2025-03-12,15,1,False,1.0,0.0,0.0,0.0,14.0,0.0,14.0,8.0,0.0
77a935bf01e27db1c86c62c6082710b6fe7046028279183cc90fc11b5a21dd3c,2025-03-12,13,1,False,1.0,0.0,0.0,0.0,12.0,0.0,12.0,7.75,0.0
7b291901ed6fc90c51c56024b33122026451c19dfa4736a37621d21afa86ab5a,2025-03-12,15,1,False,1.0,0.0,0.0,0.0,14.0,0.0,14.0,5.1,0.0
7d64092a6e7dfd07913942876a0c314955bce8dc9fcabd12166bcf1ad5666185,2025-03-12,9,1,False,1.0,0.0,2.0,0.0,6.0,0.0,6.0,6.966666666666667,0.15
7faca1558937aea9797473b24d153f084fc8bc52e7e16da8f8bf4c48b587b358,2025-03-12,6,1,False,1.0,0.0,0.0,0.0,5.0,0.0,5.0,6.316666666666666,0.0
806e62fd6dd962469b9425c2f7b2550582df8623e5c711ade163292a626414aa,2025-03-12,12,1,False,1.0,0.0,0.0,0.0,11.0,0.0,11.0,5.633333333333334,0.0
85bf8422bdd496aa90249b85acbd42b16a6a0ed3121a586f0bcc607d16d09d80,2025-03-12,15,1,False,1.0,0.0,0.0,0.0,14.0,0.0,14.0,8.35,0.0
88b53efa4c89ad7a3d90cf3c01046d714f1adff9827d0eb5754b4ef76c64f039,2025-03-12,6,1,False,1.0,1.0,0.0,0.0,5.0,5.0,5.0,3.1333333333333333,0.35
8eb9feaf80cb3b47e639148a128ff9ae2b814462106966998a7656825b71fa7d,2025-03-12,12,1,False,1.0,0.0,0.0,0.0,11.0,0.0,11.0,8.95,0.0
924ed1bb3874124ad2e307aa33a7e5791cc81dd30c0c079d54cfc1ea14ee310a,2025-03-12,11,1,False,1.0,0.0,0.0,0.0,10.0,0.0,10.0,7.45,0.0
939b9328b580200251e640b1f2170850525f4fefe336c98f053407a0725f9849,2025-03-12,16,1,False,1.0,0.0,0.0,0.0,15.0,1.0,15.0,8.916666666666666,0.15
9a31e4091d5c4c7fb8b9377b091ea9caa9cf26c36e62547a85992d9e109b1b9c,2025-03-12,13,1,False,1.0,0.0,0.0,0.0,12.0,6.0,12.0,8.883333333333333,0.15
9e007677846640b2acc599b1d1d498a20ff8260eeda2d49338e3b6ed111045a9,2025-03-12,15,1,False,1.0,0.0,0.0,0.0,14.0,0.0,14.0,7.266666666666667,0.0
9e7a5e914136e41ca82c366fd529e02d961e7ed1a6019ff724f06dbe447fbb88,2025-03-12,14,1,False,1.0,0.0,0.0,0.0,13.0,1.0,13.0,9.816666666666666,0.15
a8848b387af6359642c71478f693e4643381802ccc97f2b0c353264d7729405c,2025-03-12,13,1,False,1.0,0.0,0.0,0.0,12.0,0.0,12.0,8.683333333333334,0.0
b55080c0db11860ea934ecf297a13cf247817b3e34562a5897c18ff2cfa07f07,2025-03-12,9,1,False,1.0,0.0,0.0,0.0,8.0,0.0,8.0,7.1,0.0
b66c51931f321cca81cc9195f90b3174ae82ebb56c74459770f7800e347ca3b0,2025-03-12,8,1,False,1.0,0.0,0.0,0.0,7.0,0.0,7.0,7.966666666666667,0.0
b8e6c17d68aafa670b598b1cf0c0bd73a2937d6abb11055fded76b5e53231165,2025-03-12,6,1,False,1.0,0.0,0.0,0.0,5.0,0.0,5.0,5.85,0.0
bc60389887dd911a09f472d0f840e5a268d310cd13f422bfc6f811eb916ec82f,2025-03-12,13,1,False,1.0,0.0,0.0,0.0,12.0,0.0,12.0,7.516666666666667,0.0
c2fa44374f0aab02cb57c9ed348bb43c1fd456bfdf5b296c4f72174a002cd27f,2025-03-12,9,1,False,1.0,0.0,0.0,0.0,8.0,0.0,8.0,7.216666666666667,0.0
c5a8e30eed6744da0b641f474ebb407a75bc6fd07bd6e3c7aeb522c884dd456b,2025-03-12,9,1,False,1.0,0.0,0.0,0.0,8.0,0.0,8.0,7.05,0.0
c734a9d4fd20facb7d4e2f69c7a7be0a0263956653fc71b8d25ad3ed7a1ba446,2025-03-12,9,1,False,1.0,1.0,0.0,0.0,8.0,1.0,8.0,7.783333333333333,0.35
cb50b7517e0741a49adb67908546647f1da3398d8c72f00f00e9ba111909654b,2025-03-12,15,1,False,1.0,0.0,0.0,0.0,14.0,0.0,14.0,6.883333333333334,0.0
cc4113bc0f389ec5987bdc5cae8e94c8c01f0c5e127a5fc2b0ef752d7226c0ca,2025-03-12,8,1,False,1.0,0.0,0.0,0.0,7.0,0.0,7.0,6.133333333333334,0.0
cca321773f148695c0ffc5ed365db650aadc5ecdd13b4ddb3e6b57f38bf5a719,2025-03-12,13,1,False,1.0,0.0,0.0,0.0,12.0,0.0,12.0,5.133333333333334,0.0
d111a1427a39ed7f2d2483db714c5e0d79823bc9ecc62a126e1d144d374d286a,2025-03-12,8,1,False,1.0,0.0,0.0,0.0,7.0,1.0,7.0,8.783333333333333,0.15
dab294f3951611f65a9b1e6408fbad19981d1b65b76c28c3408dac6a6b93bbc8,2025-03-12,7,1,False,1.0,0.0,0.0,0.0,6.0,1.0,6.0,8.75,0.15
ddee12fc509b00889675d637518a8f7dfe216a200b6ad812c397b77d8bccb88b,2025-03-12,12,1,False,1.0,0.0,0.0,0.0,11.0,0.0,11.0,7.65,0.0
e001292c71d84c28529aed04ab0af1efa767893752908a7b7645f33d09aab74b,2025-03-12,13,1,False,1.0,0.0,0.0,0.0,12.0,0.0,12.0,8.1,0.0
e1a146fdbba0f457a2ea0a102e2c24872edc75865f95a9b842fcefa68e455266,2025-03-12,10,1,False,1.0,0.0,0.0,0.0,9.0,0.0,9.0,9.016666666666667,0.0
e498ed2d854e821dd717169a7b55e586bb647b3bd1ef51990cbd4e847791cc49,2025-03-12,11,1,False,1.0,0.0,0.0,0.0,10.0,0.0,10.0,6.016666666666667,0.0
e72c6ef5ea8445fc95b1c3ca1c82368b6c9adc8a29368110f51d81735f76f11c,2025-03-12,9,1,False,1.0,0.0,0.0,0.0,8.0,0.0,8.0,5.683333333333334,0.0
ea171ad8a99227777c2e7c1664c91caf9c08e47d4ba5c09165812a6d9633998c,2025-03-12,16,1,False,1.0,1.0,0.0,0.0,15.0,0.0,15.0,6.833333333333333,0.2
eac146261339b15b8a1e873ed372802ae1c5198377cc8e0f4a23d21bcead9c02,2025-03-12,16,1,False,1.0,0.0,0.0,0.0,15.0,0.0,15.0,7.433333333333334,0.0
ec8eef52024b6815e3113797e206a360a9c324efc2f400801d5eb1179b75a43d,2025-03-12,7,1,False,1.0,0.0,0.0,0.0,6.0,0.0,6.0,5.15,0.0
eecce08639c689fc3170d254f909a8dedd091d778d0ae7aa829c656b8d085cdd,2025-03-12,9,1,False,1.0,0.0,0.0,0.0,8.0,0.0,8.0,6.083333333333333,0.0
f02fff917d5e1f556f7ca2d8e8ddde98179be018c2669a269bf40d4f64b627f7,2025-03-12,11,1,False,1.0,0.0,0.0,0.0,10.0,3.0,10.0,11.166666666666666,0.15
f17b0eabd2530f1710fc19c34c4d29cc782a669753833ca0d88f524467cdf67f,2025-03-12,12,1,False,1.0,0.0,0.0,0.0,11.0,0.0,11.0,6.516666666666667,0.0
f26a64875adce083be80130e941dbfa6e94f2202ff0c463336c1300ecc5217f6,2025-03-12,12,1,False,1.0,1.0,0.0,0.0,11.0,1.0,11.0,7.566666666666666,0.35
f441fbdfbb3a65b7660b581790ec8633cd5e9a2bc3450e46f6f6d948e0ebd96b,2025-03-12,8,1,False,1.0,0.0,0.0,0.0,7.0,0.0,7.0,6.066666666666666,0.0
012fb52705cf3c18e19ff7f562c781dcd1736f3e5615ace007e35dee4740f412,2025-03-13,8,1,False,1.0,0.0,0.0,0.0,7.0,0.0,7.0,7.2,0.0
0604919ff2aebe087b97959084f1fffe2fd89b7e92f8997d6249f5617f0ec041,2025-03-13,12,1,False,1.0,0.0,0.0,0.0,11.0,0.0,11.0,7.066666666666666,0.0
0b9c9b2a643d502fb0470c0e2d25bd40592ae24d88e27a9cca008632f6491e86,2025-03-13,8,1,False,1.0,0.0,0.0,0.0,7.0,0.0,7.0,5.466666666666667,0.0
0bc6fa557a874432991fb3bef6cc8fecfed275284ca1549c6f502f2f2f86388f,2025-03-13,15,1,False,1.0,0.0,0.0,0.0,14.0,0.0,14.0,8.8,0.0
12881006a16563a03436c3185999cce893916a7f93bd295d9e51c610390a5400,2025-03-13,13,1,False,1.0,0.0,0.0,0.0,12.0,1.0,12.0,9.95,0.15
13cc67e7ae2b0731f9c20a2adb450d0ab125f700d392f08a01f5019b4da3be89,2025-03-13,6,1,False,1.0,0.0,0.0,0.0,5.0,0.0,5.0,7.733333333333333,0.0
1481a18bb91c683c9f0e63a3c1ffe035a67c1ee64eae546985a4caedd691f154,2025-03-13,11,1,False,1.0,0.0,0.0,0.0,10.0,3.0,10.0,10.566666666666666,0.15
1481cde120f4ec5a6626478c9222dacd947d0d027e33aa5175c391d3f10b05fd,2025-03-13,15,1,False,1.0,0.0,0.0,0.0,14.0,5.0,14.0,8.633333333333333,0.15
18757c67dbbb1f193d93dfd2c81d93f261d3cc1ab2b6b4a27daddb2a42f0c1e2,2025-03-13,6,1,False,1.0,0.0,0.0,0.0,5.0,0.0,5.0,8.066666666666666,0.0
1e13a5c6539e75908d998e36f94f2baee29b17d341286f7a2af3163b528a2fcc,2025-03-13,15,1,False,1.0,0.0,0.0,0.0,14.0,0.0,14.0,8.4,0.0
1e813ac9d9c5fbfa50cba6f0032edaff8652f398c5508cc13faa4cc0af6fc3b9,2025-03-13,14,1,False,1.0,0.0,0.0,0.0,13.0,5.0,13.0,10.066666666666666,0.15
1fddb883469b0cd0365153a0ebff0dbefb2b5a252dbaf2b9795ad45003650dcf,2025-03-13,8,1,False,1.0,1.0,0.0,0.0,7.0,0.0,7.0,6.783333333333333,0.2
227b301943873690ead2973a5f7d43ef587dc58b46733368a3f16daf8db98925,2025-03-13,6,1,False,1.0,0.0,0.0,0.0,5.0,0.0,5.0,6.733333333333333,0.0
269b850943bbddfb37b8186af3d0cd154525f08057e450bdb93ab26f06b9758d,2025-03-13,16,1,False,1.0,0.0,0.0,0.0,15.0,0.0,15.0,5.816666666666666,0.0
27ef13206d1090bf126d0f8dd08b66cc346b18eb199192600e14cdc52d7c9a35,2025-03-13,9,1,False,1.0,0.0,0.0,0.0,8.0,0.0,8.0,6.2,0.0
2b4a1e95204243f32c7235a27dbeae5a0e9d42da4c762132ac84c0817875d614,2025-03-13,7,1,False,1.0,0.0,0.0,0.0,6.0,0.0,6.0,6.866666666666666,0.0
2fdc8fb359ca03d047fec4ad4d7f3b9cfc23ebf54bee30aec8f1a6431bfd0d6e,2025-03-13,8,1,False,1.0,0.0,0.0,0.0,7.0,0.0,7.0,7.916666666666667,0.0
32c184d9780b5545a856a0a366a71b86deb3a80c4dc92142aaf6bb3437c336b1,2025-03-13,14,1,False,1.0,0.0,0.0,0.0,13.0,0.0,13.0,6.266666666666667,0.0
34977907ef51b1295028838fb56ded6159cee0d58c3200a0276324aac366417c,2025-03-13,13,1,False,1.0,0.0,0.0,0.0,12.0,0.0,12.0,8.666666666666666,0.0
3634cd4e250467a39545675e2f7386734815df9c667903c8c83b43450723a792,2025-03-13,10,1,False,1.0,0.0,0.0,0.0,9.0,0.0,9.0,7.383333333333334,0.0
369a478c83b6f436dd9aade49d6289f250e18ec2a71b9552d7d9bb884bb2b586,2025-03-13,13,1,False,1.0,0.0,0.0,0.0,12.0,0.0,12.0,6.55,0.0
3c32c4971223e549c349880665fa1e81f054571faf44435a8071b4de6b20dffb,2025-03-13,7,1,False,1.0,0.0,0.0,0.0,6.0,0.0,6.0,7.383333333333334,0.0
3e05c7d4c2f91af414e809d408787184297b351d1907c225f6f1e75fbec1f3a3,2025-03-13,7,1,False,1.0,0.0,0.0,0.0,6.0,0.0,6.0,8.416666666666666,0.0
44e2b71da8273f1b00b9ec55361a1e542f6812bce0acd27214d62e7de86dd6d0,2025-03-13,8,1,False,1.0,0.0,0.0,0.0,7.0,0.0,7.0,5.966666666666667,0.0
4620b38a9a7c0abed1e91cfdc3926234d098446655b643be9342b610365aa1b6,2025-03-13,11,1,False,1.0,1.0,0.0,0.0,10.0,1.0,10.0,6.566666666666666,0.35
49b020eb7c127b73472cb4fc893577b87b48690b941ca1067751e5a6e3eab262,2025-03-13,10,1,False,1.0,0.0,0.0,0.0,9.0,0.0,9.0,9.233333333333333,0.0
4bef524b2f19749989b990b1af1747f137bfe1d7fbf78fa1358ddfc45b247cf1,2025-03-13,16,1,False,1.0,0.0,0.0,0.0,15.0,0.0,15.0,7.433333333333334,0.0
4ef80c0c47503cd20d3a8157080fb28f38e6524b33375c23d5fcd98a2f64545e,2025-03-13,6,1,False,1.0,0.0,0.0,0.0,5.0,0.0,5.0,7.333333333333333,0.0
5088fc658035905665368960c940882faf61610a4e1ce57a24c6ffc946f0f5a8,2025-03-13,11,1,False,1.0,0.0,0.0,0.0,10.0,0.0,10.0,8.266666666666667,0.0
5379232fec078f04af386b787ed0dc69b2a455a27e52e901c773a11d2d0bce7f,2025-03-13,10,1,False,1.0,1.0,0.0,0.0,9.0,9.0,9.0,2.4,0.35
53a03335d3716bf67d3ed781065280a46863f8d947c2492c4e33cce33f4446d2,2025-03-13,10,1,False,1.0,0.0,0.0,0.0,9.0,0.0,9.0,6.916666666666667,0.0
603fcd2b8449630833d1b6c7313a10e8a2176025a45ca54002988df4de8536dd,2025-03-13,4,1,False,1.0,1.0,0.0,0.0,3.0,3.0,3.0,2.05,0.35
61127469ce0c27e2d19e0e5ecece9227e60515e12a899bc8bbc29e1c8f68a78f,2025-03-13,16,1,False,1.0,0.0,0.0,0.0,15.0,0.0,15.0,6.183333333333334,0.0
62009223daa0ff462d9b377b2b31f5c85b4e95caf611f5339cbb2b5e1dc9cab5,2025-03-13,9,1,False,1.0,0.0,0.0,0.0,8.0,0.0,8.0,6.65,0.0
620ea76a7f314a9faecfaadf110510d2abcf73e79e56e93b476e80794b9e251f,2025-03-13,8,1,False,1.0,0.0,0.0,0.0,7.0,0.0,7.0,5.016666666666667,0.0
685e9623979d1c18a11af39701aaf24188e1a40aee4c205c4d3220d26708793d,2025-03-13,12,1,False,1.0,0.0,0.0,0.0,11.0,1.0,11.0,8.883333333333333,0.15
69295bad69cbd357f13dc891b598791ab746ad0ed9cea2f9da57019f70c847b6,2025-03-13,12,1,False,1.0,1.0,0.0,0.0,11.0,1.0,11.0,7.133333333333334,0.35
6ac76fd52b6451030fdaa8cce0d1126104c034aa0d6cff3c078311dce03e36e5,2025-03-13,14,1,False,1.0,0.0,0.0,0.0,13.0,1.0,13.0,7.4,0.15
6e0553bc94f1b3457a68943cdeb271536fa0ca87652900b8c47b6b4e2eabc4b7,2025-03-13,8,1,False,1.0,0.0,0.0,0.0,7.0,0.0,7.0,8.283333333333333,0.0
71c200742f059a8380e2f3dd53ca613e2cdd705c24898e5957d46fefeff67336,2025-03-13,12,1,False,1.0,0.0,0.0,0.0,11.0,0.0,11.0,7.316666666666666,0.0
768115c2eaa5bf872b6f73af67403e31127811d5dfdaa65f5998e7f57a6be1ca,2025-03-13,7,1,False,1.0,0.0,0.0,0.0,6.0,0.0,6.0,5.933333333333334,0.0
77a935bf01e27db1c86c62c6082710b6fe7046028279183cc90fc11b5a21dd3c,2025-03-13,13,1,False,1.0,0.0,0.0,0.0,12.0,1.0,12.0,8.666666666666666,0.15
7b291901ed6fc90c51c56024b33122026451c19dfa4736a37621d21afa86ab5a,2025-03-13,7,1,False,1.0,0.0,0.0,0.0,6.0,0.0,6.0,8.5,0.0
7d64092a6e7dfd07913942876a0c314955bce8dc9fcabd12166bcf1ad5666185,2025-03-13,6,1,False,1.0,0.0,0.0,0.0,5.0,0.0,5.0,8.083333333333334,0.0
7faca1558937aea9797473b24d153f084fc8bc52e7e16da8f8bf4c48b587b358,2025-03-13,12,1,False,1.0,0.0,0.0,0.0,11.0,0.0,11.0,5.983333333333333,0.0
806e62fd6dd962469b9425c2f7b2550582df8623e5c711ade163292a626414aa,2025-03-13,15,1,False,1.0,0.0,0.0,0.0,14.0,0.0,14.0,6.65,0.0
85bf8422bdd496aa90249b85acbd42b16a6a0ed3121a586f0bcc607d16d09d80,2025-03-13,11,1,False,1.0,0.0,0.0,0.0,10.0,0.0,10.0,7.95,0.0
88b53efa4c89ad7a3d90cf3c01046d714f1adff9827d0eb5754b4ef76c64f039,2025-03-13,14,1,False,1.0,0.0,0.0,0.0,13.0,7.0,13.0,16.05,0.15
8eb9feaf80cb3b47e639148a128ff9ae2b814462106966998a7656825b71fa7d,2025-03-13,12,1,False,1.0,0.0,0.0,0.0,11.0,0.0,11.0,7.75,0.0
924ed1bb3874124ad2e307aa33a7e5791cc81dd30c0c079d54cfc1ea14ee310a,2025-03-13,13,1,False,1.0,0.0,0.0,0.0,12.0,0.0,12.0,7.55,0.0
939b9328b580200251e640b1f2170850525f4fefe336c98f053407a0725f9849,2025-03-13,6,1,False,1.0,0.0,0.0,0.0,5.0,0.0,5.0,7.516666666666667,0.0
9a31e4091d5c4c7fb8b9377b091ea9caa9cf26c36e62547a85992d9e109b1b9c,2025-03-13,14,1,False,1.0,0.0,0.0,0.0,13.0,0.0,13.0,6.9,0.0
9e007677846640b2acc599b1d1d498a20ff8260eeda2d49338e3b6ed111045a9,2025-03-13,6,1,False,1.0,0.0,0.0,0.0,5.0,0.0,5.0,6.766666666666667,0.0
9e7a5e914136e41ca82c366fd529e02d961e7ed1a6019ff724f06dbe447fbb88,2025-03-13,13,1,False,1.0,0.0,0.0,0.0,12.0,1.0,12.0,8.75,0.15
a8848b387af6359642c71478f693e4643381802ccc97f2b0c353264d7729405c,2025-03-13,11,1,False,1.0,0.0,0.0,0.0,10.0,0.0,10.0,7.266666666666667,0.0
b55080c0db11860ea934ecf297a13cf247817b3e34562a5897c18ff2cfa07f07,2025-03-13,10,1,False,1.0,0.0,0.0,0.0,9.0,1.0,9.0,9.333333333333334,0.15
b66c51931f321cca81cc9195f90b3174ae82ebb56c74459770f7800e347ca3b0,2025-03-13,12,1,False,1.0,0.0,0.0,0.0,11.0,0.0,11.0,7.333333333333333,0.0
b8e6c17d68aafa670b598b1cf0c0bd73a2937d6abb11055fded76b5e53231165,2025-03-13,14,1,False,1.0,0.0,0.0,0.0,13.0,0.0,13.0,6.7,0.0
bc60389887dd911a09f472d0f840e5a268d310cd13f422bfc6f811eb916ec82f,2025-03-13,6,1,False,1.0,0.0,0.0,0.0,5.0,0.0,5.0,8.016666666666667,0.0
c2fa44374f0aab02cb57c9ed348bb43c1fd456bfdf5b296c4f72174a002cd27f,2025-03-13,7,1,False,1.0,0.0,0.0,0.0,6.0,0.0,6.0,8.683333333333334,0.0
c5a8e30eed6744da0b641f474ebb407a75bc6fd07bd6e3c7aeb522c884dd456b,2025-03-13,15,1,False,1.0,0.0,2.0,0.0,12.0,0.0,12.0,6.066666666666666,0.15
c734a9d4fd20facb7d4e2f69c7a7be0a0263956653fc71b8d25ad3ed7a1ba446,2025-03-13,15,1,False,1.0,0.0,0.0,0.0,14.0,1.0,14.0,8.233333333333333,0.15
cb50b7517e0741a49adb67908546647f1da3398d8c72f00f00e9ba111909654b,2025-03-13,9,1,False,1.0,0.0,0.0,0.0,8.0,0.0,8.0,6.733333333333333,0.0
cc4113bc0f389ec5987bdc5cae8e94c8c01f0c5e127a5fc2b0ef752d7226c0ca,2025-03-13,7,1,False,1.0,0.0,0.0,0.0,6.0,0.0,6.0,7.9,0.0
cca321773f148695c0ffc5ed365db650aadc5ecdd13b4ddb3e6b57f38bf5a719,2025-03-13,16,1,False,1.0,0.0,0.0,0.0,15.0,0.0,15.0,7.016666666666667,0.0
d111a1427a39ed7f2d2483db714c5e0d79823bc9ecc62a126e1d144d374d286a,2025-03-13,8,1,False,1.0,0.0,0.0,0.0,7.0,0.0,7.0,8.3,0.0
dab294f3951611f65a9b1e6408fbad19981d1b65b76c28c3408dac6a6b93bbc8,2025-03-13,6,1,False,1.0,0.0,0.0,0.0,5.0,0.0,5.0,7.483333333333333,0.0
ddee12fc509b00889675d637518a8f7dfe216a200b6ad812c397b77d8bccb88b,2025-03-13,15,1,False,1.0,0.0,0.0,0.0,14.0,0.0,14.0,9.016666666666667,0.0
e001292c71d84c28529aed04ab0af1efa767893752908a7b7645f33d09aab74b,2025-03-13,13,1,False,1.0,0.0,0.0,0.0,12.0,0.0,12.0,5.583333333333333,0.0
e1a146fdbba0f457a2ea0a102e2c24872edc75865f95a9b842fcefa68e455266,2025-03-13,6,1,False,1.0,0.0,0.0,0.0,5.0,0.0,5.0,6.7,0.0
e498ed2d854e821dd717169a7b55e586bb647b3bd1ef51990cbd4e847791cc49,2025-03-13,13,1,False,1.0,0.0,0.0,0.0,12.0,2.0,12.0,8.916666666666666,0.15
e72c6ef5ea8445fc95b1c3ca1c82368b6c9adc8a29368110f51d81735f76f11c,2025-03-13,11,1,False,1.0,0.0,0.0,0.0,10.0,0.0,10.0,6.016666666666667,0.0
ea171ad8a99227777c2e7c1664c91caf9c08e47d4ba5c09165812a6d9633998c,2025-03-13,14,1,False,1.0,1.0,0.0,0.0,13.0,1.0,13.0,8.116666666666667,0.35
eac146261339b15b8a1e873ed372802ae1c5198377cc8e0f4a23d21bcead9c02,2025-03-13,13,1,False,1.0,0.0,0.0,0.0,12.0,0.0,12.0,8.15,0.0
ec8eef52024b6815e3113797e206a360a9c324efc2f400801d5eb1179b75a43d,2025-03-13,9,1,False,1.0,0.0,0.0,0.0,8.0,0.0,8.0,6.883333333333334,0.0
eecce08639c689fc3170d254f909a8dedd091d778d0ae7aa829c656b8d085cdd,2025-03-13,10,1,False,1.0,0.0,0.0,0.0,9.0,0.0,9.0,6.033333333333333,0.0
f02fff917d5e1f556f7ca2d8e8ddde98179be018c2669a269bf40d4f64b627f7,2025-03-13,6,1,False,1.0,0.0,0.0,0.0,5.0,0.0,5.0,7.666666666666667,0.0
f17b0eabd2530f1710fc19c34c4d29cc782a669753833ca0d88f524467cdf67f,2025-03-13,9,1,False,1.0,0.0,0.0,0.0,8.0,0.0,8.0,6.866666666666666,0.0
f26a64875adce083be80130e941dbfa6e94f2202ff0c463336c1300ecc5217f6,2025-03-13,14,1,False,1.0,0.0,0.0,0.0,13.0,0.0,13.0,6.483333333333333,0.0
f441fbdfbb3a65b7660b581790ec8633cd5e9a2bc3450e46f6f6d948e0ebd96b,2025-03-13,16,1,False,1.0,0.0,0.0,0.0,15.0,0.0,15.0,6.566666666666666,0.0
012fb52705cf3c18e19ff7f562c781dcd1736f3e5615ace007e35dee4740f412,2025-03-14,11,1,False,1.0,0.0,0.0,0.0,10.0,0.0,10.0,8.383333333333333,0.0
0604919ff2aebe087b97959084f1fffe2fd89b7e92f8997d6249f5617f0ec041,2025-03-14,16,1,False,1.0,0.0,0.0,0.0,15.0,0.0,15.0,7.716666666666667,0.0
0b9c9b2a643d502fb0470c0e2d25bd40592ae24d88e27a9cca008632f6491e86,2025-03-14,12,1,False,1.0,0.0,0.0,0.0,11.0,0.0,11.0,6.55,0.0
0bc6fa557a874432991fb3bef6cc8fecfed275284ca1549c6f502f2f2f86388f,2025-03-14,7,1,False,1.0,0.0,0.0,0.0,6.0,0.0,6.0,3.05,0.0
12881006a16563a03436c3185999cce893916a7f93bd295d9e51c610390a5400,2025-03-14,16,1,False,1.0,0.0,0.0,0.0,15.0,0.0,15.0,7.75,0.0
13cc67e7ae2b0731f9c20a2adb450d0ab125f700d392f08a01f5019b4da3be89,2025-03-14,11,1,False,1.0,0.0,0.0,0.0,10.0,0.0,10.0,6.833333333333333,0.0
1481a18bb91c683c9f0e63a3c1ffe035a67c1ee64eae546985a4caedd691f154,2025-03-14,15,1,False,1.0,0.0,0.0,0.0,14.0,0.0,14.0,7.933333333333334,0.0
1481cde120f4ec5a6626478c9222dacd947d0d027e33aa5175c391d3f10b05fd,2025-03-14,13,1,False,1.0,0.0,0.0,0.0,12.0,0.0,12.0,6.583333333333333,0.0
18757c67dbbb1f193d93dfd2c81d93f261d3cc1ab2b6b4a27daddb2a42f0c1e2,2025-03-14,16,1,False,1.0,0.0,0.0,0.0,15.0,1.0,15.0,8.866666666666667,0.15
1e13a5c6539e75908d998e36f94f2baee29b17d341286f7a2af3163b528a2fcc,2025-03-14,15,1,False,1.0,0.0,0.0,0.0,14.0,0.0,14.0,9.266666666666667,0.0
1e813ac9d9c5fbfa50cba6f0032edaff8652f398c5508cc13faa4cc0af6fc3b9,2025-03-14,6,1,False,1.0,0.0,0.0,0.0,5.0,0.0,5.0,6.866666666666666,0.0
1fddb883469b0cd0365153a0ebff0dbefb2b5a252dbaf2b9795ad45003650dcf,2025-03-14,15,1,False,1.0,0.0,0.0,0.0,14.0,0.0,14.0,7.35,0.0
227b301943873690ead2973a5f7d43ef587dc58b46733368a3f16daf8db98925,2025-03-14,13,1,False,1.0,0.0,0.0,0.0,12.0,0.0,12.0,7.216666666666667,0.0
269b850943bbddfb37b8186af3d0cd154525f08057e450bdb93ab26f06b9758d,2025-03-14,6,1,False,1.0,0.0,0.0,0.0,5.0,0.0,5.0,5.583333333333333,0.0
27ef13206d1090bf126d0f8dd08b66cc346b18eb199192600e14cdc52d7c9a35,2025-03-14,8,1,False,1.0,0.0,0.0,0.0,7.0,0.0,7.0,7.166666666666667,0.0
2b4a1e95204243f32c7235a27dbeae5a0e9d42da4c762132ac84c0817875d614,2025-03-14,13,1,False,1.0,0.0,0.0,0.0,12.0,0.0,12.0,8.433333333333334,0.0
2fdc8fb359ca03d047fec4ad4d7f3b9cfc23ebf54bee30aec8f1a6431bfd0d6e,2025-03-14,14,1,False,1.0,0.0,0.0,0.0,13.0,0.0,13.0,5.966666666666667,0.0
32c184d9780b5545a856a0a366a71b86deb3a80c4dc92142aaf6bb3437c336b1,2025-03-14,10,1,False,1.0,0.0,0.0,0.0,9.0,0.0,9.0,6.983333333333333,0.0
34977907ef51b1295028838fb56ded6159cee0d58c3200a0276324aac366417c,2025-03-14,10,1,False,1.0,0.0,0.0,0.0,9.0,0.0,9.0,4.633333333333334,0.0
3634cd4e250467a39545675e2f7386734815df9c667903c8c83b43450723a792,2025-03-14,6,1,False,1.0,0.0,0.0,0.0,5.0,0.0,5.0,5.783333333333333,0.0
369a478c83b6f436dd9aade49d6289f250e18ec2a71b9552d7d9bb884bb2b586,2025-03-14,9,1,False,1.0,0.0,0.0,0.0,8.0,0.0,8.0,5.2,0.0
3c32c4971223e549c349880665fa1e81f054571faf44435a8071b4de6b20dffb,2025-03-14,10,1,False,1.0,0.0,0.0,0.0,9.0,0.0,9.0,5.283333333333333,0.0
3e05c7d4c2f91af414e809d408787184297b351d1907c225f6f1e75fbec1f3a3,2025-03-14,13,1,False,1.0,0.0,0.0,0.0,12.0,0.0,12.0,7.683333333333334,0.0
44e2b71da8273f1b00b9ec55361a1e542f6812bce0acd27214d62e7de86dd6d0,2025-03-14,10,1,False,1.0,0.0,0.0,0.0,9.0,0.0,9.0,6.6,0.0
4620b38a9a7c0abed1e91cfdc3926234d098446655b643be9342b610365aa1b6,2025-03-14,14,1,False,1.0,0.0,0.0,0.0,13.0,0.0,13.0,6.733333333333333,0.0
49b020eb7c127b73472cb4fc893577b87b48690b941ca1067751e5a6e3eab262,2025-03-14,9,1,False,1.0,0.0,0.0,0.0,8.0,0.0,8.0,5.533333333333333,0.0
4bef524b2f19749989b990b1af1747f137bfe1d7fbf78fa1358ddfc45b247cf1,2025-03-14,6,1,False,1.0,0.0,0.0,0.0,5.0,0.0,5.0,5.616666666666666,0.0
4ef80c0c47503cd20d3a8157080fb28f38e6524b33375c23d5fcd98a2f64545e,2025-03-14,12,1,False,1.0,0.0,0.0,0.0,11.0,0.0,11.0,8.066666666666666,0.0
5088fc658035905665368960c940882faf61610a4e1ce57a24c6ffc946f0f5a8,2025-03-14,14,1,False,1.0,0.0,0.0,0.0,13.0,0.0,13.0,7.216666666666667,0.0
5379232fec078f04af386b787ed0dc69b2a455a27e52e901c773a11d2d0bce7f,2025-03-14,10,2,False,1.0,0.0,0.0,0.0,9.0,4.0,9.0,12.516666666666667,0.3
53a03335d3716bf67d3ed781065280a46863f8d947c2492c4e33cce33f4446d2,2025-03-14,6,1,False,1.0,0.0,0.0,0.0,5.0,0.0,5.0,6.216666666666667,0.0
603fcd2b8449630833d1b6c7313a10e8a2176025a45ca54002988df4de8536dd,2025-03-14,27,1,False,1.0,0.0,0.0,0.0,26.0,11.0,26.0,16.016666666666666,0.15
61127469ce0c27e2d19e0e5ecece9227e60515e12a899bc8bbc29e1c8f68a78f,2025-03-14,10,1,False,1.0,0.0,0.0,0.0,9.0,0.0,9.0,8.533333333333333,0.0
62009223daa0ff462d9b377b2b31f5c85b4e95caf611f5339cbb2b5e1dc9cab5,2025-03-14,13,1,False,1.0,0.0,0.0,0.0,12.0,0.0,12.0,5.383333333333334,0.0
620ea76a7f314a9faecfaadf110510d2abcf73e79e56e93b476e80794b9e251f,2025-03-14,6,1,False,1.0,0.0,0.0,0.0,5.0,0.0,5.0,6.15,0.0
685e9623979d1c18a11af39701aaf24188e1a40aee4c205c4d3220d26708793d,2025-03-14,15,1,False,1.0,0.0,0.0,0.0,14.0,0.0,14.0,8.5,0.0
69295bad69cbd357f13dc891b598791ab746ad0ed9cea2f9da57019f70c847b6,2025-03-14,16,1,False,1.0,0.0,0.0,0.0,15.0,0.0,15.0,7.566666666666666,0.0
6ac76fd52b6451030fdaa8cce0d1126104c034aa0d6cff3c078311dce03e36e5,2025-03-14,9,1,False,1.0,0.0,0.0,0.0,8.0,0.0,8.0,7.866666666666666,0.0
6e0553bc94f1b3457a68943cdeb271536fa0ca87652900b8c47b6b4e2eabc4b7,2025-03-14,11,1,False,1.0,0.0,0.0,0.0,10.0,0.0,10.0,7.65,0.0
71c200742f059a8380e2f3dd53ca613e2cdd705c24898e5957d46fefeff67336,2025-03-14,10,1,False,1.0,0.0,0.0,0.0,9.0,0.0,9.0,7.533333333333333,0.0
768115c2eaa5bf872b6f73af67403e31127811d5dfdaa65f5998e7f57a6be1ca,2025-03-14,9,1,False,1.0,0.0,0.0,0.0,8.0,0.0,8.0,7.066666666666666,0.0
77a935bf01e27db1c86c62c6082710b6fe7046028279183cc90fc11b5a21dd3c,2025-03-14,16,1,False,1.0,0.0,0.0,0.0,15.0,0.0,15.0,7.483333333333333,0.0
7b291901ed6fc90c51c56024b33122026451c19dfa4736a37621d21afa86ab5a,2025-03-14,14,1,False,1.0,0.0,0.0,0.0,13.0,0.0,13.0,7.516666666666667,0.0
7d64092a6e7dfd07913942876a0c314955bce8dc9fcabd12166bcf1ad5666185,2025-03-14,11,1,False,1.0,0.0,0.0,0.0,10.0,2.0,10.0,9.183333333333334,0.15
7faca1558937aea9797473b24d153f084fc8bc52e7e16da8f8bf4c48b587b358,2025-03-14,11,1,False,1.0,0.0,0.0,0.0,10.0,0.0,10.0,6.716666666666667,0.0
806e62fd6dd962469b9425c2f7b2550582df8623e5c711ade163292a626414aa,2025-03-14,16,1,False,1.0,0.0,0.0,0.0,15.0,0.0,15.0,8.116666666666667,0.0
85bf8422bdd496aa90249b85acbd42b16a6a0ed3121a586f0bcc607d16d09d80,2025-03-14,12,1,False,1.0,0.0,0.0,0.0,11.0,0.0,11.0,6.05,0.0
88b53efa4c89ad7a3d90cf3c01046d714f1adff9827d0eb5754b4ef76c64f039,2025-03-14,8,1,False,1.0,1.0,0.0,0.0,7.0,0.0,7.0,7.583333333333333,0.2
8eb9feaf80cb3b47e639148a128ff9ae2b814462106966998a7656825b71fa7d,2025-03-14,13,1,False,1.0,0.0,0.0,0.0,12.0,2.0,12.0,8.733333333333333,0.15
924ed1bb3874124ad2e307aa33a7e5791cc81dd30c0c079d54cfc1ea14ee310a,2025-03-14,16,1,False,1.0,0.0,0.0,0.0,15.0,0.0,15.0,6.266666666666667,0.0
939b9328b580200251e640b1f2170850525f4fefe336c98f053407a0725f9849,2025-03-14,14,1,False,1.0,0.0,0.0,0.0,13.0,0.0,13.0,7.866666666666666,0.0
9a31e4091d5c4c7fb8b9377b091ea9caa9cf26c36e62547a85992d9e109b1b9c,2025-03-14,13,1,False,1.0,0.0,0.0,0.0,12.0,0.0,12.0,7.533333333333333,0.0
9e007677846640b2acc599b1d1d498a20ff8260eeda2d49338e3b6ed111045a9,2025-03-14,11,1,False,1.0,0.0,0.0,0.0,10.0,0.0,10.0,6.633333333333334,0.0
9e7a5e914136e41ca82c366fd529e02d961e7ed1a6019ff724f06dbe447fbb88,2025-03-14,7,1,False,1.0,0.0,0.0,0.0,6.0,2.0,6.0,8.433333333333334,0.15
a8848b387af6359642c71478f693e4643381802ccc97f2b0c353264d7729405c,2025-03-14,14,1,False,1.0,0.0,0.0,0.0,13.0,1.0,13.0,9.116666666666667,0.15
b55080c0db11860ea934ecf297a13cf247817b3e34562a5897c18ff2cfa07f07,2025-03-14,8,1,False,1.0,0.0,0.0,0.0,7.0,0.0,7.0,4.983333333333333,0.0
b66c51931f321cca81cc9195f90b3174ae82ebb56c74459770f7800e347ca3b0,2025-03-14,6,1,False,1.0,0.0,0.0,0.0,5.0,0.0,5.0,5.683333333333334,0.0
b8e6c17d68aafa670b598b1cf0c0bd73a2937d6abb11055fded76b5e53231165,2025-03-14,12,1,False,1.0,0.0,0.0,0.0,11.0,2.0,11.0,9.483333333333333,0.15
bc60389887dd911a09f472d0f840e5a268d310cd13f422bfc6f811eb916ec82f,2025-03-14,9,1,False,1.0,0.0,0.0,0.0,8.0,0.0,8.0,6.6,0.0
c2fa44374f0aab02cb57c9ed348bb43c1fd456bfdf5b296c4f72174a002cd27f,2025-03-14,2,1,False,1.0,1.0,0.0,0.0,1.0,1.0,1.0,0.26666666666666666,0.35
c5a8e30eed6744da0b641f474ebb407a75bc6fd07bd6e3c7aeb522c884dd456b,2025-03-14,14,1,False,1.0,0.0,0.0,0.0,13.0,0.0,13.0,8.066666666666666,0.0
c734a9d4fd20facb7d4e2f69c7a7be0a0263956653fc71b8d25ad3ed7a1ba446,2025-03-14,7,1,False,1.0,0.0,0.0,0.0,6.0,0.0,6.0,8.516666666666667,0.0
cb50b7517e0741a49adb67908546647f1da3398d8c72f00f00e9ba111909654b,2025-03-14,12,1,False,1.0,0.0,0.0,0.0,11.0,0.0,11.0,8.083333333333334,0.0
cc4113bc0f389ec5987bdc5cae8e94c8c01f0c5e127a5fc2b0ef752d7226c0ca,2025-03-14,16,1,False,1.0,0.0,0.0,0.0,15.0,0.0,15.0,7.066666666666666,0.0
cca321773f148695c0ffc5ed365db650aadc5ecdd13b4ddb3e6b57f38bf5a719,2025-03-14,6,1,False,1.0,0.0,0.0,0.0,5.0,0.0,5.0,5.733333333333333,0.0
d111a1427a39ed7f2d2483db714c5e0d79823bc9ecc62a126e1d144d374d286a,2025-03-14,9,1,False,1.0,0.0,0.0,0.0,8.0,0.0,8.0,6.416666666666667,0.0
dab294f3951611f65a9b1e6408fbad19981d1b65b76c28c3408dac6a6b93bbc8,2025-03-14,11,1,False,1.0,0.0,0.0,0.0,10.0,0.0,10.0,7.116666666666666,0.0
ddee12fc509b00889675d637518a8f7dfe216a200b6ad812c397b77d8bccb88b,2025-03-14,11,1,False,1.0,0.0,0.0,0.0,10.0,0.0,10.0,7.433333333333334,0.0
e001292c71d84c28529aed04ab0af1efa767893752908a7b7645f33d09aab74b,2025-03-14,15,1,False,1.0,0.0,0.0,0.0,14.0,0.0,14.0,7.966666666666667,0.0
e1a146fdbba0f457a2ea0a102e2c24872edc75865f95a9b842fcefa68e455266,2025-03-14,16,1,False,1.0,0.0,0.0,0.0,15.0,0.0,15.0,6.533333333333333,0.0
e498ed2d854e821dd717169a7b55e586bb647b3bd1ef51990cbd4e847791cc49,2025-03-14,11,1,False,1.0,0.0,0.0,0.0,10.0,0.0,10.0,6.966666666666667,0.0
e72c6ef5ea8445fc95b1c3ca1c82368b6c9adc8a29368110f51d81735f76f11c,2025-03-14,12,1,False,1.0,0.0,0.0,0.0,11.0,0.0,11.0,7.483333333333333,0.0
ea171ad8a99227777c2e7c1664c91caf9c08e47d4ba5c09165812a6d9633998c,2025-03-14,12,1,False,1.0,0.0,0.0,0.0,11.0,0.0,11.0,7.4,0.0
eac146261339b15b8a1e873ed372802ae1c5198377cc8e0f4a23d21bcead9c02,2025-03-14,14,1,False,1.0,0.0,0.0,0.0,13.0,0.0,13.0,8.2,0.0
ec8eef52024b6815e3113797e206a360a9c324efc2f400801d5eb1179b75a43d,2025-03-14,14,1,False,1.0,0.0,0.0,0.0,13.0,0.0,13.0,7.066666666666666,0.0
eecce08639c689fc3170d254f909a8dedd091d778d0ae7aa829c656b8d085cdd,2025-03-14,11,1,False,1.0,0.0,0.0,0.0,10.0,0.0,10.0,8.35,0.0
f02fff917d5e1f556f7ca2d8e8ddde98179be018c2669a269bf40d4f64b627f7,2025-03-14,8,1,False,1.0,0.0,0.0,0.0,7.0,0.0,7.0,3.8,0.0
f17b0eabd2530f1710fc19c34c4d29cc782a669753833ca0d88f524467cdf67f,2025-03-14,15,1,False,1.0,0.0,0.0,0.0,14.0,0.0,14.0,8.1,0.0
f26a64875adce083be80130e941dbfa6e94f2202ff0c463336c1300ecc5217f6,2025-03-14,9,1,False,1.0,0.0,0.0,0.0,8.0,0.0,8.0,8.266666666666667,0.0
f441fbdfbb3a65b7660b581790ec8633cd5e9a2bc3450e46f6f6d948e0ebd96b,2025-03-14,7,1,False,1.0,0.0,0.0,0.0,6.0,0.0,6.0,5.116666666666666,0.0
c2fa44374f0aab02cb57c9ed348bb43c1fd456bfdf5b296c4f72174a002cd27f,2025-03-15,9,1,False,0.0,0.0,0.0,0.0,9.0,8.0,9.0,7.25,0.15
012fb52705cf3c18e19ff7f562c781dcd1736f3e5615ace007e35dee4740f412,2025-03-17,15,1,False,1.0,0.0,0.0,0.0,14.0,0.0,14.0,7.016666666666667,0.0
0604919ff2aebe087b97959084f1fffe2fd89b7e92f8997d6249f5617f0ec041,2025-03-17,11,1,False,1.0,0.0,0.0,0.0,10.0,0.0,10.0,7.966666666666667,0.0
0b9c9b2a643d502fb0470c0e2d25bd40592ae24d88e27a9cca008632f6491e86,2025-03-17,9,1,False,1.0,0.0,0.0,0.0,8.0,0.0,8.0,7.116666666666666,0.0
0bc6fa557a874432991fb3bef6cc8fecfed275284ca1549c6f502f2f2f86388f,2025-03-17,6,1,False,1.0,0.0,0.0,0.0,5.0,1.0,5.0,8.933333333333334,0.15
12881006a16563a03436c3185999cce893916a7f93bd295d9e51c610390a5400,2025-03-17,8,1,False,1.0,0.0,0.0,0.0,7.0,0.0,7.0,8.116666666666667,0.0
13cc67e7ae2b0731f9c20a2adb450d0ab125f700d392f08a01f5019b4da3be89,2025-03-17,6,1,False,1.0,0.0,0.0,0.0,5.0,0.0,5.0,6.016666666666667,0.0
1481a18bb91c683c9f0e63a3c1ffe035a67c1ee64eae546985a4caedd691f154,2025-03-17,10,1,False,1.0,0.0,0.0,0.0,9.0,0.0,9.0,8.466666666666667,0.0
1481cde120f4ec5a6626478c9222dacd947d0d027e33aa5175c391d3f10b05fd,2025-03-17,13,1,False,1.0,0.0,0.0,0.0,12.0,0.0,12.0,8.95,0.0
18757c67dbbb1f193d93dfd2c81d93f261d3cc1ab2b6b4a27daddb2a42f0c1e2,2025-03-17,6,1,False,1.0,0.0,0.0,0.0,5.0,0.0,5.0,6.4,0.0
1e13a5c6539e75908d998e36f94f2baee29b17d341286f7a2af3163b528a2fcc,2025-03-17,9,1,False,1.0,0.0,0.0,0.0,8.0,0.0,8.0,5.283333333333333,0.0
1e813ac9d9c5fbfa50cba6f0032edaff8652f398c5508cc13faa4cc0af6fc3b9,2025-03-17,12,1,False,1.0,0.0,0.0,0.0,11.0,0.0,11.0,7.7,0.0
1fddb883469b0cd0365153a0ebff0dbefb2b5a252dbaf2b9795ad45003650dcf,2025-03-17,13,1,False,1.0,0.0,0.0,0.0,12.0,0.0,12.0,7.766666666666667,0.0
227b301943873690ead2973a5f7d43ef587dc58b46733368a3f16daf8db98925,2025-03-17,9,1,False,1.0,0.0,0.0,0.0,8.0,0.0,8.0,6.083333333333333,0.0
269b850943bbddfb37b8186af3d0cd154525f08057e450bdb93ab26f06b9758d,2025-03-17,7,1,False,1.0,0.0,0.0,0.0,6.0,0.0,6.0,6.833333333333333,0.0
27ef13206d1090bf126d0f8dd08b66cc346b18eb199192600e14cdc52d7c9a35,2025-03-17,11,1,False,1.0,0.0,0.0,0.0,10.0,0.0,10.0,4.433333333333334,0.0
2b4a1e95204243f32c7235a27dbeae5a0e9d42da4c762132ac84c0817875d614,2025-03-17,9,1,False,1.0,0.0,0.0,0.0,8.0,0.0,8.0,7.1,0.0
2fdc8fb359ca03d047fec4ad4d7f3b9cfc23ebf54bee30aec8f1a6431bfd0d6e,2025-03-17,6,1,False,1.0,0.0,0.0,0.0,5.0,0.0,5.0,7.633333333333334,0.0
32c184d9780b5545a856a0a366a71b86deb3a80c4dc92142aaf6bb3437c336b1,2025-03-17,13,1,False,1.0,0.0,0.0,0.0,12.0,1.0,12.0,9.65,0.15
34977907ef51b1295028838fb56ded6159cee0d58c3200a0276324aac366417c,2025-03-17,12,1,False,1.0,0.0,0.0,0.0,11.0,0.0,11.0,6.55,0.0
3634cd4e250467a39545675e2f7386734815df9c667903c8c83b43450723a792,2025-03-17,6,1,False,1.0,0.0,0.0,0.0,5.0,0.0,5.0,8.15,0.0
369a478c83b6f436dd9aade49d6289f250e18ec2a71b9552d7d9bb884bb2b586,2025-03-17,15,1,False,1.0,0.0,0.0,0.0,14.0,0.0,14.0,6.283333333333333,0.0
3c32c4971223e549c349880665fa1e81f054571faf44435a8071b4de6b20dffb,2025-03-17,12,1,False,1.0,0.0,0.0,0.0,11.0,0.0,11.0,7.033333333333333,0.0
3e05c7d4c2f91af414e809d408787184297b351d1907c225f6f1e75fbec1f3a3,2025-03-17,12,1,False,1.0,0.0,0.0,0.0,11.0,0.0,11.0,8.416666666666666,0.0
44e2b71da8273f1b00b9ec55361a1e542f6812bce0acd27214d62e7de86dd6d0,2025-03-17,8,1,False,1.0,0.0,0.0,0.0,7.0,0.0,7.0,6.916666666666667,0.0
4620b38a9a7c0abed1e91cfdc3926234d098446655b643be9342b610365aa1b6,2025-03-17,10,1,False,1.0,0.0,0.0,0.0,9.0,0.0,9.0,7.5,0.0
49b020eb7c127b73472cb4fc893577b87b48690b941ca1067751e5a6e3eab262,2025-03-17,13,1,False,1.0,0.0,0.0,0.0,12.0,0.0,12.0,7.4,0.0
4bef524b2f19749989b990b1af1747f137bfe1d7fbf78fa1358ddfc45b247cf1,2025-03-17,10,1,False,1.0,0.0,0.0,0.0,9.0,0.0,9.0,8.116666666666667,0.0
4ef80c0c47503cd20d3a8157080fb28f38e6524b33375c23d5fcd98a2f64545e,2025-03-17,10,1,False,1.0,0.0,0.0,0.0,9.0,0.0,9.0,6.616666666666666,0.0
5088fc658035905665368960c940882faf61610a4e1ce57a24c6ffc946f0f5a8,2025-03-17,14,1,False,1.0,0.0,0.0,0.0,13.0,0.0,13.0,8.066666666666666,0.0
5379232fec078f04af386b787ed0dc69b2a455a27e52e901c773a11d2d0bce7f,2025-03-17,12,1,False,1.0,0.0,0.0,0.0,11.0,0.0,11.0,5.483333333333333,0.0
53a03335d3716bf67d3ed781065280a46863f8d947c2492c4e33cce33f4446d2,2025-03-17,15,1,False,1.0,0.0,0.0,0.0,14.0,0.0,14.0,8.766666666666667,0.0
603fcd2b8449630833d1b6c7313a10e8a2176025a45ca54002988df4de8536dd,2025-03-17,10,1,False,1.0,0.0,0.0,0.0,9.0,1.0,9.0,9.166666666666666,0.15
61127469ce0c27e2d19e0e5ecece9227e60515e12a899bc8bbc29e1c8f68a78f,2025-03-17,10,1,False,1.0,0.0,0.0,0.0,9.0,0.0,9.0,8.25,0.0
62009223daa0ff462d9b377b2b31f5c85b4e95caf611f5339cbb2b5e1dc9cab5,2025-03-17,9,1,False,1.0,0.0,0.0,0.0,8.0,1.0,8.0,8.533333333333333,0.15
620ea76a7f314a9faecfaadf110510d2abcf73e79e56e93b476e80794b9e251f,2025-03-17,6,1,False,1.0,0.0,0.0,0.0,5.0,2.0,5.0,8.183333333333334,0.15
685e9623979d1c18a11af39701aaf24188e1a40aee4c205c4d3220d26708793d,2025-03-17,8,1,False,1.0,0.0,0.0,0.0,7.0,0.0,7.0,6.516666666666667,0.0
69295bad69cbd357f13dc891b598791ab746ad0ed9cea2f9da57019f70c847b6,2025-03-17,6,1,False,1.0,0.0,0.0,0.0,5.0,0.0,5.0,8.133333333333333,0.0
6ac76fd52b6451030fdaa8cce0d1126104c034aa0d6cff3c078311dce03e36e5,2025-03-17,12,1,False,1.0,0.0,0.0,0.0,11.0,0.0,11.0,5.983333333333333,0.0
6e0553bc94f1b3457a68943cdeb271536fa0ca87652900b8c47b6b4e2eabc4b7,2025-03-17,8,1,False,1.0,0.0,0.0,0.0,7.0,0.0,7.0,7.3,0.0
71c200742f059a8380e2f3dd53ca613e2cdd705c24898e5957d46fefeff67336,2025-03-17,12,1,False,1.0,0.0,0.0,0.0,11.0,0.0,11.0,8.366666666666667,0.0
768115c2eaa5bf872b6f73af67403e31127811d5dfdaa65f5998e7f57a6be1ca,2025-03-17,12,1,False,1.0,0.0,0.0,0.0,11.0,0.0,11.0,5.75,0.0
77a935bf01e27db1c86c62c6082710b6fe7046028279183cc90fc11b5a21dd3c,2025-03-17,6,1,False,1.0,0.0,0.0,0.0,5.0,0.0,5.0,7.9,0.0
7b291901ed6fc90c51c56024b33122026451c19dfa4736a37621d21afa86ab5a,2025-03-17,8,1,False,1.0,0.0,0.0,0.0,7.0,0.0,7.0,6.216666666666667,0.0
7d64092a6e7dfd07913942876a0c314955bce8dc9fcabd12166bcf1ad5666185,2025-03-17,15,1,False,1.0,0.0,0.0,0.0,14.0,0.0,14.0,7.183333333333334,0.0
7faca1558937aea9797473b24d153f084fc8bc52e7e16da8f8bf4c48b587b358,2025-03-17,10,1,False,1.0,0.0,0.0,0.0,9.0,0.0,9.0,6.0,0.0
806e62fd6dd962469b9425c2f7b2550582df8623e5c711ade163292a626414aa,2025-03-17,14,1,False,1.0,0.0,0.0,0.0,13.0,0.0,13.0,8.5,0.0
85bf8422bdd496aa90249b85acbd42b16a6a0ed3121a586f0bcc607d16d09d80,2025-03-17,16,1,False,1.0,0.0,0.0,0.0,15.0,0.0,15.0,8.466666666666667,0.0
88b53efa4c89ad7a3d90cf3c01046d714f1adff9827d0eb5754b4ef76c64f039,2025-03-17,18,1,False,1.0,0.0,0.0,0.0,17.0,4.0,17.0,14.233333333333333,0.15
8eb9feaf80cb3b47e639148a128ff9ae2b814462106966998a7656825b71fa7d,2025-03-17,13,1,False,1.0,0.0,0.0,0.0,12.0,0.0,12.0,5.333333333333333,0.0
924ed1bb3874124ad2e307aa33a7e5791cc81dd30c0c079d54cfc1ea14ee310a,2025-03-17,13,1,False,1.0,0.0,0.0,0.0,12.0,0.0,12.0,7.466666666666667,0.0
939b9328b580200251e640b1f2170850525f4fefe336c98f053407a0725f9849,2025-03-17,16,1,False,1.0,0.0,0.0,0.0,15.0,0.0,15.0,6.7,0.0
9a31e4091d5c4c7fb8b9377b091ea9caa9cf26c36e62547a85992d9e109b1b9c,2025-03-17,16,1,False,1.0,0.0,0.0,0.0,15.0,0.0,15.0,8.083333333333334,0.0
9e007677846640b2acc599b1d1d498a20ff8260eeda2d49338e3b6ed111045a9,2025-03-17,10,1,False,1.0,1.0,0.0,0.0,9.0,1.0,9.0,6.416666666666667,0.35
9e7a5e914136e41ca82c366fd529e02d961e7ed1a6019ff724f06dbe447fbb88,2025-03-17,13,1,False,1.0,0.0,2.0,0.0,10.0,0.0,10.0,8.166666666666666,0.15
a8848b387af6359642c71478f693e4643381802ccc97f2b0c353264d7729405c,2025-03-17,14,1,False,1.0,0.0,0.0,0.0,13.0,0.0,13.0,6.416666666666667,0.0
b55080c0db11860ea934ecf297a13cf247817b3e34562a5897c18ff2cfa07f07,2025-03-17,9,1,False,1.0,0.0,0.0,0.0,8.0,3.0,8.0,9.166666666666666,0.15
b66c51931f321cca81cc9195f90b3174ae82ebb56c74459770f7800e347ca3b0,2025-03-17,6,1,False,1.0,0.0,0.0,0.0,5.0,0.0,5.0,4.433333333333334,0.0
b8e6c17d68aafa670b598b1cf0c0bd73a2937d6abb11055fded76b5e53231165,2025-03-17,16,1,False,1.0,0.0,0.0,0.0,15.0,0.0,15.0,9.466666666666667,0.0
bc60389887dd911a09f472d0f840e5a268d310cd13f422bfc6f811eb916ec82f,2025-03-17,15,1,False,1.0,0.0,0.0,0.0,14.0,0.0,14.0,7.583333333333333,0.0
c2fa44374f0aab02cb57c9ed348bb43c1fd456bfdf5b296c4f72174a002cd27f,2025-03-17,15,1,False,1.0,0.0,0.0,0.0,14.0,0.0,14.0,7.616666666666666,0.0
c5a8e30eed6744da0b641f474ebb407a75bc6fd07bd6e3c7aeb522c884dd456b,2025-03-17,10,1,False,1.0,1.0,0.0,0.0,9.0,2.0,9.0,5.0,0.35
c734a9d4fd20facb7d4e2f69c7a7be0a0263956653fc71b8d25ad3ed7a1ba446,2025-03-17,8,1,False,1.0,0.0,0.0,0.0,7.0,0.0,7.0,8.016666666666667,0.0
cb50b7517e0741a49adb67908546647f1da3398d8c72f00f00e9ba111909654b,2025-03-17,6,1,False,1.0,0.0,0.0,0.0,5.0,1.0,5.0,8.683333333333334,0.15
cc4113bc0f389ec5987bdc5cae8e94c8c01f0c5e127a5fc2b0ef752d7226c0ca,2025-03-17,16,1,False,1.0,0.0,0.0,0.0,15.0,0.0,15.0,6.35,0.0
cca321773f148695c0ffc5ed365db650aadc5ecdd13b4ddb3e6b57f38bf5a719,2025-03-17,10,1,False,1.0,0.0,0.0,0.0,9.0,0.0,9.0,8.516666666666667,0.0
d111a1427a39ed7f2d2483db714c5e0d79823bc9ecc62a126e1d144d374d286a,2025-03-17,15,1,False,1.0,0.0,0.0,0.0,14.0,0.0,14.0,8.366666666666667,0.0
dab294f3951611f65a9b1e6408fbad19981d1b65b76c28c3408dac6a6b93bbc8,2025-03-17,7,1,False,1.0,0.0,0.0,0.0,6.0,0.0,6.0,5.95,0.0
ddee12fc509b00889675d637518a8f7dfe216a200b6ad812c397b77d8bccb88b,2025-03-17,7,1,False,1.0,0.0,0.0,0.0,6.0,0.0,6.0,7.766666666666667,0.0
e001292c71d84c28529aed04ab0af1efa767893752908a7b7645f33d09aab74b,2025-03-17,8,1,False,1.0,0.0,0.0,0.0,7.0,0.0,7.0,6.533333333333333,0.0
e1a146fdbba0f457a2ea0a102e2c24872edc75865f95a9b842fcefa68e455266,2025-03-17,16,1,False,1.0,0.0,0.0,0.0,15.0,0.0,15.0,8.483333333333333,0.0
e498ed2d854e821dd717169a7b55e586bb647b3bd1ef51990cbd4e847791cc49,2025-03-17,6,1,False,1.0,0.0,0.0,0.0,5.0,0.0,5.0,6.533333333333333,0.0
e72c6ef5ea8445fc95b1c3ca1c82368b6c9adc8a29368110f51d81735f76f11c,2025-03-17,11,1,False,1.0,0.0,0.0,0.0,10.0,0.0,10.0,8.016666666666667,0.0
ea171ad8a99227777c2e7c1664c91caf9c08e47d4ba5c09165812a6d9633998c,2025-03-17,6,1,False,1.0,0.0,0.0,0.0,5.0,0.0,5.0,5.4,0.0
eac146261339b15b8a1e873ed372802ae1c5198377cc8e0f4a23d21bcead9c02,2025-03-17,7,1,False,1.0,0.0,0.0,0.0,6.0,0.0,6.0,6.6,0.0
ec8eef52024b6815e3113797e206a360a9c324efc2f400801d5eb1179b75a43d,2025-03-17,14,1,False,1.0,0.0,0.0,0.0,13.0,0.0,13.0,8.333333333333334,0.0
eecce08639c689fc3170d254f909a8dedd091d778d0ae7aa829c656b8d085cdd,2025-03-17,14,1,False,1.0,0.0,0.0,0.0,13.0,0.0,13.0,7.933333333333334,0.0
f02fff917d5e1f556f7ca2d8e8ddde98179be018c2669a269bf40d4f64b627f7,2025-03-17,13,1,False,1.0,0.0,0.0,0.0,12.0,0.0,12.0,7.633333333333334,0.0
f17b0eabd2530f1710fc19c34c4d29cc782a669753833ca0d88f524467cdf67f,2025-03-17,14,1,False,1.0,0.0,0.0,0.0,13.0,0.0,13.0,7.55,0.0
f26a64875adce083be80130e941dbfa6e94f2202ff0c463336c1300ecc5217f6,2025-03-17,16,1,False,1.0,0.0,0.0,0.0,15.0,0.0,15.0,6.333333333333333,0.0
f441fbdfbb3a65b7660b581790ec8633cd5e9a2bc3450e46f6f6d948e0ebd96b,2025-03-17,6,1,False,1.0,1.0,0.0,0.0,5.0,0.0,5.0,7.2,0.2
012fb52705cf3c18e19ff7f562c781dcd1736f3e5615ace007e35dee4740f412,2025-03-18,10,1,False,1.0,0.0,0.0,0.0,9.0,0.0,9.0,7.133333333333334,0.0
0604919ff2aebe087b97959084f1fffe2fd89b7e92f8997d6249f5617f0ec041,2025-03-18,14,1,False,1.0,0.0,0.0,0.0,13.0,0.0,13.0,9.016666666666667,0.0
0b9c9b2a643d502fb0470c0e2d25bd40592ae24d88e27a9cca008632f6491e86,2025-03-18,9,1,False,1.0,0.0,0.0,0.0,8.0,2.0,8.0,8.9,0.15
0bc6fa557a874432991fb3bef6cc8fecfed275284ca1549c6f502f2f2f86388f,2025-03-18,16,1,False,1.0,0.0,0.0,0.0,15.0,0.0,15.0,7.366666666666666,0.0
12881006a16563a03436c3185999cce893916a7f93bd295d9e51c610390a5400,2025-03-18,9,1,False,1.0,0.0,0.0,0.0,8.0,0.0,8.0,9.216666666666667,0.0
13cc67e7ae2b0731f9c20a2adb450d0ab125f700d392f08a01f5019b4da3be89,2025-03-18,12,1,False,1.0,0.0,0.0,0.0,11.0,0.0,11.0,7.316666666666666,0.0
1481a18bb91c683c9f0e63a3c1ffe035a67c1ee64eae546985a4caedd691f154,2025-03-18,7,1,False,1.0,0.0,0.0,0.0,6.0,0.0,6.0,5.916666666666667,0.0
1481cde120f4ec5a6626478c9222dacd947d0d027e33aa5175c391d3f10b05fd,2025-03-18,11,1,False,1.0,0.0,0.0,0.0,10.0,0.0,10.0,8.05,0.0
18757c67dbbb1f193d93dfd2c81d93f261d3cc1ab2b6b4a27daddb2a42f0c1e2,2025-03-18,6,1,False,1.0,0.0,0.0,0.0,5.0,0.0,5.0,6.55,0.0
1e13a5c6539e75908d998e36f94f2baee29b17d341286f7a2af3163b528a2fcc,2025-03-18,7,1,False,1.0,0.0,0.0,0.0,6.0,0.0,6.0,5.6,0.0
1e813ac9d9c5fbfa50cba6f0032edaff8652f398c5508cc13faa4cc0af6fc3b9,2025-03-18,13,1,False,1.0,0.0,0.0,0.0,12.0,0.0,12.0,8.533333333333333,0.0
1fddb883469b0cd0365153a0ebff0dbefb2b5a252dbaf2b9795ad45003650dcf,2025-03-18,16,1,False,1.0,0.0,0.0,0.0,15.0,0.0,15.0,7.916666666666667,0.0
227b301943873690ead2973a5f7d43ef587dc58b46733368a3f16daf8db98925,2025-03-18,7,1,False,1.0,0.0,0.0,0.0,6.0,0.0,6.0,6.6,0.0
269b850943bbddfb37b8186af3d0cd154525f08057e450bdb93ab26f06b9758d,2025-03-18,16,1,False,1.0,0.0,0.0,0.0,15.0,0.0,15.0,6.2,0.0
27ef13206d1090bf126d0f8dd08b66cc346b18eb199192600e14cdc52d7c9a35,2025-03-18,12,1,False,1.0,0.0,0.0,0.0,11.0,0.0,11.0,5.466666666666667,0.0
2b4a1e95204243f32c7235a27dbeae5a0e9d42da4c762132ac84c0817875d614,2025-03-18,7,1,False,1.0,0.0,0.0,0.0,6.0,0.0,6.0,6.9,0.0
2fdc8fb359ca03d047fec4ad4d7f3b9cfc23ebf54bee30aec8f1a6431bfd0d6e,2025-03-18,15,1,False,1.0,0.0,2.0,0.0,12.0,0.0,12.0,7.483333333333333,0.15
32c184d9780b5545a856a0a366a71b86deb3a80c4dc92142aaf6bb3437c336b1,2025-03-18,11,1,False,1.0,0.0,0.0,0.0,10.0,0.0,10.0,7.316666666666666,0.0
34977907ef51b1295028838fb56ded6159cee0d58c3200a0276324aac366417c,2025-03-18,13,1,False,1.0,0.0,0.0,0.0,12.0,0.0,12.0,8.85,0.0
3634cd4e250467a39545675e2f7386734815df9c667903c8c83b43450723a792,2025-03-18,11,1,False,1.0,0.0,0.0,0.0,10.0,0.0,10.0,6.5,0.0
369a478c83b6f436dd9aade49d6289f250e18ec2a71b9552d7d9bb884bb2b586,2025-03-18,15,1,False,1.0,0.0,0.0,0.0,14.0,0.0,14.0,8.35,0.0
3c32c4971223e549c349880665fa1e81f054571faf44435a8071b4de6b20dffb,2025-03-18,12,1,False,1.0,0.0,0.0,0.0,11.0,0.0,11.0,7.266666666666667,0.0
3e05c7d4c2f91af414e809d408787184297b351d1907c225f6f1e75fbec1f3a3,2025-03-18,13,1,False,1.0,0.0,0.0,0.0,12.0,0.0,12.0,7.833333333333333,0.0
44e2b71da8273f1b00b9ec55361a1e542f6812bce0acd27214d62e7de86dd6d0,2025-03-18,12,1,False,1.0,0.0,0.0,0.0,11.0,0.0,11.0,7.0,0.0
4620b38a9a7c0abed1e91cfdc3926234d098446655b643be9342b610365aa1b6,2025-03-18,13,1,False,1.0,0.0,0.0,0.0,12.0,0.0,12.0,6.783333333333333,0.0
49b020eb7c127b73472cb4fc893577b87b48690b941ca1067751e5a6e3eab262,2025-03-18,7,1,False,1.0,0.0,0.0,0.0,6.0,0.0,6.0,8.266666666666667,0.0
4bef524b2f19749989b990b1af1747f137bfe1d7fbf78fa1358ddfc45b247cf1,2025-03-18,10,1,False,1.0,0.0,0.0,0.0,9.0,0.0,9.0,6.866666666666666,0.0
4ef80c0c47503cd20d3a8157080fb28f38e6524b33375c23d5fcd98a2f64545e,2025-03-18,12,1,False,1.0,0.0,0.0,0.0,11.0,0.0,11.0,8.266666666666667,0.0
5088fc658035905665368960c940882faf61610a4e1ce57a24c6ffc946f0f5a8,2025-03-18,13,1,False,1.0,0.0,0.0,0.0,12.0,1.0,12.0,8.766666666666667,0.15
5379232fec078f04af386b787ed0dc69b2a455a27e52e901c773a11d2d0bce7f,2025-03-18,16,1,False,1.0,0.0,0.0,0.0,15.0,0.0,15.0,7.35,0.0
53a03335d3716bf67d3ed781065280a46863f8d947c2492c4e33cce33f4446d2,2025-03-18,9,1,False,1.0,0.0,0.0,0.0,8.0,0.0,8.0,3.816666666666667,0.0
603fcd2b8449630833d1b6c7313a10e8a2176025a45ca54002988df4de8536dd,2025-03-18,15,1,False,1.0,0.0,0.0,0.0,14.0,0.0,14.0,7.783333333333333,0.0
61127469ce0c27e2d19e0e5ecece9227e60515e12a899bc8bbc29e1c8f68a78f,2025-03-18,6,1,False,1.0,0.0,0.0,0.0,5.0,0.0,5.0,7.6,0.0
62009223daa0ff462d9b377b2b31f5c85b4e95caf611f5339cbb2b5e1dc9cab5,2025-03-18,13,1,False,1.0,0.0,0.0,0.0,12.0,0.0,12.0,7.583333333333333,0.0
620ea76a7f314a9faecfaadf110510d2abcf73e79e56e93b476e80794b9e251f,2025-03-18,8,1,False,1.0,0.0,0.0,0.0,7.0,0.0,7.0,5.583333333333333,0.0
685e9623979d1c18a11af39701aaf24188e1a40aee4c205c4d3220d26708793d,2025-03-18,15,1,False,1.0,0.0,0.0,0.0,14.0,0.0,14.0,6.316666666666666,0.0
69295bad69cbd357f13dc891b598791ab746ad0ed9cea2f9da57019f70c847b6,2025-03-18,14,1,False,1.0,0.0,0.0,0.0,13.0,0.0,13.0,7.233333333333333,0.0
6ac76fd52b6451030fdaa8cce0d1126104c034aa0d6cff3c078311dce03e36e5,2025-03-18,13,1,False,1.0,0.0,0.0,0.0,12.0,0.0,12.0,7.15,0.0
6e0553bc94f1b3457a68943cdeb271536fa0ca87652900b8c47b6b4e2eabc4b7,2025-03-18,7,1,False,1.0,0.0,0.0,0.0,6.0,1.0,6.0,9.383333333333333,0.15
71c200742f059a8380e2f3dd53ca613e2cdd705c24898e5957d46fefeff67336,2025-03-18,9,1,False,1.0,0.0,0.0,0.0,8.0,0.0,8.0,8.283333333333333,0.0
768115c2eaa5bf872b6f73af67403e31127811d5dfdaa65f5998e7f57a6be1ca,2025-03-18,8,1,False,1.0,0.0,0.0,0.0,7.0,0.0,7.0,7.0,0.0
77a935bf01e27db1c86c62c6082710b6fe7046028279183cc90fc11b5a21dd3c,2025-03-18,9,1,False,1.0,0.0,0.0,0.0,8.0,0.0,8.0,7.116666666666666,0.0
7b291901ed6fc90c51c56024b33122026451c19dfa4736a37621d21afa86ab5a,2025-03-18,9,1,False,1.0,0.0,0.0,0.0,8.0,0.0,8.0,7.033333333333333,0.0
7d64092a6e7dfd07913942876a0c314955bce8dc9fcabd12166bcf1ad5666185,2025-03-18,8,1,False,1.0,0.0,0.0,0.0,7.0,1.0,7.0,8.7,0.15
7faca1558937aea9797473b24d153f084fc8bc52e7e16da8f8bf4c48b587b358,2025-03-18,15,1,False,1.0,0.0,0.0,0.0,14.0,0.0,14.0,6.85,0.0
806e62fd6dd962469b9425c2f7b2550582df8623e5c711ade163292a626414aa,2025-03-18,7,1,False,1.0,0.0,0.0,0.0,6.0,0.0,6.0,6.8,0.0
85bf8422bdd496aa90249b85acbd42b16a6a0ed3121a586f0bcc607d16d09d80,2025-03-18,13,1,False,1.0,0.0,0.0,0.0,12.0,0.0,12.0,7.633333333333334,0.0
88b53efa4c89ad7a3d90cf3c01046d714f1adff9827d0eb5754b4ef76c64f039,2025-03-18,14,1,False,1.0,0.0,0.0,0.0,13.0,0.0,13.0,5.933333333333334,0.0
8eb9feaf80cb3b47e639148a128ff9ae2b814462106966998a7656825b71fa7d,2025-03-18,12,1,False,1.0,0.0,0.0,0.0,11.0,0.0,11.0,7.966666666666667,0.0
924ed1bb3874124ad2e307aa33a7e5791cc81dd30c0c079d54cfc1ea14ee310a,2025-03-18,7,1,False,1.0,0.0,0.0,0.0,6.0,2.0,6.0,7.816666666666666,0.15
939b9328b580200251e640b1f2170850525f4fefe336c98f053407a0725f9849,2025-03-18,13,1,False,1.0,0.0,0.0,0.0,12.0,0.0,12.0,6.666666666666667,0.0
9a31e4091d5c4c7fb8b9377b091ea9caa9cf26c36e62547a85992d9e109b1b9c,2025-03-18,11,1,False,1.0,0.0,0.0,0.0,10.0,0.0,10.0,5.983333333333333,0.0
9e007677846640b2acc599b1d1d498a20ff8260eeda2d49338e3b6ed111045a9,2025-03-18,11,1,False,1.0,0.0,0.0,0.0,10.0,0.0,10.0,6.383333333333334,0.0
9e7a5e914136e41ca82c366fd529e02d961e7ed1a6019ff724f06dbe447fbb88,2025-03-18,13,1,False,1.0,0.0,0.0,0.0,12.0,0.0,12.0,8.783333333333333,0.0
a8848b387af6359642c71478f693e4643381802ccc97f2b0c353264d7729405c,2025-03-18,9,1,False,1.0,0.0,0.0,0.0,8.0,0.0,8.0,7.516666666666667,0.0
b55080c0db11860ea934ecf297a13cf247817b3e34562a5897c18ff2cfa07f07,2025-03-18,14,1,False,1.0,0.0,0.0,0.0,13.0,0.0,13.0,7.433333333333334,0.0
b66c51931f321cca81cc9195f90b3174ae82ebb56c74459770f7800e347ca3b0,2025-03-18,12,1,False,1.0,0.0,0.0,0.0,11.0,0.0,11.0,8.466666666666667,0.0
b8e6c17d68aafa670b598b1cf0c0bd73a2937d6abb11055fded76b5e53231165,2025-03-18,10,1,False,1.0,0.0,0.0,0.0,9.0,0.0,9.0,7.633333333333334,0.0
bc60389887dd911a09f472d0f840e5a268d310cd13f422bfc6f811eb916ec82f,2025-03-18,14,1,False,1.0,0.0,0.0,0.0,13.0,0.0,13.0,5.866666666666666,0.0
c2fa44374f0aab02cb57c9ed348bb43c1fd456bfdf5b296c4f72174a002cd27f,2025-03-18,9,1,False,1.0,1.0,0.0,0.0,8.0,0.0,8.0,7.266666666666667,0.2
c5a8e30eed6744da0b641f474ebb407a75bc6fd07bd6e3c7aeb522c884dd456b,2025-03-18,8,1,False,1.0,0.0,0.0,0.0,7.0,0.0,7.0,8.433333333333334,0.0
c734a9d4fd20facb7d4e2f69c7a7be0a0263956653fc71b8d25ad3ed7a1ba446,2025-03-18,12,1,False,1.0,0.0,0.0,0.0,11.0,0.0,11.0,6.916666666666667,0.0
cb50b7517e0741a49adb67908546647f1da3398d8c72f00f00e9ba111909654b,2025-03-18,13,1,False,1.0,0.0,0.0,0.0,12.0,0.0,12.0,6.016666666666667,0.0
cc4113bc0f389ec5987bdc5cae8e94c8c01f0c5e127a5fc2b0ef752d7226c0ca,2025-03-18,7,1,False,1.0,0.0,0.0,0.0,6.0,0.0,6.0,8.0,0.0
cca321773f148695c0ffc5ed365db650aadc5ecdd13b4ddb3e6b57f38bf5a719,2025-03-18,8,1,False,1.0,0.0,0.0,0.0,7.0,0.0,7.0,4.316666666666666,0.0
d111a1427a39ed7f2d2483db714c5e0d79823bc9ecc62a126e1d144d374d286a,2025-03-18,6,1,False,1.0,0.0,0.0,0.0,5.0,0.0,5.0,6.583333333333333,0.0
dab294f3951611f65a9b1e6408fbad19981d1b65b76c28c3408dac6a6b93bbc8,2025-03-18,14,1,False,1.0,1.0,0.0,0.0,13.0,0.0,13.0,7.233333333333333,0.2
ddee12fc509b00889675d637518a8f7dfe216a200b6ad812c397b77d8bccb88b,2025-03-18,15,1,False,1.0,0.0,0.0,0.0,14.0,0.0,14.0,6.583333333333333,0.0
e001292c71d84c28529aed04ab0af1efa767893752908a7b7645f33d09aab74b,2025-03-18,16,1,False,1.0,0.0,0.0,0.0,15.0,0.0,15.0,7.583333333333333,0.0
e1a146fdbba0f457a2ea0a102e2c24872edc75865f95a9b842fcefa68e455266,2025-03-18,14,1,False,1.0,0.0,0.0,0.0,13.0,3.0,13.0,9.3,0.15
e498ed2d854e821dd717169a7b55e586bb647b3bd1ef51990cbd4e847791cc49,2025-03-18,7,1,False,1.0,0.0,0.0,0.0,6.0,0.0,6.0,8.05,0.0
e72c6ef5ea8445fc95b1c3ca1c82368b6c9adc8a29368110f51d81735f76f11c,2025-03-18,11,1,False,1.0,0.0,0.0,0.0,10.0,0.0,10.0,8.066666666666666,0.0
ea171ad8a99227777c2e7c1664c91caf9c08e47d4ba5c09165812a6d9633998c,2025-03-18,11,1,False,1.0,0.0,0.0,0.0,10.0,0.0,10.0,5.766666666666667,0.0
eac146261339b15b8a1e873ed372802ae1c5198377cc8e0f4a23d21bcead9c02,2025-03-18,8,1,False,1.0,0.0,0.0,0.0,7.0,0.0,7.0,6.95,0.0
ec8eef52024b6815e3113797e206a360a9c324efc2f400801d5eb1179b75a43d,2025-03-18,10,1,False,1.0,0.0,0.0,0.0,9.0,0.0,9.0,7.0,0.0
eecce08639c689fc3170d254f909a8dedd091d778d0ae7aa829c656b8d085cdd,2025-03-18,6,1,False,1.0,0.0,0.0,0.0,5.0,0.0,5.0,6.383333333333334,0.0
f02fff917d5e1f556f7ca2d8e8ddde98179be018c2669a269bf40d4f64b627f7,2025-03-18,16,1,False,1.0,0.0,0.0,0.0,15.0,0.0,15.0,7.55,0.0
f17b0eabd2530f1710fc19c34c4d29cc782a669753833ca0d88f524467cdf67f,2025-03-18,14,1,False,1.0,0.0,0.0,0.0,13.0,0.0,13.0,8.416666666666666,0.0
f26a64875adce083be80130e941dbfa6e94f2202ff0c463336c1300ecc5217f6,2025-03-18,15,1,False,1.0,0.0,0.0,0.0,14.0,0.0,14.0,7.8,0.0
f441fbdfbb3a65b7660b581790ec8633cd5e9a2bc3450e46f6f6d948e0ebd96b,2025-03-18,9,1,False,1.0,0.0,0.0,0.0,8.0,0.0,8.0,7.366666666666666,0.0
012fb52705cf3c18e19ff7f562c781dcd1736f3e5615ace007e35dee4740f412,2025-03-19,7,1,False,1.0,0.0,0.0,0.0,6.0,0.0,6.0,7.25,0.0
0604919ff2aebe087b97959084f1fffe2fd89b7e92f8997d6249f5617f0ec041,2025-03-19,13,1,False,1.0,0.0,0.0,0.0,12.0,0.0,12.0,9.45,0.0
0b9c9b2a643d502fb0470c0e2d25bd40592ae24d88e27a9cca008632f6491e86,2025-03-19,8,1,False,1.0,0.0,0.0,0.0,7.0,0.0,7.0,5.616666666666666,0.0
0bc6fa557a874432991fb3bef6cc8fecfed275284ca1549c6f502f2f2f86388f,2025-03-19,9,1,False,1.0,0.0,0.0,0.0,8.0,0.0,8.0,7.916666666666667,0.0
12881006a16563a03436c3185999cce893916a7f93bd295d9e51c610390a5400,2025-03-19,12,1,False,1.0,0.0,0.0,0.0,11.0,0.0,11.0,7.8,0.0
13cc67e7ae2b0731f9c20a2adb450d0ab125f700d392f08a01f5019b4da3be89,2025-03-19,11,1,False,1.0,0.0,0.0,0.0,10.0,0.0,10.0,8.533333333333333,0.0
1481a18bb91c683c9f0e63a3c1ffe035a67c1ee64eae546985a4caedd691f154,2025-03-19,14,1,False,1.0,0.0,0.0,0.0,13.0,0.0,13.0,5.25,0.0
1481cde120f4ec5a6626478c9222dacd947d0d027e33aa5175c391d3f10b05fd,2025-03-19,11,1,False,1.0,0.0,0.0,0.0,10.0,0.0,10.0,6.783333333333333,0.0
18757c67dbbb1f193d93dfd2c81d93f261d3cc1ab2b6b4a27daddb2a42f0c1e2,2025-03-19,12,1,False,1.0,0.0,0.0,0.0,11.0,0.0,11.0,6.983333333333333,0.0
1e13a5c6539e75908d998e36f94f2baee29b17d341286f7a2af3163b528a2fcc,2025-03-19,16,1,False,1.0,0.0,0.0,0.0,15.0,0.0,15.0,7.516666666666667,0.0
1e813ac9d9c5fbfa50cba6f0032edaff8652f398c5508cc13faa4cc0af6fc3b9,2025-03-19,9,1,False,1.0,0.0,0.0,0.0,8.0,0.0,8.0,6.183333333333334,0.0
1fddb883469b0cd0365153a0ebff0dbefb2b5a252dbaf2b9795ad45003650dcf,2025-03-19,10,1,False,1.0,0.0,0.0,0.0,9.0,1.0,9.0,13.9,0.15
227b301943873690ead2973a5f7d43ef587dc58b46733368a3f16daf8db98925,2025-03-19,12,1,False,1.0,0.0,0.0,0.0,11.0,0.0,11.0,7.866666666666666,0.0
269b850943bbddfb37b8186af3d0cd154525f08057e450bdb93ab26f06b9758d,2025-03-19,7,1,False,1.0,0.0,0.0,0.0,6.0,0.0,6.0,7.95,0.0
27ef13206d1090bf126d0f8dd08b66cc346b18eb199192600e14cdc52d7c9a35,2025-03-19,14,1,False,1.0,0.0,0.0,0.0,13.0,0.0,13.0,8.966666666666667,0.0
2b4a1e95204243f32c7235a27dbeae5a0e9d42da4c762132ac84c0817875d614,2025-03-19,7,1,False,1.0,0.0,0.0,0.0,6.0,0.0,6.0,6.183333333333334,0.0
2fdc8fb359ca03d047fec4ad4d7f3b9cfc23ebf54bee30aec8f1a6431bfd0d6e,2025-03-19,7,1,False,1.0,0.0,0.0,0.0,6.0,0.0,6.0,6.8,0.0
32c184d9780b5545a856a0a366a71b86deb3a80c4dc92142aaf6bb3437c336b1,2025-03-19,9,1,False,1.0,0.0,0.0,0.0,8.0,0.0,8.0,4.95,0.0
34977907ef51b1295028838fb56ded6159cee0d58c3200a0276324aac366417c,2025-03-19,8,1,False,1.0,0.0,0.0,0.0,7.0,0.0,7.0,6.633333333333334,0.0
3634cd4e250467a39545675e2f7386734815df9c667903c8c83b43450723a792,2025-03-19,14,1,False,1.0,0.0,0.0,0.0,13.0,0.0,13.0,7.566666666666666,0.0
369a478c83b6f436dd9aade49d6289f250e18ec2a71b9552d7d9bb884bb2b586,2025-03-19,13,1,False,1.0,0.0,0.0,0.0,12.0,0.0,12.0,6.65,0.0
3c32c4971223e549c349880665fa1e81f054571faf44435a8071b4de6b20dffb,2025-03-19,7,1,False,1.0,0.0,0.0,0.0,6.0,0.0,6.0,8.0,0.0
3e05c7d4c2f91af414e809d408787184297b351d1907c225f6f1e75fbec1f3a3,2025-03-19,16,1,False,1.0,0.0,0.0,0.0,15.0,0.0,15.0,6.466666666666667,0.0
44e2b71da8273f1b00b9ec55361a1e542f6812bce0acd27214d62e7de86dd6d0,2025-03-19,13,1,False,1.0,0.0,0.0,0.0,12.0,0.0,12.0,7.266666666666667,0.0
4620b38a9a7c0abed1e91cfdc3926234d098446655b643be9342b610365aa1b6,2025-03-19,14,1,False,1.0,0.0,0.0,0.0,13.0,0.0,13.0,7.516666666666667,0.0
49b020eb7c127b73472cb4fc893577b87b48690b941ca1067751e5a6e3eab262,2025-03-19,13,1,False,1.0,0.0,0.0,0.0,12.0,0.0,12.0,7.466666666666667,0.0
4bef524b2f19749989b990b1af1747f137bfe1d7fbf78fa1358ddfc45b247cf1,2025-03-19,6,1,False,1.0,0.0,0.0,0.0,5.0,2.0,5.0,8.566666666666666,0.15
4ef80c0c47503cd20d3a8157080fb28f38e6524b33375c23d5fcd98a2f64545e,2025-03-19,12,1,False,1.0,0.0,0.0,0.0,11.0,0.0,11.0,8.033333333333333,0.0
5088fc658035905665368960c940882faf61610a4e1ce57a24c6ffc946f0f5a8,2025-03-19,16,1,False,1.0,0.0,0.0,0.0,15.0,0.0,15.0,8.466666666666667,0.0
5379232fec078f04af386b787ed0dc69b2a455a27e52e901c773a11d2d0bce7f,2025-03-19,7,1,False,1.0,0.0,0.0,0.0,6.0,0.0,6.0,4.816666666666666,0.0
53a03335d3716bf67d3ed781065280a46863f8d947c2492c4e33cce33f4446d2,2025-03-19,7,1,False,1.0,0.0,0.0,0.0,6.0,1.0,6.0,8.45,0.15
603fcd2b8449630833d1b6c7313a10e8a2176025a45ca54002988df4de8536dd,2025-03-19,13,1,False,1.0,0.0,0.0,0.0,12.0,0.0,12.0,6.716666666666667,0.0
61127469ce0c27e2d19e0e5ecece9227e60515e12a899bc8bbc29e1c8f68a78f,2025-03-19,7,1,False,1.0,0.0,0.0,0.0,6.0,0.0,6.0,8.25,0.0
62009223daa0ff462d9b377b2b31f5c85b4e95caf611f5339cbb2b5e1dc9cab5,2025-03-19,16,1,False,1.0,0.0,0.0,0.0,15.0,0.0,15.0,5.9,0.0
620ea76a7f314a9faecfaadf110510d2abcf73e79e56e93b476e80794b9e251f,2025-03-19,8,1,False,1.0,0.0,0.0,0.0,7.0,0.0,7.0,5.716666666666667,0.0
685e9623979d1c18a11af39701aaf24188e1a40aee4c205c4d3220d26708793d,2025-03-19,11,1,False,1.0,0.0,0.0,0.0,10.0,0.0,10.0,6.866666666666666,0.0
69295bad69cbd357f13dc891b598791ab746ad0ed9cea2f9da57019f70c847b6,2025-03-19,7,1,False,1.0,0.0,0.0,0.0,6.0,0.0,6.0,5.666666666666667,0.0
6ac76fd52b6451030fdaa8cce0d1126104c034aa0d6cff3c078311dce03e36e5,2025-03-19,7,1,False,1.0,0.0,0.0,0.0,6.0,0.0,6.0,5.983333333333333,0.0
6e0553bc94f1b3457a68943cdeb271536fa0ca87652900b8c47b6b4e2eabc4b7,2025-03-19,6,1,False,1.0,0.0,0.0,0.0,5.0,0.0,5.0,6.516666666666667,0.0
71c200742f059a8380e2f3dd53ca613e2cdd705c24898e5957d46fefeff67336,2025-03-19,16,1,False,1.0,0.0,2.0,0.0,13.0,0.0,13.0,6.566666666666666,0.15
768115c2eaa5bf872b6f73af67403e31127811d5dfdaa65f5998e7f57a6be1ca,2025-03-19,9,1,False,1.0,0.0,0.0,0.0,8.0,0.0,8.0,5.216666666666667,0.0
77a935bf01e27db1c86c62c6082710b6fe7046028279183cc90fc11b5a21dd3c,2025-03-19,7,1,False,1.0,0.0,0.0,0.0,6.0,0.0,6.0,6.583333333333333,0.0
7b291901ed6fc90c51c56024b33122026451c19dfa4736a37621d21afa86ab5a,2025-03-19,12,1,False,1.0,0.0,0.0,0.0,11.0,0.0,11.0,6.783333333333333,0.0
7d64092a6e7dfd07913942876a0c314955bce8dc9fcabd12166bcf1ad5666185,2025-03-19,12,1,False,1.0,0.0,0.0,0.0,11.0,0.0,11.0,6.233333333333333,0.0
7faca1558937aea9797473b24d153f084fc8bc52e7e16da8f8bf4c48b587b358,2025-03-19,14,1,False,1.0,0.0,0.0,0.0,13.0,0.0,13.0,7.55,0.0
806e62fd6dd962469b9425c2f7b2550582df8623e5c711ade163292a626414aa,2025-03-19,14,1,False,1.0,0.0,0.0,0.0,13.0,0.0,13.0,4.95,0.0
85bf8422bdd496aa90249b85acbd42b16a6a0ed3121a586f0bcc607d16d09d80,2025-03-19,7,1,False,1.0,1.0,0.0,0.0,6.0,0.0,6.0,5.883333333333334,0.2
88b53efa4c89ad7a3d90cf3c01046d714f1adff9827d0eb5754b4ef76c64f039,2025-03-19,15,1,False,1.0,0.0,0.0,0.0,14.0,0.0,14.0,6.533333333333333,0.0
8eb9feaf80cb3b47e639148a128ff9ae2b814462106966998a7656825b71fa7d,2025-03-19,6,1,False,1.0,0.0,0.0,0.0,5.0,0.0,5.0,4.633333333333334,0.0
924ed1bb3874124ad2e307aa33a7e5791cc81dd30c0c079d54cfc1ea14ee310a,2025-03-19,6,1,False,1.0,0.0,0.0,0.0,5.0,0.0,5.0,7.433333333333334,0.0
939b9328b580200251e640b1f2170850525f4fefe336c98f053407a0725f9849,2025-03-19,16,1,False,1.0,0.0,0.0,0.0,15.0,0.0,15.0,5.95,0.0
9a31e4091d5c4c7fb8b9377b091ea9caa9cf26c36e62547a85992d9e109b1b9c,2025-03-19,9,1,False,1.0,0.0,0.0,0.0,8.0,0.0,8.0,7.8,0.0
9e007677846640b2acc599b1d1d498a20ff8260eeda2d49338e3b6ed111045a9,2025-03-19,15,1,False,1.0,0.0,0.0,0.0,14.0,0.0,14.0,8.05,0.0
9e7a5e914136e41ca82c366fd529e02d961e7ed1a6019ff724f06dbe447fbb88,2025-03-19,9,1,False,1.0,0.0,0.0,0.0,8.0,0.0,8.0,7.066666666666666,0.0
a8848b387af6359642c71478f693e4643381802ccc97f2b0c353264d7729405c,2025-03-19,14,1,False,1.0,0.0,0.0,0.0,13.0,0.0,13.0,7.0,0.0
b55080c0db11860ea934ecf297a13cf247817b3e34562a5897c18ff2cfa07f07,2025-03-19,12,1,False,1.0,0.0,0.0,0.0,11.0,0.0,11.0,7.783333333333333,0.0
b66c51931f321cca81cc9195f90b3174ae82ebb56c74459770f7800e347ca3b0,2025-03-19,6,1,False,1.0,0.0,0.0,0.0,5.0,0.0,5.0,7.45,0.0
b8e6c17d68aafa670b598b1cf0c0bd73a2937d6abb11055fded76b5e53231165,2025-03-19,16,1,False,1.0,0.0,0.0,0.0,15.0,0.0,15.0,7.383333333333334,0.0
bc60389887dd911a09f472d0f840e5a268d310cd13f422bfc6f811eb916ec82f,2025-03-19,10,1,False,1.0,0.0,0.0,0.0,9.0,0.0,9.0,5.85,0.0
c2fa44374f0aab02cb57c9ed348bb43c1fd456bfdf5b296c4f72174a002cd27f,2025-03-19,6,1,False,1.0,0.0,0.0,0.0,5.0,0.0,5.0,6.333333333333333,0.0
c5a8e30eed6744da0b641f474ebb407a75bc6fd07bd6e3c7aeb522c884dd456b,2025-03-19,6,1,False,1.0,0.0,0.0,0.0,5.0,0.0,5.0,6.8,0.0
c734a9d4fd20facb7d4e2f69c7a7be0a0263956653fc71b8d25ad3ed7a1ba446,2025-03-19,15,1,False,1.0,0.0,0.0,0.0,14.0,0.0,14.0,7.15,0.0
cb50b7517e0741a49adb67908546647f1da3398d8c72f00f00e9ba111909654b,2025-03-19,16,1,False,1.0,0.0,0.0,0.0,15.0,0.0,15.0,6.433333333333334,0.0
cc4113bc0f389ec5987bdc5cae8e94c8c01f0c5e127a5fc2b0ef752d7226c0ca,2025-03-19,14,1,False,1.0,0.0,0.0,0.0,13.0,0.0,13.0,6.483333333333333,0.0
cca321773f148695c0ffc5ed365db650aadc5ecdd13b4ddb3e6b57f38bf5a719,2025-03-19,16,1,False,1.0,0.0,0.0,0.0,15.0,0.0,15.0,7.416666666666667,0.0
d111a1427a39ed7f2d2483db714c5e0d79823bc9ecc62a126e1d144d374d286a,2025-03-19,13,1,False,1.0,0.0,0.0,0.0,12.0,0.0,12.0,6.066666666666666,0.0
dab294f3951611f65a9b1e6408fbad19981d1b65b76c28c3408dac6a6b93bbc8,2025-03-19,10,1,False,1.0,0.0,0.0,0.0,9.0,0.0,9.0,7.266666666666667,0.0
ddee12fc509b00889675d637518a8f7dfe216a200b6ad812c397b77d8bccb88b,2025-03-19,15,1,False,1.0,0.0,0.0,0.0,14.0,0.0,14.0,7.15,0.0
e001292c71d84c28529aed04ab0af1efa767893752908a7b7645f33d09aab74b,2025-03-19,11,1,False,1.0,0.0,0.0,0.0,10.0,0.0,10.0,5.066666666666666,0.0
e1a146fdbba0f457a2ea0a102e2c24872edc75865f95a9b842fcefa68e455266,2025-03-19,13,1,False,1.0,0.0,0.0,0.0,12.0,0.0,12.0,7.316666666666666,0.0
e498ed2d854e821dd717169a7b55e586bb647b3bd1ef51990cbd4e847791cc49,2025-03-19,12,1,False,1.0,0.0,0.0,0.0,11.0,0.0,11.0,5.616666666666666,0.0
e72c6ef5ea8445fc95b1c3ca1c82368b6c9adc8a29368110f51d81735f76f11c,2025-03-19,10,1,False,1.0,0.0,0.0,0.0,9.0,0.0,9.0,6.833333333333333,0.0
ea171ad8a99227777c2e7c1664c91caf9c08e47d4ba5c09165812a6d9633998c,2025-03-19,15,1,False,1.0,0.0,0.0,0.0,14.0,3.0,14.0,8.85,0.15
eac146261339b15b8a1e873ed372802ae1c5198377cc8e0f4a23d21bcead9c02,2025-03-19,10,1,False,1.0,0.0,0.0,0.0,9.0,0.0,9.0,7.883333333333334,0.0
ec8eef52024b6815e3113797e206a360a9c324efc2f400801d5eb1179b75a43d,2025-03-19,7,1,False,1.0,0.0,0.0,0.0,6.0,0.0,6.0,8.133333333333333,0.0
eecce08639c689fc3170d254f909a8dedd091d778d0ae7aa829c656b8d085cdd,2025-03-19,7,1,False,1.0,0.0,0.0,0.0,6.0,0.0,6.0,8.166666666666666,0.0
f02fff917d5e1f556f7ca2d8e8ddde98179be018c2669a269bf40d4f64b627f7,2025-03-19,8,1,False,1.0,0.0,0.0,0.0,7.0,2.0,7.0,12.35,0.15
f17b0eabd2530f1710fc19c34c4d29cc782a669753833ca0d88f524467cdf67f,2025-03-19,14,1,False,1.0,0.0,0.0,0.0,13.0,0.0,13.0,7.733333333333333,0.0
f26a64875adce083be80130e941dbfa6e94f2202ff0c463336c1300ecc5217f6,2025-03-19,8,1,False,1.0,0.0,0.0,0.0,7.0,0.0,7.0,6.05,0.0
f441fbdfbb3a65b7660b581790ec8633cd5e9a2bc3450e46f6f6d948e0ebd96b,2025-03-19,10,1,False,1.0,0.0,0.0,0.0,9.0,0.0,9.0,6.666666666666667,0.0
012fb52705cf3c18e19ff7f562c781dcd1736f3e5615ace007e35dee4740f412,2025-03-20,9,1,False,1.0,0.0,0.0,0.0,8.0,1.0,8.0,9.466666666666667,0.15
0604919ff2aebe087b97959084f1fffe2fd89b7e92f8997d6249f5617f0ec041,2025-03-20,7,1,False,1.0,0.0,0.0,0.0,6.0,0.0,6.0,4.95,0.0
0b9c9b2a643d502fb0470c0e2d25bd40592ae24d88e27a9cca008632f6491e86,2025-03-20,8,1,False,1.0,0.0,0.0,0.0,7.0,0.0,7.0,6.966666666666667,0.0
0bc6fa557a874432991fb3bef6cc8fecfed275284ca1549c6f502f2f2f86388f,2025-03-20,12,1,False,1.0,0.0,0.0,0.0,11.0,0.0,11.0,7.033333333333333,0.0
12881006a16563a03436c3185999cce893916a7f93bd295d9e51c610390a5400,2025-03-20,7,1,False,1.0,0.0,0.0,0.0,6.0,0.0,6.0,6.866666666666666,0.0
13cc67e7ae2b0731f9c20a2adb450d0ab125f700d392f08a01f5019b4da3be89,2025-03-20,14,1,False,1.0,0.0,0.0,0.0,13.0,2.0,13.0,8.8,0.15
1481a18bb91c683c9f0e63a3c1ffe035a67c1ee64eae546985a4caedd691f154,2025-03-20,7,1,False,1.0,0.0,0.0,0.0,6.0,0.0,6.0,4.933333333333334,0.0
1481cde120f4ec5a6626478c9222dacd947d0d027e33aa5175c391d3f10b05fd,2025-03-20,13,1,False,1.0,0.0,0.0,0.0,12.0,0.0,12.0,6.4,0.0
18757c67dbbb1f193d93dfd2c81d93f261d3cc1ab2b6b4a27daddb2a42f0c1e2,2025-03-20,13,1,False,1.0,0.0,0.0,0.0,12.0,0.0,12.0,7.883333333333334,0.0
1e13a5c6539e75908d998e36f94f2baee29b17d341286f7a2af3163b528a2fcc,2025-03-20,13,1,False,1.0,0.0,0.0,0.0,12.0,0.0,12.0,8.85,0.0
1e813ac9d9c5fbfa50cba6f0032edaff8652f398c5508cc13faa4cc0af6fc3b9,2025-03-20,10,1,False,1.0,0.0,0.0,0.0,9.0,0.0,9.0,8.866666666666667,0.0
1fddb883469b0cd0365153a0ebff0dbefb2b5a252dbaf2b9795ad45003650dcf,2025-03-20,6,1,False,1.0,0.0,0.0,0.0,5.0,2.0,5.0,8.75,0.15
227b301943873690ead2973a5f7d43ef587dc58b46733368a3f16daf8db98925,2025-03-20,14,1,False,1.0,0.0,0.0,0.0,13.0,1.0,13.0,9.266666666666667,0.15
269b850943bbddfb37b8186af3d0cd154525f08057e450bdb93ab26f06b9758d,2025-03-20,15,1,False,1.0,0.0,0.0,0.0,14.0,0.0,14.0,6.633333333333334,0.0
27ef13206d1090bf126d0f8dd08b66cc346b18eb199192600e14cdc52d7c9a35,2025-03-20,7,1,False,1.0,0.0,0.0,0.0,6.0,0.0,6.0,8.2,0.0
2b4a1e95204243f32c7235a27dbeae5a0e9d42da4c762132ac84c0817875d614,2025-03-20,12,1,False,1.0,0.0,0.0,0.0,11.0,0.0,11.0,9.15,0.0
2fdc8fb359ca03d047fec4ad4d7f3b9cfc23ebf54bee30aec8f1a6431bfd0d6e,2025-03-20,13,1,False,1.0,0.0,0.0,0.0,12.0,0.0,12.0,7.85,0.0
32c184d9780b5545a856a0a366a71b86deb3a80c4dc92142aaf6bb3437c336b1,2025-03-20,9,1,False,1.0,0.0,0.0,0.0,8.0,1.0,8.0,9.0,0.15
34977907ef51b1295028838fb56ded6159cee0d58c3200a0276324aac366417c,2025-03-20,16,1,False,1.0,0.0,0.0,0.0,15.0,0.0,15.0,6.716666666666667,0.0
3634cd4e250467a39545675e2f7386734815df9c667903c8c83b43450723a792,2025-03-20,13,1,False,1.0,0.0,0.0,0.0,12.0,0.0,12.0,7.25,0.0
369a478c83b6f436dd9aade49d6289f250e18ec2a71b9552d7d9bb884bb2b586,2025-03-20,10,1,False,1.0,0.0,0.0,0.0,9.0,0.0,9.0,5.666666666666667,0.0
3c32c4971223e549c349880665fa1e81f054571faf44435a8071b4de6b20dffb,2025-03-20,11,1,False,1.0,0.0,0.0,0.0,10.0,0.0,10.0,5.866666666666666,0.0
3e05c7d4c2f91af414e809d408787184297b351d1907c225f6f1e75fbec1f3a3,2025-03-20,6,1,False,1.0,0.0,0.0,0.0,5.0,0.0,5.0,6.533333333333333,0.0
44e2b71da8273f1b00b9ec55361a1e542f6812bce0acd27214d62e7de86dd6d0,2025-03-20,15,1,False,1.0,0.0,0.0,0.0,14.0,0.0,14.0,7.733333333333333,0.0
4620b38a9a7c0abed1e91cfdc3926234d098446655b643be9342b610365aa1b6,2025-03-20,11,1,False,1.0,0.0,0.0,0.0,10.0,0.0,10.0,6.65,0.0
49b020eb7c127b73472cb4fc893577b87b48690b941ca1067751e5a6e3eab262,2025-03-20,15,1,False,1.0,0.0,0.0,0.0,14.0,0.0,14.0,5.916666666666667,0.0
4bef524b2f19749989b990b1af1747f137bfe1d7fbf78fa1358ddfc45b247cf1,2025-03-20,9,1,False,1.0,0.0,0.0,0.0,8.0,0.0,8.0,8.566666666666666,0.0
4ef80c0c47503cd20d3a8157080fb28f38e6524b33375c23d5fcd98a2f64545e,2025-03-20,11,1,False,1.0,0.0,0.0,0.0,10.0,0.0,10.0,8.483333333333333,0.0
5088fc658035905665368960c940882faf61610a4e1ce57a24c6ffc946f0f5a8,2025-03-20,12,1,False,1.0,0.0,0.0,0.0,11.0,0.0,11.0,6.116666666666666,0.0
5379232fec078f04af386b787ed0dc69b2a455a27e52e901c773a11d2d0bce7f,2025-03-20,15,1,False,1.0,0.0,0.0,0.0,14.0,1.0,14.0,10.716666666666667,0.15
53a03335d3716bf67d3ed781065280a46863f8d947c2492c4e33cce33f4446d2,2025-03-20,12,1,False,1.0,0.0,0.0,0.0,11.0,0.0,11.0,8.416666666666666,0.0
603fcd2b8449630833d1b6c7313a10e8a2176025a45ca54002988df4de8536dd,2025-03-20,8,1,False,1.0,0.0,0.0,0.0,7.0,0.0,7.0,7.016666666666667,0.0
61127469ce0c27e2d19e0e5ecece9227e60515e12a899bc8bbc29e1c8f68a78f,2025-03-20,14,1,False,1.0,0.0,0.0,0.0,13.0,0.0,13.0,6.3,0.0
62009223daa0ff462d9b377b2b31f5c85b4e95caf611f5339cbb2b5e1dc9cab5,2025-03-20,7,1,False,1.0,1.0,0.0,0.0,6.0,0.0,6.0,6.4,0.2
620ea76a7f314a9faecfaadf110510d2abcf73e79e56e93b476e80794b9e251f,2025-03-20,14,1,False,1.0,0.0,0.0,0.0,13.0,0.0,13.0,7.5,0.0
685e9623979d1c18a11af39701aaf24188e1a40aee4c205c4d3220d26708793d,2025-03-20,6,1,False,1.0,0.0,0.0,0.0,5.0,0.0,5.0,7.05,0.0
69295bad69cbd357f13dc891b598791ab746ad0ed9cea2f9da57019f70c847b6,2025-03-20,11,1,False,1.0,0.0,0.0,0.0,10.0,0.0,10.0,7.166666666666667,0.0
6ac76fd52b6451030fdaa8cce0d1126104c034aa0d6cff3c078311dce03e36e5,2025-03-20,7,1,False,1.0,0.0,0.0,0.0,6.0,0.0,6.0,7.633333333333334,0.0
6e0553bc94f1b3457a68943cdeb271536fa0ca87652900b8c47b6b4e2eabc4b7,2025-03-20,14,1,False,1.0,0.0,0.0,0.0,13.0,0.0,13.0,7.566666666666666,0.0
71c200742f059a8380e2f3dd53ca613e2cdd705c24898e5957d46fefeff67336,2025-03-20,8,1,False,1.0,0.0,0.0,0.0,7.0,0.0,7.0,6.533333333333333,0.0
768115c2eaa5bf872b6f73af67403e31127811d5dfdaa65f5998e7f57a6be1ca,2025-03-20,6,1,False,1.0,0.0,0.0,0.0,5.0,0.0,5.0,6.416666666666667,0.0
77a935bf01e27db1c86c62c6082710b6fe7046028279183cc90fc11b5a21dd3c,2025-03-20,14,1,False,1.0,0.0,0.0,0.0,13.0,0.0,13.0,7.6,0.0
7b291901ed6fc90c51c56024b33122026451c19dfa4736a37621d21afa86ab5a,2025-03-20,10,1,False,1.0,0.0,0.0,0.0,9.0,0.0,9.0,6.033333333333333,0.0
7d64092a6e7dfd07913942876a0c314955bce8dc9fcabd12166bcf1ad5666185,2025-03-20,6,1,False,1.0,0.0,0.0,0.0,5.0,0.0,5.0,5.983333333333333,0.0
7faca1558937aea9797473b24d153f084fc8bc52e7e16da8f8bf4c48b587b358,2025-03-20,13,1,False,1.0,0.0,0.0,0.0,12.0,0.0,12.0,8.05,0.0
806e62fd6dd962469b9425c2f7b2550582df8623e5c711ade163292a626414aa,2025-03-20,6,1,False,1.0,0.0,0.0,0.0,5.0,0.0,5.0,7.883333333333334,0.0
85bf8422bdd496aa90249b85acbd42b16a6a0ed3121a586f0bcc607d16d09d80,2025-03-20,12,1,False,1.0,0.0,0.0,0.0,11.0,0.0,11.0,8.233333333333333,0.0
88b53efa4c89ad7a3d90cf3c01046d714f1adff9827d0eb5754b4ef76c64f039,2025-03-20,11,1,False,1.0,0.0,0.0,0.0,10.0,3.0,10.0,12.633333333333333,0.15
8eb9feaf80cb3b47e639148a128ff9ae2b814462106966998a7656825b71fa7d,2025-03-20,14,1,False,1.0,0.0,0.0,0.0,13.0,0.0,13.0,8.4,0.0
924ed1bb3874124ad2e307aa33a7e5791cc81dd30c0c079d54cfc1ea14ee310a,2025-03-20,6,1,False,1.0,0.0,0.0,0.0,5.0,0.0,5.0,6.366666666666666,0.0
939b9328b580200251e640b1f2170850525f4fefe336c98f053407a0725f9849,2025-03-20,15,1,False,1.0,0.0,0.0,0.0,14.0,0.0,14.0,7.55,0.0
9a31e4091d5c4c7fb8b9377b091ea9caa9cf26c36e62547a85992d9e109b1b9c,2025-03-20,13,1,False,1.0,0.0,0.0,0.0,12.0,0.0,12.0,6.45,0.0
9e007677846640b2acc599b1d1d498a20ff8260eeda2d49338e3b6ed111045a9,2025-03-20,13,1,False,1.0,0.0,0.0,0.0,12.0,0.0,12.0,8.3,0.0
9e7a5e914136e41ca82c366fd529e02d961e7ed1a6019ff724f06dbe447fbb88,2025-03-20,9,1,False,1.0,0.0,0.0,0.0,8.0,0.0,8.0,7.883333333333334,0.0
a8848b387af6359642c71478f693e4643381802ccc97f2b0c353264d7729405c,2025-03-20,8,1,False,1.0,0.0,0.0,0.0,7.0,0.0,7.0,5.216666666666667,0.0
b55080c0db11860ea934ecf297a13cf247817b3e34562a5897c18ff2cfa07f07,2025-03-20,12,1,False,1.0,0.0,0.0,0.0,11.0,0.0,11.0,7.916666666666667,0.0
b66c51931f321cca81cc9195f90b3174ae82ebb56c74459770f7800e347ca3b0,2025-03-20,15,1,False,1.0,0.0,0.0,0.0,14.0,0.0,14.0,8.316666666666666,0.0
b8e6c17d68aafa670b598b1cf0c0bd73a2937d6abb11055fded76b5e53231165,2025-03-20,11,1,False,1.0,0.0,0.0,0.0,10.0,2.0,10.0,9.6,0.15
bc60389887dd911a09f472d0f840e5a268d310cd13f422bfc6f811eb916ec82f,2025-03-20,15,1,False,1.0,0.0,0.0,0.0,14.0,0.0,14.0,7.266666666666667,0.0
c2fa44374f0aab02cb57c9ed348bb43c1fd456bfdf5b296c4f72174a002cd27f,2025-03-20,6,1,False,1.0,0.0,0.0,0.0,5.0,0.0,5.0,8.066666666666666,0.0
c5a8e30eed6744da0b641f474ebb407a75bc6fd07bd6e3c7aeb522c884dd456b,2025-03-20,14,1,False,1.0,0.0,0.0,0.0,13.0,0.0,13.0,7.3,0.0
c734a9d4fd20facb7d4e2f69c7a7be0a0263956653fc71b8d25ad3ed7a1ba446,2025-03-20,8,1,False,1.0,0.0,0.0,0.0,7.0,0.0,7.0,8.35,0.0
cb50b7517e0741a49adb67908546647f1da3398d8c72f00f00e9ba111909654b,2025-03-20,12,1,False,1.0,0.0,0.0,0.0,11.0,0.0,11.0,7.583333333333333,0.0
cc4113bc0f389ec5987bdc5cae8e94c8c01f0c5e127a5fc2b0ef752d7226c0ca,2025-03-20,6,1,False,1.0,0.0,0.0,0.0,5.0,0.0,5.0,5.666666666666667,0.0
cca321773f148695c0ffc5ed365db650aadc5ecdd13b4ddb3e6b57f38bf5a719,2025-03-20,8,1,False,1.0,0.0,0.0,0.0,7.0,0.0,7.0,7.2,0.0
d111a1427a39ed7f2d2483db714c5e0d79823bc9ecc62a126e1d144d374d286a,2025-03-20,8,1,False,1.0,0.0,0.0,0.0,7.0,0.0,7.0,7.216666666666667,0.0
dab294f3951611f65a9b1e6408fbad19981d1b65b76c28c3408dac6a6b93bbc8,2025-03-20,12,1,False,1.0,0.0,0.0,0.0,11.0,0.0,11.0,7.266666666666667,0.0
ddee12fc509b00889675d637518a8f7dfe216a200b6ad812c397b77d8bccb88b,2025-03-20,9,1,False,1.0,0.0,0.0,0.0,8.0,0.0,8.0,5.95,0.0
e001292c71d84c28529aed04ab0af1efa767893752908a7b7645f33d09aab74b,2025-03-20,10,1,False,1.0,0.0,0.0,0.0,9.0,0.0,9.0,6.6,0.0
e1a146fdbba0f457a2ea0a102e2c24872edc75865f95a9b842fcefa68e455266,2025-03-20,14,1,False,1.0,0.0,0.0,0.0,13.0,0.0,13.0,8.166666666666666,0.0
e498ed2d854e821dd717169a7b55e586bb647b3bd1ef51990cbd4e847791cc49,2025-03-20,16,1,False,1.0,0.0,0.0,0.0,15.0,5.0,15.0,9.366666666666667,0.15
e72c6ef5ea8445fc95b1c3ca1c82368b6c9adc8a29368110f51d81735f76f11c,2025-03-20,16,1,False,1.0,0.0,0.0,0.0,15.0,0.0,15.0,8.8,0.0
ea171ad8a99227777c2e7c1664c91caf9c08e47d4ba5c09165812a6d9633998c,2025-03-20,14,1,False,1.0,0.0,0.0,0.0,13.0,0.0,13.0,9.266666666666667,0.0
eac146261339b15b8a1e873ed372802ae1c5198377cc8e0f4a23d21bcead9c02,2025-03-20,15,1,False,1.0,0.0,0.0,0.0,14.0,5.0,14.0,9.55,0.15
ec8eef52024b6815e3113797e206a360a9c324efc2f400801d5eb1179b75a43d,2025-03-20,12,1,False,1.0,0.0,0.0,0.0,11.0,0.0,11.0,6.733333333333333,0.0
eecce08639c689fc3170d254f909a8dedd091d778d0ae7aa829c656b8d085cdd,2025-03-20,14,1,False,1.0,0.0,0.0,0.0,13.0,0.0,13.0,6.066666666666666,0.0
f02fff917d5e1f556f7ca2d8e8ddde98179be018c2669a269bf40d4f64b627f7,2025-03-20,15,1,False,1.0,0.0,0.0,0.0,14.0,0.0,14.0,8.083333333333334,0.0
f17b0eabd2530f1710fc19c34c4d29cc782a669753833ca0d88f524467cdf67f,2025-03-20,10,1,False,1.0,0.0,0.0,0.0,9.0,4.0,9.0,10.766666666666667,0.15
f26a64875adce083be80130e941dbfa6e94f2202ff0c463336c1300ecc5217f6,2025-03-20,6,1,False,1.0,0.0,0.0,0.0,5.0,0.0,5.0,8.266666666666667,0.0
f441fbdfbb3a65b7660b581790ec8633cd5e9a2bc3450e46f6f6d948e0ebd96b,2025-03-20,9,1,False,1.0,0.0,0.0,0.0,8.0,0.0,8.0,5.433333333333334,0.0
012fb52705cf3c18e19ff7f562c781dcd1736f3e5615ace007e35dee4740f412,2025-03-21,11,1,False,1.0,0.0,0.0,0.0,10.0,0.0,10.0,6.333333333333333,0.0
0604919ff2aebe087b97959084f1fffe2fd89b7e92f8997d6249f5617f0ec041,2025-03-21,6,1,False,1.0,0.0,0.0,0.0,5.0,0.0,5.0,6.533333333333333,0.0
0b9c9b2a643d502fb0470c0e2d25bd40592ae24d88e27a9cca008632f6491e86,2025-03-21,10,1,False,1.0,0.0,0.0,0.0,9.0,0.0,9.0,7.016666666666667,0.0
0bc6fa557a874432991fb3bef6cc8fecfed275284ca1549c6f502f2f2f86388f,2025-03-21,6,1,False,1.0,0.0,0.0,0.0,5.0,0.0,5.0,6.033333333333333,0.0
12881006a16563a03436c3185999cce893916a7f93bd295d9e51c610390a5400,2025-03-21,10,1,False,1.0,0.0,0.0,0.0,9.0,1.0,9.0,9.233333333333333,0.15
13cc67e7ae2b0731f9c20a2adb450d0ab125f700d392f08a01f5019b4da3be89,2025-03-21,15,1,False,1.0,0.0,0.0,0.0,14.0,0.0,14.0,8.283333333333333,0.0
1481a18bb91c683c9f0e63a3c1ffe035a67c1ee64eae546985a4caedd691f154,2025-03-21,14,1,False,1.0,0.0,0.0,0.0,13.0,0.0,13.0,8.0,0.0
1481cde120f4ec5a6626478c9222dacd947d0d027e33aa5175c391d3f10b05fd,2025-03-21,9,1,False,1.0,0.0,0.0,0.0,8.0,0.0,8.0,4.916666666666667,0.0
18757c67dbbb1f193d93dfd2c81d93f261d3cc1ab2b6b4a27daddb2a42f0c1e2,2025-03-21,9,1,False,1.0,0.0,0.0,0.0,8.0,0.0,8.0,5.916666666666667,0.0
1e13a5c6539e75908d998e36f94f2baee29b17d341286f7a2af3163b528a2fcc,2025-03-21,10,1,False,1.0,0.0,0.0,0.0,9.0,0.0,9.0,7.4,0.0
1e813ac9d9c5fbfa50cba6f0032edaff8652f398c5508cc13faa4cc0af6fc3b9,2025-03-21,13,1,False,1.0,0.0,0.0,0.0,12.0,0.0,12.0,6.6,0.0
1fddb883469b0cd0365153a0ebff0dbefb2b5a252dbaf2b9795ad45003650dcf,2025-03-21,15,1,False,1.0,0.0,0.0,0.0,14.0,0.0,14.0,7.85,0.0
227b301943873690ead2973a5f7d43ef587dc58b46733368a3f16daf8db98925,2025-03-21,11,1,False,1.0,0.0,0.0,0.0,10.0,0.0,10.0,7.75,0.0
269b850943bbddfb37b8186af3d0cd154525f08057e450bdb93ab26f06b9758d,2025-03-21,12,1,False,1.0,0.0,0.0,0.0,11.0,0.0,11.0,6.483333333333333,0.0
27ef13206d1090bf126d0f8dd08b66cc346b18eb199192600e14cdc52d7c9a35,2025-03-21,6,1,False,1.0,0.0,0.0,0.0,5.0,0.0,5.0,1.4666666666666666,0.0
2b4a1e95204243f32c7235a27dbeae5a0e9d42da4c762132ac84c0817875d614,2025-03-21,14,1,False,1.0,0.0,0.0,0.0,13.0,0.0,13.0,7.85,0.0
2fdc8fb359ca03d047fec4ad4d7f3b9cfc23ebf54bee30aec8f1a6431bfd0d6e,2025-03-21,12,1,False,1.0,0.0,0.0,0.0,11.0,0.0,11.0,6.75,0.0
32c184d9780b5545a856a0a366a71b86deb3a80c4dc92142aaf6bb3437c336b1,2025-03-21,12,1,False,1.0,0.0,0.0,0.0,11.0,1.0,11.0,9.25,0.15
34977907ef51b1295028838fb56ded6159cee0d58c3200a0276324aac366417c,2025-03-21,6,1,False,1.0,0.0,0.0,0.0,5.0,0.0,5.0,7.816666666666666,0.0
3634cd4e250467a39545675e2f7386734815df9c667903c8c83b43450723a792,2025-03-21,13,1,False,1.0,0.0,0.0,0.0,12.0,0.0,12.0,7.083333333333333,0.0
369a478c83b6f436dd9aade49d6289f250e18ec2a71b9552d7d9bb884bb2b586,2025-03-21,8,1,False,1.0,0.0,0.0,0.0,7.0,0.0,7.0,7.466666666666667,0.0
3c32c4971223e549c349880665fa1e81f054571faf44435a8071b4de6b20dffb,2025-03-21,6,1,False,1.0,0.0,0.0,0.0,5.0,0.0,5.0,7.183333333333334,0.0
3e05c7d4c2f91af414e809d408787184297b351d1907c225f6f1e75fbec1f3a3,2025-03-21,6,1,False,1.0,0.0,0.0,0.0,5.0,0.0,5.0,7.833333333333333,0.0
44e2b71da8273f1b00b9ec55361a1e542f6812bce0acd27214d62e7de86dd6d0,2025-03-21,9,1,False,1.0,1.0,0.0,0.0,8.0,1.0,8.0,6.766666666666667,0.35
4620b38a9a7c0abed1e91cfdc3926234d098446655b643be9342b610365aa1b6,2025-03-21,7,1,False,1.0,0.0,0.0,0.0,6.0,0.0,6.0,7.683333333333334,0.0
49b020eb7c127b73472cb4fc893577b87b48690b941ca1067751e5a6e3eab262,2025-03-21,11,1,False,1.0,0.0,0.0,0.0,10.0,0.0,10.0,6.416666666666667,0.0
4bef524b2f19749989b990b1af1747f137bfe1d7fbf78fa1358ddfc45b247cf1,2025-03-21,6,1,False,1.0,0.0,0.0,0.0,5.0,0.0,5.0,7.283333333333333,0.0
4ef80c0c47503cd20d3a8157080fb28f38e6524b33375c23d5fcd98a2f64545e,2025-03-21,11,1,False,1.0,0.0,0.0,0.0,10.0,0.0,10.0,8.283333333333333,0.0
5088fc658035905665368960c940882faf61610a4e1ce57a24c6ffc946f0f5a8,2025-03-21,16,1,False,1.0,0.0,0.0,0.0,15.0,0.0,15.0,5.983333333333333,0.0
5379232fec078f04af386b787ed0dc69b2a455a27e52e901c773a11d2d0bce7f,2025-03-21,13,1,False,1.0,0.0,0.0,0.0,12.0,0.0,12.0,6.1,0.0
53a03335d3716bf67d3ed781065280a46863f8d947c2492c4e33cce33f4446d2,2025-03-21,7,1,False,1.0,0.0,0.0,0.0,6.0,0.0,6.0,7.3,0.0
603fcd2b8449630833d1b6c7313a10e8a2176025a45ca54002988df4de8536dd,2025-03-21,11,1,False,1.0,0.0,0.0,0.0,10.0,1.0,10.0,7.616666666666666,0.15
61127469ce0c27e2d19e0e5ecece9227e60515e12a899bc8bbc29e1c8f68a78f,2025-03-21,10,1,False,1.0,0.0,0.0,0.0,9.0,0.0,9.0,6.266666666666667,0.0
62009223daa0ff462d9b377b2b31f5c85b4e95caf611f5339cbb2b5e1dc9cab5,2025-03-21,12,1,False,1.0,0.0,0.0,0.0,11.0,0.0,11.0,4.8,0.0
620ea76a7f314a9faecfaadf110510d2abcf73e79e56e93b476e80794b9e251f,2025-03-21,8,1,False,1.0,0.0,0.0,0.0,7.0,0.0,7.0,6.583333333333333,0.0
685e9623979d1c18a11af39701aaf24188e1a40aee4c205c4d3220d26708793d,2025-03-21,6,1,False,1.0,0.0,0.0,0.0,5.0,0.0,5.0,7.183333333333334,0.0
69295bad69cbd357f13dc891b598791ab746ad0ed9cea2f9da57019f70c847b6,2025-03-21,7,1,False,1.0,0.0,0.0,0.0,6.0,0.0,6.0,7.716666666666667,0.0
6ac76fd52b6451030fdaa8cce0d1126104c034aa0d6cff3c078311dce03e36e5,2025-03-21,9,1,False,1.0,0.0,0.0,0.0,8.0,0.0,8.0,7.85,0.0
6e0553bc94f1b3457a68943cdeb271536fa0ca87652900b8c47b6b4e2eabc4b7,2025-03-21,7,1,False,1.0,0.0,0.0,0.0,6.0,0.0,6.0,6.616666666666666,0.0
71c200742f059a8380e2f3dd53ca613e2cdd705c24898e5957d46fefeff67336,2025-03-21,6,1,False,1.0,0.0,0.0,0.0,5.0,0.0,5.0,3.9833333333333334,0.0
768115c2eaa5bf872b6f73af67403e31127811d5dfdaa65f5998e7f57a6be1ca,2025-03-21,13,1,False,1.0,0.0,0.0,0.0,12.0,4.0,12.0,14.75,0.15
77a935bf01e27db1c86c62c6082710b6fe7046028279183cc90fc11b5a21dd3c,2025-03-21,13,1,False,1.0,0.0,0.0,0.0,12.0,0.0,12.0,8.566666666666666,0.0
7b291901ed6fc90c51c56024b33122026451c19dfa4736a37621d21afa86ab5a,2025-03-21,10,1,False,1.0,0.0,0.0,0.0,9.0,0.0,9.0,7.866666666666666,0.0
7d64092a6e7dfd07913942876a0c314955bce8dc9fcabd12166bcf1ad5666185,2025-03-21,6,1,False,1.0,0.0,0.0,0.0,5.0,0.0,5.0,6.65,0.0
7faca1558937aea9797473b24d153f084fc8bc52e7e16da8f8bf4c48b587b358,2025-03-21,8,1,False,1.0,0.0,0.0,0.0,7.0,0.0,7.0,6.566666666666666,0.0
806e62fd6dd962469b9425c2f7b2550582df8623e5c711ade163292a626414aa,2025-03-21,7,1,False,1.0,0.0,0.0,0.0,6.0,0.0,6.0,5.016666666666667,0.0
85bf8422bdd496aa90249b85acbd42b16a6a0ed3121a586f0bcc607d16d09d80,2025-03-21,15,1,False,1.0,0.0,0.0,0.0,14.0,0.0,14.0,7.383333333333334,0.0
88b53efa4c89ad7a3d90cf3c01046d714f1adff9827d0eb5754b4ef76c64f039,2025-03-21,15,1,False,1.0,1.0,0.0,0.0,14.0,0.0,14.0,5.783333333333333,0.2
8eb9feaf80cb3b47e639148a128ff9ae2b814462106966998a7656825b71fa7d,2025-03-21,6,1,False,1.0,0.0,0.0,0.0,5.0,0.0,5.0,8.316666666666666,0.0
924ed1bb3874124ad2e307aa33a7e5791cc81dd30c0c079d54cfc1ea14ee310a,2025-03-21,11,1,False,1.0,0.0,0.0,0.0,10.0,0.0,10.0,5.516666666666667,0.0
939b9328b580200251e640b1f2170850525f4fefe336c98f053407a0725f9849,2025-03-21,16,1,False,1.0,0.0,0.0,0.0,15.0,0.0,15.0,8.15,0.0
9a31e4091d5c4c7fb8b9377b091ea9caa9cf26c36e62547a85992d9e109b1b9c,2025-03-21,12,1,False,1.0,0.0,0.0,0.0,11.0,0.0,11.0,8.5,0.0
9e007677846640b2acc599b1d1d498a20ff8260eeda2d49338e3b6ed111045a9,2025-03-21,16,1,False,1.0,0.0,0.0,0.0,15.0,0.0,15.0,7.4,0.0
9e7a5e914136e41ca82c366fd529e02d961e7ed1a6019ff724f06dbe447fbb88,2025-03-21,14,1,False,1.0,0.0,0.0,0.0,13.0,0.0,13.0,6.65,0.0
a8848b387af6359642c71478f693e4643381802ccc97f2b0c353264d7729405c,2025-03-21,15,1,False,1.0,0.0,0.0,0.0,14.0,0.0,14.0,7.183333333333334,0.0
b55080c0db11860ea934ecf297a13cf247817b3e34562a5897c18ff2cfa07f07,2025-03-21,14,1,False,1.0,0.0,0.0,0.0,13.0,0.0,13.0,6.983333333333333,0.0
b66c51931f321cca81cc9195f90b3174ae82ebb56c74459770f7800e347ca3b0,2025-03-21,15,1,False,1.0,0.0,0.0,0.0,14.0,0.0,14.0,7.55,0.0
b8e6c17d68aafa670b598b1cf0c0bd73a2937d6abb11055fded76b5e53231165,2025-03-21,7,1,False,1.0,0.0,0.0,0.0,6.0,0.0,6.0,5.466666666666667,0.0
bc60389887dd911a09f472d0f840e5a268d310cd13f422bfc6f811eb916ec82f,2025-03-21,12,1,False,1.0,0.0,0.0,0.0,11.0,1.0,11.0,9.416666666666666,0.15
c2fa44374f0aab02cb57c9ed348bb43c1fd456bfdf5b296c4f72174a002cd27f,2025-03-21,14,1,False,1.0,0.0,0.0,0.0,13.0,1.0,13.0,9.066666666666666,0.15
c5a8e30eed6744da0b641f474ebb407a75bc6fd07bd6e3c7aeb522c884dd456b,2025-03-21,11,1,False,1.0,0.0,0.0,0.0,10.0,0.0,10.0,5.416666666666667,0.0
c734a9d4fd20facb7d4e2f69c7a7be0a0263956653fc71b8d25ad3ed7a1ba446,2025-03-21,15,1,False,1.0,0.0,0.0,0.0,14.0,0.0,14.0,5.166666666666667,0.0
cb50b7517e0741a49adb67908546647f1da3398d8c72f00f00e9ba111909654b,2025-03-21,15,1,False,1.0,0.0,0.0,0.0,14.0,1.0,14.0,8.366666666666667,0.15
cc4113bc0f389ec5987bdc5cae8e94c8c01f0c5e127a5fc2b0ef752d7226c0ca,2025-03-21,6,1,False,1.0,0.0,0.0,0.0,5.0,0.0,5.0,8.0,0.0
cca321773f148695c0ffc5ed365db650aadc5ecdd13b4ddb3e6b57f38bf5a719,2025-03-21,7,1,False,1.0,0.0,0.0,0.0,6.0,0.0,6.0,8.483333333333333,0.0
d111a1427a39ed7f2d2483db714c5e0d79823bc9ecc62a126e1d144d374d286a,2025-03-21,8,1,False,1.0,0.0,0.0,0.0,7.0,0.0,7.0,8.033333333333333,0.0
dab294f3951611f65a9b1e6408fbad19981d1b65b76c28c3408dac6a6b93bbc8,2025-03-21,11,1,False,1.0,0.0,0.0,0.0,10.0,0.0,10.0,7.166666666666667,0.0
ddee12fc509b00889675d637518a8f7dfe216a200b6ad812c397b77d8bccb88b,2025-03-21,9,1,False,1.0,0.0,0.0,0.0,8.0,0.0,8.0,3.85,0.0
e001292c71d84c28529aed04ab0af1efa767893752908a7b7645f33d09aab74b,2025-03-21,15,1,False,1.0,0.0,0.0,0.0,14.0,0.0,14.0,7.716666666666667,0.0
e1a146fdbba0f457a2ea0a102e2c24872edc75865f95a9b842fcefa68e455266,2025-03-21,13,1,False,1.0,0.0,0.0,0.0,12.0,0.0,12.0,8.083333333333334,0.0
e498ed2d854e821dd717169a7b55e586bb647b3bd1ef51990cbd4e847791cc49,2025-03-21,8,1,False,1.0,0.0,0.0,0.0,7.0,0.0,7.0,7.616666666666666,0.0
e72c6ef5ea8445fc95b1c3ca1c82368b6c9adc8a29368110f51d81735f76f11c,2025-03-21,14,1,False,1.0,0.0,0.0,0.0,13.0,0.0,13.0,5.683333333333334,0.0
ea171ad8a99227777c2e7c1664c91caf9c08e47d4ba5c09165812a6d9633998c,2025-03-21,16,1,False,1.0,0.0,0.0,0.0,15.0,0.0,15.0,6.9,0.0
eac146261339b15b8a1e873ed372802ae1c5198377cc8e0f4a23d21bcead9c02,2025-03-21,12,1,False,1.0,0.0,0.0,0.0,11.0,0.0,11.0,6.95,0.0
ec8eef52024b6815e3113797e206a360a9c324efc2f400801d5eb1179b75a43d,2025-03-21,8,1,False,1.0,0.0,0.0,0.0,7.0,0.0,7.0,5.35,0.0
eecce08639c689fc3170d254f909a8dedd091d778d0ae7aa829c656b8d085cdd,2025-03-21,12,1,False,1.0,0.0,0.0,0.0,11.0,0.0,11.0,7.833333333333333,0.0
f02fff917d5e1f556f7ca2d8e8ddde98179be018c2669a269bf40d4f64b627f7,2025-03-21,6,1,False,1.0,0.0,0.0,0.0,5.0,0.0,5.0,7.333333333333333,0.0
f17b0eabd2530f1710fc19c34c4d29cc782a669753833ca0d88f524467cdf67f,2025-03-21,15,1,False,1.0,0.0,0.0,0.0,14.0,0.0,14.0,5.716666666666667,0.0
f26a64875adce083be80130e941dbfa6e94f2202ff0c463336c1300ecc5217f6,2025-03-21,9,1,False,1.0,0.0,0.0,0.0,8.0,0.0,8.0,6.1,0.0
f441fbdfbb3a65b7660b581790ec8633cd5e9a2bc3450e46f6f6d948e0ebd96b,2025-03-21,11,1,False,1.0,0.0,0.0,0.0,10.0,0.0,10.0,6.0,0.0
012fb52705cf3c18e19ff7f562c781dcd1736f3e5615ace007e35dee4740f412,2025-03-24,13,1,False,1.0,0.0,0.0,0.0,12.0,0.0,12.0,7.883333333333334,0.0
0604919ff2aebe087b97959084f1fffe2fd89b7e92f8997d6249f5617f0ec041,2025-03-24,15,1,False,1.0,0.0,0.0,0.0,14.0,0.0,14.0,7.366666666666666,0.0
0b9c9b2a643d502fb0470c0e2d25bd40592ae24d88e27a9cca008632f6491e86,2025-03-24,10,1,False,1.0,0.0,0.0,0.0,9.0,0.0,9.0,6.75,0.0
0bc6fa557a874432991fb3bef6cc8fecfed275284ca1549c6f502f2f2f86388f,2025-03-24,7,1,False,1.0,0.0,0.0,0.0,6.0,0.0,6.0,8.0,0.0
12881006a16563a03436c3185999cce893916a7f93bd295d9e51c610390a5400,2025-03-24,16,1,False,1.0,0.0,0.0,0.0,15.0,0.0,15.0,6.883333333333334,0.0
13cc67e7ae2b0731f9c20a2adb450d0ab125f700d392f08a01f5019b4da3be89,2025-03-24,6,1,False,1.0,0.0,0.0,0.0,5.0,0.0,5.0,8.35,0.0
1481a18bb91c683c9f0e63a3c1ffe035a67c1ee64eae546985a4caedd691f154,2025-03-24,10,1,False,1.0,0.0,0.0,0.0,9.0,0.0,9.0,4.75,0.0
1481cde120f4ec5a6626478c9222dacd947d0d027e33aa5175c391d3f10b05fd,2025-03-24,7,1,False,1.0,0.0,0.0,0.0,6.0,0.0,6.0,3.1,0.0
18757c67dbbb1f193d93dfd2c81d93f261d3cc1ab2b6b4a27daddb2a42f0c1e2,2025-03-24,14,1,False,1.0,0.0,0.0,0.0,13.0,0.0,13.0,6.583333333333333,0.0
1e13a5c6539e75908d998e36f94f2baee29b17d341286f7a2af3163b528a2fcc,2025-03-24,13,1,False,1.0,0.0,0.0,0.0,12.0,0.0,12.0,6.916666666666667,0.0
1e813ac9d9c5fbfa50cba6f0032edaff8652f398c5508cc13faa4cc0af6fc3b9,2025-03-24,16,1,False,1.0,0.0,0.0,0.0,15.0,0.0,15.0,7.5,0.0
1fddb883469b0cd0365153a0ebff0dbefb2b5a252dbaf2b9795ad45003650dcf,2025-03-24,16,1,False,1.0,0.0,0.0,0.0,15.0,0.0,15.0,6.983333333333333,0.0
227b301943873690ead2973a5f7d43ef587dc58b46733368a3f16daf8db98925,2025-03-24,16,1,False,1.0,0.0,0.0,0.0,15.0,0.0,15.0,8.333333333333334,0.0
269b850943bbddfb37b8186af3d0cd154525f08057e450bdb93ab26f06b9758d,2025-03-24,4,1,False,1.0,1.0,0.0,0.0,3.0,3.0,3.0,3.466666666666667,0.35
27ef13206d1090bf126d0f8dd08b66cc346b18eb199192600e14cdc52d7c9a35,2025-03-24,7,1,False,1.0,0.0,0.0,0.0,6.0,0.0,6.0,4.816666666666666,0.0
2b4a1e95204243f32c7235a27dbeae5a0e9d42da4c762132ac84c0817875d614,2025-03-24,13,1,False,1.0,0.0,0.0,0.0,12.0,0.0,12.0,8.183333333333334,0.0
2fdc8fb359ca03d047fec4ad4d7f3b9cfc23ebf54bee30aec8f1a6431bfd0d6e,2025-03-24,12,1,False,1.0,0.0,0.0,0.0,11.0,0.0,11.0,6.066666666666666,0.0
32c184d9780b5545a856a0a366a71b86deb3a80c4dc92142aaf6bb3437c336b1,2025-03-24,14,1,False,1.0,0.0,0.0,0.0,13.0,1.0,13.0,8.2,0.15
34977907ef51b1295028838fb56ded6159cee0d58c3200a0276324aac366417c,2025-03-24,9,1,False,1.0,0.0,0.0,0.0,8.0,0.0,8.0,7.033333333333333,0.0
3634cd4e250467a39545675e2f7386734815df9c667903c8c83b43450723a792,2025-03-24,9,1,False,1.0,0.0,0.0,0.0,8.0,0.0,8.0,7.833333333333333,0.0
369a478c83b6f436dd9aade49d6289f250e18ec2a71b9552d7d9bb884bb2b586,2025-03-24,13,1,False,1.0,0.0,0.0,0.0,12.0,0.0,12.0,5.683333333333334,0.0
3c32c4971223e549c349880665fa1e81f054571faf44435a8071b4de6b20dffb,2025-03-24,15,1,False,1.0,0.0,0.0,0.0,14.0,0.0,14.0,7.583333333333333,0.0
3e05c7d4c2f91af414e809d408787184297b351d1907c225f6f1e75fbec1f3a3,2025-03-24,10,1,False,1.0,0.0,0.0,0.0,9.0,1.0,9.0,8.183333333333334,0.15
44e2b71da8273f1b00b9ec55361a1e542f6812bce0acd27214d62e7de86dd6d0,2025-03-24,8,1,False,1.0,0.0,0.0,0.0,7.0,0.0,7.0,5.1,0.0
4620b38a9a7c0abed1e91cfdc3926234d098446655b643be9342b610365aa1b6,2025-03-24,10,1,False,1.0,0.0,0.0,0.0,9.0,0.0,9.0,8.15,0.0
49b020eb7c127b73472cb4fc893577b87b48690b941ca1067751e5a6e3eab262,2025-03-24,10,1,False,1.0,0.0,0.0,0.0,9.0,0.0,9.0,7.3,0.0
4bef524b2f19749989b990b1af1747f137bfe1d7fbf78fa1358ddfc45b247cf1,2025-03-24,13,1,False,1.0,0.0,0.0,0.0,12.0,0.0,12.0,6.783333333333333,0.0
4ef80c0c47503cd20d3a8157080fb28f38e6524b33375c23d5fcd98a2f64545e,2025-03-24,15,1,False,1.0,0.0,0.0,0.0,14.0,0.0,14.0,8.133333333333333,0.0
5088fc658035905665368960c940882faf61610a4e1ce57a24c6ffc946f0f5a8,2025-03-24,12,1,False,1.0,0.0,0.0,0.0,11.0,0.0,11.0,8.3,0.0
5379232fec078f04af386b787ed0dc69b2a455a27e52e901c773a11d2d0bce7f,2025-03-24,6,1,False,1.0,0.0,0.0,0.0,5.0,0.0,5.0,5.083333333333333,0.0
53a03335d3716bf67d3ed781065280a46863f8d947c2492c4e33cce33f4446d2,2025-03-24,13,1,False,1.0,0.0,0.0,0.0,12.0,0.0,12.0,6.383333333333334,0.0
603fcd2b8449630833d1b6c7313a10e8a2176025a45ca54002988df4de8536dd,2025-03-24,8,1,False,1.0,0.0,0.0,0.0,7.0,0.0,7.0,7.683333333333334,0.0
61127469ce0c27e2d19e0e5ecece9227e60515e12a899bc8bbc29e1c8f68a78f,2025-03-24,11,1,False,1.0,0.0,0.0,0.0,10.0,0.0,10.0,5.95,0.0
62009223daa0ff462d9b377b2b31f5c85b4e95caf611f5339cbb2b5e1dc9cab5,2025-03-24,10,1,False,1.0,0.0,0.0,0.0,9.0,0.0,9.0,8.183333333333334,0.0
620ea76a7f314a9faecfaadf110510d2abcf73e79e56e93b476e80794b9e251f,2025-03-24,7,1,False,1.0,0.0,0.0,0.0,6.0,0.0,6.0,7.35,0.0
685e9623979d1c18a11af39701aaf24188e1a40aee4c205c4d3220d26708793d,2025-03-24,12,1,False,1.0,0.0,0.0,0.0,11.0,0.0,11.0,6.733333333333333,0.0
69295bad69cbd357f13dc891b598791ab746ad0ed9cea2f9da57019f70c847b6,2025-03-24,15,1,False,1.0,0.0,0.0,0.0,14.0,0.0,14.0,8.333333333333334,0.0
6ac76fd52b6451030fdaa8cce0d1126104c034aa0d6cff3c078311dce03e36e5,2025-03-24,12,1,False,1.0,0.0,0.0,0.0,11.0,0.0,11.0,7.9,0.0
6e0553bc94f1b3457a68943cdeb271536fa0ca87652900b8c47b6b4e2eabc4b7,2025-03-24,7,1,False,1.0,0.0,0.0,0.0,6.0,0.0,6.0,6.283333333333333,0.0
71c200742f059a8380e2f3dd53ca613e2cdd705c24898e5957d46fefeff67336,2025-03-24,11,1,False,1.0,0.0,0.0,0.0,10.0,0.0,10.0,5.816666666666666,0.0
768115c2eaa5bf872b6f73af67403e31127811d5dfdaa65f5998e7f57a6be1ca,2025-03-24,6,1,False,1.0,0.0,0.0,0.0,5.0,0.0,5.0,7.533333333333333,0.0
77a935bf01e27db1c86c62c6082710b6fe7046028279183cc90fc11b5a21dd3c,2025-03-24,9,1,False,1.0,0.0,0.0,0.0,8.0,0.0,8.0,7.65,0.0
7b291901ed6fc90c51c56024b33122026451c19dfa4736a37621d21afa86ab5a,2025-03-24,14,1,False,1.0,0.0,0.0,0.0,13.0,0.0,13.0,9.15,0.0
7d64092a6e7dfd07913942876a0c314955bce8dc9fcabd12166bcf1ad5666185,2025-03-24,15,1,False,1.0,0.0,0.0,0.0,14.0,1.0,14.0,8.583333333333334,0.15
7faca1558937aea9797473b24d153f084fc8bc52e7e16da8f8bf4c48b587b358,2025-03-24,6,1,False,1.0,0.0,0.0,0.0,5.0,0.0,5.0,9.283333333333333,0.0
806e62fd6dd962469b9425c2f7b2550582df8623e5c711ade163292a626414aa,2025-03-24,11,1,False,1.0,0.0,0.0,0.0,10.0,0.0,10.0,8.0,0.0
85bf8422bdd496aa90249b85acbd42b16a6a0ed3121a586f0bcc607d16d09d80,2025-03-24,8,1,False,1.0,0.0,0.0,0.0,7.0,1.0,7.0,9.066666666666666,0.15
88b53efa4c89ad7a3d90cf3c01046d714f1adff9827d0eb5754b4ef76c64f039,2025-03-24,14,1,False,1.0,0.0,0.0,0.0,13.0,0.0,13.0,8.0,0.0
8eb9feaf80cb3b47e639148a128ff9ae2b814462106966998a7656825b71fa7d,2025-03-24,11,1,False,1.0,0.0,0.0,0.0,10.0,0.0,10.0,7.616666666666666,0.0
924ed1bb3874124ad2e307aa33a7e5791cc81dd30c0c079d54cfc1ea14ee310a,2025-03-24,16,1,False,1.0,0.0,0.0,0.0,15.0,0.0,15.0,9.2,0.0
939b9328b580200251e640b1f2170850525f4fefe336c98f053407a0725f9849,2025-03-24,9,1,False,1.0,1.0,0.0,0.0,8.0,0.0,8.0,8.566666666666666,0.2
9a31e4091d5c4c7fb8b9377b091ea9caa9cf26c36e62547a85992d9e109b1b9c,2025-03-24,7,1,False,1.0,0.0,0.0,0.0,6.0,0.0,6.0,6.266666666666667,0.0
9e007677846640b2acc599b1d1d498a20ff8260eeda2d49338e3b6ed111045a9,2025-03-24,9,1,False,1.0,0.0,0.0,0.0,8.0,0.0,8.0,6.1,0.0
9e7a5e914136e41ca82c366fd529e02d961e7ed1a6019ff724f06dbe447fbb88,2025-03-24,16,1,False,1.0,0.0,0.0,0.0,15.0,0.0,15.0,6.233333333333333,0.0
a8848b387af6359642c71478f693e4643381802ccc97f2b0c353264d7729405c,2025-03-24,13,1,False,1.0,0.0,0.0,0.0,12.0,0.0,12.0,8.583333333333334,0.0
b55080c0db11860ea934ecf297a13cf247817b3e34562a5897c18ff2cfa07f07,2025-03-24,10,1,False,1.0,0.0,0.0,0.0,9.0,0.0,9.0,4.966666666666667,0.0
b66c51931f321cca81cc9195f90b3174ae82ebb56c74459770f7800e347ca3b0,2025-03-24,6,1,False,1.0,0.0,0.0,0.0,5.0,0.0,5.0,6.7,0.0
b8e6c17d68aafa670b598b1cf0c0bd73a2937d6abb11055fded76b5e53231165,2025-03-24,11,1,False,1.0,0.0,0.0,0.0,10.0,0.0,10.0,7.533333333333333,0.0
bc60389887dd911a09f472d0f840e5a268d310cd13f422bfc6f811eb916ec82f,2025-03-24,8,1,False,1.0,0.0,0.0,0.0,7.0,0.0,7.0,6.883333333333334,0.0
c2fa44374f0aab02cb57c9ed348bb43c1fd456bfdf5b296c4f72174a002cd27f,2025-03-24,7,1,False,1.0,0.0,0.0,0.0,6.0,0.0,6.0,4.183333333333334,0.0
c5a8e30eed6744da0b641f474ebb407a75bc6fd07bd6e3c7aeb522c884dd456b,2025-03-24,16,1,False,1.0,0.0,0.0,0.0,15.0,0.0,15.0,9.333333333333334,0.0
c734a9d4fd20facb7d4e2f69c7a7be0a0263956653fc71b8d25ad3ed7a1ba446,2025-03-24,8,1,False,1.0,1.0,0.0,0.0,7.0,0.0,7.0,7.3,0.2
cb50b7517e0741a49adb67908546647f1da3398d8c72f00f00e9ba111909654b,2025-03-24,12,1,False,1.0,0.0,0.0,0.0,11.0,0.0,11.0,7.283333333333333,0.0
cc4113bc0f389ec5987bdc5cae8e94c8c01f0c5e127a5fc2b0ef752d7226c0ca,2025-03-24,6,1,False,1.0,0.0,0.0,0.0,5.0,0.0,5.0,6.166666666666667,0.0
cca321773f148695c0ffc5ed365db650aadc5ecdd13b4ddb3e6b57f38bf5a719,2025-03-24,12,1,False,1.0,0.0,0.0,0.0,11.0,0.0,11.0,5.433333333333334,0.0
d111a1427a39ed7f2d2483db714c5e0d79823bc9ecc62a126e1d144d374d286a,2025-03-24,16,1,False,1.0,0.0,0.0,0.0,15.0,0.0,15.0,6.933333333333334,0.0
dab294f3951611f65a9b1e6408fbad19981d1b65b76c28c3408dac6a6b93bbc8,2025-03-24,14,1,False,1.0,0.0,0.0,0.0,13.0,0.0,13.0,7.766666666666667,0.0
ddee12fc509b00889675d637518a8f7dfe216a200b6ad812c397b77d8bccb88b,2025-03-24,6,1,False,1.0,0.0,0.0,0.0,5.0,0.0,5.0,6.35,0.0
e001292c71d84c28529aed04ab0af1efa767893752908a7b7645f33d09aab74b,2025-03-24,7,1,False,1.0,0.0,0.0,0.0,6.0,0.0,6.0,7.8,0.0
e1a146fdbba0f457a2ea0a102e2c24872edc75865f95a9b842fcefa68e455266,2025-03-24,10,1,False,1.0,0.0,0.0,0.0,9.0,0.0,9.0,6.966666666666667,0.0
e498ed2d854e821dd717169a7b55e586bb647b3bd1ef51990cbd4e847791cc49,2025-03-24,11,1,False,1.0,0.0,0.0,0.0,10.0,0.0,10.0,6.216666666666667,0.0
e72c6ef5ea8445fc95b1c3ca1c82368b6c9adc8a29368110f51d81735f76f11c,2025-03-24,13,1,False,1.0,0.0,0.0,0.0,12.0,0.0,12.0,8.75,0.0
ea171ad8a99227777c2e7c1664c91caf9c08e47d4ba5c09165812a6d9633998c,2025-03-24,8,1,False,1.0,0.0,0.0,0.0,7.0,1.0,7.0,8.416666666666666,0.15
eac146261339b15b8a1e873ed372802ae1c5198377cc8e0f4a23d21bcead9c02,2025-03-24,16,1,False,1.0,0.0,0.0,0.0,15.0,0.0,15.0,7.866666666666666,0.0
ec8eef52024b6815e3113797e206a360a9c324efc2f400801d5eb1179b75a43d,2025-03-24,12,1,False,1.0,0.0,0.0,0.0,11.0,0.0,11.0,6.65,0.0
eecce08639c689fc3170d254f909a8dedd091d778d0ae7aa829c656b8d085cdd,2025-03-24,11,1,False,1.0,0.0,0.0,0.0,10.0,0.0,10.0,5.833333333333333,0.0
f02fff917d5e1f556f7ca2d8e8ddde98179be018c2669a269bf40d4f64b627f7,2025-03-24,8,1,False,1.0,0.0,0.0,0.0,7.0,0.0,7.0,8.15,0.0
f17b0eabd2530f1710fc19c34c4d29cc782a669753833ca0d88f524467cdf67f,2025-03-24,8,1,False,1.0,0.0,0.0,0.0,7.0,0.0,7.0,7.466666666666667,0.0
f26a64875adce083be80130e941dbfa6e94f2202ff0c463336c1300ecc5217f6,2025-03-24,8,1,False,1.0,0.0,0.0,0.0,7.0,0.0,7.0,7.983333333333333,0.0
f441fbdfbb3a65b7660b581790ec8633cd5e9a2bc3450e46f6f6d948e0ebd96b,2025-03-24,10,1,False,1.0,0.0,0.0,0.0,9.0,0.0,9.0,6.0,0.0
012fb52705cf3c18e19ff7f562c781dcd1736f3e5615ace007e35dee4740f412,2025-03-25,10,1,False,1.0,0.0,0.0,0.0,9.0,0.0,9.0,7.333333333333333,0.0
0604919ff2aebe087b97959084f1fffe2fd89b7e92f8997d6249f5617f0ec041,2025-03-25,9,1,False,1.0,0.0,0.0,0.0,8.0,0.0,8.0,7.666666666666667,0.0
0b9c9b2a643d502fb0470c0e2d25bd40592ae24d88e27a9cca008632f6491e86,2025-03-25,14,1,False,1.0,0.0,0.0,0.0,13.0,0.0,13.0,6.883333333333334,0.0
0bc6fa557a874432991fb3bef6cc8fecfed275284ca1549c6f502f2f2f86388f,2025-03-25,12,1,False,1.0,0.0,0.0,0.0,11.0,0.0,11.0,7.266666666666667,0.0
12881006a16563a03436c3185999cce893916a7f93bd295d9e51c610390a5400,2025-03-25,11,1,False,1.0,0.0,0.0,0.0,10.0,0.0,10.0,5.466666666666667,0.0
13cc67e7ae2b0731f9c20a2adb450d0ab125f700d392f08a01f5019b4da3be89,2025-03-25,12,1,False,1.0,0.0,0.0,0.0,11.0,0.0,11.0,8.25,0.0
1481a18bb91c683c9f0e63a3c1ffe035a67c1ee64eae546985a4caedd691f154,2025-03-25,8,1,False,1.0,0.0,0.0,0.0,7.0,0.0,7.0,5.833333333333333,0.0
1481cde120f4ec5a6626478c9222dacd947d0d027e33aa5175c391d3f10b05fd,2025-03-25,12,1,False,1.0,0.0,0.0,0.0,11.0,0.0,11.0,8.166666666666666,0.0
18757c67dbbb1f193d93dfd2c81d93f261d3cc1ab2b6b4a27daddb2a42f0c1e2,2025-03-25,6,1,False,1.0,0.0,0.0,0.0,5.0,2.0,5.0,8.483333333333333,0.15
1e13a5c6539e75908d998e36f94f2baee29b17d341286f7a2af3163b528a2fcc,2025-03-25,16,1,False,1.0,0.0,0.0,0.0,15.0,0.0,15.0,6.3,0.0
1e813ac9d9c5fbfa50cba6f0032edaff8652f398c5508cc13faa4cc0af6fc3b9,2025-03-25,6,1,False,1.0,0.0,0.0,0.0,5.0,0.0,5.0,4.783333333333333,0.0
1fddb883469b0cd0365153a0ebff0dbefb2b5a252dbaf2b9795ad45003650dcf,2025-03-25,8,1,False,1.0,0.0,0.0,0.0,7.0,0.0,7.0,7.133333333333334,0.0
227b301943873690ead2973a5f7d43ef587dc58b46733368a3f16daf8db98925,2025-03-25,11,1,False,1.0,0.0,0.0,0.0,10.0,0.0,10.0,7.766666666666667,0.0
269b850943bbddfb37b8186af3d0cd154525f08057e450bdb93ab26f06b9758d,2025-03-25,6,1,False,1.0,1.0,0.0,0.0,5.0,5.0,5.0,23.466666666666665,0.35
27ef13206d1090bf126d0f8dd08b66cc346b18eb199192600e14cdc52d7c9a35,2025-03-25,9,1,False,1.0,0.0,0.0,0.0,8.0,0.0,8.0,6.516666666666667,0.0
2b4a1e95204243f32c7235a27dbeae5a0e9d42da4c762132ac84c0817875d614,2025-03-25,9,1,False,1.0,0.0,0.0,0.0,8.0,0.0,8.0,6.833333333333333,0.0
2fdc8fb359ca03d047fec4ad4d7f3b9cfc23ebf54bee30aec8f1a6431bfd0d6e,2025-03-25,12,1,False,1.0,0.0,0.0,0.0,11.0,0.0,11.0,7.783333333333333,0.0
32c184d9780b5545a856a0a366a71b86deb3a80c4dc92142aaf6bb3437c336b1,2025-03-25,14,1,False,1.0,0.0,0.0,0.0,13.0,0.0,13.0,8.566666666666666,0.0
34977907ef51b1295028838fb56ded6159cee0d58c3200a0276324aac366417c,2025-03-25,10,1,False,1.0,0.0,0.0,0.0,9.0,0.0,9.0,6.683333333333334,0.0
3634cd4e250467a39545675e2f7386734815df9c667903c8c83b43450723a792,2025-03-25,13,1,False,1.0,0.0,0.0,0.0,12.0,0.0,12.0,8.183333333333334,0.0
369a478c83b6f436dd9aade49d6289f250e18ec2a71b9552d7d9bb884bb2b586,2025-03-25,10,1,False,1.0,0.0,0.0,0.0,9.0,0.0,9.0,7.4,0.0
3c32c4971223e549c349880665fa1e81f054571faf44435a8071b4de6b20dffb,2025-03-25,9,1,False,1.0,0.0,0.0,0.0,8.0,0.0,8.0,5.866666666666666,0.0
3e05c7d4c2f91af414e809d408787184297b351d1907c225f6f1e75fbec1f3a3,2025-03-25,8,1,False,1.0,0.0,0.0,0.0,7.0,0.0,7.0,8.2,0.0
44e2b71da8273f1b00b9ec55361a1e542f6812bce0acd27214d62e7de86dd6d0,2025-03-25,6,1,False,1.0,0.0,0.0,0.0,5.0,0.0,5.0,4.933333333333334,0.0
4620b38a9a7c0abed1e91cfdc3926234d098446655b643be9342b610365aa1b6,2025-03-25,7,1,False,1.0,0.0,0.0,0.0,6.0,0.0,6.0,6.666666666666667,0.0
49b020eb7c127b73472cb4fc893577b87b48690b941ca1067751e5a6e3eab262,2025-03-25,16,1,False,1.0,0.0,0.0,0.0,15.0,3.0,15.0,9.683333333333334,0.15
4bef524b2f19749989b990b1af1747f137bfe1d7fbf78fa1358ddfc45b247cf1,2025-03-25,14,1,False,1.0,0.0,0.0,0.0,13.0,0.0,13.0,6.3,0.0
4ef80c0c47503cd20d3a8157080fb28f38e6524b33375c23d5fcd98a2f64545e,2025-03-25,15,1,False,1.0,0.0,0.0,0.0,14.0,0.0,14.0,8.233333333333333,0.0
5088fc658035905665368960c940882faf61610a4e1ce57a24c6ffc946f0f5a8,2025-03-25,15,1,False,1.0,0.0,0.0,0.0,14.0,0.0,14.0,7.55,0.0
5379232fec078f04af386b787ed0dc69b2a455a27e52e901c773a11d2d0bce7f,2025-03-25,16,1,False,1.0,1.0,0.0,0.0,15.0,1.0,15.0,6.933333333333334,0.35
53a03335d3716bf67d3ed781065280a46863f8d947c2492c4e33cce33f4446d2,2025-03-25,7,1,False,1.0,0.0,0.0,0.0,6.0,0.0,6.0,3.5,0.0
603fcd2b8449630833d1b6c7313a10e8a2176025a45ca54002988df4de8536dd,2025-03-25,14,1,False,1.0,0.0,0.0,0.0,13.0,0.0,13.0,7.216666666666667,0.0
61127469ce0c27e2d19e0e5ecece9227e60515e12a899bc8bbc29e1c8f68a78f,2025-03-25,7,1,False,1.0,0.0,0.0,0.0,6.0,1.0,6.0,8.866666666666667,0.15
62009223daa0ff462d9b377b2b31f5c85b4e95caf611f5339cbb2b5e1dc9cab5,2025-03-25,8,1,False,1.0,0.0,0.0,0.0,7.0,0.0,7.0,8.066666666666666,0.0
620ea76a7f314a9faecfaadf110510d2abcf73e79e56e93b476e80794b9e251f,2025-03-25,15,1,False,1.0,0.0,0.0,0.0,14.0,3.0,14.0,9.25,0.15
685e9623979d1c18a11af39701aaf24188e1a40aee4c205c4d3220d26708793d,2025-03-25,13,1,False,1.0,0.0,0.0,0.0,12.0,0.0,12.0,6.916666666666667,0.0
69295bad69cbd357f13dc891b598791ab746ad0ed9cea2f9da57019f70c847b6,2025-03-25,14,1,False,1.0,0.0,0.0,0.0,13.0,0.0,13.0,7.766666666666667,0.0
6ac76fd52b6451030fdaa8cce0d1126104c034aa0d6cff3c078311dce03e36e5,2025-03-25,11,1,False,1.0,0.0,0.0,0.0,10.0,0.0,10.0,7.283333333333333,0.0
6e0553bc94f1b3457a68943cdeb271536fa0ca87652900b8c47b6b4e2eabc4b7,2025-03-25,10,1,False,1.0,0.0,0.0,0.0,9.0,0.0,9.0,6.9,0.0
71c200742f059a8380e2f3dd53ca613e2cdd705c24898e5957d46fefeff67336,2025-03-25,12,1,False,1.0,0.0,0.0,0.0,11.0,0.0,11.0,6.383333333333334,0.0
768115c2eaa5bf872b6f73af67403e31127811d5dfdaa65f5998e7f57a6be1ca,2025-03-25,6,1,False,1.0,0.0,0.0,0.0,5.0,0.0,5.0,6.25,0.0
77a935bf01e27db1c86c62c6082710b6fe7046028279183cc90fc11b5a21dd3c,2025-03-25,14,1,False,1.0,0.0,0.0,0.0,13.0,0.0,13.0,6.216666666666667,0.0
7b291901ed6fc90c51c56024b33122026451c19dfa4736a37621d21afa86ab5a,2025-03-25,15,1,False,1.0,0.0,0.0,0.0,14.0,0.0,14.0,7.55,0.0
7d64092a6e7dfd07913942876a0c314955bce8dc9fcabd12166bcf1ad5666185,2025-03-25,8,1,False,1.0,0.0,0.0,0.0,7.0,0.0,7.0,6.1,0.0
7faca1558937aea9797473b24d153f084fc8bc52e7e16da8f8bf4c48b587b358,2025-03-25,10,1,False,1.0,1.0,0.0,0.0,9.0,0.0,9.0,7.933333333333334,0.2
806e62fd6dd962469b9425c2f7b2550582df8623e5c711ade163292a626414aa,2025-03-25,7,1,False,1.0,0.0,0.0,0.0,6.0,0.0,6.0,7.633333333333334,0.0
85bf8422bdd496aa90249b85acbd42b16a6a0ed3121a586f0bcc607d16d09d80,2025-03-25,15,1,False,1.0,0.0,0.0,0.0,14.0,1.0,14.0,9.85,0.15
88b53efa4c89ad7a3d90cf3c01046d714f1adff9827d0eb5754b4ef76c64f039,2025-03-25,14,1,False,1.0,0.0,0.0,0.0,13.0,0.0,13.0,6.65,0.0
8eb9feaf80cb3b47e639148a128ff9ae2b814462106966998a7656825b71fa7d,2025-03-25,9,1,False,1.0,0.0,0.0,0.0,8.0,0.0,8.0,6.233333333333333,0.0
924ed1bb3874124ad2e307aa33a7e5791cc81dd30c0c079d54cfc1ea14ee310a,2025-03-25,12,1,False,1.0,0.0,0.0,0.0,11.0,0.0,11.0,7.666666666666667,0.0
939b9328b580200251e640b1f2170850525f4fefe336c98f053407a0725f9849,2025-03-25,10,1,False,1.0,0.0,0.0,0.0,9.0,0.0,9.0,7.833333333333333,0.0
9a31e4091d5c4c7fb8b9377b091ea9caa9cf26c36e62547a85992d9e109b1b9c,2025-03-25,12,1,False,1.0,0.0,0.0,0.0,11.0,0.0,11.0,7.216666666666667,0.0
9e007677846640b2acc599b1d1d498a20ff8260eeda2d49338e3b6ed111045a9,2025-03-25,10,1,False,1.0,0.0,0.0,0.0,9.0,0.0,9.0,7.666666666666667,0.0
9e7a5e914136e41ca82c366fd529e02d961e7ed1a6019ff724f06dbe447fbb88,2025-03-25,13,1,False,1.0,1.0,0.0,0.0,12.0,0.0,12.0,7.583333333333333,0.2
a8848b387af6359642c71478f693e4643381802ccc97f2b0c353264d7729405c,2025-03-25,12,1,False,1.0,0.0,0.0,0.0,11.0,0.0,11.0,7.783333333333333,0.0
b55080c0db11860ea934ecf297a13cf247817b3e34562a5897c18ff2cfa07f07,2025-03-25,16,1,False,1.0,0.0,0.0,0.0,15.0,0.0,15.0,7.733333333333333,0.0
b66c51931f321cca81cc9195f90b3174ae82ebb56c74459770f7800e347ca3b0,2025-03-25,7,1,False,1.0,0.0,0.0,0.0,6.0,2.0,6.0,8.883333333333333,0.15
b8e6c17d68aafa670b598b1cf0c0bd73a2937d6abb11055fded76b5e53231165,2025-03-25,11,1,False,1.0,0.0,0.0,0.0,10.0,0.0,10.0,8.15,0.0
bc60389887dd911a09f472d0f840e5a268d310cd13f422bfc6f811eb916ec82f,2025-03-25,14,1,False,1.0,0.0,0.0,0.0,13.0,0.0,13.0,7.85,0.0
c2fa44374f0aab02cb57c9ed348bb43c1fd456bfdf5b296c4f72174a002cd27f,2025-03-25,9,1,False,1.0,0.0,0.0,0.0,8.0,0.0,8.0,7.15,0.0
c5a8e30eed6744da0b641f474ebb407a75bc6fd07bd6e3c7aeb522c884dd456b,2025-03-25,10,1,False,1.0,0.0,0.0,0.0,9.0,0.0,9.0,7.483333333333333,0.0
c734a9d4fd20facb7d4e2f69c7a7be0a0263956653fc71b8d25ad3ed7a1ba446,2025-03-25,12,1,False,1.0,0.0,0.0,0.0,11.0,0.0,11.0,6.433333333333334,0.0
cb50b7517e0741a49adb67908546647f1da3398d8c72f00f00e9ba111909654b,2025-03-25,10,1,False,1.0,0.0,0.0,0.0,9.0,0.0,9.0,7.05,0.0
cc4113bc0f389ec5987bdc5cae8e94c8c01f0c5e127a5fc2b0ef752d7226c0ca,2025-03-25,16,1,False,1.0,0.0,0.0,0.0,15.0,0.0,15.0,7.016666666666667,0.0
cca321773f148695c0ffc5ed365db650aadc5ecdd13b4ddb3e6b57f38bf5a719,2025-03-25,12,1,False,1.0,0.0,0.0,0.0,11.0,0.0,11.0,8.833333333333334,0.0
d111a1427a39ed7f2d2483db714c5e0d79823bc9ecc62a126e1d144d374d286a,2025-03-25,7,1,False,1.0,0.0,0.0,0.0,6.0,0.0,6.0,4.833333333333333,0.0
dab294f3951611f65a9b1e6408fbad19981d1b65b76c28c3408dac6a6b93bbc8,2025-03-25,7,1,False,1.0,0.0,0.0,0.0,6.0,0.0,6.0,6.266666666666667,0.0
ddee12fc509b00889675d637518a8f7dfe216a200b6ad812c397b77d8bccb88b,2025-03-25,14,1,False,1.0,0.0,0.0,0.0,13.0,0.0,13.0,7.066666666666666,0.0
e001292c71d84c28529aed04ab0af1efa767893752908a7b7645f33d09aab74b,2025-03-25,15,1,False,1.0,0.0,0.0,0.0,14.0,0.0,14.0,9.25,0.0
e1a146fdbba0f457a2ea0a102e2c24872edc75865f95a9b842fcefa68e455266,2025-03-25,6,1,False,1.0,0.0,0.0,0.0,5.0,0.0,5.0,6.783333333333333,0.0
e498ed2d854e821dd717169a7b55e586bb647b3bd1ef51990cbd4e847791cc49,2025-03-25,9,1,False,1.0,0.0,0.0,0.0,8.0,0.0,8.0,3.1666666666666665,0.0
e72c6ef5ea8445fc95b1c3ca1c82368b6c9adc8a29368110f51d81735f76f11c,2025-03-25,12,1,False,1.0,0.0,0.0,0.0,11.0,0.0,11.0,9.05,0.0
ea171ad8a99227777c2e7c1664c91caf9c08e47d4ba5c09165812a6d9633998c,2025-03-25,15,1,False,1.0,0.0,0.0,0.0,14.0,0.0,14.0,7.25,0.0
eac146261339b15b8a1e873ed372802ae1c5198377cc8e0f4a23d21bcead9c02,2025-03-25,12,1,False,1.0,0.0,0.0,0.0,11.0,0.0,11.0,8.283333333333333,0.0
ec8eef52024b6815e3113797e206a360a9c324efc2f400801d5eb1179b75a43d,2025-03-25,8,1,False,1.0,0.0,0.0,0.0,7.0,0.0,7.0,7.183333333333334,0.0
eecce08639c689fc3170d254f909a8dedd091d778d0ae7aa829c656b8d085cdd,2025-03-25,14,1,False,1.0,0.0,0.0,0.0,13.0,0.0,13.0,6.833333333333333,0.0
f02fff917d5e1f556f7ca2d8e8ddde98179be018c2669a269bf40d4f64b627f7,2025-03-25,6,1,False,1.0,0.0,0.0,0.0,5.0,0.0,5.0,5.766666666666667,0.0
f17b0eabd2530f1710fc19c34c4d29cc782a669753833ca0d88f524467cdf67f,2025-03-25,10,1,False,1.0,0.0,0.0,0.0,9.0,1.0,9.0,9.533333333333333,0.15
f26a64875adce083be80130e941dbfa6e94f2202ff0c463336c1300ecc5217f6,2025-03-25,13,1,False,1.0,0.0,0.0,0.0,12.0,0.0,12.0,6.683333333333334,0.0
f441fbdfbb3a65b7660b581790ec8633cd5e9a2bc3450e46f6f6d948e0ebd96b,2025-03-25,9,1,False,1.0,0.0,0.0,0.0,8.0,0.0,8.0,5.083333333333333,0.0
012fb52705cf3c18e19ff7f562c781dcd1736f3e5615ace007e35dee4740f412,2025-03-26,7,1,False,1.0,0.0,0.0,0.0,6.0,0.0,6.0,4.35,0.0
0604919ff2aebe087b97959084f1fffe2fd89b7e92f8997d6249f5617f0ec041,2025-03-26,16,1,False,1.0,0.0,0.0,0.0,15.0,0.0,15.0,7.333333333333333,0.0
0b9c9b2a643d502fb0470c0e2d25bd40592ae24d88e27a9cca008632f6491e86,2025-03-26,10,1,False,1.0,0.0,0.0,0.0,9.0,0.0,9.0,6.066666666666666,0.0
0bc6fa557a874432991fb3bef6cc8fecfed275284ca1549c6f502f2f2f86388f,2025-03-26,8,1,False,1.0,0.0,0.0,0.0,7.0,0.0,7.0,6.116666666666666,0.0
12881006a16563a03436c3185999cce893916a7f93bd295d9e51c610390a5400,2025-03-26,15,1,False,1.0,0.0,0.0,0.0,14.0,0.0,14.0,8.183333333333334,0.0
13cc67e7ae2b0731f9c20a2adb450d0ab125f700d392f08a01f5019b4da3be89,2025-03-26,15,1,False,1.0,0.0,0.0,0.0,14.0,0.0,14.0,8.0,0.0
1481a18bb91c683c9f0e63a3c1ffe035a67c1ee64eae546985a4caedd691f154,2025-03-26,14,1,False,1.0,0.0,0.0,0.0,13.0,2.0,13.0,9.183333333333334,0.15
1481cde120f4ec5a6626478c9222dacd947d0d027e33aa5175c391d3f10b05fd,2025-03-26,11,1,False,1.0,0.0,0.0,0.0,10.0,0.0,10.0,6.15,0.0
18757c67dbbb1f193d93dfd2c81d93f261d3cc1ab2b6b4a27daddb2a42f0c1e2,2025-03-26,7,1,False,1.0,0.0,0.0,0.0,6.0,0.0,6.0,6.283333333333333,0.0
1e13a5c6539e75908d998e36f94f2baee29b17d341286f7a2af3163b528a2fcc,2025-03-26,15,1,False,1.0,0.0,0.0,0.0,14.0,0.0,14.0,7.333333333333333,0.0
1e813ac9d9c5fbfa50cba6f0032edaff8652f398c5508cc13faa4cc0af6fc3b9,2025-03-26,14,1,False,1.0,0.0,0.0,0.0,13.0,0.0,13.0,6.683333333333334,0.0
1fddb883469b0cd0365153a0ebff0dbefb2b5a252dbaf2b9795ad45003650dcf,2025-03-26,7,1,False,1.0,0.0,0.0,0.0,6.0,0.0,6.0,7.95,0.0
227b301943873690ead2973a5f7d43ef587dc58b46733368a3f16daf8db98925,2025-03-26,15,1,False,1.0,0.0,0.0,0.0,14.0,0.0,14.0,7.666666666666667,0.0
269b850943bbddfb37b8186af3d0cd154525f08057e450bdb93ab26f06b9758d,2025-03-26,22,1,False,1.0,0.0,0.0,0.0,21.0,10.0,21.0,14.316666666666666,0.15
27ef13206d1090bf126d0f8dd08b66cc346b18eb199192600e14cdc52d7c9a35,2025-03-26,11,1,False,1.0,0.0,0.0,0.0,10.0,0.0,10.0,8.783333333333333,0.0
2b4a1e95204243f32c7235a27dbeae5a0e9d42da4c762132ac84c0817875d614,2025-03-26,15,1,False,1.0,0.0,0.0,0.0,14.0,0.0,14.0,5.233333333333333,0.0
2fdc8fb359ca03d047fec4ad4d7f3b9cfc23ebf54bee30aec8f1a6431bfd0d6e,2025-03-26,9,1,False,1.0,0.0,0.0,0.0,8.0,0.0,8.0,6.933333333333334,0.0
32c184d9780b5545a856a0a366a71b86deb3a80c4dc92142aaf6bb3437c336b1,2025-03-26,14,1,False,1.0,0.0,0.0,0.0,13.0,0.0,13.0,8.166666666666666,0.0
34977907ef51b1295028838fb56ded6159cee0d58c3200a0276324aac366417c,2025-03-26,11,1,False,1.0,0.0,0.0,0.0,10.0,0.0,10.0,5.466666666666667,0.0
3634cd4e250467a39545675e2f7386734815df9c667903c8c83b43450723a792,2025-03-26,9,1,False,1.0,0.0,0.0,0.0,8.0,0.0,8.0,7.566666666666666,0.0
369a478c83b6f436dd9aade49d6289f250e18ec2a71b9552d7d9bb884bb2b586,2025-03-26,15,1,False,1.0,0.0,0.0,0.0,14.0,0.0,14.0,7.35,0.0
3c32c4971223e549c349880665fa1e81f054571faf44435a8071b4de6b20dffb,2025-03-26,16,1,False,1.0,0.0,0.0,0.0,15.0,3.0,15.0,9.8,0.15
3e05c7d4c2f91af414e809d408787184297b351d1907c225f6f1e75fbec1f3a3,2025-03-26,13,1,False,1.0,0.0,0.0,0.0,12.0,0.0,12.0,7.216666666666667,0.0
44e2b71da8273f1b00b9ec55361a1e542f6812bce0acd27214d62e7de86dd6d0,2025-03-26,13,1,False,1.0,0.0,0.0,0.0,12.0,0.0,12.0,7.366666666666666,0.0
4620b38a9a7c0abed1e91cfdc3926234d098446655b643be9342b610365aa1b6,2025-03-26,10,1,False,1.0,0.0,0.0,0.0,9.0,0.0,9.0,6.2,0.0
49b020eb7c127b73472cb4fc893577b87b48690b941ca1067751e5a6e3eab262,2025-03-26,12,1,False,1.0,0.0,0.0,0.0,11.0,0.0,11.0,7.166666666666667,0.0
4bef524b2f19749989b990b1af1747f137bfe1d7fbf78fa1358ddfc45b247cf1,2025-03-26,12,1,False,1.0,0.0,0.0,0.0,11.0,0.0,11.0,6.233333333333333,0.0
4ef80c0c47503cd20d3a8157080fb28f38e6524b33375c23d5fcd98a2f64545e,2025-03-26,6,1,False,1.0,0.0,0.0,0.0,5.0,0.0,5.0,6.9,0.0
5088fc658035905665368960c940882faf61610a4e1ce57a24c6ffc946f0f5a8,2025-03-26,15,1,False,1.0,0.0,0.0,0.0,14.0,0.0,14.0,5.45,0.0
5379232fec078f04af386b787ed0dc69b2a455a27e52e901c773a11d2d0bce7f,2025-03-26,15,1,False,1.0,0.0,0.0,0.0,14.0,0.0,14.0,7.9,0.0
53a03335d3716bf67d3ed781065280a46863f8d947c2492c4e33cce33f4446d2,2025-03-26,8,1,False,1.0,0.0,0.0,0.0,7.0,0.0,7.0,7.65,0.0
603fcd2b8449630833d1b6c7313a10e8a2176025a45ca54002988df4de8536dd,2025-03-26,9,1,False,1.0,0.0,0.0,0.0,8.0,0.0,8.0,7.616666666666666,0.0
61127469ce0c27e2d19e0e5ecece9227e60515e12a899bc8bbc29e1c8f68a78f,2025-03-26,10,1,False,1.0,0.0,0.0,0.0,9.0,0.0,9.0,7.633333333333334,0.0
62009223daa0ff462d9b377b2b31f5c85b4e95caf611f5339cbb2b5e1dc9cab5,2025-03-26,14,1,False,1.0,0.0,0.0,0.0,13.0,0.0,13.0,8.333333333333334,0.0
620ea76a7f314a9faecfaadf110510d2abcf73e79e56e93b476e80794b9e251f,2025-03-26,9,1,False,1.0,0.0,0.0,0.0,8.0,0.0,8.0,6.3,0.0
685e9623979d1c18a11af39701aaf24188e1a40aee4c205c4d3220d26708793d,2025-03-26,7,1,False,1.0,0.0,0.0,0.0,6.0,0.0,6.0,6.966666666666667,0.0
69295bad69cbd357f13dc891b598791ab746ad0ed9cea2f9da57019f70c847b6,2025-03-26,7,1,False,1.0,0.0,0.0,0.0,6.0,0.0,6.0,6.233333333333333,0.0
6ac76fd52b6451030fdaa8cce0d1126104c034aa0d6cff3c078311dce03e36e5,2025-03-26,10,1,False,1.0,0.0,0.0,0.0,9.0,0.0,9.0,7.716666666666667,0.0
6e0553bc94f1b3457a68943cdeb271536fa0ca87652900b8c47b6b4e2eabc4b7,2025-03-26,12,1,False,1.0,0.0,0.0,0.0,11.0,0.0,11.0,8.183333333333334,0.0
71c200742f059a8380e2f3dd53ca613e2cdd705c24898e5957d46fefeff67336,2025-03-26,9,1,False,1.0,0.0,0.0,0.0,8.0,0.0,8.0,6.566666666666666,0.0
768115c2eaa5bf872b6f73af67403e31127811d5dfdaa65f5998e7f57a6be1ca,2025-03-26,14,1,False,1.0,0.0,0.0,0.0,13.0,4.0,13.0,14.066666666666666,0.15
77a935bf01e27db1c86c62c6082710b6fe7046028279183cc90fc11b5a21dd3c,2025-03-26,15,1,False,1.0,0.0,0.0,0.0,14.0,0.0,14.0,8.283333333333333,0.0
7b291901ed6fc90c51c56024b33122026451c19dfa4736a37621d21afa86ab5a,2025-03-26,11,1,False,1.0,0.0,0.0,0.0,10.0,0.0,10.0,8.5,0.0
7d64092a6e7dfd07913942876a0c314955bce8dc9fcabd12166bcf1ad5666185,2025-03-26,13,1,False,1.0,0.0,0.0,0.0,12.0,0.0,12.0,8.583333333333334,0.0
7faca1558937aea9797473b24d153f084fc8bc52e7e16da8f8bf4c48b587b358,2025-03-26,11,1,False,1.0,0.0,0.0,0.0,10.0,0.0,10.0,9.083333333333334,0.0
806e62fd6dd962469b9425c2f7b2550582df8623e5c711ade163292a626414aa,2025-03-26,12,1,False,1.0,0.0,0.0,0.0,11.0,0.0,11.0,7.566666666666666,0.0
85bf8422bdd496aa90249b85acbd42b16a6a0ed3121a586f0bcc607d16d09d80,2025-03-26,14,1,False,1.0,0.0,0.0,0.0,13.0,0.0,13.0,5.816666666666666,0.0
88b53efa4c89ad7a3d90cf3c01046d714f1adff9827d0eb5754b4ef76c64f039,2025-03-26,12,1,False,1.0,1.0,0.0,0.0,11.0,1.0,11.0,8.416666666666666,0.35
8eb9feaf80cb3b47e639148a128ff9ae2b814462106966998a7656825b71fa7d,2025-03-26,12,1,False,1.0,0.0,0.0,0.0,11.0,0.0,11.0,8.1,0.0
924ed1bb3874124ad2e307aa33a7e5791cc81dd30c0c079d54cfc1ea14ee310a,2025-03-26,16,1,False,1.0,0.0,0.0,0.0,15.0,0.0,15.0,6.25,0.0
939b9328b580200251e640b1f2170850525f4fefe336c98f053407a0725f9849,2025-03-26,8,1,False,1.0,0.0,0.0,0.0,7.0,0.0,7.0,8.566666666666666,0.0
9a31e4091d5c4c7fb8b9377b091ea9caa9cf26c36e62547a85992d9e109b1b9c,2025-03-26,11,1,False,1.0,0.0,0.0,0.0,10.0,0.0,10.0,6.25,0.0
9e007677846640b2acc599b1d1d498a20ff8260eeda2d49338e3b6ed111045a9,2025-03-26,9,1,False,1.0,0.0,0.0,0.0,8.0,0.0,8.0,6.3,0.0
9e7a5e914136e41ca82c366fd529e02d961e7ed1a6019ff724f06dbe447fbb88,2025-03-26,13,1,False,1.0,0.0,0.0,0.0,12.0,0.0,12.0,6.45,0.0
a8848b387af6359642c71478f693e4643381802ccc97f2b0c353264d7729405c,2025-03-26,15,1,False,1.0,0.0,0.0,0.0,14.0,0.0,14.0,7.216666666666667,0.0
b55080c0db11860ea934ecf297a13cf247817b3e34562a5897c18ff2cfa07f07,2025-03-26,15,1,False,1.0,0.0,0.0,0.0,14.0,0.0,14.0,6.216666666666667,0.0
b66c51931f321cca81cc9195f90b3174ae82ebb56c74459770f7800e347ca3b0,2025-03-26,16,1,False,1.0,0.0,0.0,0.0,15.0,0.0,15.0,7.033333333333333,0.0
b8e6c17d68aafa670b598b1cf0c0bd73a2937d6abb11055fded76b5e53231165,2025-03-26,14,1,False,1.0,0.0,0.0,0.0,13.0,0.0,13.0,6.533333333333333,0.0
bc60389887dd911a09f472d0f840e5a268d310cd13f422bfc6f811eb916ec82f,2025-03-26,9,1,False,1.0,0.0,0.0,0.0,8.0,0.0,8.0,7.616666666666666,0.0
c2fa44374f0aab02cb57c9ed348bb43c1fd456bfdf5b296c4f72174a002cd27f,2025-03-26,11,1,False,1.0,0.0,0.0,0.0,10.0,0.0,10.0,5.783333333333333,0.0
c5a8e30eed6744da0b641f474ebb407a75bc6fd07bd6e3c7aeb522c884dd456b,2025-03-26,6,1,False,1.0,0.0,0.0,0.0,5.0,0.0,5.0,6.25,0.0
c734a9d4fd20facb7d4e2f69c7a7be0a0263956653fc71b8d25ad3ed7a1ba446,2025-03-26,10,1,False,1.0,0.0,0.0,0.0,9.0,2.0,9.0,9.183333333333334,0.15
cb50b7517e0741a49adb67908546647f1da3398d8c72f00f00e9ba111909654b,2025-03-26,15,1,False,1.0,0.0,0.0,0.0,14.0,1.0,14.0,7.633333333333334,0.15
cc4113bc0f389ec5987bdc5cae8e94c8c01f0c5e127a5fc2b0ef752d7226c0ca,2025-03-26,15,1,False,1.0,0.0,0.0,0.0,14.0,0.0,14.0,7.5,0.0
cca321773f148695c0ffc5ed365db650aadc5ecdd13b4ddb3e6b57f38bf5a719,2025-03-26,10,1,False,1.0,0.0,0.0,0.0,9.0,0.0,9.0,7.933333333333334,0.0
d111a1427a39ed7f2d2483db714c5e0d79823bc9ecc62a126e1d144d374d286a,2025-03-26,9,1,False,1.0,0.0,0.0,0.0,8.0,0.0,8.0,5.533333333333333,0.0
dab294f3951611f65a9b1e6408fbad19981d1b65b76c28c3408dac6a6b93bbc8,2025-03-26,16,1,False,1.0,1.0,0.0,0.0,15.0,0.0,15.0,7.083333333333333,0.2
ddee12fc509b00889675d637518a8f7dfe216a200b6ad812c397b77d8bccb88b,2025-03-26,14,1,False,1.0,0.0,0.0,0.0,13.0,0.0,13.0,6.9,0.0
e001292c71d84c28529aed04ab0af1efa767893752908a7b7645f33d09aab74b,2025-03-26,13,1,False,1.0,0.0,0.0,0.0,12.0,0.0,12.0,6.466666666666667,0.0
e1a146fdbba0f457a2ea0a102e2c24872edc75865f95a9b842fcefa68e455266,2025-03-26,9,1,False,1.0,0.0,0.0,0.0,8.0,0.0,8.0,7.666666666666667,0.0
e498ed2d854e821dd717169a7b55e586bb647b3bd1ef51990cbd4e847791cc49,2025-03-26,8,1,False,1.0,0.0,0.0,0.0,7.0,0.0,7.0,8.766666666666667,0.0
e72c6ef5ea8445fc95b1c3ca1c82368b6c9adc8a29368110f51d81735f76f11c,2025-03-26,6,1,False,1.0,0.0,0.0,0.0,5.0,0.0,5.0,6.066666666666666,0.0
ea171ad8a99227777c2e7c1664c91caf9c08e47d4ba5c09165812a6d9633998c,2025-03-26,7,1,False,1.0,0.0,0.0,0.0,6.0,0.0,6.0,7.4,0.0
eac146261339b15b8a1e873ed372802ae1c5198377cc8e0f4a23d21bcead9c02,2025-03-26,9,1,False,1.0,0.0,0.0,0.0,8.0,0.0,8.0,6.85,0.0
ec8eef52024b6815e3113797e206a360a9c324efc2f400801d5eb1179b75a43d,2025-03-26,6,1,False,1.0,0.0,0.0,0.0,5.0,0.0,5.0,7.216666666666667,0.0
eecce08639c689fc3170d254f909a8dedd091d778d0ae7aa829c656b8d085cdd,2025-03-26,6,1,False,1.0,0.0,0.0,0.0,5.0,0.0,5.0,5.4,0.0
f02fff917d5e1f556f7ca2d8e8ddde98179be018c2669a269bf40d4f64b627f7,2025-03-26,10,1,False,1.0,0.0,0.0,0.0,9.0,0.0,9.0,6.25,0.0
f17b0eabd2530f1710fc19c34c4d29cc782a669753833ca0d88f524467cdf67f,2025-03-26,8,1,False,1.0,0.0,0.0,0.0,7.0,0.0,7.0,7.45,0.0
f26a64875adce083be80130e941dbfa6e94f2202ff0c463336c1300ecc5217f6,2025-03-26,13,1,False,1.0,0.0,0.0,0.0,12.0,0.0,12.0,6.533333333333333,0.0
f441fbdfbb3a65b7660b581790ec8633cd5e9a2bc3450e46f6f6d948e0ebd96b,2025-03-26,10,1,False,1.0,0.0,0.0,0.0,9.0,0.0,9.0,8.9,0.0
012fb52705cf3c18e19ff7f562c781dcd1736f3e5615ace007e35dee4740f412,2025-03-27,12,1,False,1.0,0.0,0.0,0.0,11.0,0.0,11.0,6.65,0.0
0604919ff2aebe087b97959084f1fffe2fd89b7e92f8997d6249f5617f0ec041,2025-03-27,15,1,False,1.0,0.0,0.0,0.0,14.0,0.0,14.0,7.55,0.0
0b9c9b2a643d502fb0470c0e2d25bd40592ae24d88e27a9cca008632f6491e86,2025-03-27,16,1,False,1.0,0.0,0.0,0.0,15.0,0.0,15.0,7.633333333333334,0.0
0bc6fa557a874432991fb3bef6cc8fecfed275284ca1549c6f502f2f2f86388f,2025-03-27,6,1,False,1.0,0.0,0.0,0.0,5.0,0.0,5.0,5.1,0.0
12881006a16563a03436c3185999cce893916a7f93bd295d9e51c610390a5400,2025-03-27,16,1,False,1.0,0.0,0.0,0.0,15.0,2.0,15.0,8.733333333333333,0.15
13cc67e7ae2b0731f9c20a2adb450d0ab125f700d392f08a01f5019b4da3be89,2025-03-27,11,1,False,1.0,1.0,0.0,0.0,10.0,0.0,10.0,7.2,0.2
1481a18bb91c683c9f0e63a3c1ffe035a67c1ee64eae546985a4caedd691f154,2025-03-27,16,1,False,1.0,0.0,0.0,0.0,15.0,0.0,15.0,6.816666666666666,0.0
1481cde120f4ec5a6626478c9222dacd947d0d027e33aa5175c391d3f10b05fd,2025-03-27,13,1,False,1.0,0.0,0.0,0.0,12.0,0.0,12.0,6.516666666666667,0.0
18757c67dbbb1f193d93dfd2c81d93f261d3cc1ab2b6b4a27daddb2a42f0c1e2,2025-03-27,13,1,False,1.0,0.0,0.0,0.0,12.0,2.0,12.0,9.833333333333334,0.15
1e13a5c6539e75908d998e36f94f2baee29b17d341286f7a2af3163b528a2fcc,2025-03-27,13,1,False,1.0,0.0,0.0,0.0,12.0,0.0,12.0,7.533333333333333,0.0
1e813ac9d9c5fbfa50cba6f0032edaff8652f398c5508cc13faa4cc0af6fc3b9,2025-03-27,10,1,False,1.0,0.0,0.0,0.0,9.0,0.0,9.0,7.366666666666666,0.0
1fddb883469b0cd0365153a0ebff0dbefb2b5a252dbaf2b9795ad45003650dcf,2025-03-27,9,1,False,1.0,0.0,0.0,0.0,8.0,0.0,8.0,6.5,0.0
227b301943873690ead2973a5f7d43ef587dc58b46733368a3f16daf8db98925,2025-03-27,11,1,False,1.0,0.0,0.0,0.0,10.0,0.0,10.0,5.55,0.0
269b850943bbddfb37b8186af3d0cd154525f08057e450bdb93ab26f06b9758d,2025-03-27,6,1,False,1.0,0.0,0.0,0.0,5.0,0.0,5.0,6.933333333333334,0.0
27ef13206d1090bf126d0f8dd08b66cc346b18eb199192600e14cdc52d7c9a35,2025-03-27,14,1,False,1.0,0.0,0.0,0.0,13.0,0.0,13.0,7.933333333333334,0.0
2b4a1e95204243f32c7235a27dbeae5a0e9d42da4c762132ac84c0817875d614,2025-03-27,7,1,False,1.0,0.0,0.0,0.0,6.0,0.0,6.0,7.166666666666667,0.0
2fdc8fb359ca03d047fec4ad4d7f3b9cfc23ebf54bee30aec8f1a6431bfd0d6e,2025-03-27,13,1,False,1.0,0.0,0.0,0.0,12.0,0.0,12.0,7.7,0.0
32c184d9780b5545a856a0a366a71b86deb3a80c4dc92142aaf6bb3437c336b1,2025-03-27,16,1,False,1.0,0.0,0.0,0.0,15.0,0.0,15.0,7.816666666666666,0.0
34977907ef51b1295028838fb56ded6159cee0d58c3200a0276324aac366417c,2025-03-27,12,1,False,1.0,0.0,0.0,0.0,11.0,0.0,11.0,7.133333333333334,0.0
3634cd4e250467a39545675e2f7386734815df9c667903c8c83b43450723a792,2025-03-27,12,1,False,1.0,0.0,0.0,0.0,11.0,0.0,11.0,7.466666666666667,0.0
369a478c83b6f436dd9aade49d6289f250e18ec2a71b9552d7d9bb884bb2b586,2025-03-27,8,1,False,1.0,0.0,0.0,0.0,7.0,0.0,7.0,6.066666666666666,0.0
3c32c4971223e549c349880665fa1e81f054571faf44435a8071b4de6b20dffb,2025-03-27,11,1,False,1.0,0.0,0.0,0.0,10.0,1.0,10.0,8.916666666666666,0.15
3e05c7d4c2f91af414e809d408787184297b351d1907c225f6f1e75fbec1f3a3,2025-03-27,11,1,False,1.0,0.0,0.0,0.0,10.0,0.0,10.0,7.3,0.0
44e2b71da8273f1b00b9ec55361a1e542f6812bce0acd27214d62e7de86dd6d0,2025-03-27,8,1,False,1.0,0.0,0.0,0.0,7.0,0.0,7.0,6.533333333333333,0.0
4620b38a9a7c0abed1e91cfdc3926234d098446655b643be9342b610365aa1b6,2025-03-27,10,1,False,1.0,0.0,0.0,0.0,9.0,0.0,9.0,7.033333333333333,0.0
49b020eb7c127b73472cb4fc893577b87b48690b941ca1067751e5a6e3eab262,2025-03-27,9,1,False,1.0,0.0,0.0,0.0,8.0,0.0,8.0,6.116666666666666,0.0
4bef524b2f19749989b990b1af1747f137bfe1d7fbf78fa1358ddfc45b247cf1,2025-03-27,10,1,False,1.0,0.0,0.0,0.0,9.0,0.0,9.0,6.1,0.0
4ef80c0c47503cd20d3a8157080fb28f38e6524b33375c23d5fcd98a2f64545e,2025-03-27,15,1,False,1.0,1.0,0.0,0.0,14.0,2.0,14.0,7.233333333333333,0.35
5088fc658035905665368960c940882faf61610a4e1ce57a24c6ffc946f0f5a8,2025-03-27,10,1,False,1.0,0.0,0.0,0.0,9.0,0.0,9.0,8.4,0.0
5379232fec078f04af386b787ed0dc69b2a455a27e52e901c773a11d2d0bce7f,2025-03-27,13,1,False,1.0,0.0,0.0,0.0,12.0,0.0,12.0,6.933333333333334,0.0
53a03335d3716bf67d3ed781065280a46863f8d947c2492c4e33cce33f4446d2,2025-03-27,11,1,False,1.0,0.0,0.0,0.0,10.0,0.0,10.0,6.016666666666667,0.0
603fcd2b8449630833d1b6c7313a10e8a2176025a45ca54002988df4de8536dd,2025-03-27,13,1,False,1.0,0.0,0.0,0.0,12.0,1.0,12.0,8.883333333333333,0.15
61127469ce0c27e2d19e0e5ecece9227e60515e12a899bc8bbc29e1c8f68a78f,2025-03-27,11,1,False,1.0,0.0,0.0,0.0,10.0,0.0,10.0,6.216666666666667,0.0
62009223daa0ff462d9b377b2b31f5c85b4e95caf611f5339cbb2b5e1dc9cab5,2025-03-27,7,1,False,1.0,0.0,0.0,0.0,6.0,2.0,6.0,8.633333333333333,0.15
620ea76a7f314a9faecfaadf110510d2abcf73e79e56e93b476e80794b9e251f,2025-03-27,10,1,False,1.0,0.0,0.0,0.0,9.0,0.0,9.0,8.216666666666667,0.0
685e9623979d1c18a11af39701aaf24188e1a40aee4c205c4d3220d26708793d,2025-03-27,10,1,False,1.0,0.0,0.0,0.0,9.0,0.0,9.0,7.0,0.0
69295bad69cbd357f13dc891b598791ab746ad0ed9cea2f9da57019f70c847b6,2025-03-27,8,1,False,1.0,0.0,0.0,0.0,7.0,0.0,7.0,6.333333333333333,0.0
6ac76fd52b6451030fdaa8cce0d1126104c034aa0d6cff3c078311dce03e36e5,2025-03-27,11,1,False,1.0,0.0,0.0,0.0,10.0,0.0,10.0,7.766666666666667,0.0
6e0553bc94f1b3457a68943cdeb271536fa0ca87652900b8c47b6b4e2eabc4b7,2025-03-27,11,1,False,1.0,0.0,0.0,0.0,10.0,0.0,10.0,7.816666666666666,0.0
71c200742f059a8380e2f3dd53ca613e2cdd705c24898e5957d46fefeff67336,2025-03-27,8,1,False,1.0,0.0,0.0,0.0,7.0,0.0,7.0,8.183333333333334,0.0
768115c2eaa5bf872b6f73af67403e31127811d5dfdaa65f5998e7f57a6be1ca,2025-03-27,13,1,False,1.0,0.0,0.0,0.0,12.0,0.0,12.0,6.5,0.0
77a935bf01e27db1c86c62c6082710b6fe7046028279183cc90fc11b5a21dd3c,2025-03-27,16,1,False,1.0,0.0,0.0,0.0,15.0,0.0,15.0,5.9,0.0
7b291901ed6fc90c51c56024b33122026451c19dfa4736a37621d21afa86ab5a,2025-03-27,8,1,False,1.0,0.0,0.0,0.0,7.0,0.0,7.0,6.266666666666667,0.0
7d64092a6e7dfd07913942876a0c314955bce8dc9fcabd12166bcf1ad5666185,2025-03-27,6,1,False,1.0,0.0,0.0,0.0,5.0,0.0,5.0,6.783333333333333,0.0
7faca1558937aea9797473b24d153f084fc8bc52e7e16da8f8bf4c48b587b358,2025-03-27,14,1,False,1.0,0.0,0.0,0.0,13.0,1.0,13.0,9.2,0.15
806e62fd6dd962469b9425c2f7b2550582df8623e5c711ade163292a626414aa,2025-03-27,16,1,False,1.0,0.0,0.0,0.0,15.0,0.0,15.0,8.333333333333334,0.0
85bf8422bdd496aa90249b85acbd42b16a6a0ed3121a586f0bcc607d16d09d80,2025-03-27,13,1,False,1.0,0.0,0.0,0.0,12.0,0.0,12.0,9.116666666666667,0.0
88b53efa4c89ad7a3d90cf3c01046d714f1adff9827d0eb5754b4ef76c64f039,2025-03-27,9,1,False,1.0,0.0,0.0,0.0,8.0,0.0,8.0,6.833333333333333,0.0
8eb9feaf80cb3b47e639148a128ff9ae2b814462106966998a7656825b71fa7d,2025-03-27,7,1,False,1.0,0.0,0.0,0.0,6.0,0.0,6.0,7.033333333333333,0.0
924ed1bb3874124ad2e307aa33a7e5791cc81dd30c0c079d54cfc1ea14ee310a,2025-03-27,10,1,False,1.0,0.0,0.0,0.0,9.0,0.0,9.0,6.916666666666667,0.0
939b9328b580200251e640b1f2170850525f4fefe336c98f053407a0725f9849,2025-03-27,12,1,False,1.0,0.0,0.0,0.0,11.0,0.0,11.0,7.55,0.0
9a31e4091d5c4c7fb8b9377b091ea9caa9cf26c36e62547a85992d9e109b1b9c,2025-03-27,7,1,False,1.0,0.0,0.0,0.0,6.0,0.0,6.0,7.75,0.0
9e007677846640b2acc599b1d1d498a20ff8260eeda2d49338e3b6ed111045a9,2025-03-27,15,1,False,1.0,0.0,0.0,0.0,14.0,5.0,14.0,9.8,0.15
9e7a5e914136e41ca82c366fd529e02d961e7ed1a6019ff724f06dbe447fbb88,2025-03-27,13,1,False,1.0,0.0,0.0,0.0,12.0,0.0,12.0,9.083333333333334,0.0
a8848b387af6359642c71478f693e4643381802ccc97f2b0c353264d7729405c,2025-03-27,15,1,False,1.0,0.0,0.0,0.0,14.0,0.0,14.0,7.666666666666667,0.0
b55080c0db11860ea934ecf297a13cf247817b3e34562a5897c18ff2cfa07f07,2025-03-27,6,1,False,1.0,0.0,0.0,0.0,5.0,0.0,5.0,2.6333333333333333,0.0
b66c51931f321cca81cc9195f90b3174ae82ebb56c74459770f7800e347ca3b0,2025-03-27,14,1,False,1.0,0.0,0.0,0.0,13.0,0.0,13.0,6.416666666666667,0.0
b8e6c17d68aafa670b598b1cf0c0bd73a2937d6abb11055fded76b5e53231165,2025-03-27,13,1,False,1.0,0.0,0.0,0.0,12.0,0.0,12.0,5.916666666666667,0.0
bc60389887dd911a09f472d0f840e5a268d310cd13f422bfc6f811eb916ec82f,2025-03-27,12,1,False,1.0,0.0,0.0,0.0,11.0,0.0,11.0,6.65,0.0
c2fa44374f0aab02cb57c9ed348bb43c1fd456bfdf5b296c4f72174a002cd27f,2025-03-27,18,1,False,1.0,0.0,0.0,0.0,17.0,5.0,17.0,13.716666666666667,0.15
c5a8e30eed6744da0b641f474ebb407a75bc6fd07bd6e3c7aeb522c884dd456b,2025-03-27,13,1,False,1.0,0.0,0.0,0.0,12.0,0.0,12.0,6.416666666666667,0.0
c734a9d4fd20facb7d4e2f69c7a7be0a0263956653fc71b8d25ad3ed7a1ba446,2025-03-27,6,1,False,1.0,0.0,0.0,0.0,5.0,1.0,5.0,8.483333333333333,0.15
cb50b7517e0741a49adb67908546647f1da3398d8c72f00f00e9ba111909654b,2025-03-27,9,1,False,1.0,0.0,0.0,0.0,8.0,0.0,8.0,6.65,0.0
cc4113bc0f389ec5987bdc5cae8e94c8c01f0c5e127a5fc2b0ef752d7226c0ca,2025-03-27,6,1,False,1.0,0.0,0.0,0.0,5.0,0.0,5.0,4.6,0.0
cca321773f148695c0ffc5ed365db650aadc5ecdd13b4ddb3e6b57f38bf5a719,2025-03-27,8,1,False,1.0,0.0,0.0,0.0,7.0,0.0,7.0,8.65,0.0
d111a1427a39ed7f2d2483db714c5e0d79823bc9ecc62a126e1d144d374d286a,2025-03-27,13,1,False,1.0,0.0,0.0,0.0,12.0,0.0,12.0,8.566666666666666,0.0
dab294f3951611f65a9b1e6408fbad19981d1b65b76c28c3408dac6a6b93bbc8,2025-03-27,10,1,False,1.0,0.0,0.0,0.0,9.0,0.0,9.0,7.083333333333333,0.0
ddee12fc509b00889675d637518a8f7dfe216a200b6ad812c397b77d8bccb88b,2025-03-27,14,1,False,1.0,0.0,0.0,0.0,13.0,0.0,13.0,7.216666666666667,0.0
e001292c71d84c28529aed04ab0af1efa767893752908a7b7645f33d09aab74b,2025-03-27,13,1,False,1.0,0.0,0.0,0.0,12.0,0.0,12.0,6.2,0.0
e1a146fdbba0f457a2ea0a102e2c24872edc75865f95a9b842fcefa68e455266,2025-03-27,6,1,False,1.0,0.0,0.0,0.0,5.0,0.0,5.0,8.283333333333333,0.0
e498ed2d854e821dd717169a7b55e586bb647b3bd1ef51990cbd4e847791cc49,2025-03-27,8,1,False,1.0,0.0,0.0,0.0,7.0,0.0,7.0,5.7,0.0
e72c6ef5ea8445fc95b1c3ca1c82368b6c9adc8a29368110f51d81735f76f11c,2025-03-27,10,1,False,1.0,0.0,0.0,0.0,9.0,0.0,9.0,7.933333333333334,0.0
ea171ad8a99227777c2e7c1664c91caf9c08e47d4ba5c09165812a6d9633998c,2025-03-27,6,1,False,1.0,0.0,0.0,0.0,5.0,0.0,5.0,7.066666666666666,0.0
eac146261339b15b8a1e873ed372802ae1c5198377cc8e0f4a23d21bcead9c02,2025-03-27,13,1,False,1.0,0.0,0.0,0.0,12.0,0.0,12.0,7.65,0.0
ec8eef52024b6815e3113797e206a360a9c324efc2f400801d5eb1179b75a43d,2025-03-27,10,1,False,1.0,0.0,0.0,0.0,9.0,0.0,9.0,6.283333333333333,0.0
eecce08639c689fc3170d254f909a8dedd091d778d0ae7aa829c656b8d085cdd,2025-03-27,6,1,False,1.0,0.0,0.0,0.0,5.0,0.0,5.0,6.583333333333333,0.0
f02fff917d5e1f556f7ca2d8e8ddde98179be018c2669a269bf40d4f64b627f7,2025-03-27,13,1,False,1.0,0.0,0.0,0.0,12.0,0.0,12.0,7.516666666666667,0.0
f17b0eabd2530f1710fc19c34c4d29cc782a669753833ca0d88f524467cdf67f,2025-03-27,16,1,False,1.0,0.0,0.0,0.0,15.0,0.0,15.0,7.233333333333333,0.0
f26a64875adce083be80130e941dbfa6e94f2202ff0c463336c1300ecc5217f6,2025-03-27,11,1,False,1.0,0.0,0.0,0.0,10.0,0.0,10.0,7.716666666666667,0.0
f441fbdfbb3a65b7660b581790ec8633cd5e9a2bc3450e46f6f6d948e0ebd96b,2025-03-27,10,1,False,1.0,0.0,0.0,0.0,9.0,0.0,9.0,7.4,0.0
012fb52705cf3c18e19ff7f562c781dcd1736f3e5615ace007e35dee4740f412,2025-03-28,13,1,False,1.0,0.0,0.0,0.0,12.0,0.0,12.0,7.416666666666667,0.0
0604919ff2aebe087b97959084f1fffe2fd89b7e92f8997d6249f5617f0ec041,2025-03-28,11,1,False,1.0,0.0,0.0,0.0,10.0,0.0,10.0,5.016666666666667,0.0
0b9c9b2a643d502fb0470c0e2d25bd40592ae24d88e27a9cca008632f6491e86,2025-03-28,8,1,False,1.0,0.0,0.0,0.0,7.0,0.0,7.0,5.0,0.0
0bc6fa557a874432991fb3bef6cc8fecfed275284ca1549c6f502f2f2f86388f,2025-03-28,14,1,False,1.0,0.0,0.0,0.0,13.0,0.0,13.0,7.3,0.0
12881006a16563a03436c3185999cce893916a7f93bd295d9e51c610390a5400,2025-03-28,11,1,False,1.0,0.0,0.0,0.0,10.0,0.0,10.0,6.833333333333333,0.0
13cc67e7ae2b0731f9c20a2adb450d0ab125f700d392f08a01f5019b4da3be89,2025-03-28,6,1,False,1.0,0.0,0.0,0.0,5.0,0.0,5.0,5.2,0.0
1481a18bb91c683c9f0e63a3c1ffe035a67c1ee64eae546985a4caedd691f154,2025-03-28,15,1,False,1.0,0.0,0.0,0.0,14.0,0.0,14.0,6.716666666666667,0.0
1481cde120f4ec5a6626478c9222dacd947d0d027e33aa5175c391d3f10b05fd,2025-03-28,14,1,False,1.0,0.0,0.0,0.0,13.0,0.0,13.0,7.2,0.0
18757c67dbbb1f193d93dfd2c81d93f261d3cc1ab2b6b4a27daddb2a42f0c1e2,2025-03-28,14,1,False,1.0,0.0,0.0,0.0,13.0,0.0,13.0,8.05,0.0
1e13a5c6539e75908d998e36f94f2baee29b17d341286f7a2af3163b528a2fcc,2025-03-28,14,1,False,1.0,0.0,0.0,0.0,13.0,0.0,13.0,7.216666666666667,0.0
1e813ac9d9c5fbfa50cba6f0032edaff8652f398c5508cc13faa4cc0af6fc3b9,2025-03-28,14,1,False,1.0,0.0,0.0,0.0,13.0,0.0,13.0,6.283333333333333,0.0
1fddb883469b0cd0365153a0ebff0dbefb2b5a252dbaf2b9795ad45003650dcf,2025-03-28,8,1,False,1.0,0.0,0.0,0.0,7.0,0.0,7.0,6.983333333333333,0.0
227b301943873690ead2973a5f7d43ef587dc58b46733368a3f16daf8db98925,2025-03-28,7,1,False,1.0,0.0,0.0,0.0,6.0,0.0,6.0,7.966666666666667,0.0
269b850943bbddfb37b8186af3d0cd154525f08057e450bdb93ab26f06b9758d,2025-03-28,17,1,False,1.0,0.0,0.0,0.0,16.0,1.0,16.0,12.533333333333333,0.15
27ef13206d1090bf126d0f8dd08b66cc346b18eb199192600e14cdc52d7c9a35,2025-03-28,6,1,False,1.0,0.0,0.0,0.0,5.0,0.0,5.0,6.066666666666666,0.0
2b4a1e95204243f32c7235a27dbeae5a0e9d42da4c762132ac84c0817875d614,2025-03-28,9,1,False,1.0,0.0,0.0,0.0,8.0,0.0,8.0,6.466666666666667,0.0
2fdc8fb359ca03d047fec4ad4d7f3b9cfc23ebf54bee30aec8f1a6431bfd0d6e,2025-03-28,12,1,False,1.0,0.0,0.0,0.0,11.0,2.0,11.0,9.2,0.15
32c184d9780b5545a856a0a366a71b86deb3a80c4dc92142aaf6bb3437c336b1,2025-03-28,9,1,False,1.0,0.0,0.0,0.0,8.0,0.0,8.0,6.55,0.0
34977907ef51b1295028838fb56ded6159cee0d58c3200a0276324aac366417c,2025-03-28,8,1,False,1.0,0.0,0.0,0.0,7.0,0.0,7.0,5.5,0.0
3634cd4e250467a39545675e2f7386734815df9c667903c8c83b43450723a792,2025-03-28,16,1,False,1.0,0.0,0.0,0.0,15.0,6.0,15.0,9.716666666666667,0.15
369a478c83b6f436dd9aade49d6289f250e18ec2a71b9552d7d9bb884bb2b586,2025-03-28,6,1,False,1.0,0.0,0.0,0.0,5.0,0.0,5.0,7.433333333333334,0.0
3c32c4971223e549c349880665fa1e81f054571faf44435a8071b4de6b20dffb,2025-03-28,15,1,False,1.0,1.0,0.0,0.0,14.0,1.0,14.0,6.783333333333333,0.35
3e05c7d4c2f91af414e809d408787184297b351d1907c225f6f1e75fbec1f3a3,2025-03-28,9,1,False,1.0,0.0,0.0,0.0,8.0,0.0,8.0,6.05,0.0
44e2b71da8273f1b00b9ec55361a1e542f6812bce0acd27214d62e7de86dd6d0,2025-03-28,6,1,False,1.0,0.0,0.0,0.0,5.0,0.0,5.0,7.733333333333333,0.0
4620b38a9a7c0abed1e91cfdc3926234d098446655b643be9342b610365aa1b6,2025-03-28,14,1,False,1.0,0.0,0.0,0.0,13.0,0.0,13.0,5.066666666666666,0.0
49b020eb7c127b73472cb4fc893577b87b48690b941ca1067751e5a6e3eab262,2025-03-28,7,1,False,1.0,0.0,0.0,0.0,6.0,0.0,6.0,7.933333333333334,0.0
4bef524b2f19749989b990b1af1747f137bfe1d7fbf78fa1358ddfc45b247cf1,2025-03-28,10,1,False,1.0,0.0,0.0,0.0,9.0,0.0,9.0,6.983333333333333,0.0
4ef80c0c47503cd20d3a8157080fb28f38e6524b33375c23d5fcd98a2f64545e,2025-03-28,6,1,False,1.0,0.0,0.0,0.0,5.0,0.0,5.0,6.866666666666666,0.0
5088fc658035905665368960c940882faf61610a4e1ce57a24c6ffc946f0f5a8,2025-03-28,14,1,False,1.0,0.0,0.0,0.0,13.0,3.0,13.0,9.666666666666666,0.15
5379232fec078f04af386b787ed0dc69b2a455a27e52e901c773a11d2d0bce7f,2025-03-28,14,1,False,1.0,0.0,0.0,0.0,13.0,0.0,13.0,7.1,0.0
53a03335d3716bf67d3ed781065280a46863f8d947c2492c4e33cce33f4446d2,2025-03-28,12,1,False,1.0,0.0,0.0,0.0,11.0,0.0,11.0,7.216666666666667,0.0
603fcd2b8449630833d1b6c7313a10e8a2176025a45ca54002988df4de8536dd,2025-03-28,16,1,False,1.0,0.0,0.0,0.0,15.0,0.0,15.0,5.75,0.0
61127469ce0c27e2d19e0e5ecece9227e60515e12a899bc8bbc29e1c8f68a78f,2025-03-28,15,1,False,1.0,0.0,0.0,0.0,14.0,1.0,14.0,8.816666666666666,0.15
62009223daa0ff462d9b377b2b31f5c85b4e95caf611f5339cbb2b5e1dc9cab5,2025-03-28,13,1,False,1.0,0.0,0.0,0.0,12.0,0.0,12.0,8.516666666666667,0.0
620ea76a7f314a9faecfaadf110510d2abcf73e79e56e93b476e80794b9e251f,2025-03-28,7,1,False,1.0,0.0,0.0,0.0,6.0,0.0,6.0,7.566666666666666,0.0
685e9623979d1c18a11af39701aaf24188e1a40aee4c205c4d3220d26708793d,2025-03-28,16,1,False,1.0,0.0,0.0,0.0,15.0,0.0,15.0,8.4,0.0
69295bad69cbd357f13dc891b598791ab746ad0ed9cea2f9da57019f70c847b6,2025-03-28,9,1,False,1.0,0.0,0.0,0.0,8.0,0.0,8.0,8.2,0.0
6ac76fd52b6451030fdaa8cce0d1126104c034aa0d6cff3c078311dce03e36e5,2025-03-28,7,1,False,1.0,0.0,0.0,0.0,6.0,0.0,6.0,8.083333333333334,0.0
6e0553bc94f1b3457a68943cdeb271536fa0ca87652900b8c47b6b4e2eabc4b7,2025-03-28,9,1,False,1.0,0.0,0.0,0.0,8.0,1.0,8.0,8.416666666666666,0.15
71c200742f059a8380e2f3dd53ca613e2cdd705c24898e5957d46fefeff67336,2025-03-28,13,1,False,1.0,0.0,0.0,0.0,12.0,0.0,12.0,7.133333333333334,0.0
768115c2eaa5bf872b6f73af67403e31127811d5dfdaa65f5998e7f57a6be1ca,2025-03-28,15,1,False,1.0,0.0,0.0,0.0,14.0,0.0,14.0,7.7,0.0
77a935bf01e27db1c86c62c6082710b6fe7046028279183cc90fc11b5a21dd3c,2025-03-28,14,1,False,1.0,0.0,0.0,0.0,13.0,0.0,13.0,6.6,0.0
7b291901ed6fc90c51c56024b33122026451c19dfa4736a37621d21afa86ab5a,2025-03-28,15,1,False,1.0,0.0,0.0,0.0,14.0,0.0,14.0,8.316666666666666,0.0
7d64092a6e7dfd07913942876a0c314955bce8dc9fcabd12166bcf1ad5666185,2025-03-28,6,1,False,1.0,0.0,0.0,0.0,5.0,0.0,5.0,7.833333333333333,0.0
7faca1558937aea9797473b24d153f084fc8bc52e7e16da8f8bf4c48b587b358,2025-03-28,15,1,False,1.0,0.0,0.0,0.0,14.0,0.0,14.0,6.183333333333334,0.0
806e62fd6dd962469b9425c2f7b2550582df8623e5c711ade163292a626414aa,2025-03-28,9,1,False,1.0,0.0,0.0,0.0,8.0,0.0,8.0,5.916666666666667,0.0
85bf8422bdd496aa90249b85acbd42b16a6a0ed3121a586f0bcc607d16d09d80,2025-03-28,10,1,False,1.0,0.0,0.0,0.0,9.0,0.0,9.0,6.333333333333333,0.0
88b53efa4c89ad7a3d90cf3c01046d714f1adff9827d0eb5754b4ef76c64f039,2025-03-28,7,1,False,1.0,0.0,0.0,0.0,6.0,0.0,6.0,8.283333333333333,0.0
8eb9feaf80cb3b47e639148a128ff9ae2b814462106966998a7656825b71fa7d,2025-03-28,16,1,False,1.0,0.0,0.0,0.0,15.0,0.0,15.0,7.633333333333334,0.0
924ed1bb3874124ad2e307aa33a7e5791cc81dd30c0c079d54cfc1ea14ee310a,2025-03-28,16,1,False,1.0,0.0,0.0,0.0,15.0,0.0,15.0,6.733333333333333,0.0
939b9328b580200251e640b1f2170850525f4fefe336c98f053407a0725f9849,2025-03-28,10,1,False,1.0,0.0,0.0,0.0,9.0,0.0,9.0,7.8,0.0
9a31e4091d5c4c7fb8b9377b091ea9caa9cf26c36e62547a85992d9e109b1b9c,2025-03-28,13,1,False,1.0,0.0,0.0,0.0,12.0,0.0,12.0,6.016666666666667,0.0
9e007677846640b2acc599b1d1d498a20ff8260eeda2d49338e3b6ed111045a9,2025-03-28,6,1,False,1.0,0.0,0.0,0.0,5.0,0.0,5.0,8.083333333333334,0.0
9e7a5e914136e41ca82c366fd529e02d961e7ed1a6019ff724f06dbe447fbb88,2025-03-28,15,1,False,1.0,0.0,0.0,0.0,14.0,0.0,14.0,8.483333333333333,0.0
a8848b387af6359642c71478f693e4643381802ccc97f2b0c353264d7729405c,2025-03-28,11,1,False,1.0,0.0,0.0,0.0,10.0,0.0,10.0,7.216666666666667,0.0
b55080c0db11860ea934ecf297a13cf247817b3e34562a5897c18ff2cfa07f07,2025-03-28,8,1,False,1.0,0.0,0.0,0.0,7.0,0.0,7.0,8.633333333333333,0.0
b66c51931f321cca81cc9195f90b3174ae82ebb56c74459770f7800e347ca3b0,2025-03-28,10,1,False,1.0,0.0,0.0,0.0,9.0,0.0,9.0,7.55,0.0
b8e6c17d68aafa670b598b1cf0c0bd73a2937d6abb11055fded76b5e53231165,2025-03-28,12,1,False,1.0,0.0,0.0,0.0,11.0,0.0,11.0,7.883333333333334,0.0
bc60389887dd911a09f472d0f840e5a268d310cd13f422bfc6f811eb916ec82f,2025-03-28,9,1,False,1.0,0.0,0.0,0.0,8.0,0.0,8.0,6.683333333333334,0.0
c2fa44374f0aab02cb57c9ed348bb43c1fd456bfdf5b296c4f72174a002cd27f,2025-03-28,16,1,False,1.0,0.0,0.0,0.0,15.0,0.0,15.0,6.566666666666666,0.0
c5a8e30eed6744da0b641f474ebb407a75bc6fd07bd6e3c7aeb522c884dd456b,2025-03-28,15,1,False,1.0,0.0,0.0,0.0,14.0,0.0,14.0,7.683333333333334,0.0
c734a9d4fd20facb7d4e2f69c7a7be0a0263956653fc71b8d25ad3ed7a1ba446,2025-03-28,16,1,False,1.0,0.0,0.0,0.0,15.0,1.0,15.0,8.966666666666667,0.15
cb50b7517e0741a49adb67908546647f1da3398d8c72f00f00e9ba111909654b,2025-03-28,11,1,False,1.0,0.0,0.0,0.0,10.0,0.0,10.0,6.783333333333333,0.0
cc4113bc0f389ec5987bdc5cae8e94c8c01f0c5e127a5fc2b0ef752d7226c0ca,2025-03-28,9,1,False,1.0,0.0,0.0,0.0,8.0,0.0,8.0,8.583333333333334,0.0
cca321773f148695c0ffc5ed365db650aadc5ecdd13b4ddb3e6b57f38bf5a719,2025-03-28,16,1,False,1.0,0.0,0.0,0.0,15.0,0.0,15.0,6.816666666666666,0.0
d111a1427a39ed7f2d2483db714c5e0d79823bc9ecc62a126e1d144d374d286a,2025-03-28,11,1,False,1.0,0.0,0.0,0.0,10.0,0.0,10.0,6.25,0.0
dab294f3951611f65a9b1e6408fbad19981d1b65b76c28c3408dac6a6b93bbc8,2025-03-28,9,1,False,1.0,0.0,0.0,0.0,8.0,0.0,8.0,7.6,0.0
ddee12fc509b00889675d637518a8f7dfe216a200b6ad812c397b77d8bccb88b,2025-03-28,12,1,False,1.0,0.0,0.0,0.0,11.0,0.0,11.0,6.383333333333334,0.0
e001292c71d84c28529aed04ab0af1efa767893752908a7b7645f33d09aab74b,2025-03-28,7,1,False,1.0,0.0,0.0,0.0,6.0,0.0,6.0,8.316666666666666,0.0
e1a146fdbba0f457a2ea0a102e2c24872edc75865f95a9b842fcefa68e455266,2025-03-28,14,1,False,1.0,0.0,0.0,0.0,13.0,0.0,13.0,6.05,0.0
e498ed2d854e821dd717169a7b55e586bb647b3bd1ef51990cbd4e847791cc49,2025-03-28,10,1,False,1.0,0.0,0.0,0.0,9.0,0.0,9.0,4.983333333333333,0.0
e72c6ef5ea8445fc95b1c3ca1c82368b6c9adc8a29368110f51d81735f76f11c,2025-03-28,16,1,False,1.0,0.0,0.0,0.0,15.0,0.0,15.0,7.5,0.0
ea171ad8a99227777c2e7c1664c91caf9c08e47d4ba5c09165812a6d9633998c,2025-03-28,15,1,False,1.0,0.0,0.0,0.0,14.0,0.0,14.0,9.6,0.0
eac146261339b15b8a1e873ed372802ae1c5198377cc8e0f4a23d21bcead9c02,2025-03-28,12,1,False,1.0,0.0,0.0,0.0,11.0,0.0,11.0,7.383333333333334,0.0
ec8eef52024b6815e3113797e206a360a9c324efc2f400801d5eb1179b75a43d,2025-03-28,9,1,False,1.0,0.0,0.0,0.0,8.0,0.0,8.0,7.383333333333334,0.0
eecce08639c689fc3170d254f909a8dedd091d778d0ae7aa829c656b8d085cdd,2025-03-28,7,1,False,1.0,0.0,0.0,0.0,6.0,0.0,6.0,6.966666666666667,0.0
f02fff917d5e1f556f7ca2d8e8ddde98179be018c2669a269bf40d4f64b627f7,2025-03-28,13,1,False,1.0,0.0,0.0,0.0,12.0,0.0,12.0,7.45,0.0
f17b0eabd2530f1710fc19c34c4d29cc782a669753833ca0d88f524467cdf67f,2025-03-28,13,1,False,1.0,0.0,0.0,0.0,12.0,0.0,12.0,7.233333333333333,0.0
f26a64875adce083be80130e941dbfa6e94f2202ff0c463336c1300ecc5217f6,2025-03-28,6,1,False,1.0,0.0,0.0,0.0,5.0,0.0,5.0,6.033333333333333,0.0
f441fbdfbb3a65b7660b581790ec8633cd5e9a2bc3450e46f6f6d948e0ebd96b,2025-03-28,16,1,False,1.0,0.0,0.0,0.0,15.0,0.0,15.0,7.083333333333333,0.0
012fb52705cf3c18e19ff7f562c781dcd1736f3e5615ace007e35dee4740f412,2025-03-31,16,1,False,1.0,0.0,0.0,0.0,15.0,0.0,15.0,7.55,0.0
0604919ff2aebe087b97959084f1fffe2fd89b7e92f8997d6249f5617f0ec041,2025-03-31,7,1,False,1.0,0.0,0.0,0.0,6.0,0.0,6.0,5.166666666666667,0.0
0b9c9b2a643d502fb0470c0e2d25bd40592ae24d88e27a9cca008632f6491e86,2025-03-31,10,1,False,1.0,0.0,0.0,0.0,9.0,0.0,9.0,7.85,0.0
0bc6fa557a874432991fb3bef6cc8fecfed275284ca1549c6f502f2f2f86388f,2025-03-31,14,1,False,1.0,0.0,0.0,0.0,13.0,0.0,13.0,8.5,0.0
12881006a16563a03436c3185999cce893916a7f93bd295d9e51c610390a5400,2025-03-31,13,1,False,1.0,0.0,0.0,0.0,12.0,0.0,12.0,7.216666666666667,0.0
13cc67e7ae2b0731f9c20a2adb450d0ab125f700d392f08a01f5019b4da3be89,2025-03-31,10,1,False,1.0,0.0,0.0,0.0,9.0,0.0,9.0,6.1,0.0
1481a18bb91c683c9f0e63a3c1ffe035a67c1ee64eae546985a4caedd691f154,2025-03-31,11,1,False,1.0,0.0,0.0,0.0,10.0,0.0,10.0,7.633333333333334,0.0
1481cde120f4ec5a6626478c9222dacd947d0d027e33aa5175c391d3f10b05fd,2025-03-31,14,1,False,1.0,0.0,0.0,0.0,13.0,1.0,13.0,8.8,0.15
18757c67dbbb1f193d93dfd2c81d93f261d3cc1ab2b6b4a27daddb2a42f0c1e2,2025-03-31,14,1,False,1.0,0.0,0.0,0.0,13.0,0.0,13.0,8.016666666666667,0.0
1e13a5c6539e75908d998e36f94f2baee29b17d341286f7a2af3163b528a2fcc,2025-03-31,14,1,False,1.0,0.0,0.0,0.0,13.0,0.0,13.0,7.883333333333334,0.0
1e813ac9d9c5fbfa50cba6f0032edaff8652f398c5508cc13faa4cc0af6fc3b9,2025-03-31,14,1,False,1.0,0.0,0.0,0.0,13.0,0.0,13.0,5.45,0.0
1fddb883469b0cd0365153a0ebff0dbefb2b5a252dbaf2b9795ad45003650dcf,2025-03-31,6,1,False,1.0,0.0,0.0,0.0,5.0,0.0,5.0,6.416666666666667,0.0
227b301943873690ead2973a5f7d43ef587dc58b46733368a3f16daf8db98925,2025-03-31,15,1,False,1.0,0.0,0.0,0.0,14.0,2.0,14.0,9.3,0.15
269b850943bbddfb37b8186af3d0cd154525f08057e450bdb93ab26f06b9758d,2025-03-31,9,1,False,1.0,0.0,0.0,0.0,8.0,0.0,8.0,5.816666666666666,0.0
27ef13206d1090bf126d0f8dd08b66cc346b18eb199192600e14cdc52d7c9a35,2025-03-31,13,1,False,1.0,0.0,0.0,0.0,12.0,0.0,12.0,8.0,0.0
2b4a1e95204243f32c7235a27dbeae5a0e9d42da4c762132ac84c0817875d614,2025-03-31,6,1,False,1.0,1.0,0.0,0.0,5.0,0.0,5.0,5.95,0.2
2fdc8fb359ca03d047fec4ad4d7f3b9cfc23ebf54bee30aec8f1a6431bfd0d6e,2025-03-31,15,1,False,1.0,1.0,0.0,0.0,14.0,4.0,14.0,5.616666666666666,0.35
32c184d9780b5545a856a0a366a71b86deb3a80c4dc92142aaf6bb3437c336b1,2025-03-31,10,1,False,1.0,0.0,0.0,0.0,9.0,0.0,9.0,6.95,0.0
34977907ef51b1295028838fb56ded6159cee0d58c3200a0276324aac366417c,2025-03-31,6,1,False,1.0,0.0,0.0,0.0,5.0,0.0,5.0,6.6,0.0
3634cd4e250467a39545675e2f7386734815df9c667903c8c83b43450723a792,2025-03-31,12,1,False,1.0,1.0,0.0,0.0,11.0,1.0,11.0,8.066666666666666,0.35
369a478c83b6f436dd9aade49d6289f250e18ec2a71b9552d7d9bb884bb2b586,2025-03-31,9,1,False,1.0,0.0,0.0,0.0,8.0,0.0,8.0,3.716666666666667,0.0
3c32c4971223e549c349880665fa1e81f054571faf44435a8071b4de6b20dffb,2025-03-31,6,1,False,1.0,0.0,0.0,0.0,5.0,0.0,5.0,5.916666666666667,0.0
3e05c7d4c2f91af414e809d408787184297b351d1907c225f6f1e75fbec1f3a3,2025-03-31,10,1,False,1.0,0.0,0.0,0.0,9.0,0.0,9.0,7.216666666666667,0.0
44e2b71da8273f1b00b9ec55361a1e542f6812bce0acd27214d62e7de86dd6d0,2025-03-31,9,1,False,1.0,0.0,0.0,0.0,8.0,0.0,8.0,6.316666666666666,0.0
4620b38a9a7c0abed1e91cfdc3926234d098446655b643be9342b610365aa1b6,2025-03-31,12,1,False,1.0,0.0,0.0,0.0,11.0,0.0,11.0,6.416666666666667,0.0
49b020eb7c127b73472cb4fc893577b87b48690b941ca1067751e5a6e3eab262,2025-03-31,7,1,False,1.0,0.0,0.0,0.0,6.0,0.0,6.0,6.516666666666667,0.0
4bef524b2f19749989b990b1af1747f137bfe1d7fbf78fa1358ddfc45b247cf1,2025-03-31,11,1,False,1.0,0.0,0.0,0.0,10.0,0.0,10.0,7.233333333333333,0.0
4ef80c0c47503cd20d3a8157080fb28f38e6524b33375c23d5fcd98a2f64545e,2025-03-31,7,1,False,1.0,0.0,0.0,0.0,6.0,0.0,6.0,5.766666666666667,0.0
5088fc658035905665368960c940882faf61610a4e1ce57a24c6ffc946f0f5a8,2025-03-31,11,1,False,1.0,0.0,0.0,0.0,10.0,0.0,10.0,7.733333333333333,0.0
5379232fec078f04af386b787ed0dc69b2a455a27e52e901c773a11d2d0bce7f,2025-03-31,12,1,False,1.0,0.0,0.0,0.0,11.0,0.0,11.0,6.616666666666666,0.0
53a03335d3716bf67d3ed781065280a46863f8d947c2492c4e33cce33f4446d2,2025-03-31,8,1,False,1.0,0.0,0.0,0.0,7.0,0.0,7.0,6.7,0.0
603fcd2b8449630833d1b6c7313a10e8a2176025a45ca54002988df4de8536dd,2025-03-31,10,1,False,1.0,0.0,0.0,0.0,9.0,2.0,9.0,13.566666666666666,0.15
61127469ce0c27e2d19e0e5ecece9227e60515e12a899bc8bbc29e1c8f68a78f,2025-03-31,6,1,False,1.0,0.0,0.0,0.0,5.0,0.0,5.0,4.083333333333333,0.0
62009223daa0ff462d9b377b2b31f5c85b4e95caf611f5339cbb2b5e1dc9cab5,2025-03-31,15,1,False,1.0,0.0,0.0,0.0,14.0,0.0,14.0,5.383333333333334,0.0
620ea76a7f314a9faecfaadf110510d2abcf73e79e56e93b476e80794b9e251f,2025-03-31,13,1,False,1.0,0.0,0.0,0.0,12.0,0.0,12.0,7.583333333333333,0.0
685e9623979d1c18a11af39701aaf24188e1a40aee4c205c4d3220d26708793d,2025-03-31,10,1,False,1.0,0.0,0.0,0.0,9.0,0.0,9.0,6.616666666666666,0.0
69295bad69cbd357f13dc891b598791ab746ad0ed9cea2f9da57019f70c847b6,2025-03-31,11,1,False,1.0,0.0,0.0,0.0,10.0,2.0,10.0,10.483333333333333,0.15
6ac76fd52b6451030fdaa8cce0d1126104c034aa0d6cff3c078311dce03e36e5,2025-03-31,14,1,False,1.0,0.0,0.0,0.0,13.0,0.0,13.0,6.783333333333333,0.0
6e0553bc94f1b3457a68943cdeb271536fa0ca87652900b8c47b6b4e2eabc4b7,2025-03-31,11,1,False,1.0,0.0,0.0,0.0,10.0,0.0,10.0,6.533333333333333,0.0
71c200742f059a8380e2f3dd53ca613e2cdd705c24898e5957d46fefeff67336,2025-03-31,8,1,False,1.0,0.0,0.0,0.0,7.0,0.0,7.0,7.15,0.0
768115c2eaa5bf872b6f73af67403e31127811d5dfdaa65f5998e7f57a6be1ca,2025-03-31,11,1,False,1.0,0.0,0.0,0.0,10.0,0.0,10.0,6.666666666666667,0.0
77a935bf01e27db1c86c62c6082710b6fe7046028279183cc90fc11b5a21dd3c,2025-03-31,12,1,False,1.0,0.0,0.0,0.0,11.0,1.0,11.0,8.9,0.15
7b291901ed6fc90c51c56024b33122026451c19dfa4736a37621d21afa86ab5a,2025-03-31,12,1,False,1.0,0.0,0.0,0.0,11.0,0.0,11.0,7.5,0.0
7d64092a6e7dfd07913942876a0c314955bce8dc9fcabd12166bcf1ad5666185,2025-03-31,6,1,False,1.0,0.0,0.0,0.0,5.0,0.0,5.0,5.65,0.0
7faca1558937aea9797473b24d153f084fc8bc52e7e16da8f8bf4c48b587b358,2025-03-31,10,1,False,1.0,0.0,0.0,0.0,9.0,0.0,9.0,5.583333333333333,0.0
806e62fd6dd962469b9425c2f7b2550582df8623e5c711ade163292a626414aa,2025-03-31,15,1,False,1.0,0.0,0.0,0.0,14.0,0.0,14.0,6.533333333333333,0.0
85bf8422bdd496aa90249b85acbd42b16a6a0ed3121a586f0bcc607d16d09d80,2025-03-31,15,1,False,1.0,0.0,0.0,0.0,14.0,0.0,14.0,6.883333333333334,0.0
88b53efa4c89ad7a3d90cf3c01046d714f1adff9827d0eb5754b4ef76c64f039,2025-03-31,8,1,False,1.0,0.0,0.0,0.0,7.0,0.0,7.0,5.25,0.0
8eb9feaf80cb3b47e639148a128ff9ae2b814462106966998a7656825b71fa7d,2025-03-31,9,1,False,1.0,0.0,0.0,0.0,8.0,0.0,8.0,6.583333333333333,0.0
924ed1bb3874124ad2e307aa33a7e5791cc81dd30c0c079d54cfc1ea14ee310a,2025-03-31,15,1,False,1.0,0.0,0.0,0.0,14.0,0.0,14.0,8.066666666666666,0.0
939b9328b580200251e640b1f2170850525f4fefe336c98f053407a0725f9849,2025-03-31,14,1,False,1.0,0.0,0.0,0.0,13.0,0.0,13.0,7.5,0.0
9a31e4091d5c4c7fb8b9377b091ea9caa9cf26c36e62547a85992d9e109b1b9c,2025-03-31,13,1,False,1.0,0.0,0.0,0.0,12.0,0.0,12.0,7.4,0.0
9e007677846640b2acc599b1d1d498a20ff8260eeda2d49338e3b6ed111045a9,2025-03-31,12,1,False,1.0,0.0,0.0,0.0,11.0,0.0,11.0,8.25,0.0
9e7a5e914136e41ca82c366fd529e02d961e7ed1a6019ff724f06dbe447fbb88,2025-03-31,14,1,False,1.0,0.0,0.0,0.0,13.0,0.0,13.0,7.266666666666667,0.0
a8848b387af6359642c71478f693e4643381802ccc97f2b0c353264d7729405c,2025-03-31,10,1,False,1.0,0.0,0.0,0.0,9.0,3.0,9.0,9.05,0.15
b55080c0db11860ea934ecf297a13cf247817b3e34562a5897c18ff2cfa07f07,2025-03-31,15,1,False,1.0,0.0,0.0,0.0,14.0,0.0,14.0,7.116666666666666,0.0
b66c51931f321cca81cc9195f90b3174ae82ebb56c74459770f7800e347ca3b0,2025-03-31,12,1,False,1.0,0.0,0.0,0.0,11.0,0.0,11.0,8.833333333333334,0.0
b8e6c17d68aafa670b598b1cf0c0bd73a2937d6abb11055fded76b5e53231165,2025-03-31,10,1,False,1.0,0.0,0.0,0.0,9.0,0.0,9.0,5.666666666666667,0.0
bc60389887dd911a09f472d0f840e5a268d310cd13f422bfc6f811eb916ec82f,2025-03-31,8,1,False,1.0,0.0,0.0,0.0,7.0,0.0,7.0,5.466666666666667,0.0
c2fa44374f0aab02cb57c9ed348bb43c1fd456bfdf5b296c4f72174a002cd27f,2025-03-31,8,1,False,1.0,0.0,0.0,0.0,7.0,0.0,7.0,5.783333333333333,0.0
c5a8e30eed6744da0b641f474ebb407a75bc6fd07bd6e3c7aeb522c884dd456b,2025-03-31,6,1,False,1.0,0.0,0.0,0.0,5.0,0.0,5.0,6.916666666666667,0.0
c734a9d4fd20facb7d4e2f69c7a7be0a0263956653fc71b8d25ad3ed7a1ba446,2025-03-31,12,1,False,1.0,0.0,0.0,0.0,11.0,2.0,11.0,8.716666666666667,0.15
cb50b7517e0741a49adb67908546647f1da3398d8c72f00f00e9ba111909654b,2025-03-31,16,1,False,1.0,0.0,0.0,0.0,15.0,1.0,15.0,8.2,0.15
cc4113bc0f389ec5987bdc5cae8e94c8c01f0c5e127a5fc2b0ef752d7226c0ca,2025-03-31,8,1,False,1.0,0.0,0.0,0.0,7.0,0.0,7.0,5.783333333333333,0.0
cca321773f148695c0ffc5ed365db650aadc5ecdd13b4ddb3e6b57f38bf5a719,2025-03-31,13,1,False,1.0,0.0,0.0,0.0,12.0,0.0,12.0,6.7,0.0
d111a1427a39ed7f2d2483db714c5e0d79823bc9ecc62a126e1d144d374d286a,2025-03-31,16,1,False,1.0,0.0,0.0,0.0,15.0,0.0,15.0,6.933333333333334,0.0
dab294f3951611f65a9b1e6408fbad19981d1b65b76c28c3408dac6a6b93bbc8,2025-03-31,15,1,False,1.0,0.0,0.0,0.0,14.0,0.0,14.0,6.566666666666666,0.0
ddee12fc509b00889675d637518a8f7dfe216a200b6ad812c397b77d8bccb88b,2025-03-31,11,1,False,1.0,0.0,0.0,0.0,10.0,0.0,10.0,9.2,0.0
e001292c71d84c28529aed04ab0af1efa767893752908a7b7645f33d09aab74b,2025-03-31,9,1,False,1.0,0.0,0.0,0.0,8.0,0.0,8.0,6.966666666666667,0.0
e1a146fdbba0f457a2ea0a102e2c24872edc75865f95a9b842fcefa68e455266,2025-03-31,9,1,False,1.0,0.0,0.0,0.0,8.0,2.0,8.0,9.8,0.15
e498ed2d854e821dd717169a7b55e586bb647b3bd1ef51990cbd4e847791cc49,2025-03-31,15,1,False,1.0,0.0,0.0,0.0,14.0,0.0,14.0,8.166666666666666,0.0
e72c6ef5ea8445fc95b1c3ca1c82368b6c9adc8a29368110f51d81735f76f11c,2025-03-31,7,1,False,1.0,0.0,0.0,0.0,6.0,0.0,6.0,4.3,0.0
ea171ad8a99227777c2e7c1664c91caf9c08e47d4ba5c09165812a6d9633998c,2025-03-31,11,1,False,1.0,0.0,0.0,0.0,10.0,1.0,10.0,8.166666666666666,0.15
eac146261339b15b8a1e873ed372802ae1c5198377cc8e0f4a23d21bcead9c02,2025-03-31,11,1,False,1.0,0.0,0.0,0.0,10.0,0.0,10.0,7.55,0.0
ec8eef52024b6815e3113797e206a360a9c324efc2f400801d5eb1179b75a43d,2025-03-31,10,1,False,1.0,0.0,0.0,0.0,9.0,0.0,9.0,7.95,0.0
eecce08639c689fc3170d254f909a8dedd091d778d0ae7aa829c656b8d085cdd,2025-03-31,13,1,False,1.0,0.0,0.0,0.0,12.0,0.0,12.0,6.716666666666667,0.0
f02fff917d5e1f556f7ca2d8e8ddde98179be018c2669a269bf40d4f64b627f7,2025-03-31,1,1,False,1.0,1.0,0.0,0.0,0.0,0.0,0.0,0.0,0.2
f17b0eabd2530f1710fc19c34c4d29cc782a669753833ca0d88f524467cdf67f,2025-03-31,16,1,False,1.0,0.0,0.0,0.0,15.0,0.0,15.0,8.266666666666667,0.0
f26a64875adce083be80130e941dbfa6e94f2202ff0c463336c1300ecc5217f6,2025-03-31,7,1,False,1.0,0.0,0.0,0.0,6.0,0.0,6.0,7.166666666666667,0.0
f441fbdfbb3a65b7660b581790ec8633cd5e9a2bc3450e46f6f6d948e0ebd96b,2025-03-31,12,1,False,1.0,1.0,0.0,0.0,11.0,2.0,11.0,6.8,0.35
f02fff917d5e1f556f7ca2d8e8ddde98179be018c2669a269bf40d4f64b627f7,2025-04-01,8,1,False,0.0,0.0,0.0,0.0,8.0,7.0,8.0,8.766666666666667,0.15
